{"type": "FeatureCollection", "features": [{"type": "Feature", "geometry": {"type": "Point", "coordinates": [-58.013826, -35.557668, 0]}, "properties": {"name": "TALLER DE ALINEACION-VENTA DE NEUM", "description": {"@type": "html", "value": "descripción: <br>styleUrl: #icon-1899-BDBDBD<br>NOMBRE / COMERCIO: MOUNET PEDRO JESUS<br>CUIT: 20-24530579-7<br>CONTACTO: <br>CATEGORÍA FISCAL: RESPONSABLE INSCRIPTO<br>DIRECCIÓN: LAS ACACIAS 54<br>BARRIO: ACCESO NORTE<br>RUBRO: TALLER DE ALINEACION-VENTA DE NEUM<br>CATEGORIA: AUTOMOTOR<br>PADRÓN N°: A3-4395<br>INSPECTOR/A: <br>ÚLTIMA VISITA: <br>VENC. HABILITACIÓN: 26/07/2025<br>ESTADO: VENCIDA<br>OBSERVACIONES: HABILITACION EN VIGENCIA<br>COORDENADAS: -35.55766819999999, -58.0138257<br>icon-opacity: <br>icon-color: <br>icon-scale: <br>icon-offset: <br>icon-offset-units: <br>icon: <br>Descripción: <br>RUBRO NORMALIZADO: "}, "styleUrl": "#icon-1899-BDBDBD", "label-scale": 0, "icon-opacity": "", "icon-color": "", "icon-scale": "", "icon-offset": "", "icon-offset-units": "", "icon": "", "descripción": "", "NOMBRE / COMERCIO": "MOUNET PEDRO JESUS", "CUIT": "20-24530579-7", "CONTACTO": "2213645866", "CATEGORÍA FISCAL": "RESPONSABLE INSCRIPTO", "DIRECCIÓN": "LAS ACACIAS 54", "BARRIO": "ACCESO NORTE", "RUBRO": "TALLER DE ALINEACION-VENTA DE NEUM", "CATEGORIA": "AUTOMOTOR", "PADRÓN N°": "A3-4395", "INSPECTOR/A": "", "ÚLTIMA VISITA": "", "VENC. HABILITACIÓN": "26/07/2025", "ESTADO": "VENCIDA", "OBSERVACIONES": "HABILITACION EN VIGENCIA", "COORDENADAS": "-35.55766819999999, -58.0138257", "Descripción": "", "RUBRO NORMALIZADO": ""}}, {"type": "Feature", "geometry": {"type": "Point", "coordinates": [-58.013646, -35.577672, 0]}, "properties": {"name": "VENTA DE MOTOS Y RPTO", "description": {"@type": "html", "value": "descripción: <br>styleUrl: #icon-1899-BDBDBD<br>NOMBRE / COMERCIO: BRIE EDUARDO/VENTA MOTOS<br>CUIT: 20-12914860-9<br>CONTACTO: 2241680939<br>CATEGORÍA FISCAL: RESPONSABLE INSCRIPTO<br>DIRECCIÓN: COLOMBIA 09<br>BARRIO: BARRIO JARDIN<br>RUBRO: VENTA DE MOTOS Y RPTO<br>CATEGORIA: AUTOMOTOR<br>PADRÓN N°: A5-0731<br>INSPECTOR/A: SOFIA- IRMA<br>ÚLTIMA VISITA: 2026-01-13<br>VENC. HABILITACIÓN: 21/02/2027<br>ESTADO: VIGENTE<br>OBSERVACIONES: <br>COORDENADAS: -35.5776723, -58.0136464<br>icon-opacity: <br>icon-color: <br>icon-scale: <br>icon-offset: <br>icon-offset-units: <br>icon: <br>Descripción: <br>RUBRO NORMALIZADO: "}, "styleUrl": "#icon-1899-BDBDBD", "label-scale": 0, "icon-opacity": "", "icon-color": "", "icon-scale": "", "icon-offset": "", "icon-offset-units": "", "icon": "", "descripción": "", "NOMBRE / COMERCIO": "BRIE EDUARDO/VENTA MOTOS", "CUIT": "20-12914860-9", "CONTACTO": "2241680939", "CATEGORÍA FISCAL": "RESPONSABLE INSCRIPTO", "DIRECCIÓN": "COLOMBIA 09", "BARRIO": "BARRIO JARDIN", "RUBRO": "VENTA DE MOTOS Y RPTO", "CATEGORIA": "AUTOMOTOR", "PADRÓN N°": "A5-0731", "INSPECTOR/A": "SOFIA- IRMA", "ÚLTIMA VISITA": "2026-01-13", "VENC. HABILITACIÓN": "21/02/2027", "ESTADO": "VIGENTE", "OBSERVACIONES": "", "COORDENADAS": "-35.5776723, -58.0136464", "Descripción": "", "RUBRO NORMALIZADO": ""}}, {"type": "Feature", "geometry": {"type": "Point", "coordinates": [-58.013937, -35.557183, 0]}, "properties": {"name": "GOMERIA", "description": {"@type": "html", "value": "descripción: <br>styleUrl: #icon-1899-BDBDBD<br>NOMBRE / COMERCIO: RIPA ESTEBAN ALBERTO<br>CUIT: 20-32387763-8<br>CONTACTO: <br>CATEGORÍA FISCAL: MONOTRIBUTISTA B<br>DIRECCIÓN: CASALINS 1057<br>BARRIO: <br>RUBRO: GOMERIA<br>CATEGORIA: AUTOMOTOR<br>PADRÓN N°: A3-4445<br>INSPECTOR/A: YANINA<br>ÚLTIMA VISITA: 2024-12-11<br>VENC. HABILITACIÓN: 03/01/2025<br>ESTADO: VENCIDA<br>OBSERVACIONES: HABILITCION 03-01-2025<br>COORDENADAS: -35.5571832, -58.01393659999999<br>icon-opacity: <br>icon-color: <br>icon-scale: <br>icon-offset: <br>icon-offset-units: <br>icon: <br>Descripción: <br>RUBRO NORMALIZADO: "}, "styleUrl": "#icon-1899-BDBDBD", "label-scale": 0, "icon-opacity": "", "icon-color": "", "icon-scale": "", "icon-offset": "", "icon-offset-units": "", "icon": "", "descripción": "", "NOMBRE / COMERCIO": "RIPA ESTEBAN ALBERTO", "CUIT": "20-32387763-8", "CONTACTO": "2241551822", "CATEGORÍA FISCAL": "MONOTRIBUTISTA B", "DIRECCIÓN": "CASALINS 1057", "BARRIO": "BARRIO JARDIN", "RUBRO": "GOMERIA", "CATEGORIA": "AUTOMOTOR", "PADRÓN N°": "A3-4445", "INSPECTOR/A": "YANINA", "ÚLTIMA VISITA": "2024-12-11", "VENC. HABILITACIÓN": "03/01/2025", "ESTADO": "VENCIDA", "OBSERVACIONES": "HABILITCION 03-01-2025", "COORDENADAS": "-35.5571832, -58.01393659999999", "Descripción": "", "RUBRO NORMALIZADO": ""}}, {"type": "Feature", "geometry": {"type": "Point", "coordinates": [-58.02433, -35.51073, 0]}, "properties": {"name": "TALLER DE MODIFICACION Y REPARACION DE TRANSPORTE DE CARGA Y PASAJEROS", "description": {"@type": "html", "value": "descripción: <br>styleUrl: #icon-1899-BDBDBD<br>NOMBRE / COMERCIO: MAIKA SA - BARONCHINI FEDERICO<br>CUIT: 30-70994411-4<br>CONTACTO: 2245474736<br>CATEGORÍA FISCAL: SA<br>DIRECCIÓN: RUTA 2 KM 113, Chascomús, Buenos Aires<br>BARRIO: RUTA<br>RUBRO: TALLER DE MODIFICACION Y REPARACION DE TRANSPORTE DE CARGA Y PASAJEROS<br>CATEGORIA: AUTOMOTOR<br>PADRÓN N°: A4-0738<br>INSPECTOR/A: ANIBAL<br>ÚLTIMA VISITA: 2026-03-05<br>VENC. HABILITACIÓN: 7/06/2024<br>ESTADO: VENCIDA<br>OBSERVACIONES: <br>COORDENADAS: -35.5107297, -58.0243303<br>icon-opacity: <br>icon-color: <br>icon-scale: <br>icon-offset: <br>icon-offset-units: <br>icon: <br>Descripción: <br>RUBRO NORMALIZADO: "}, "styleUrl": "#icon-1899-BDBDBD", "label-scale": 0, "icon-opacity": "", "icon-color": "", "icon-scale": "", "icon-offset": "", "icon-offset-units": "", "icon": "", "descripción": "", "NOMBRE / COMERCIO": "MAIKA SA - BARONCHINI FEDERICO", "CUIT": "30-70994411-4", "CONTACTO": "2245474736", "CATEGORÍA FISCAL": "SA", "DIRECCIÓN": "RUTA 2 KM 113, Chascomús, Buenos Aires", "BARRIO": "RUTA", "RUBRO": "TALLER DE MODIFICACION Y REPARACION DE TRANSPORTE DE CARGA Y PASAJEROS", "CATEGORIA": "AUTOMOTOR", "PADRÓN N°": "A4-0738", "INSPECTOR/A": "ANIBAL", "ÚLTIMA VISITA": "2026-03-05", "VENC. HABILITACIÓN": "7/06/2024", "ESTADO": "VENCIDA", "OBSERVACIONES": "", "COORDENADAS": "-35.5107297, -58.0243303", "Descripción": "", "RUBRO NORMALIZADO": ""}}, {"type": "Feature", "geometry": {"type": "Point", "coordinates": [-58.015178, -35.568752, 0]}, "properties": {"name": "VENTA ACEITES-LUBRIC-RPTOS", "description": {"@type": "html", "value": "descripción: <br>styleUrl: #icon-1899-BDBDBD<br>NOMBRE / COMERCIO: ARAUZ -RODRIGUEZ SH<br>CUIT: 33-66508094-9<br>CONTACTO: 2241436768<br>CATEGORÍA FISCAL: OTRA<br>DIRECCIÓN: L DEL SUR 474<br>BARRIO: CENTRO<br>RUBRO: VENTA ACEITES-LUBRIC-RPTOS<br>CATEGORIA: AUTOMOTOR<br>PADRÓN N°: A3-1731<br>INSPECTOR/A: ANIBAL<br>ÚLTIMA VISITA: 2025-12-18<br>VENC. HABILITACIÓN: 10/10/2026<br>ESTADO: VIGENTE<br>OBSERVACIONES: CUMPLE CON LA NORMATIVA VIGENTE PARA SU HABILITACION COMERCIAL<br>COORDENADAS: -35.5687519, -58.0151784<br>icon-opacity: <br>icon-color: <br>icon-scale: <br>icon-offset: <br>icon-offset-units: <br>icon: <br>Descripción: <br>RUBRO NORMALIZADO: "}, "styleUrl": "#icon-1899-BDBDBD", "label-scale": 0, "icon-opacity": "", "icon-color": "", "icon-scale": "", "icon-offset": "", "icon-offset-units": "", "icon": "", "descripción": "", "NOMBRE / COMERCIO": "ARAUZ -RODRIGUEZ SH", "CUIT": "33-66508094-9", "CONTACTO": "2241436768", "CATEGORÍA FISCAL": "OTRA", "DIRECCIÓN": "L DEL SUR 474", "BARRIO": "CENTRO", "RUBRO": "VENTA ACEITES-LUBRIC-RPTOS", "CATEGORIA": "AUTOMOTOR", "PADRÓN N°": "A3-1731", "INSPECTOR/A": "ANIBAL", "ÚLTIMA VISITA": "2025-12-18", "VENC. HABILITACIÓN": "10/10/2026", "ESTADO": "VIGENTE", "OBSERVACIONES": "CUMPLE CON LA NORMATIVA VIGENTE PARA SU HABILITACION COMERCIAL", "COORDENADAS": "-35.5687519, -58.0151784", "Descripción": "", "RUBRO NORMALIZADO": ""}}, {"type": "Feature", "geometry": {"type": "Point", "coordinates": [-58.013095, -35.573236, 0]}, "properties": {"name": "VENTA DE REPUESTOS", "description": {"@type": "html", "value": "descripción: <br>styleUrl: #icon-1899-9C27B0<br>NOMBRE / COMERCIO: BIAIN GABRIEL<br>CUIT: 20-33642334-2<br>CONTACTO: 2241461557<br>CATEGORÍA FISCAL: RESPONSABLE INSCRIPTO<br>DIRECCIÓN: ALVEAR 212<br>BARRIO: CENTRO<br>RUBRO: VENTA DE REPUESTOS<br>CATEGORIA: AUTOMOTOR<br>PADRÓN N°: A4-0766<br>INSPECTOR/A: SOFIA- IRMA<br>ÚLTIMA VISITA: 2025-08-28<br>VENC. HABILITACIÓN: 20/01/2028<br>ESTADO: VIGENTE<br>OBSERVACIONES: QUEDA SUJETO A PROXIMAS INPSECCIONES<br>COORDENADAS: -35.5732362, -58.0130954<br>icon-opacity: <br>icon-color: <br>icon-scale: <br>icon-offset: <br>icon-offset-units: <br>icon: <br>Descripción: <br>RUBRO NORMALIZADO: "}, "styleUrl": "#icon-1899-9C27B0", "label-scale": 0, "icon-opacity": "", "icon-color": "", "icon-scale": "", "icon-offset": "", "icon-offset-units": "", "icon": "", "descripción": "", "NOMBRE / COMERCIO": "BIAIN GABRIEL", "CUIT": "20-33642334-2", "CONTACTO": "2241461557", "CATEGORÍA FISCAL": "RESPONSABLE INSCRIPTO", "DIRECCIÓN": "ALVEAR 212", "BARRIO": "CENTRO", "RUBRO": "VENTA DE REPUESTOS", "CATEGORIA": "AUTOMOTOR", "PADRÓN N°": "A4-0766", "INSPECTOR/A": "SOFIA- IRMA", "ÚLTIMA VISITA": "2025-08-28", "VENC. HABILITACIÓN": "20/01/2028", "ESTADO": "VIGENTE", "OBSERVACIONES": "QUEDA SUJETO A PROXIMAS INPSECCIONES", "COORDENADAS": "-35.5732362, -58.0130954", "Descripción": "", "RUBRO NORMALIZADO": ""}}, {"type": "Feature", "geometry": {"type": "Point", "coordinates": [-58.010094, -35.570353, 0]}, "properties": {"name": "VENTA Y COLCAC ESCAPES -BATERIAS", "description": {"@type": "html", "value": "descripción: <br>styleUrl: #icon-1899-BDBDBD<br>NOMBRE / COMERCIO: CHASCOBAT BATERIA S.A.<br>CUIT: 33-71041773-9<br>CONTACTO: 2241458328<br>CATEGORÍA FISCAL: SA<br>DIRECCIÓN: CHACABUCO / YRIGOYEN<br>BARRIO: CENTRO<br>RUBRO: VENTA Y COLCAC ESCAPES -BATERIAS<br>CATEGORIA: AUTOMOTOR<br>PADRÓN N°: A3-0780<br>INSPECTOR/A: YANINA<br>ÚLTIMA VISITA: 2025-08-11<br>VENC. HABILITACIÓN: 07/07/2028<br>ESTADO: VIGENTE<br>OBSERVACIONES: HABILITACION VIGENTE<br>COORDENADAS: -35.5703533, -58.01009449999999<br>icon-opacity: <br>icon-color: <br>icon-scale: <br>icon-offset: <br>icon-offset-units: <br>icon: <br>Descripción: <br>RUBRO NORMALIZADO: "}, "styleUrl": "#icon-1899-BDBDBD", "label-scale": 0, "icon-opacity": "", "icon-color": "", "icon-scale": "", "icon-offset": "", "icon-offset-units": "", "icon": "", "descripción": "", "NOMBRE / COMERCIO": "CHASCOBAT BATERIA S.A.", "CUIT": "33-71041773-9", "CONTACTO": "2241458328", "CATEGORÍA FISCAL": "SA", "DIRECCIÓN": "CHACABUCO / YRIGOYEN", "BARRIO": "CENTRO", "RUBRO": "VENTA Y COLCAC ESCAPES -BATERIAS", "CATEGORIA": "AUTOMOTOR", "PADRÓN N°": "A3-0780", "INSPECTOR/A": "YANINA", "ÚLTIMA VISITA": "2025-08-11", "VENC. HABILITACIÓN": "07/07/2028", "ESTADO": "VIGENTE", "OBSERVACIONES": "HABILITACION VIGENTE", "COORDENADAS": "-35.5703533, -58.01009449999999", "Descripción": "", "RUBRO NORMALIZADO": ""}}, {"type": "Feature", "geometry": {"type": "Point", "coordinates": [-58.015216, -35.569674, 0]}, "properties": {"name": "VENTA DE REPUESTOS - BICICLETERIA", "description": {"@type": "html", "value": "descripción: <br>styleUrl: #icon-1899-BDBDBD<br>NOMBRE / COMERCIO: DE CILLIS GUILLERMO ALBERTO<br>CUIT: 23-16105005-9<br>CONTACTO: 2241539480<br>CATEGORÍA FISCAL: RESPONSABLE INSCRIPTO<br>DIRECCIÓN: LIBRESDEL SUR 411<br>BARRIO: CENTRO<br>RUBRO: VENTA DE REPUESTOS - BICICLETERIA<br>CATEGORIA: AUTOMOTOR<br>PADRÓN N°: A3-2710<br>INSPECTOR/A: SOFIA- IRMA<br>ÚLTIMA VISITA: 2025-09-17<br>VENC. HABILITACIÓN: 15/10/2025<br>ESTADO: VENCIDA<br>OBSERVACIONES: SE ENCUENTRA EN TRAMITE DE RENOVACION, HABILITACION VIGENTE TODAVIA<br>COORDENADAS: -35.5696736, -58.0152162<br>icon-opacity: <br>icon-color: <br>icon-scale: <br>icon-offset: <br>icon-offset-units: <br>icon: <br>Descripción: <br>RUBRO NORMALIZADO: "}, "styleUrl": "#icon-1899-BDBDBD", "label-scale": 0, "icon-opacity": "", "icon-color": "", "icon-scale": "", "icon-offset": "", "icon-offset-units": "", "icon": "", "descripción": "", "NOMBRE / COMERCIO": "DE CILLIS GUILLERMO ALBERTO", "CUIT": "23-16105005-9", "CONTACTO": "2241539480", "CATEGORÍA FISCAL": "RESPONSABLE INSCRIPTO", "DIRECCIÓN": "LIBRESDEL SUR 411", "BARRIO": "CENTRO", "RUBRO": "VENTA DE REPUESTOS - BICICLETERIA", "CATEGORIA": "AUTOMOTOR", "PADRÓN N°": "A3-2710", "INSPECTOR/A": "SOFIA- IRMA", "ÚLTIMA VISITA": "2025-09-17", "VENC. HABILITACIÓN": "15/10/2025", "ESTADO": "VENCIDA", "OBSERVACIONES": "SE ENCUENTRA EN TRAMITE DE RENOVACION, HABILITACION VIGENTE TODAVIA", "COORDENADAS": "-35.5696736, -58.0152162", "Descripción": "", "RUBRO NORMALIZADO": ""}}, {"type": "Feature", "geometry": {"type": "Point", "coordinates": [-58.015735, -35.575722, 0]}, "properties": {"name": "TALLER DE MOTOS", "description": {"@type": "html", "value": "descripción: <br>styleUrl: #icon-1899-BDBDBD<br>NOMBRE / COMERCIO: LANNES LEANDRO<br>CUIT: 20-24269697-3<br>CONTACTO: 2241461642<br>CATEGORÍA FISCAL: MONOTRIBUTISTA A<br>DIRECCIÓN: SOLER 302<br>BARRIO: CENTRO<br>RUBRO: TALLER DE MOTOS<br>CATEGORIA: AUTOMOTOR<br>PADRÓN N°: A3-2448<br>INSPECTOR/A: SOFIA- IRMA<br>ÚLTIMA VISITA: 2025-12-17<br>VENC. HABILITACIÓN: 13/06/2026<br>ESTADO: VENCIDA<br>OBSERVACIONES: POSEE HABILITACION PROVISORIA CON VTO 15/2/25 SE OTORGA PLAZO PARA REGULARIZAR SU SITUACION<br>COORDENADAS: -35.57572150000001, -58.01573519999999<br>icon-opacity: <br>icon-color: <br>icon-scale: <br>icon-offset: <br>icon-offset-units: <br>icon: <br>Descripción: <br>RUBRO NORMALIZADO: "}, "styleUrl": "#icon-1899-BDBDBD", "label-scale": 0, "icon-opacity": "", "icon-color": "", "icon-scale": "", "icon-offset": "", "icon-offset-units": "", "icon": "", "descripción": "", "NOMBRE / COMERCIO": "LANNES LEANDRO", "CUIT": "20-24269697-3", "CONTACTO": "2241461642", "CATEGORÍA FISCAL": "MONOTRIBUTISTA A", "DIRECCIÓN": "SOLER 302", "BARRIO": "CENTRO", "RUBRO": "TALLER DE MOTOS", "CATEGORIA": "AUTOMOTOR", "PADRÓN N°": "A3-2448", "INSPECTOR/A": "SOFIA- IRMA", "ÚLTIMA VISITA": "2025-12-17", "VENC. HABILITACIÓN": "13/06/2026", "ESTADO": "VENCIDA", "OBSERVACIONES": "POSEE HABILITACION PROVISORIA CON VTO 15/2/25 SE OTORGA PLAZO PARA REGULARIZAR SU SITUACION", "COORDENADAS": "-35.57572150000001, -58.01573519999999", "Descripción": "", "RUBRO NORMALIZADO": ""}}, {"type": "Feature", "geometry": {"type": "Point", "coordinates": [-58.010019, -35.57184, 0]}, "properties": {"name": "VENTA RPTO ELECT Y AUTOM", "description": {"@type": "html", "value": "descripción: <br>styleUrl: #icon-1899-9C27B0<br>NOMBRE / COMERCIO: OCHOA FLORENCIA<br>CUIT: 27322795977<br>CONTACTO: 2241535553<br>CATEGORÍA FISCAL: MONOTRIBUTISTA H<br>DIRECCIÓN: YRIGOYEN 274<br>BARRIO: CENTRO<br>RUBRO: VENTA RPTO ELECT Y AUTOM<br>CATEGORIA: AUTOMOTOR<br>PADRÓN N°: A3-2801<br>INSPECTOR/A: YANINA<br>ÚLTIMA VISITA: 2025-08-12<br>VENC. HABILITACIÓN: 28/11/2027<br>ESTADO: VIGENTE<br>OBSERVACIONES: HABILITACION VIGENTE<br>COORDENADAS: -35.57184, -58.01001909999999<br>icon-opacity: <br>icon-color: <br>icon-scale: <br>icon-offset: <br>icon-offset-units: <br>icon: <br>Descripción: <br>RUBRO NORMALIZADO: "}, "styleUrl": "#icon-1899-9C27B0", "label-scale": 0, "icon-opacity": "", "icon-color": "", "icon-scale": "", "icon-offset": "", "icon-offset-units": "", "icon": "", "descripción": "", "NOMBRE / COMERCIO": "OCHOA FLORENCIA", "CUIT": "27322795977", "CONTACTO": "2241535553", "CATEGORÍA FISCAL": "MONOTRIBUTISTA H", "DIRECCIÓN": "YRIGOYEN 274", "BARRIO": "CENTRO", "RUBRO": "VENTA RPTO ELECT Y AUTOM", "CATEGORIA": "AUTOMOTOR", "PADRÓN N°": "A3-2801", "INSPECTOR/A": "YANINA", "ÚLTIMA VISITA": "2025-08-12", "VENC. HABILITACIÓN": "28/11/2027", "ESTADO": "VIGENTE", "OBSERVACIONES": "HABILITACION VIGENTE", "COORDENADAS": "-35.57184, -58.01001909999999", "Descripción": "", "RUBRO NORMALIZADO": ""}}, {"type": "Feature", "geometry": {"type": "Point", "coordinates": [-58.015346, -35.568971, 0]}, "properties": {"name": "VENTA REPUESTOS", "description": {"@type": "html", "value": "descripción: <br>styleUrl: #icon-1899-9C27B0<br>NOMBRE / COMERCIO: REPUESTOS PARAMIO/<br>CUIT: 30-66505088-9<br>CONTACTO: 2241411419<br>CATEGORÍA FISCAL: OTRA<br>DIRECCIÓN: L DEL SUR 463<br>BARRIO: CENTRO<br>RUBRO: VENTA REPUESTOS<br>CATEGORIA: AUTOMOTOR<br>PADRÓN N°: A3-0798<br>INSPECTOR/A: SOFIA- IRMA<br>ÚLTIMA VISITA: 2025-09-17<br>VENC. HABILITACIÓN: 22/08/2026<br>ESTADO: VIGENTE<br>OBSERVACIONES: POSEE HABILITACION VIGENTE, EQUIPO N° 5/26 PH 5/26<br>COORDENADAS: -35.5689714, -58.0153462<br>icon-opacity: <br>icon-color: <br>icon-scale: <br>icon-offset: <br>icon-offset-units: <br>icon: <br>Descripción: <br>RUBRO NORMALIZADO: "}, "styleUrl": "#icon-1899-9C27B0", "label-scale": 0, "icon-opacity": "", "icon-color": "", "icon-scale": "", "icon-offset": "", "icon-offset-units": "", "icon": "", "descripción": "", "NOMBRE / COMERCIO": "REPUESTOS PARAMIO/", "CUIT": "30-66505088-9", "CONTACTO": "2241411419", "CATEGORÍA FISCAL": "OTRA", "DIRECCIÓN": "L DEL SUR 463", "BARRIO": "CENTRO", "RUBRO": "VENTA REPUESTOS", "CATEGORIA": "AUTOMOTOR", "PADRÓN N°": "A3-0798", "INSPECTOR/A": "SOFIA- IRMA", "ÚLTIMA VISITA": "2025-09-17", "VENC. HABILITACIÓN": "22/08/2026", "ESTADO": "VIGENTE", "OBSERVACIONES": "POSEE HABILITACION VIGENTE, EQUIPO N° 5/26 PH 5/26", "COORDENADAS": "-35.5689714, -58.0153462", "Descripción": "", "RUBRO NORMALIZADO": ""}}, {"type": "Feature", "geometry": {"type": "Point", "coordinates": [-58.017622, -35.578196, 0]}, "properties": {"name": "VENTA DE RPTOS AUTOMOTOR", "description": {"@type": "html", "value": "descripción: <br>styleUrl: #icon-1899-9C27B0<br>NOMBRE / COMERCIO: RPTOS ZAPIOLA<br>CUIT: 33-66508841-9<br>CONTACTO: 2241467873<br>CATEGORÍA FISCAL: OTRA<br>DIRECCIÓN: LASTRA 436<br>BARRIO: CENTRO<br>RUBRO: VENTA DE RPTOS AUTOMOTOR<br>CATEGORIA: AUTOMOTOR<br>PADRÓN N°: A3-0309<br>INSPECTOR/A: SOFIA- IRMA<br>ÚLTIMA VISITA: 2025-12-26<br>VENC. HABILITACIÓN: 16/12/2027<br>ESTADO: VIGENTE<br>OBSERVACIONES: POSEE HABILITACION VIGENTE CON FECHA DE VTO 16/12/27<br>COORDENADAS: -35.57819569999999, -58.0176216<br>icon-opacity: <br>icon-color: <br>icon-scale: <br>icon-offset: <br>icon-offset-units: <br>icon: <br>Descripción: <br>RUBRO NORMALIZADO: "}, "styleUrl": "#icon-1899-9C27B0", "label-scale": 0, "icon-opacity": "", "icon-color": "", "icon-scale": "", "icon-offset": "", "icon-offset-units": "", "icon": "", "descripción": "", "NOMBRE / COMERCIO": "RPTOS ZAPIOLA", "CUIT": "33-66508841-9", "CONTACTO": "2241467873", "CATEGORÍA FISCAL": "OTRA", "DIRECCIÓN": "LASTRA 436", "BARRIO": "CENTRO", "RUBRO": "VENTA DE RPTOS AUTOMOTOR", "CATEGORIA": "AUTOMOTOR", "PADRÓN N°": "A3-0309", "INSPECTOR/A": "SOFIA- IRMA", "ÚLTIMA VISITA": "2025-12-26", "VENC. HABILITACIÓN": "16/12/2027", "ESTADO": "VIGENTE", "OBSERVACIONES": "POSEE HABILITACION VIGENTE CON FECHA DE VTO 16/12/27", "COORDENADAS": "-35.57819569999999, -58.0176216", "Descripción": "", "RUBRO NORMALIZADO": ""}}, {"type": "Feature", "geometry": {"type": "Point", "coordinates": [-58.016603, -35.568384, 0]}, "properties": {"name": "VENTA DE REPUESTOS AUTOMOTOR", "description": {"@type": "html", "value": "descripción: <br>styleUrl: #icon-1899-9C27B0<br>NOMBRE / COMERCIO: VALERIO JORGE NICOLAS<br>CUIT: 20-31351607-6<br>CONTACTO: 2241468625<br>CATEGORÍA FISCAL: RESPONSABLE INSCRIPTO<br>DIRECCIÓN: ESCRIBANO 87<br>BARRIO: CENTRO<br>RUBRO: VENTA DE REPUESTOS AUTOMOTOR<br>CATEGORIA: AUTOMOTOR<br>PADRÓN N°: A3-2971<br>INSPECTOR/A: SOFIA- IRMA<br>ÚLTIMA VISITA: 2025-12-05<br>VENC. HABILITACIÓN: 15/02/2025<br>ESTADO: VENCIDA<br>OBSERVACIONES: POSEE HABILITACION PROVISORIA CON VTO 15/2/2025 SE OTORGA PLAZO PARA REGULARIZAR SU SITUACION. POSEE EQUIPO 57446 VTO 9/23 PH 9/30<br>COORDENADAS: -35.5683835, -58.0166031<br>icon-opacity: <br>icon-color: <br>icon-scale: <br>icon-offset: <br>icon-offset-units: <br>icon: <br>Descripción: <br>RUBRO NORMALIZADO: "}, "styleUrl": "#icon-1899-9C27B0", "label-scale": 0, "icon-opacity": "", "icon-color": "", "icon-scale": "", "icon-offset": "", "icon-offset-units": "", "icon": "", "descripción": "", "NOMBRE / COMERCIO": "VALERIO JORGE NICOLAS", "CUIT": "20-31351607-6", "CONTACTO": "2241468625", "CATEGORÍA FISCAL": "RESPONSABLE INSCRIPTO", "DIRECCIÓN": "ESCRIBANO 87", "BARRIO": "CENTRO", "RUBRO": "VENTA DE REPUESTOS AUTOMOTOR", "CATEGORIA": "AUTOMOTOR", "PADRÓN N°": "A3-2971", "INSPECTOR/A": "SOFIA- IRMA", "ÚLTIMA VISITA": "2025-12-05", "VENC. HABILITACIÓN": "15/02/2025", "ESTADO": "VENCIDA", "OBSERVACIONES": "POSEE HABILITACION PROVISORIA CON VTO 15/2/2025 SE OTORGA PLAZO PARA REGULARIZAR SU SITUACION. POSEE EQUIPO 57446 VTO 9/23 PH 9/30", "COORDENADAS": "-35.5683835, -58.0166031", "Descripción": "", "RUBRO NORMALIZADO": ""}}, {"type": "Feature", "geometry": {"type": "Point", "coordinates": [-58.013102, -35.560912, 0]}, "properties": {"name": "VENTA DE REPUESTOS SANITARIOS", "description": {"@type": "html", "value": "descripción: <br>styleUrl: #icon-1899-BDBDBD<br>NOMBRE / COMERCIO: CHAAR LEONE NELIDA GLADYS<br>CUIT: 27142228012<br>CONTACTO: 2241615839<br>CATEGORÍA FISCAL: NO REGISTRA IMPUESTOS ACTIVOS<br>DIRECCIÓN: TUCUMAN 46<br>BARRIO: <br>RUBRO: VENTA DE REPUESTOS SANITARIOS<br>CATEGORIA: AUTOMOTOR<br>PADRÓN N°: A3-2876<br>INSPECTOR/A: ANIBAL<br>ÚLTIMA VISITA: 2026-02-27<br>VENC. HABILITACIÓN: 15/01/2025<br>ESTADO: VENCIDA<br>OBSERVACIONES: APTO<br>COORDENADAS: -35.5609116, -58.0131025<br>icon-opacity: <br>icon-color: <br>icon-scale: <br>icon-offset: <br>icon-offset-units: <br>icon: <br>Descripción: <br>RUBRO NORMALIZADO: "}, "styleUrl": "#icon-1899-BDBDBD", "label-scale": 0, "icon-opacity": "", "icon-color": "", "icon-scale": "", "icon-offset": "", "icon-offset-units": "", "icon": "", "descripción": "", "NOMBRE / COMERCIO": "CHAAR LEONE NELIDA GLADYS", "CUIT": "27142228012", "CONTACTO": "2241615839", "CATEGORÍA FISCAL": "NO REGISTRA IMPUESTOS ACTIVOS", "DIRECCIÓN": "TUCUMAN 46", "BARRIO": "COSTANERA", "RUBRO": "VENTA DE REPUESTOS SANITARIOS", "CATEGORIA": "AUTOMOTOR", "PADRÓN N°": "A3-2876", "INSPECTOR/A": "ANIBAL", "ÚLTIMA VISITA": "2026-02-27", "VENC. HABILITACIÓN": "15/01/2025", "ESTADO": "VENCIDA", "OBSERVACIONES": "APTO", "COORDENADAS": "-35.5609116, -58.0131025", "Descripción": "", "RUBRO NORMALIZADO": ""}}, {"type": "Feature", "geometry": {"type": "Point", "coordinates": [-58.006104, -35.576476, 0]}, "properties": {"name": "ALINEACION Y BALANCEO", "description": {"@type": "html", "value": "descripción: <br>styleUrl: #icon-1899-BDBDBD<br>NOMBRE / COMERCIO: ALONSO ROBERTO PAULINO<br>CUIT: 20-14245232-5<br>CONTACTO: 2241-440947<br>CATEGORÍA FISCAL: MONOTRIBUTISTA B<br>DIRECCIÓN: AV PTE. ALFONSIN 603<br>BARRIO: EL HUECO<br>RUBRO: ALINEACION Y BALANCEO<br>CATEGORIA: AUTOMOTOR<br>PADRÓN N°: A3-1091<br>INSPECTOR/A: <br>ÚLTIMA VISITA: 2026-04-23<br>VENC. HABILITACIÓN: 15/03/2026<br>ESTADO: VENCIDA<br>OBSERVACIONES: <br>COORDENADAS: -35.5764758, -58.0061039<br>icon-opacity: <br>icon-color: <br>icon-scale: <br>icon-offset: <br>icon-offset-units: <br>icon: <br>Descripción: <br>RUBRO NORMALIZADO: "}, "styleUrl": "#icon-1899-BDBDBD", "label-scale": 0, "icon-opacity": "", "icon-color": "", "icon-scale": "", "icon-offset": "", "icon-offset-units": "", "icon": "", "descripción": "", "NOMBRE / COMERCIO": "ALONSO ROBERTO PAULINO", "CUIT": "20-14245232-5", "CONTACTO": "2241-440947", "CATEGORÍA FISCAL": "MONOTRIBUTISTA B", "DIRECCIÓN": "AV PTE. ALFONSIN 603", "BARRIO": "EL HUECO", "RUBRO": "ALINEACION Y BALANCEO", "CATEGORIA": "AUTOMOTOR", "PADRÓN N°": "A3-1091", "INSPECTOR/A": "SERGIO", "ÚLTIMA VISITA": "2026-04-23", "VENC. HABILITACIÓN": "15/03/2026", "ESTADO": "VENCIDA", "OBSERVACIONES": "SE LE DAN 7 DIAS PARA RETIRAR SU HABILITACION", "COORDENADAS": "-35.5764758, -58.0061039", "Descripción": "", "RUBRO NORMALIZADO": ""}}, {"type": "Feature", "geometry": {"type": "Point", "coordinates": [-57.999231, -35.572052, 0]}, "properties": {"name": "VENTA DE BATERIAS Y ACC AUTOS", "description": {"@type": "html", "value": "descripción: <br>styleUrl: #icon-1899-BDBDBD<br>NOMBRE / COMERCIO: ALVAREZ MARIANO<br>CUIT: 20-33220813-7<br>CONTACTO: 1136897414<br>CATEGORÍA FISCAL: MONOTRIBUTISTA H<br>DIRECCIÓN: GARAY 408<br>BARRIO: EL HUECO<br>RUBRO: VENTA DE BATERIAS Y ACC AUTOS<br>CATEGORIA: AUTOMOTOR<br>PADRÓN N°: A4-0736<br>INSPECTOR/A: YANINA<br>ÚLTIMA VISITA: 2024-09-30<br>VENC. HABILITACIÓN: 02/06/2025<br>ESTADO: VENCIDA<br>OBSERVACIONES: HABILITACION VIGENTE<br>COORDENADAS: -35.5720524, -57.9992314<br>icon-opacity: <br>icon-color: <br>icon-scale: <br>icon-offset: <br>icon-offset-units: <br>icon: <br>Descripción: <br>RUBRO NORMALIZADO: "}, "styleUrl": "#icon-1899-BDBDBD", "label-scale": 0, "icon-opacity": "", "icon-color": "", "icon-scale": "", "icon-offset": "", "icon-offset-units": "", "icon": "", "descripción": "", "NOMBRE / COMERCIO": "ALVAREZ MARIANO", "CUIT": "20-33220813-7", "CONTACTO": "1136897414", "CATEGORÍA FISCAL": "MONOTRIBUTISTA H", "DIRECCIÓN": "GARAY 408", "BARRIO": "EL HUECO", "RUBRO": "VENTA DE BATERIAS Y ACC AUTOS", "CATEGORIA": "AUTOMOTOR", "PADRÓN N°": "A4-0736", "INSPECTOR/A": "YANINA", "ÚLTIMA VISITA": "2024-09-30", "VENC. HABILITACIÓN": "02/06/2025", "ESTADO": "VENCIDA", "OBSERVACIONES": "HABILITACION VIGENTE", "COORDENADAS": "-35.5720524, -57.9992314", "Descripción": "", "RUBRO NORMALIZADO": ""}}, {"type": "Feature", "geometry": {"type": "Point", "coordinates": [-58.008336, -35.575308, 0]}, "properties": {"name": "VENTA  DE RESPUESTOS  DE AUTO", "description": {"@type": "html", "value": "descripción: <br>styleUrl: #icon-1899-9C27B0<br>NOMBRE / COMERCIO: CAPUTO PABLO CARLOS<br>CUIT: 20-18457471-4<br>CONTACTO: 22241458436<br>CATEGORÍA FISCAL: RESPONSABLE INSCRIPTO<br>DIRECCIÓN: HIPÓLITO YRIGOYEN 83<br>BARRIO: EL HUECO<br>RUBRO: VENTA  DE RESPUESTOS  DE AUTO<br>CATEGORIA: AUTOMOTOR<br>PADRÓN N°: A3-4122<br>INSPECTOR/A: YANINA<br>ÚLTIMA VISITA: 2025-05-29<br>VENC. HABILITACIÓN: 13/01/2028<br>ESTADO: VIGENTE<br>OBSERVACIONES: -SUJETA A CANCELACION DEUDA SEGURIDAD E HIGIENE<br>COORDENADAS: -35.5753081, -58.0083364<br>icon-opacity: <br>icon-color: <br>icon-scale: <br>icon-offset: <br>icon-offset-units: <br>icon: <br>Descripción: <br>RUBRO NORMALIZADO: "}, "styleUrl": "#icon-1899-9C27B0", "label-scale": 0, "icon-opacity": "", "icon-color": "", "icon-scale": "", "icon-offset": "", "icon-offset-units": "", "icon": "", "descripción": "", "NOMBRE / COMERCIO": "CAPUTO PABLO CARLOS", "CUIT": "20-18457471-4", "CONTACTO": "22241458436", "CATEGORÍA FISCAL": "RESPONSABLE INSCRIPTO", "DIRECCIÓN": "HIPÓLITO YRIGOYEN 83", "BARRIO": "EL HUECO", "RUBRO": "VENTA  DE RESPUESTOS  DE AUTO", "CATEGORIA": "AUTOMOTOR", "PADRÓN N°": "A3-4122", "INSPECTOR/A": "YANINA", "ÚLTIMA VISITA": "2025-05-29", "VENC. HABILITACIÓN": "13/01/2028", "ESTADO": "VIGENTE", "OBSERVACIONES": "-SUJETA A CANCELACION DEUDA SEGURIDAD E HIGIENE", "COORDENADAS": "-35.5753081, -58.0083364", "Descripción": "", "RUBRO NORMALIZADO": ""}}, {"type": "Feature", "geometry": {"type": "Point", "coordinates": [-58.005482, -35.576429, 0]}, "properties": {"name": "TALLER MECANICO", "description": {"@type": "html", "value": "descripción: <br>styleUrl: #icon-1899-0288D1<br>NOMBRE / COMERCIO: CIGNOLI EMILIANO<br>CUIT: 20-30490336-9<br>CONTACTO: 2241411234<br>CATEGORÍA FISCAL: MONOTRIBUTISTA A<br>DIRECCIÓN: AV ALFONSIN 565<br>BARRIO: EL HUECO<br>RUBRO: TALLER MECANICO<br>CATEGORIA: AUTOMOTOR<br>PADRÓN N°: A3-4104<br>INSPECTOR/A: YANINA<br>ÚLTIMA VISITA: 2025-06-06<br>VENC. HABILITACIÓN: 15/02/2025<br>ESTADO: VENCIDA<br>OBSERVACIONES: HABILITACION PROVISORIA 15-02-2025 (RENOVAR)<br>COORDENADAS: -35.5764291, -58.005482<br>icon-opacity: <br>icon-color: <br>icon-scale: <br>icon-offset: <br>icon-offset-units: <br>icon: <br>Descripción: <br>RUBRO NORMALIZADO: "}, "styleUrl": "#icon-1899-0288D1", "label-scale": 0, "icon-opacity": "", "icon-color": "", "icon-scale": "", "icon-offset": "", "icon-offset-units": "", "icon": "", "descripción": "", "NOMBRE / COMERCIO": "CIGNOLI EMILIANO", "CUIT": "20-30490336-9", "CONTACTO": "2241411234", "CATEGORÍA FISCAL": "MONOTRIBUTISTA A", "DIRECCIÓN": "AV ALFONSIN 565", "BARRIO": "EL HUECO", "RUBRO": "TALLER MECANICO", "CATEGORIA": "AUTOMOTOR", "PADRÓN N°": "A3-4104", "INSPECTOR/A": "YANINA", "ÚLTIMA VISITA": "2025-06-06", "VENC. HABILITACIÓN": "15/02/2025", "ESTADO": "VENCIDA", "OBSERVACIONES": "HABILITACION PROVISORIA 15-02-2025 (RENOVAR)", "COORDENADAS": "-35.5764291, -58.005482", "Descripción": "", "RUBRO NORMALIZADO": ""}}, {"type": "Feature", "geometry": {"type": "Point", "coordinates": [-58.009538, -35.569601, 0]}, "properties": {"name": "VENTA DE RESPUESTOS  DE AUTO", "description": {"@type": "html", "value": "descripción: <br>styleUrl: #icon-1899-9C27B0<br>NOMBRE / COMERCIO: MOYANO JUAN DIEGO<br>CUIT: 20-23920616-7<br>CONTACTO: <br>CATEGORÍA FISCAL: RESPONSABLE INSCRIPTO<br>DIRECCIÓN: HIPÓLITO YRIGOYEN 398<br>BARRIO: EL HUECO<br>RUBRO: VENTA DE RESPUESTOS  DE AUTO<br>CATEGORIA: AUTOMOTOR<br>PADRÓN N°: A3-1966<br>INSPECTOR/A: YANINA<br>ÚLTIMA VISITA: 2025-06-24<br>VENC. HABILITACIÓN: 28/04/2028<br>ESTADO: VIGENTE<br>OBSERVACIONES: DEBE RETIRAR HABILITACION DE LA OFICINA, SE DEJA COPIA<br>COORDENADAS: -35.5696012, -58.0095379<br>icon-opacity: <br>icon-color: <br>icon-scale: <br>icon-offset: <br>icon-offset-units: <br>icon: <br>Descripción: <br>RUBRO NORMALIZADO: "}, "styleUrl": "#icon-1899-9C27B0", "label-scale": 0, "icon-opacity": "", "icon-color": "", "icon-scale": "", "icon-offset": "", "icon-offset-units": "", "icon": "", "descripción": "", "NOMBRE / COMERCIO": "MOYANO JUAN DIEGO", "CUIT": "20-23920616-7", "CONTACTO": "2241610814", "CATEGORÍA FISCAL": "RESPONSABLE INSCRIPTO", "DIRECCIÓN": "HIPÓLITO YRIGOYEN 398", "BARRIO": "EL HUECO", "RUBRO": "VENTA DE RESPUESTOS  DE AUTO", "CATEGORIA": "AUTOMOTOR", "PADRÓN N°": "A3-1966", "INSPECTOR/A": "YANINA", "ÚLTIMA VISITA": "2025-06-24", "VENC. HABILITACIÓN": "28/04/2028", "ESTADO": "VIGENTE", "OBSERVACIONES": "DEBE RETIRAR HABILITACION DE LA OFICINA, SE DEJA COPIA", "COORDENADAS": "-35.5696012, -58.0095379", "Descripción": "", "RUBRO NORMALIZADO": ""}}, {"type": "Feature", "geometry": {"type": "Point", "coordinates": [-58.008332, -35.56955, 0]}, "properties": {"name": "VENTA NEUMATICOS-LUBRICENTRO", "description": {"@type": "html", "value": "descripción: <br>styleUrl: #icon-1899-BDBDBD<br>NOMBRE / COMERCIO: ORTIZ FABIO JAVIER<br>CUIT: 20-26115770-6<br>CONTACTO: 2241681322<br>CATEGORÍA FISCAL: NO REGISTRA IMPUESTOS ACTIVOS<br>DIRECCIÓN: MACHADO 394<br>BARRIO: EL HUECO<br>RUBRO: VENTA NEUMATICOS-LUBRICENTRO<br>CATEGORIA: AUTOMOTOR<br>PADRÓN N°: A3-3118<br>INSPECTOR/A: YANINA<br>ÚLTIMA VISITA: 2025-06-18<br>VENC. HABILITACIÓN: 15/02/2026<br>ESTADO: VENCIDA<br>OBSERVACIONES: HABILITACION VIGENTE PROVISORIA<br>COORDENADAS: -35.56954959999999, -58.0083315<br>icon-opacity: <br>icon-color: <br>icon-scale: <br>icon-offset: <br>icon-offset-units: <br>icon: <br>Descripción: <br>RUBRO NORMALIZADO: "}, "styleUrl": "#icon-1899-BDBDBD", "label-scale": 0, "icon-opacity": "", "icon-color": "", "icon-scale": "", "icon-offset": "", "icon-offset-units": "", "icon": "", "descripción": "", "NOMBRE / COMERCIO": "ORTIZ FABIO JAVIER", "CUIT": "20-26115770-6", "CONTACTO": "2241681322", "CATEGORÍA FISCAL": "NO REGISTRA IMPUESTOS ACTIVOS", "DIRECCIÓN": "MACHADO 394", "BARRIO": "EL HUECO", "RUBRO": "VENTA NEUMATICOS-LUBRICENTRO", "CATEGORIA": "AUTOMOTOR", "PADRÓN N°": "A3-3118", "INSPECTOR/A": "YANINA", "ÚLTIMA VISITA": "2025-06-18", "VENC. HABILITACIÓN": "15/02/2026", "ESTADO": "VENCIDA", "OBSERVACIONES": "HABILITACION VIGENTE PROVISORIA", "COORDENADAS": "-35.56954959999999, -58.0083315", "Descripción": "", "RUBRO NORMALIZADO": ""}}, {"type": "Feature", "geometry": {"type": "Point", "coordinates": [-58.006543, -35.573955, 0]}, "properties": {"name": "TALLER DE MOTOS", "description": {"@type": "html", "value": "descripción: <br>styleUrl: #icon-1899-BDBDBD<br>NOMBRE / COMERCIO: PICCININ GUILLERMO GUSTAVO<br>CUIT: 20-18219147-8<br>CONTACTO: 2241460052<br>CATEGORÍA FISCAL: MONOTRIBUTISTA B<br>DIRECCIÓN: SAAVEDRA 137<br>BARRIO: EL HUECO<br>RUBRO: TALLER DE MOTOS<br>CATEGORIA: AUTOMOTOR<br>PADRÓN N°: A3-04-79<br>INSPECTOR/A: <br>ÚLTIMA VISITA: <br>VENC. HABILITACIÓN: 15/11/2026<br>ESTADO: VIGENTE<br>OBSERVACIONES: CANC DEUDA SEG E HIG-DEUDA INMUEBLE -OBRA NO CONFORME A PLANO<br>COORDENADAS: -35.5739554, -58.00654309999999<br>icon-opacity: <br>icon-color: <br>icon-scale: <br>icon-offset: <br>icon-offset-units: <br>icon: <br>Descripción: <br>RUBRO NORMALIZADO: "}, "styleUrl": "#icon-1899-BDBDBD", "label-scale": 0, "icon-opacity": "", "icon-color": "", "icon-scale": "", "icon-offset": "", "icon-offset-units": "", "icon": "", "descripción": "", "NOMBRE / COMERCIO": "PICCININ GUILLERMO GUSTAVO", "CUIT": "20-18219147-8", "CONTACTO": "2241460052", "CATEGORÍA FISCAL": "MONOTRIBUTISTA B", "DIRECCIÓN": "SAAVEDRA 137", "BARRIO": "EL HUECO", "RUBRO": "TALLER DE MOTOS", "CATEGORIA": "AUTOMOTOR", "PADRÓN N°": "A3-04-79", "INSPECTOR/A": "", "ÚLTIMA VISITA": "", "VENC. HABILITACIÓN": "15/11/2026", "ESTADO": "VIGENTE", "OBSERVACIONES": "CANC DEUDA SEG E HIG-DEUDA INMUEBLE -OBRA NO CONFORME A PLANO", "COORDENADAS": "-35.5739554, -58.00654309999999", "Descripción": "", "RUBRO NORMALIZADO": ""}}, {"type": "Feature", "geometry": {"type": "Point", "coordinates": [-58.002089, -35.571268, 0]}, "properties": {"name": "TALLER MECANICO", "description": {"@type": "html", "value": "descripción: <br>styleUrl: #icon-1899-0288D1<br>NOMBRE / COMERCIO: RAMIREZ CRISTIAN EDUARDO<br>CUIT: 20-25679764-0<br>CONTACTO: 2241672515<br>CATEGORÍA FISCAL: MONOTRIBUTISTA H<br>DIRECCIÓN: GRITOS DOLORES 250<br>BARRIO: EL HUECO<br>RUBRO: TALLER MECANICO<br>CATEGORIA: AUTOMOTOR<br>PADRÓN N°: A3-3550<br>INSPECTOR/A: YANINA<br>ÚLTIMA VISITA: 2025-06-13<br>VENC. HABILITACIÓN: 15/02/2026<br>ESTADO: VENCIDA<br>OBSERVACIONES: SE REALIZA INSPECCION X MED DE SEGURIDAD RENOVACION DE HABILITACION<br>COORDENADAS: -35.5712675, -58.0020894<br>icon-opacity: <br>icon-color: <br>icon-scale: <br>icon-offset: <br>icon-offset-units: <br>icon: <br>Descripción: <br>RUBRO NORMALIZADO: "}, "styleUrl": "#icon-1899-0288D1", "label-scale": 0, "icon-opacity": "", "icon-color": "", "icon-scale": "", "icon-offset": "", "icon-offset-units": "", "icon": "", "descripción": "", "NOMBRE / COMERCIO": "RAMIREZ CRISTIAN EDUARDO", "CUIT": "20-25679764-0", "CONTACTO": "2241672515", "CATEGORÍA FISCAL": "MONOTRIBUTISTA H", "DIRECCIÓN": "GRITOS DOLORES 250", "BARRIO": "EL HUECO", "RUBRO": "TALLER MECANICO", "CATEGORIA": "AUTOMOTOR", "PADRÓN N°": "A3-3550", "INSPECTOR/A": "YANINA", "ÚLTIMA VISITA": "2025-06-13", "VENC. HABILITACIÓN": "15/02/2026", "ESTADO": "VENCIDA", "OBSERVACIONES": "SE REALIZA INSPECCION X MED DE SEGURIDAD RENOVACION DE HABILITACION", "COORDENADAS": "-35.5712675, -58.0020894", "Descripción": "", "RUBRO NORMALIZADO": ""}}, {"type": "Feature", "geometry": {"type": "Point", "coordinates": [-58.010588, -35.569162, 0]}, "properties": {"name": "TALLER MECANICO", "description": {"@type": "html", "value": "descripción: <br>styleUrl: #icon-1899-0288D1<br>NOMBRE / COMERCIO: RICAO LUIS ALBERTO<br>CUIT: 20-12547405-6<br>CONTACTO: 2241558726<br>CATEGORÍA FISCAL: MONOTRIBUTISTA A<br>DIRECCIÓN: YRIGOYEN 420<br>BARRIO: EL HUECO<br>RUBRO: TALLER MECANICO<br>CATEGORIA: AUTOMOTOR<br>PADRÓN N°: A3- 4195<br>INSPECTOR/A: YANINA<br>ÚLTIMA VISITA: 2025-05-29<br>VENC. HABILITACIÓN: 15/02/2026<br>ESTADO: VENCIDA<br>OBSERVACIONES: HABILITACION PROVISORIA VTO 15/02/26, SUJETA A CANCELACION DE DEUDA DE SEGURIDAD E HIGIENE<br>COORDENADAS: -35.5691621, -58.0105875<br>icon-opacity: <br>icon-color: <br>icon-scale: <br>icon-offset: <br>icon-offset-units: <br>icon: <br>Descripción: <br>RUBRO NORMALIZADO: "}, "styleUrl": "#icon-1899-0288D1", "label-scale": 0, "icon-opacity": "", "icon-color": "", "icon-scale": "", "icon-offset": "", "icon-offset-units": "", "icon": "", "descripción": "", "NOMBRE / COMERCIO": "RICAO LUIS ALBERTO", "CUIT": "20-12547405-6", "CONTACTO": "2241558726", "CATEGORÍA FISCAL": "MONOTRIBUTISTA A", "DIRECCIÓN": "YRIGOYEN 420", "BARRIO": "EL HUECO", "RUBRO": "TALLER MECANICO", "CATEGORIA": "AUTOMOTOR", "PADRÓN N°": "A3- 4195", "INSPECTOR/A": "YANINA", "ÚLTIMA VISITA": "2025-05-29", "VENC. HABILITACIÓN": "15/02/2026", "ESTADO": "VENCIDA", "OBSERVACIONES": "HABILITACION PROVISORIA VTO 15/02/26, SUJETA A CANCELACION DE DEUDA DE SEGURIDAD E HIGIENE", "COORDENADAS": "-35.5691621, -58.0105875", "Descripción": "", "RUBRO NORMALIZADO": ""}}, {"type": "Feature", "geometry": {"type": "Point", "coordinates": [-57.99908, -35.575273, 0]}, "properties": {"name": "TALLER MECANICO/VENTA DE RPTO", "description": {"@type": "html", "value": "descripción: <br>styleUrl: #icon-1899-BDBDBD<br>NOMBRE / COMERCIO: ROJAS EDGARDO<br>CUIT: 20200364342<br>CONTACTO: 2241-678388<br>CATEGORÍA FISCAL: NO REGISTRA IMPUESTOS ACTIVOS<br>DIRECCIÓN: MALVINAS ARGENTINAS 07<br>BARRIO: EL HUECO<br>RUBRO: TALLER MECANICO/VENTA DE RPTO<br>CATEGORIA: AUTOMOTOR<br>PADRÓN N°: A3-1244<br>INSPECTOR/A: SOFIA- IRMA<br>ÚLTIMA VISITA: 2026-05-14<br>VENC. HABILITACIÓN: 11/03/1998<br>ESTADO: VENCIDA<br>OBSERVACIONES: APTO<br>COORDENADAS: -35.5752731, -57.9990798<br>icon-opacity: <br>icon-color: <br>icon-scale: <br>icon-offset: <br>icon-offset-units: <br>icon: <br>Descripción: <br>RUBRO NORMALIZADO: "}, "styleUrl": "#icon-1899-BDBDBD", "label-scale": 0, "icon-opacity": "", "icon-color": "", "icon-scale": "", "icon-offset": "", "icon-offset-units": "", "icon": "", "descripción": "", "NOMBRE / COMERCIO": "ROJAS EDGARDO", "CUIT": "20200364342", "CONTACTO": "2241-678388", "CATEGORÍA FISCAL": "NO REGISTRA IMPUESTOS ACTIVOS", "DIRECCIÓN": "MALVINAS ARGENTINAS 07", "BARRIO": "EL HUECO", "RUBRO": "TALLER MECANICO/VENTA DE RPTO", "CATEGORIA": "AUTOMOTOR", "PADRÓN N°": "A3-1244", "INSPECTOR/A": "SOFIA- IRMA", "ÚLTIMA VISITA": "2026-05-14", "VENC. HABILITACIÓN": "11/03/1998", "ESTADO": "VENCIDA", "OBSERVACIONES": "APTO", "COORDENADAS": "-35.5752731, -57.9990798", "Descripción": "", "RUBRO NORMALIZADO": ""}}, {"type": "Feature", "geometry": {"type": "Point", "coordinates": [-57.996173, -35.571458, 0]}, "properties": {"name": "TALLER DE CHAPA", "description": {"@type": "html", "value": "descripción: <br>styleUrl: #icon-1899-BDBDBD<br>NOMBRE / COMERCIO: SELVA MIGUEL MARTIN<br>CUIT: 20-36213596-7<br>CONTACTO: 2241573275<br>CATEGORÍA FISCAL: RESPONSABLE INSCRIPTO<br>DIRECCIÓN: GARAY 545<br>BARRIO: EL HUECO<br>RUBRO: <br>CATEGORIA: AUTOMOTOR<br>PADRÓN N°: A3-4439<br>INSPECTOR/A: YANINA<br>ÚLTIMA VISITA: 2024-09-26<br>VENC. HABILITACIÓN: 17/01/2027<br>ESTADO: VIGENTE<br>OBSERVACIONES: HABILITACION 27-01-2025<br>COORDENADAS: -35.5714577, -57.99617259999999<br>icon-opacity: <br>icon-color: <br>icon-scale: <br>icon-offset: <br>icon-offset-units: <br>icon: <br>Descripción: <br>RUBRO NORMALIZADO: "}, "styleUrl": "#icon-1899-BDBDBD", "label-scale": 0, "icon-opacity": "", "icon-color": "", "icon-scale": "", "icon-offset": "", "icon-offset-units": "", "icon": "", "descripción": "", "NOMBRE / COMERCIO": "SELVA MIGUEL MARTIN", "CUIT": "20-36213596-7", "CONTACTO": "2241573275", "CATEGORÍA FISCAL": "RESPONSABLE INSCRIPTO", "DIRECCIÓN": "GARAY 545", "BARRIO": "EL HUECO", "RUBRO": "TALLER DE CHAPA", "CATEGORIA": "AUTOMOTOR", "PADRÓN N°": "A3-4439", "INSPECTOR/A": "YANINA", "ÚLTIMA VISITA": "2024-09-26", "VENC. HABILITACIÓN": "17/01/2027", "ESTADO": "VIGENTE", "OBSERVACIONES": "HABILITACION 27-01-2025", "COORDENADAS": "-35.5714577, -57.99617259999999", "Descripción": "", "RUBRO NORMALIZADO": ""}}, {"type": "Feature", "geometry": {"type": "Point", "coordinates": [-58.016912, -35.564656, 0]}, "properties": {"name": "VENTA RPTO AUTOS", "description": {"@type": "html", "value": "descripción: <br>styleUrl: #icon-1899-9C27B0<br>NOMBRE / COMERCIO: AUTOMOTORES DEL SUR A5/0025<br>CUIT: 30-52321481-7<br>CONTACTO: 2241552992<br>CATEGORÍA FISCAL: SA<br>DIRECCIÓN: J M ROSAS 709<br>BARRIO: EL OBISPADO<br>RUBRO: VENTA RPTO AUTOS<br>CATEGORIA: AUTOMOTOR<br>PADRÓN N°: A5/0025<br>INSPECTOR/A: SOFIA- IRMA<br>ÚLTIMA VISITA: 2024-07-11<br>VENC. HABILITACIÓN: 10/03/2027<br>ESTADO: VIGENTE<br>OBSERVACIONES: HABILITACION 15-07-2024/renovar/cert fumg<br>COORDENADAS: -35.5646561, -58.0169119<br>icon-opacity: <br>icon-color: <br>icon-scale: <br>icon-offset: <br>icon-offset-units: <br>icon: <br>Descripción: <br>RUBRO NORMALIZADO: "}, "styleUrl": "#icon-1899-9C27B0", "label-scale": 0, "icon-opacity": "", "icon-color": "", "icon-scale": "", "icon-offset": "", "icon-offset-units": "", "icon": "", "descripción": "", "NOMBRE / COMERCIO": "AUTOMOTORES DEL SUR A5/0025", "CUIT": "30-52321481-7", "CONTACTO": "2241552992", "CATEGORÍA FISCAL": "SA", "DIRECCIÓN": "J M ROSAS 709", "BARRIO": "EL OBISPADO", "RUBRO": "VENTA RPTO AUTOS", "CATEGORIA": "AUTOMOTOR", "PADRÓN N°": "A5/0025", "INSPECTOR/A": "SOFIA- IRMA", "ÚLTIMA VISITA": "2024-07-11", "VENC. HABILITACIÓN": "10/03/2027", "ESTADO": "VIGENTE", "OBSERVACIONES": "HABILITACION 15-07-2024/renovar/cert fumg", "COORDENADAS": "-35.5646561, -58.0169119", "Descripción": "", "RUBRO NORMALIZADO": ""}}, {"type": "Feature", "geometry": {"type": "Point", "coordinates": [-58.01766, -35.556196, 0]}, "properties": {"name": "VENTA DE AUTOS", "description": {"@type": "html", "value": "descripción: <br>styleUrl: #icon-1899-BDBDBD<br>NOMBRE / COMERCIO: GONZALEZ DENISA IVANA<br>CUIT: 27-27480001-7<br>CONTACTO: 2241685619<br>CATEGORÍA FISCAL: RESPONSABLE INSCRIPTO<br>DIRECCIÓN: JUAN MANUEL ROSAS 1145<br>BARRIO: EL OBISPADO<br>RUBRO: VENTA DE AUTOS<br>CATEGORIA: AUTOMOTOR<br>PADRÓN N°: A3-3274<br>INSPECTOR/A: SOFIA- IRMA<br>ÚLTIMA VISITA: 2025-09-23<br>VENC. HABILITACIÓN: 29/09/2028<br>ESTADO: VIGENTE<br>OBSERVACIONES: AL MOMENTO DE LA INSPECCION POSEE DISYUNTOR FUNCIONANDO, EQUIPO N° 981838 CON VTO 9/26 PH 9/26, SE FIRMA M DE SEGURIDAD.<br>COORDENADAS: -35.5561962, -58.01765959999999<br>icon-opacity: <br>icon-color: <br>icon-scale: <br>icon-offset: <br>icon-offset-units: <br>icon: <br>Descripción: <br>RUBRO NORMALIZADO: "}, "styleUrl": "#icon-1899-BDBDBD", "label-scale": 0, "icon-opacity": "", "icon-color": "", "icon-scale": "", "icon-offset": "", "icon-offset-units": "", "icon": "", "descripción": "", "NOMBRE / COMERCIO": "GONZALEZ DENISA IVANA", "CUIT": "27-27480001-7", "CONTACTO": "2241685619", "CATEGORÍA FISCAL": "RESPONSABLE INSCRIPTO", "DIRECCIÓN": "JUAN MANUEL ROSAS 1145", "BARRIO": "EL OBISPADO", "RUBRO": "VENTA DE AUTOS", "CATEGORIA": "AUTOMOTOR", "PADRÓN N°": "A3-3274", "INSPECTOR/A": "SOFIA- IRMA", "ÚLTIMA VISITA": "2025-09-23", "VENC. HABILITACIÓN": "29/09/2028", "ESTADO": "VIGENTE", "OBSERVACIONES": "AL MOMENTO DE LA INSPECCION POSEE DISYUNTOR FUNCIONANDO, EQUIPO N° 981838 CON VTO 9/26 PH 9/26, SE FIRMA M DE SEGURIDAD.", "COORDENADAS": "-35.5561962, -58.01765959999999", "Descripción": "", "RUBRO NORMALIZADO": ""}}, {"type": "Feature", "geometry": {"type": "Point", "coordinates": [-58.017806, -35.558407, 0]}, "properties": {"name": "VENTA DE AUTOS", "description": {"@type": "html", "value": "descripción: <br>styleUrl: #icon-1899-BDBDBD<br>NOMBRE / COMERCIO: IBARRA FERNANDO JAVIER<br>CUIT: 20-23005611-1<br>CONTACTO: 2241436114<br>CATEGORÍA FISCAL: RESPONSABLE INSCRIPTO<br>DIRECCIÓN: JUAN MANUEL ROSAS 973<br>BARRIO: EL OBISPADO<br>RUBRO: VENTA DE AUTOS<br>CATEGORIA: AUTOMOTOR<br>PADRÓN N°: A5-0541<br>INSPECTOR/A: SOFIA- IRMA<br>ÚLTIMA VISITA: 2025-08-11<br>VENC. HABILITACIÓN: 08/09/2028<br>ESTADO: VIGENTE<br>OBSERVACIONES: SE OTORGA PLAZO PARA REGULARIZAR HABILITACION<br>COORDENADAS: -35.5584069, -58.0178057<br>icon-opacity: <br>icon-color: <br>icon-scale: <br>icon-offset: <br>icon-offset-units: <br>icon: <br>Descripción: <br>RUBRO NORMALIZADO: "}, "styleUrl": "#icon-1899-BDBDBD", "label-scale": 0, "icon-opacity": "", "icon-color": "", "icon-scale": "", "icon-offset": "", "icon-offset-units": "", "icon": "", "descripción": "", "NOMBRE / COMERCIO": "IBARRA FERNANDO JAVIER", "CUIT": "20-23005611-1", "CONTACTO": "2241436114", "CATEGORÍA FISCAL": "RESPONSABLE INSCRIPTO", "DIRECCIÓN": "JUAN MANUEL ROSAS 973", "BARRIO": "EL OBISPADO", "RUBRO": "VENTA DE AUTOS", "CATEGORIA": "AUTOMOTOR", "PADRÓN N°": "A5-0541", "INSPECTOR/A": "SOFIA- IRMA", "ÚLTIMA VISITA": "2025-08-11", "VENC. HABILITACIÓN": "08/09/2028", "ESTADO": "VIGENTE", "OBSERVACIONES": "SE OTORGA PLAZO PARA REGULARIZAR HABILITACION", "COORDENADAS": "-35.5584069, -58.0178057", "Descripción": "", "RUBRO NORMALIZADO": ""}}, {"type": "Feature", "geometry": {"type": "Point", "coordinates": [-58.017439, -35.55655, 0]}, "properties": {"name": "VENTA DE AUTOS", "description": {"@type": "html", "value": "descripción: <br>styleUrl: #icon-1899-BDBDBD<br>NOMBRE / COMERCIO: INCIARTE MATIAS HUMBERTO<br>CUIT: 20255325464<br>CONTACTO: 2241467385<br>CATEGORÍA FISCAL: NO REGISTRA IMPUESTOS ACTIVOS<br>DIRECCIÓN: JUAN MANUEL ROSAS 1133<br>BARRIO: EL OBISPADO<br>RUBRO: VENTA DE AUTOS<br>CATEGORIA: AUTOMOTOR<br>PADRÓN N°: A6-0397<br>INSPECTOR/A: YANINA<br>ÚLTIMA VISITA: 2026-02-04<br>VENC. HABILITACIÓN: 20/03/2029<br>ESTADO: VIGENTE<br>OBSERVACIONES: <br>COORDENADAS: -35.5565497, -58.0174392<br>icon-opacity: <br>icon-color: <br>icon-scale: <br>icon-offset: <br>icon-offset-units: <br>icon: <br>Descripción: <br>RUBRO NORMALIZADO: "}, "styleUrl": "#icon-1899-BDBDBD", "label-scale": 0, "icon-opacity": "", "icon-color": "", "icon-scale": "", "icon-offset": "", "icon-offset-units": "", "icon": "", "descripción": "", "NOMBRE / COMERCIO": "INCIARTE MATIAS HUMBERTO", "CUIT": "20255325464", "CONTACTO": "2241467385", "CATEGORÍA FISCAL": "NO REGISTRA IMPUESTOS ACTIVOS", "DIRECCIÓN": "JUAN MANUEL ROSAS 1133", "BARRIO": "EL OBISPADO", "RUBRO": "VENTA DE AUTOS", "CATEGORIA": "AUTOMOTOR", "PADRÓN N°": "A6-0397", "INSPECTOR/A": "YANINA", "ÚLTIMA VISITA": "2026-02-04", "VENC. HABILITACIÓN": "20/03/2029", "ESTADO": "VIGENTE", "OBSERVACIONES": "", "COORDENADAS": "-35.5565497, -58.0174392", "Descripción": "", "RUBRO NORMALIZADO": ""}}, {"type": "Feature", "geometry": {"type": "Point", "coordinates": [-58.016922, -35.564747, 0]}, "properties": {"name": "TALLER DE MOTOS", "description": {"@type": "html", "value": "descripción: <br>styleUrl: #icon-1899-BDBDBD<br>NOMBRE / COMERCIO: MARQUEZ ECHEVERRY<br>CUIT: 20-11501633-5<br>CONTACTO: 2241580655<br>CATEGORÍA FISCAL: NO REGISTRA IMPUESTOS ACTIVOS<br>DIRECCIÓN: BELGRANO 675<br>BARRIO: EL OBISPADO<br>RUBRO: TALLER DE MOTOS<br>CATEGORIA: AUTOMOTOR<br>PADRÓN N°: A3-1910<br>INSPECTOR/A: SOFIA- IRMA<br>ÚLTIMA VISITA: 2026-01-23<br>VENC. HABILITACIÓN: 30/09/2027<br>ESTADO: VIGENTE<br>OBSERVACIONES: <br>COORDENADAS: -35.564747, -58.01692219999999<br>icon-opacity: <br>icon-color: <br>icon-scale: <br>icon-offset: <br>icon-offset-units: <br>icon: <br>Descripción: <br>RUBRO NORMALIZADO: "}, "styleUrl": "#icon-1899-BDBDBD", "label-scale": 0, "icon-opacity": "", "icon-color": "", "icon-scale": "", "icon-offset": "", "icon-offset-units": "", "icon": "", "descripción": "", "NOMBRE / COMERCIO": "MARQUEZ ECHEVERRY", "CUIT": "20-11501633-5", "CONTACTO": "2241580655", "CATEGORÍA FISCAL": "NO REGISTRA IMPUESTOS ACTIVOS", "DIRECCIÓN": "BELGRANO 675", "BARRIO": "EL OBISPADO", "RUBRO": "TALLER DE MOTOS", "CATEGORIA": "AUTOMOTOR", "PADRÓN N°": "A3-1910", "INSPECTOR/A": "SOFIA- IRMA", "ÚLTIMA VISITA": "2026-01-23", "VENC. HABILITACIÓN": "30/09/2027", "ESTADO": "VIGENTE", "OBSERVACIONES": "", "COORDENADAS": "-35.564747, -58.01692219999999", "Descripción": "", "RUBRO NORMALIZADO": ""}}, {"type": "Feature", "geometry": {"type": "Point", "coordinates": [-58.016958, -35.564077, 0]}, "properties": {"name": "VENTA  RPTO AUTOS", "description": {"@type": "html", "value": "descripción: <br>styleUrl: #icon-1899-9C27B0<br>NOMBRE / COMERCIO: MILIONE JUAN IGNACIO<br>CUIT: 20-34143525-1<br>CONTACTO: 02241-440514<br>CATEGORÍA FISCAL: RESPONSABLE INSCRIPTO<br>DIRECCIÓN: J M DE ROSAS 713<br>BARRIO: EL OBISPADO<br>RUBRO: VENTA  RPTO AUTOS<br>CATEGORIA: AUTOMOTOR<br>PADRÓN N°: A3-3596<br>INSPECTOR/A: SOFIA- IRMA<br>ÚLTIMA VISITA: 2025-08-06<br>VENC. HABILITACIÓN: 10/01/2027<br>ESTADO: VIGENTE<br>OBSERVACIONES: HABILITACION PROVISORIA VENCIDA SE DA PLAZO PARA REGULARIZAR<br>COORDENADAS: -35.5640771, -58.0169584<br>icon-opacity: <br>icon-color: <br>icon-scale: <br>icon-offset: <br>icon-offset-units: <br>icon: <br>Descripción: <br>RUBRO NORMALIZADO: "}, "styleUrl": "#icon-1899-9C27B0", "label-scale": 0, "icon-opacity": "", "icon-color": "", "icon-scale": "", "icon-offset": "", "icon-offset-units": "", "icon": "", "descripción": "", "NOMBRE / COMERCIO": "MILIONE JUAN IGNACIO", "CUIT": "20-34143525-1", "CONTACTO": "02241-440514", "CATEGORÍA FISCAL": "RESPONSABLE INSCRIPTO", "DIRECCIÓN": "J M DE ROSAS 713", "BARRIO": "EL OBISPADO", "RUBRO": "VENTA  RPTO AUTOS", "CATEGORIA": "AUTOMOTOR", "PADRÓN N°": "A3-3596", "INSPECTOR/A": "SOFIA- IRMA", "ÚLTIMA VISITA": "2025-08-06", "VENC. HABILITACIÓN": "10/01/2027", "ESTADO": "VIGENTE", "OBSERVACIONES": "HABILITACION PROVISORIA VENCIDA SE DA PLAZO PARA REGULARIZAR", "COORDENADAS": "-35.5640771, -58.0169584", "Descripción": "", "RUBRO NORMALIZADO": ""}}, {"type": "Feature", "geometry": {"type": "Point", "coordinates": [-58.01845, -35.551189, 0]}, "properties": {"name": "Venta de autos, camionetas y utilitarios, usados", "description": {"@type": "html", "value": "descripción: <br>styleUrl: #icon-1899-BDBDBD<br>NOMBRE / COMERCIO: Q Automotores S.R.L. - Chientaroli Ignacio<br>CUIT: 30-71662727-2<br>CONTACTO: 2241441485<br>CATEGORÍA FISCAL: SRL<br>DIRECCIÓN: JUAN MANUEL DE ROSAS Nro 1417<br>BARRIO: EL OBISPADO<br>RUBRO: Venta de autos, camionetas y utilitarios, usados<br>CATEGORIA: AUTOMOTOR<br>PADRÓN N°: A5-0547<br>INSPECTOR/A: SOFIA- IRMA<br>ÚLTIMA VISITA: 2026-02-12<br>VENC. HABILITACIÓN: 03/09/2024<br>ESTADO: VENCIDA<br>OBSERVACIONES: <br>COORDENADAS: -35.5511894, -58.0184499<br>icon-opacity: <br>icon-color: <br>icon-scale: <br>icon-offset: <br>icon-offset-units: <br>icon: <br>Descripción: <br>RUBRO NORMALIZADO: "}, "styleUrl": "#icon-1899-BDBDBD", "label-scale": 0, "icon-opacity": "", "icon-color": "", "icon-scale": "", "icon-offset": "", "icon-offset-units": "", "icon": "", "descripción": "", "NOMBRE / COMERCIO": "Q Automotores S.R.L. - Chientaroli Ignacio", "CUIT": "30-71662727-2", "CONTACTO": "2241441485", "CATEGORÍA FISCAL": "SRL", "DIRECCIÓN": "JUAN MANUEL DE ROSAS Nro 1417", "BARRIO": "EL OBISPADO", "RUBRO": "Venta de autos, camionetas y utilitarios, usados", "CATEGORIA": "AUTOMOTOR", "PADRÓN N°": "A5-0547", "INSPECTOR/A": "SOFIA- IRMA", "ÚLTIMA VISITA": "2026-02-12", "VENC. HABILITACIÓN": "03/09/2024", "ESTADO": "VENCIDA", "OBSERVACIONES": "", "COORDENADAS": "-35.5511894, -58.0184499", "Descripción": "", "RUBRO NORMALIZADO": ""}}, {"type": "Feature", "geometry": {"type": "Point", "coordinates": [-58.016938, -35.564657, 0]}, "properties": {"name": "GOMERIA", "description": {"@type": "html", "value": "descripción: <br>styleUrl: #icon-1899-BDBDBD<br>NOMBRE / COMERCIO: ROMANO CARLOS ALFREDO<br>CUIT: 21664548<br>CONTACTO: <br>CATEGORÍA FISCAL: NO REGISTRA IMPUESTOS ACTIVOS<br>DIRECCIÓN: JUAN MANUEL  ROSAS  823<br>BARRIO: EL OBISPADO<br>RUBRO: GOMERIA<br>CATEGORIA: AUTOMOTOR<br>PADRÓN N°: A3-0510<br>INSPECTOR/A: SOFIA- IRMA<br>ÚLTIMA VISITA: 2026-04-08<br>VENC. HABILITACIÓN: 12/02/2014<br>ESTADO: VENCIDA<br>OBSERVACIONES: <br>COORDENADAS: -35.5646573, -58.01693820000001<br>icon-opacity: <br>icon-color: <br>icon-scale: <br>icon-offset: <br>icon-offset-units: <br>icon: <br>Descripción: <br>RUBRO NORMALIZADO: "}, "styleUrl": "#icon-1899-BDBDBD", "label-scale": 0, "icon-opacity": "", "icon-color": "", "icon-scale": "", "icon-offset": "", "icon-offset-units": "", "icon": "", "descripción": "", "NOMBRE / COMERCIO": "ROMANO CARLOS ALFREDO", "CUIT": "21664548", "CONTACTO": "2241545325", "CATEGORÍA FISCAL": "NO REGISTRA IMPUESTOS ACTIVOS", "DIRECCIÓN": "JUAN MANUEL  ROSAS  823", "BARRIO": "EL OBISPADO", "RUBRO": "GOMERIA", "CATEGORIA": "AUTOMOTOR", "PADRÓN N°": "A3-0510", "INSPECTOR/A": "SOFIA- IRMA", "ÚLTIMA VISITA": "2026-04-08", "VENC. HABILITACIÓN": "12/02/2014", "ESTADO": "VENCIDA", "OBSERVACIONES": "", "COORDENADAS": "-35.5646573, -58.01693820000001", "Descripción": "", "RUBRO NORMALIZADO": ""}}, {"type": "Feature", "geometry": {"type": "Point", "coordinates": [-58.006548, -35.576718, 0]}, "properties": {"name": "VENTA DE REPUESTOS", "description": {"@type": "html", "value": "descripción: <br>styleUrl: #icon-1899-9C27B0<br>NOMBRE / COMERCIO: VANZATO HECTOR DANIEL<br>CUIT: 20136137752<br>CONTACTO: 2241691813<br>CATEGORÍA FISCAL: RESPONSABLE INSCRIPTO<br>DIRECCIÓN: AV ALFONSIN 532, Chascomús, Buenos Aires<br>BARRIO: FATIMA<br>RUBRO: VENTA DE REPUESTOS<br>CATEGORIA: AUTOMOTOR<br>PADRÓN N°: A3-8661<br>INSPECTOR/A: SOFIA- IRMA<br>ÚLTIMA VISITA: 2024-08-28<br>VENC. HABILITACIÓN: 16/12/2027<br>ESTADO: VIGENTE<br>OBSERVACIONES: HAB 20-09-2024<br>COORDENADAS: -35.57671759999999, -58.00654789999999<br>icon-opacity: <br>icon-color: <br>icon-scale: <br>icon-offset: <br>icon-offset-units: <br>icon: <br>Descripción: <br>RUBRO NORMALIZADO: "}, "styleUrl": "#icon-1899-9C27B0", "label-scale": 0, "icon-opacity": "", "icon-color": "", "icon-scale": "", "icon-offset": "", "icon-offset-units": "", "icon": "", "descripción": "", "NOMBRE / COMERCIO": "VANZATO HECTOR DANIEL", "CUIT": "20136137752", "CONTACTO": "2241691813", "CATEGORÍA FISCAL": "RESPONSABLE INSCRIPTO", "DIRECCIÓN": "AV ALFONSIN 532, Chascomús, Buenos Aires", "BARRIO": "FATIMA", "RUBRO": "VENTA DE REPUESTOS", "CATEGORIA": "AUTOMOTOR", "PADRÓN N°": "A3-8661", "INSPECTOR/A": "SOFIA- IRMA", "ÚLTIMA VISITA": "2024-08-28", "VENC. HABILITACIÓN": "16/12/2027", "ESTADO": "VIGENTE", "OBSERVACIONES": "HAB 20-09-2024", "COORDENADAS": "-35.57671759999999, -58.00654789999999", "Descripción": "", "RUBRO NORMALIZADO": ""}}, {"type": "Feature", "geometry": {"type": "Point", "coordinates": [-57.989617, -35.57479, 0]}, "properties": {"name": "TALLER MECANICO", "description": {"@type": "html", "value": "descripción: <br>styleUrl: #icon-1899-0288D1<br>NOMBRE / COMERCIO: DALMAS EMILIO DANIEL<br>CUIT: 20-12141280-3<br>CONTACTO: <br>CATEGORÍA FISCAL: NO REGISTRA IMPUESTOS ACTIVOS<br>DIRECCIÓN: AV PTE. ALFONSIN 1280<br>BARRIO: GALLO BLANCO<br>RUBRO: TALLER MECANICO<br>CATEGORIA: AUTOMOTOR<br>PADRÓN N°: A3-0008<br>INSPECTOR/A: SOFIA- IRMA<br>ÚLTIMA VISITA: 2024-09-02<br>VENC. HABILITACIÓN: 27/12/2026<br>ESTADO: VIGENTE<br>OBSERVACIONES: HABILITACION 27-12-2024<br>COORDENADAS: -35.574223, -57.98951040000001<br>icon-opacity: <br>icon-color: <br>icon-scale: <br>icon-offset: <br>icon-offset-units: <br>icon: <br>Descripción: <br>RUBRO NORMALIZADO: "}, "styleUrl": "#icon-1899-0288D1", "label-scale": 0, "icon-opacity": "", "icon-color": "", "icon-scale": "", "icon-offset": "", "icon-offset-units": "", "icon": "", "descripción": "", "NOMBRE / COMERCIO": "DALMAS EMILIO DANIEL", "CUIT": "20-12141280-3", "CONTACTO": "2241562877", "CATEGORÍA FISCAL": "NO REGISTRA IMPUESTOS ACTIVOS", "DIRECCIÓN": "AV PTE. ALFONSIN 1280", "BARRIO": "GALLO BLANCO", "RUBRO": "TALLER MECANICO", "CATEGORIA": "AUTOMOTOR", "PADRÓN N°": "A3-0008", "INSPECTOR/A": "SOFIA- IRMA", "ÚLTIMA VISITA": "2024-09-02", "VENC. HABILITACIÓN": "27/12/2026", "ESTADO": "VIGENTE", "OBSERVACIONES": "HABILITACION 27-12-2024", "COORDENADAS": "-35.574223, -57.98951040000001", "Descripción": "", "RUBRO NORMALIZADO": ""}}, {"type": "Feature", "geometry": {"type": "Point", "coordinates": [-57.991525, -35.574038, 0]}, "properties": {"name": "VENTA DE NEUMATICOS", "description": {"@type": "html", "value": "descripción: <br>styleUrl: #icon-1899-BDBDBD<br>NOMBRE / COMERCIO: DARLAN MONICA CAROLINA<br>CUIT: 27-22877328-5<br>CONTACTO: <br>CATEGORÍA FISCAL: RESPONSABLE INSCRIPTO<br>DIRECCIÓN: AV PTE. ALFONSIN 1208<br>BARRIO: GALLO BLANCO<br>RUBRO: VENTA DE NEUMATICOS<br>CATEGORIA: AUTOMOTOR<br>PADRÓN N°: A3-2517<br>INSPECTOR/A: SOFIA- IRMA<br>ÚLTIMA VISITA: 2026-06-08<br>VENC. HABILITACIÓN: 03/01/2025<br>ESTADO: VENCIDA<br>OBSERVACIONES: <br>COORDENADAS: -35.5740376, -57.9915248<br>icon-opacity: <br>icon-color: <br>icon-scale: <br>icon-offset: <br>icon-offset-units: <br>icon: <br>Descripción: <br>RUBRO NORMALIZADO: "}, "styleUrl": "#icon-1899-BDBDBD", "label-scale": 0, "icon-opacity": "", "icon-color": "", "icon-scale": "", "icon-offset": "", "icon-offset-units": "", "icon": "", "descripción": "", "NOMBRE / COMERCIO": "DARLAN MONICA CAROLINA", "CUIT": "27-22877328-5", "CONTACTO": "425169", "CATEGORÍA FISCAL": "RESPONSABLE INSCRIPTO", "DIRECCIÓN": "AV PTE. ALFONSIN 1208", "BARRIO": "GALLO BLANCO", "RUBRO": "VENTA DE NEUMATICOS", "CATEGORIA": "AUTOMOTOR", "PADRÓN N°": "A3-2517", "INSPECTOR/A": "SOFIA- IRMA", "ÚLTIMA VISITA": "2026-06-08", "VENC. HABILITACIÓN": "03/01/2025", "ESTADO": "VENCIDA", "OBSERVACIONES": "HAB VIGENTE 03-01-2025", "COORDENADAS": "-35.5740376, -57.9915248", "Descripción": "", "RUBRO NORMALIZADO": ""}}, {"type": "Feature", "geometry": {"type": "Point", "coordinates": [-57.988341, -35.574702, 0]}, "properties": {"name": "VENTA RPTO DE MOTOS", "description": {"@type": "html", "value": "descripción: <br>styleUrl: #icon-1899-9C27B0<br>NOMBRE / COMERCIO: DONATO MOTOS<br>CUIT: 30-71789025-2<br>CONTACTO: <br>CATEGORÍA FISCAL: SS<br>DIRECCIÓN: AV PTE. ALFONSIN 12583<br>BARRIO: GALLO BLANCO<br>RUBRO: VENTA RPTO DE MOTOS<br>CATEGORIA: AUTOMOTOR<br>PADRÓN N°: A5-0753<br>INSPECTOR/A: SOFIA- IRMA<br>ÚLTIMA VISITA: 2026-01-30<br>VENC. HABILITACIÓN: 18/03/2029<br>ESTADO: VIGENTE<br>OBSERVACIONES: <br>COORDENADAS: -35.5743008, -57.9900901<br>icon-opacity: <br>icon-color: <br>icon-scale: <br>icon-offset: <br>icon-offset-units: <br>icon: <br>Descripción: <br>RUBRO NORMALIZADO: "}, "styleUrl": "#icon-1899-9C27B0", "label-scale": 0, "icon-opacity": "", "icon-color": "", "icon-scale": "", "icon-offset": "", "icon-offset-units": "", "icon": "", "descripción": "", "NOMBRE / COMERCIO": "DONATO MOTOS", "CUIT": "30-71789025-2", "CONTACTO": "2241562877", "CATEGORÍA FISCAL": "SS", "DIRECCIÓN": "AV PTE. ALFONSIN 12583", "BARRIO": "GALLO BLANCO", "RUBRO": "VENTA RPTO DE MOTOS", "CATEGORIA": "AUTOMOTOR", "PADRÓN N°": "A5-0753", "INSPECTOR/A": "SOFIA- IRMA", "ÚLTIMA VISITA": "2026-01-30", "VENC. HABILITACIÓN": "18/03/2029", "ESTADO": "VIGENTE", "OBSERVACIONES": "", "COORDENADAS": "-35.5743008, -57.9900901", "Descripción": "", "RUBRO NORMALIZADO": ""}}, {"type": "Feature", "geometry": {"type": "Point", "coordinates": [-58.00023, -35.576034, 0]}, "properties": {"name": "VENTA DE REPUESTOS", "description": {"@type": "html", "value": "descripción: <br>styleUrl: #icon-1899-9C27B0<br>NOMBRE / COMERCIO: LERCHUNDI JUAN PABLO<br>CUIT: 20-27088093-3<br>CONTACTO: 1135369222<br>CATEGORÍA FISCAL: RESPONSABLE INSCRIPTO<br>DIRECCIÓN: Av Pte Alfonsin 836<br>BARRIO: GALLO BLANCO<br>RUBRO: VENTA DE REPUESTOS<br>CATEGORIA: AUTOMOTOR<br>PADRÓN N°: A3-4141<br>INSPECTOR/A: YANINA<br>ÚLTIMA VISITA: 2026-02-04<br>VENC. HABILITACIÓN: 20/03/2029<br>ESTADO: VIGENTE<br>OBSERVACIONES: APTO EN MEDIDAS PARA RENOVACION<br>COORDENADAS: -35.5760344, -58.00023<br>icon-opacity: <br>icon-color: <br>icon-scale: <br>icon-offset: <br>icon-offset-units: <br>icon: <br>Descripción: <br>RUBRO NORMALIZADO: "}, "styleUrl": "#icon-1899-9C27B0", "label-scale": 0, "icon-opacity": "", "icon-color": "", "icon-scale": "", "icon-offset": "", "icon-offset-units": "", "icon": "", "descripción": "", "NOMBRE / COMERCIO": "LERCHUNDI JUAN PABLO", "CUIT": "20-27088093-3", "CONTACTO": "1135369222", "CATEGORÍA FISCAL": "RESPONSABLE INSCRIPTO", "DIRECCIÓN": "Av Pte Alfonsin 836", "BARRIO": "GALLO BLANCO", "RUBRO": "VENTA DE REPUESTOS", "CATEGORIA": "AUTOMOTOR", "PADRÓN N°": "A3-4141", "INSPECTOR/A": "YANINA", "ÚLTIMA VISITA": "2026-02-04", "VENC. HABILITACIÓN": "20/03/2029", "ESTADO": "VIGENTE", "OBSERVACIONES": "APTO EN MEDIDAS PARA RENOVACION", "COORDENADAS": "-35.5760344, -58.00023", "Descripción": "", "RUBRO NORMALIZADO": ""}}, {"type": "Feature", "geometry": {"type": "Point", "coordinates": [-57.989476, -35.574799, 0]}, "properties": {"name": "ALINEACION Y BALANCEO", "description": {"@type": "html", "value": "descripción: <br>styleUrl: #icon-1899-BDBDBD<br>NOMBRE / COMERCIO: LOPEZ MARCELO RICARDO<br>CUIT: 20-24269700-7<br>CONTACTO: <br>CATEGORÍA FISCAL: MONOTRIBUTISTA B<br>DIRECCIÓN: AV PTE. ALFONSIN 1288<br>BARRIO: GALLO BLANCO<br>RUBRO: ALINEACION Y BALANCEO<br>CATEGORIA: AUTOMOTOR<br>PADRÓN N°: A3-0083<br>INSPECTOR/A: SOFIA- IRMA<br>ÚLTIMA VISITA: 2024-09-12<br>VENC. HABILITACIÓN: 22/02/2026<br>ESTADO: VENCIDA<br>OBSERVACIONES: RENOVO HABILITACION<br>COORDENADAS: -35.5741967, -57.98931510000001<br>icon-opacity: <br>icon-color: <br>icon-scale: <br>icon-offset: <br>icon-offset-units: <br>icon: <br>Descripción: <br>RUBRO NORMALIZADO: "}, "styleUrl": "#icon-1899-BDBDBD", "label-scale": 0, "icon-opacity": "", "icon-color": "", "icon-scale": "", "icon-offset": "", "icon-offset-units": "", "icon": "", "descripción": "", "NOMBRE / COMERCIO": "LOPEZ MARCELO RICARDO", "CUIT": "20-24269700-7", "CONTACTO": "2241562877", "CATEGORÍA FISCAL": "MONOTRIBUTISTA B", "DIRECCIÓN": "AV PTE. ALFONSIN 1288", "BARRIO": "GALLO BLANCO", "RUBRO": "ALINEACION Y BALANCEO", "CATEGORIA": "AUTOMOTOR", "PADRÓN N°": "A3-0083", "INSPECTOR/A": "SOFIA- IRMA", "ÚLTIMA VISITA": "2024-09-12", "VENC. HABILITACIÓN": "22/02/2026", "ESTADO": "VENCIDA", "OBSERVACIONES": "RENOVO HABILITACION", "COORDENADAS": "-35.5741967, -57.98931510000001", "Descripción": "", "RUBRO NORMALIZADO": ""}}, {"type": "Feature", "geometry": {"type": "Point", "coordinates": [-57.992767, -35.575959, 0]}, "properties": {"name": "TALLER MECANICO", "description": {"@type": "html", "value": "descripción: <br>styleUrl: #icon-1899-0288D1<br>NOMBRE / COMERCIO: ROMERO RAUL IVAN<br>CUIT: 20-34101595-3<br>CONTACTO: 2241679562<br>CATEGORÍA FISCAL: MONOTRIBUTISTA H<br>DIRECCIÓN: TRES ARROYOS 24<br>BARRIO: GALLO BLANCO<br>RUBRO: TALLER MECANICO<br>CATEGORIA: AUTOMOTOR<br>PADRÓN N°: A3-0221<br>INSPECTOR/A: <br>ÚLTIMA VISITA: <br>VENC. HABILITACIÓN: 15/05/2028<br>ESTADO: VIGENTE<br>OBSERVACIONES: HABILITACION VIGENTE<br>COORDENADAS: -35.5759593, -57.9927667<br>icon-opacity: <br>icon-color: <br>icon-scale: <br>icon-offset: <br>icon-offset-units: <br>icon: <br>Descripción: <br>RUBRO NORMALIZADO: "}, "styleUrl": "#icon-1899-0288D1", "label-scale": 0, "icon-opacity": "", "icon-color": "", "icon-scale": "", "icon-offset": "", "icon-offset-units": "", "icon": "", "descripción": "", "NOMBRE / COMERCIO": "ROMERO RAUL IVAN", "CUIT": "20-34101595-3", "CONTACTO": "2241679562", "CATEGORÍA FISCAL": "MONOTRIBUTISTA H", "DIRECCIÓN": "TRES ARROYOS 24", "BARRIO": "GALLO BLANCO", "RUBRO": "TALLER MECANICO", "CATEGORIA": "AUTOMOTOR", "PADRÓN N°": "A3-0221", "INSPECTOR/A": "", "ÚLTIMA VISITA": "", "VENC. HABILITACIÓN": "15/05/2028", "ESTADO": "VIGENTE", "OBSERVACIONES": "HABILITACION VIGENTE", "COORDENADAS": "-35.5759593, -57.9927667", "Descripción": "", "RUBRO NORMALIZADO": ""}}, {"type": "Feature", "geometry": {"type": "Point", "coordinates": [-57.990273, -35.574869, 0]}, "properties": {"name": "TALLER MECANICO", "description": {"@type": "html", "value": "descripción: <br>styleUrl: #icon-1899-0288D1<br>NOMBRE / COMERCIO: SEVERINI EDUARDO TOMAS<br>CUIT: 20-08069598-6<br>CONTACTO: 425169<br>CATEGORÍA FISCAL: NO REGISTRA IMPUESTOS ACTIVOS<br>DIRECCIÓN: AV PTE. ALFONSIN 1198<br>BARRIO: GALLO BLANCO<br>RUBRO: TALLER MECANICO<br>CATEGORIA: AUTOMOTOR<br>PADRÓN N°: A3-3309<br>INSPECTOR/A: SOFIA- IRMA<br>ÚLTIMA VISITA: 2025-10-23<br>VENC. HABILITACIÓN: 03/11/2028<br>ESTADO: VIGENTE<br>OBSERVACIONES: POSEE QUIPO N°72488 VTO 12/25 PH 12/26, LUZ DE EMERGENCIA CARTELES DE SALIDA Y BOTIQUIN<br>COORDENADAS: -35.57486859999999, -57.9902732<br>icon-opacity: <br>icon-color: <br>icon-scale: <br>icon-offset: <br>icon-offset-units: <br>icon: <br>Descripción: <br>RUBRO NORMALIZADO: "}, "styleUrl": "#icon-1899-0288D1", "label-scale": 0, "icon-opacity": "", "icon-color": "", "icon-scale": "", "icon-offset": "", "icon-offset-units": "", "icon": "", "descripción": "", "NOMBRE / COMERCIO": "SEVERINI EDUARDO TOMAS", "CUIT": "20-08069598-6", "CONTACTO": "425169", "CATEGORÍA FISCAL": "NO REGISTRA IMPUESTOS ACTIVOS", "DIRECCIÓN": "AV PTE. ALFONSIN 1198", "BARRIO": "GALLO BLANCO", "RUBRO": "TALLER MECANICO", "CATEGORIA": "AUTOMOTOR", "PADRÓN N°": "A3-3309", "INSPECTOR/A": "SOFIA- IRMA", "ÚLTIMA VISITA": "2025-10-23", "VENC. HABILITACIÓN": "03/11/2028", "ESTADO": "VIGENTE", "OBSERVACIONES": "POSEE QUIPO N°72488 VTO 12/25 PH 12/26, LUZ DE EMERGENCIA CARTELES DE SALIDA Y BOTIQUIN", "COORDENADAS": "-35.57486859999999, -57.9902732", "Descripción": "", "RUBRO NORMALIZADO": ""}}, {"type": "Feature", "geometry": {"type": "Point", "coordinates": [-57.989836, -35.574832, 0]}, "properties": {"name": "TALLER MECANICO", "description": {"@type": "html", "value": "descripción: <br>styleUrl: #icon-1899-0288D1<br>NOMBRE / COMERCIO: TOFFANI MAXIMILIANO JESUS<br>CUIT: 20-33851303-9<br>CONTACTO: <br>CATEGORÍA FISCAL: MONOTRIBUTISTA A<br>DIRECCIÓN: AV PTE. ALFONSIN 1268<br>BARRIO: GALLO BLANCO<br>RUBRO: TALLER MECANICO<br>CATEGORIA: AUTOMOTOR<br>PADRÓN N°: A3-3604<br>INSPECTOR/A: SOFIA- IRMA<br>ÚLTIMA VISITA: 2024-09-02<br>VENC. HABILITACIÓN: 15/11/2025<br>ESTADO: VENCIDA<br>OBSERVACIONES: HABILITACION VIGENTE-DEUDA INMUEBLE<br>COORDENADAS: -35.5742652, -57.98982469999999<br>icon-opacity: <br>icon-color: <br>icon-scale: <br>icon-offset: <br>icon-offset-units: <br>icon: <br>Descripción: <br>RUBRO NORMALIZADO: "}, "styleUrl": "#icon-1899-0288D1", "label-scale": 0, "icon-opacity": "", "icon-color": "", "icon-scale": "", "icon-offset": "", "icon-offset-units": "", "icon": "", "descripción": "", "NOMBRE / COMERCIO": "TOFFANI MAXIMILIANO JESUS", "CUIT": "20-33851303-9", "CONTACTO": "2241572147", "CATEGORÍA FISCAL": "MONOTRIBUTISTA A", "DIRECCIÓN": "AV PTE. ALFONSIN 1268", "BARRIO": "GALLO BLANCO", "RUBRO": "TALLER MECANICO", "CATEGORIA": "AUTOMOTOR", "PADRÓN N°": "A3-3604", "INSPECTOR/A": "SOFIA- IRMA", "ÚLTIMA VISITA": "2024-09-02", "VENC. HABILITACIÓN": "15/11/2025", "ESTADO": "VENCIDA", "OBSERVACIONES": "HABILITACION VIGENTE-DEUDA INMUEBLE", "COORDENADAS": "-35.5742652, -57.98982469999999", "Descripción": "", "RUBRO NORMALIZADO": ""}}, {"type": "Feature", "geometry": {"type": "Point", "coordinates": [-57.996261, -35.571587, 0]}, "properties": {"name": "TALLER DE CHAPA", "description": {"@type": "html", "value": "descripción: <br>styleUrl: #icon-1899-BDBDBD<br>NOMBRE / COMERCIO: GUANCIARROSA NESTOR JOSE<br>CUIT: 20129148412<br>CONTACTO: 2241445840<br>CATEGORÍA FISCAL: MONOTRIBUTISTA B<br>DIRECCIÓN: GARAY 533<br>BARRIO: IPORA<br>RUBRO: TALLER DE CHAPA<br>CATEGORIA: AUTOMOTOR<br>PADRÓN N°: A3-2335<br>INSPECTOR/A: ANIBAL<br>ÚLTIMA VISITA: 2025-11-25<br>VENC. HABILITACIÓN: 23/12/2028<br>ESTADO: VIGENTE<br>OBSERVACIONES: CUMPLE CON LA NORMATIVA VIGENTE EN MEDIDAS DE SEGURIDAD.<br>COORDENADAS: -35.5715871, -57.9962609<br>icon-opacity: <br>icon-color: <br>icon-scale: <br>icon-offset: <br>icon-offset-units: <br>icon: <br>Descripción: <br>RUBRO NORMALIZADO: "}, "styleUrl": "#icon-1899-BDBDBD", "label-scale": 0, "icon-opacity": "", "icon-color": "", "icon-scale": "", "icon-offset": "", "icon-offset-units": "", "icon": "", "descripción": "", "NOMBRE / COMERCIO": "GUANCIARROSA NESTOR JOSE", "CUIT": "20129148412", "CONTACTO": "2241445840", "CATEGORÍA FISCAL": "MONOTRIBUTISTA B", "DIRECCIÓN": "GARAY 533", "BARRIO": "IPORA", "RUBRO": "TALLER DE CHAPA", "CATEGORIA": "AUTOMOTOR", "PADRÓN N°": "A3-2335", "INSPECTOR/A": "ANIBAL", "ÚLTIMA VISITA": "2025-11-25", "VENC. HABILITACIÓN": "23/12/2028", "ESTADO": "VIGENTE", "OBSERVACIONES": "CUMPLE CON LA NORMATIVA VIGENTE EN MEDIDAS DE SEGURIDAD.", "COORDENADAS": "-35.5715871, -57.9962609", "Descripción": "", "RUBRO NORMALIZADO": ""}}, {"type": "Feature", "geometry": {"type": "Point", "coordinates": [-58.009975, -35.562437, 0]}, "properties": {"name": "TALLER MECANICO", "description": {"@type": "html", "value": "descripción: <br>styleUrl: <br>NOMBRE / COMERCIO: CASTRO GUILLERMO<br>CUIT: 20-16270349-9<br>CONTACTO: 2241455402<br>CATEGORÍA FISCAL: RESPONSABLE INSCRIPTO<br>DIRECCIÓN: MACHADO-DIAG 7 NOV<br>BARRIO: LA NORIA<br>RUBRO: TALLER MECANICO<br>CATEGORIA: AUTOMOTOR<br>PADRÓN N°: A3-2818<br>INSPECTOR/A: SOFIA- IRMA<br>ÚLTIMA VISITA: 2024-12-23<br>VENC. HABILITACIÓN: 19/03/2028<br>ESTADO: VIGENTE<br>OBSERVACIONES: HABILITACION VIG 04-02-2025<br>COORDENADAS: -35.5624366, -58.00997460000001<br>icon-opacity: <br>icon-color: <br>icon-scale: <br>icon-offset: <br>icon-offset-units: <br>icon: <br>Descripción: <br>RUBRO NORMALIZADO: "}, "styleUrl": "", "label-scale": 0, "icon-opacity": "", "icon-color": "", "icon-scale": "", "icon-offset": "", "icon-offset-units": "", "icon": "", "descripción": "", "NOMBRE / COMERCIO": "CASTRO GUILLERMO", "CUIT": "20-16270349-9", "CONTACTO": "2241455402", "CATEGORÍA FISCAL": "RESPONSABLE INSCRIPTO", "DIRECCIÓN": "MACHADO-DIAG 7 NOV", "BARRIO": "LA NORIA", "RUBRO": "TALLER MECANICO", "CATEGORIA": "AUTOMOTOR", "PADRÓN N°": "A3-2818", "INSPECTOR/A": "SOFIA- IRMA", "ÚLTIMA VISITA": "2024-12-23", "VENC. HABILITACIÓN": "19/03/2028", "ESTADO": "VIGENTE", "OBSERVACIONES": "HABILITACION VIG 04-02-2025", "COORDENADAS": "-35.5624366, -58.00997460000001", "Descripción": "", "RUBRO NORMALIZADO": ""}}, {"type": "Feature", "geometry": {"type": "Point", "coordinates": [-58.010817, -35.564013, 0]}, "properties": {"name": "TALLER MECANICO", "description": {"@type": "html", "value": "descripción: <br>styleUrl: #icon-1899-0288D1<br>NOMBRE / COMERCIO: FERNANDEZ EDGAR OSCAR<br>CUIT: 20-31836527-0<br>CONTACTO: 2241567805<br>CATEGORÍA FISCAL: MONOTRIBUTISTA E<br>DIRECCIÓN: HIPÓLITO YRIGOYEN 678<br>BARRIO: LA NORIA<br>RUBRO: TALLER MECANICO<br>CATEGORIA: AUTOMOTOR<br>PADRÓN N°: A3- 3829<br>INSPECTOR/A: YANINA<br>ÚLTIMA VISITA: 2025-07-11<br>VENC. HABILITACIÓN: 10/11/2026<br>ESTADO: VIGENTE<br>OBSERVACIONES: SE DEJA COPIA-ULTIMO AVISO -SERA INFRACCIONADO<br>COORDENADAS: -35.564013, -58.0108167<br>icon-opacity: <br>icon-color: <br>icon-scale: <br>icon-offset: <br>icon-offset-units: <br>icon: <br>Descripción: <br>RUBRO NORMALIZADO: "}, "styleUrl": "#icon-1899-0288D1", "label-scale": 0, "icon-opacity": "", "icon-color": "", "icon-scale": "", "icon-offset": "", "icon-offset-units": "", "icon": "", "descripción": "", "NOMBRE / COMERCIO": "FERNANDEZ EDGAR OSCAR", "CUIT": "20-31836527-0", "CONTACTO": "2241567805", "CATEGORÍA FISCAL": "MONOTRIBUTISTA E", "DIRECCIÓN": "HIPÓLITO YRIGOYEN 678", "BARRIO": "LA NORIA", "RUBRO": "TALLER MECANICO", "CATEGORIA": "AUTOMOTOR", "PADRÓN N°": "A3- 3829", "INSPECTOR/A": "YANINA", "ÚLTIMA VISITA": "2025-07-11", "VENC. HABILITACIÓN": "10/11/2026", "ESTADO": "VIGENTE", "OBSERVACIONES": "SE DEJA COPIA-ULTIMO AVISO -SERA INFRACCIONADO", "COORDENADAS": "-35.564013, -58.0108167", "Descripción": "", "RUBRO NORMALIZADO": ""}}, {"type": "Feature", "geometry": {"type": "Point", "coordinates": [-58.015857, -35.564845, 0]}, "properties": {"name": "TALLER MECANICO", "description": {"@type": "html", "value": "descripción: <br>styleUrl: #icon-1899-0288D1<br>NOMBRE / COMERCIO: CASINGHINO OMAR ALFREDO<br>CUIT: 20-21845343-1<br>CONTACTO: 2241541156<br>CATEGORÍA FISCAL: RESPONSABLE INSCRIPTO<br>DIRECCIÓN: LIBRES DEL SUR 670<br>BARRIO: VILLA LUJAN<br>RUBRO: TALLER MECANICO<br>CATEGORIA: AUTOMOTOR<br>PADRÓN N°: A3-0338<br>INSPECTOR/A: SOFIA- IRMA<br>ÚLTIMA VISITA: 2025-07-14<br>VENC. HABILITACIÓN: 15/02/2026<br>ESTADO: VENCIDA<br>OBSERVACIONES: POSEE LA NORMATIVA VIGENTE PARA RENOVAR SU HABILITACION<br>COORDENADAS: -35.5648454, -58.01585720000001<br>icon-opacity: <br>icon-color: <br>icon-scale: <br>icon-offset: <br>icon-offset-units: <br>icon: <br>Descripción: <br>RUBRO NORMALIZADO: "}, "styleUrl": "#icon-1899-0288D1", "label-scale": 0, "icon-opacity": "", "icon-color": "", "icon-scale": "", "icon-offset": "", "icon-offset-units": "", "icon": "", "descripción": "", "NOMBRE / COMERCIO": "CASINGHINO OMAR ALFREDO", "CUIT": "20-21845343-1", "CONTACTO": "2241541156", "CATEGORÍA FISCAL": "RESPONSABLE INSCRIPTO", "DIRECCIÓN": "LIBRES DEL SUR 670", "BARRIO": "VILLA LUJAN", "RUBRO": "TALLER MECANICO", "CATEGORIA": "AUTOMOTOR", "PADRÓN N°": "A3-0338", "INSPECTOR/A": "SOFIA- IRMA", "ÚLTIMA VISITA": "2025-07-14", "VENC. HABILITACIÓN": "15/02/2026", "ESTADO": "VENCIDA", "OBSERVACIONES": "POSEE LA NORMATIVA VIGENTE PARA RENOVAR SU HABILITACION", "COORDENADAS": "-35.5648454, -58.01585720000001", "Descripción": "", "RUBRO NORMALIZADO": ""}}, {"type": "Feature", "geometry": {"type": "Point", "coordinates": [-58.013646, -35.577672, 0]}, "properties": {"name": "VENTA DE MOTOS /REPUESTOS", "description": {"@type": "html", "value": "descripción: <br>styleUrl: <br>NOMBRE / COMERCIO: DONATO MAXIMILIANO<br>CUIT: 20-25679611-3<br>CONTACTO: #VALUE!<br>CATEGORÍA FISCAL: RESPONSABLE INSCRIPTO<br>DIRECCIÓN: 1990-11-07 00:00:00<br>BARRIO: VILLA LUJAN<br>RUBRO: VENTA DE MOTOS /REPUESTOS<br>CATEGORIA: AUTOMOTOR<br>PADRÓN N°: A3-3957<br>INSPECTOR/A: YANINA<br>ÚLTIMA VISITA: 2026-02-02<br>VENC. HABILITACIÓN: 20/01/2028<br>ESTADO: VIGENTE<br>OBSERVACIONES: <br>COORDENADAS: -35.5776723, -58.0136464<br>icon-opacity: <br>icon-color: <br>icon-scale: <br>icon-offset: <br>icon-offset-units: <br>icon: <br>Descripción: <br>RUBRO NORMALIZADO: "}, "styleUrl": "", "label-scale": 0, "icon-opacity": "", "icon-color": "", "icon-scale": "", "icon-offset": "", "icon-offset-units": "", "icon": "", "descripción": "", "NOMBRE / COMERCIO": "DONATO MAXIMILIANO", "CUIT": "20-25679611-3", "CONTACTO": "#VALUE!", "CATEGORÍA FISCAL": "RESPONSABLE INSCRIPTO", "DIRECCIÓN": "1990-11-07 00:00:00", "BARRIO": "VILLA LUJAN", "RUBRO": "VENTA DE MOTOS /REPUESTOS", "CATEGORIA": "AUTOMOTOR", "PADRÓN N°": "A3-3957", "INSPECTOR/A": "YANINA", "ÚLTIMA VISITA": "2026-02-02", "VENC. HABILITACIÓN": "20/01/2028", "ESTADO": "VIGENTE", "OBSERVACIONES": "", "COORDENADAS": "-35.5776723, -58.0136464", "Descripción": "", "RUBRO NORMALIZADO": ""}}, {"type": "Feature", "geometry": {"type": "Point", "coordinates": [-58.015243, -35.567732, 0]}, "properties": {"name": "VENTA DE REPUESTOS", "description": {"@type": "html", "value": "descripción: <br>styleUrl: #icon-1899-9C27B0<br>NOMBRE / COMERCIO: HAUSCARRIAGA, JOSE ROBERTO<br>CUIT: 20-30490583-3<br>CONTACTO: 2241531276<br>CATEGORÍA FISCAL: RESPONSABLE INSCRIPTO<br>DIRECCIÓN: LIBRES DEL SUR 510<br>BARRIO: VILLA LUJAN<br>RUBRO: VENTA DE REPUESTOS<br>CATEGORIA: AUTOMOTOR<br>PADRÓN N°: A5-0585<br>INSPECTOR/A: YANINA<br>ÚLTIMA VISITA: 2026-05-21<br>VENC. HABILITACIÓN: <br>ESTADO: SIN DATOS<br>OBSERVACIONES: <br>COORDENADAS: -35.5677321, -58.0152428<br>icon-opacity: <br>icon-color: <br>icon-scale: <br>icon-offset: <br>icon-offset-units: <br>icon: <br>Descripción: <br>RUBRO NORMALIZADO: "}, "styleUrl": "#icon-1899-9C27B0", "descripción": "", "NOMBRE / COMERCIO": "HAUSCARRIAGA, JOSE ROBERTO", "CUIT": "20-30490583-3", "CONTACTO": "2241531276", "CATEGORÍA FISCAL": "RESPONSABLE INSCRIPTO", "DIRECCIÓN": "LIBRES DEL SUR 510", "BARRIO": "VILLA LUJAN", "RUBRO": "VENTA DE REPUESTOS", "CATEGORIA": "AUTOMOTOR", "PADRÓN N°": "A5-0585", "INSPECTOR/A": "YANINA", "ÚLTIMA VISITA": "2026-05-21", "VENC. HABILITACIÓN": "2026-01-05", "ESTADO": "SIN DATOS", "OBSERVACIONES": "DEBE REGULARIZAR", "COORDENADAS": "-35.5677321, -58.0152428", "icon-opacity": "", "icon-color": "", "icon-scale": "", "icon-offset": "", "icon-offset-units": "", "icon": "", "Descripción": "", "RUBRO NORMALIZADO": ""}}, {"type": "Feature", "geometry": {"type": "Point", "coordinates": [-58.015991, -35.565954, 0]}, "properties": {"name": "VENTA NEUMATICOS", "description": {"@type": "html", "value": "descripción: <br>styleUrl: #icon-1899-BDBDBD<br>NOMBRE / COMERCIO: ZARANTONELLO GUILLERMO DANIEL<br>CUIT: 20-20036429-6<br>CONTACTO: 2241448606<br>CATEGORÍA FISCAL: RESPONSABLE INSCRIPTO<br>DIRECCIÓN: LIBRES DEL SUR 601<br>BARRIO: VILLA LUJAN<br>RUBRO: VENTA NEUMATICOS<br>CATEGORIA: AUTOMOTOR<br>PADRÓN N°: A3-2205<br>INSPECTOR/A: SOFIA- IRMA<br>ÚLTIMA VISITA: 2026-05-28<br>VENC. HABILITACIÓN: 11/04/2026<br>ESTADO: VENCIDA<br>OBSERVACIONES: APTO<br>COORDENADAS: -35.5659535, -58.0159906<br>icon-opacity: <br>icon-color: <br>icon-scale: <br>icon-offset: <br>icon-offset-units: <br>icon: <br>Descripción: <br>RUBRO NORMALIZADO: "}, "styleUrl": "#icon-1899-BDBDBD", "label-scale": 0, "icon-opacity": "", "icon-color": "", "icon-scale": "", "icon-offset": "", "icon-offset-units": "", "icon": "", "descripción": "", "NOMBRE / COMERCIO": "ZARANTONELLO GUILLERMO DANIEL", "CUIT": "20-20036429-6", "CONTACTO": "2241448606", "CATEGORÍA FISCAL": "RESPONSABLE INSCRIPTO", "DIRECCIÓN": "LIBRES DEL SUR 601", "BARRIO": "VILLA LUJAN", "RUBRO": "VENTA NEUMATICOS", "CATEGORIA": "AUTOMOTOR", "PADRÓN N°": "A3-2205", "INSPECTOR/A": "SOFIA- IRMA", "ÚLTIMA VISITA": "2026-05-28", "VENC. HABILITACIÓN": "11/04/2026", "ESTADO": "VENCIDA", "OBSERVACIONES": "", "COORDENADAS": "-35.5659535, -58.0159906", "Descripción": "", "RUBRO NORMALIZADO": ""}}, {"type": "Feature", "geometry": {"type": "Point", "coordinates": [-57.980859, -35.573538, 0]}, "properties": {"name": "VENTA DE CHAPAS Y PERF DE HIERRO", "description": {"@type": "html", "value": "descripción: <br>styleUrl: #icon-1899-BDBDBD<br>NOMBRE / COMERCIO: HIERROS ORTEGA SRL<br>CUIT: 30-63321018-3<br>CONTACTO: 1151120995<br>CATEGORÍA FISCAL: SRL<br>DIRECCIÓN: AV PTE. ALFONSIN 1624<br>BARRIO: GALLO BLANCO<br>RUBRO: VENTA DE CHAPAS Y PERF DE HIERRO<br>CATEGORIA: FERRETERÍA Y CONSTRUCCIÓN<br>PADRÓN N°: A4-0406<br>INSPECTOR/A: SOFIA- IRMA<br>ÚLTIMA VISITA: 2024-09-06<br>VENC. HABILITACIÓN: 15/05/2025<br>ESTADO: VENCIDA<br>OBSERVACIONES: HAB VENCIDA 24-07-2019/ OBRA NO CONFORME A PLANO<br>COORDENADAS: -35.5735377, -57.98085889999999<br>icon-opacity: <br>icon-color: <br>icon-scale: <br>icon-offset: <br>icon-offset-units: <br>icon: <br>Descripción: <br>RUBRO NORMALIZADO: "}, "styleUrl": "#icon-1899-BDBDBD", "label-scale": 0, "icon-opacity": "", "icon-color": "", "icon-scale": "", "icon-offset": "", "icon-offset-units": "", "icon": "", "descripción": "", "NOMBRE / COMERCIO": "HIERROS ORTEGA SRL", "CUIT": "30-63321018-3", "CONTACTO": "1151120995", "CATEGORÍA FISCAL": "SRL", "DIRECCIÓN": "AV PTE. ALFONSIN 1624", "BARRIO": "GALLO BLANCO", "RUBRO": "VENTA DE CHAPAS Y PERF DE HIERRO", "CATEGORIA": "FERRETERÍA Y CONSTRUCCIÓN", "PADRÓN N°": "A4-0406", "INSPECTOR/A": "SOFIA- IRMA", "ÚLTIMA VISITA": "2024-09-06", "VENC. HABILITACIÓN": "15/05/2025", "ESTADO": "VENCIDA", "OBSERVACIONES": "HAB VENCIDA 24-07-2019/ OBRA NO CONFORME A PLANO", "COORDENADAS": "-35.5735377, -57.98085889999999", "Descripción": "", "RUBRO NORMALIZADO": ""}}, {"type": "Feature", "geometry": {"type": "Point", "coordinates": [-58.01695, -35.573836, 0]}, "properties": {"name": "LAVADERO DE AUTOS", "description": {"@type": "html", "value": "descripción: <br>styleUrl: #icon-1899-BDBDBD<br>NOMBRE / COMERCIO: APAOLAZA JUAN CRUZ<br>CUIT: 20-34123516-3<br>CONTACTO: <br>CATEGORÍA FISCAL: RESPONSABLE INSCRIPTO<br>DIRECCIÓN: FRANKLIN 352<br>BARRIO: CENTRO<br>RUBRO: LAVADERO DE AUTOS<br>CATEGORIA: SERVICIOS PERSONALES<br>PADRÓN N°: A3-4030<br>INSPECTOR/A: SOFIA- IRMA<br>ÚLTIMA VISITA: 2026-03-12<br>VENC. HABILITACIÓN: 28/01/2024<br>ESTADO: VENCIDA<br>OBSERVACIONES: <br>COORDENADAS: -35.5738362, -58.0169498<br>icon-opacity: <br>icon-color: <br>icon-scale: <br>icon-offset: <br>icon-offset-units: <br>icon: <br>Descripción: <br>RUBRO NORMALIZADO: "}, "styleUrl": "#icon-1899-BDBDBD", "label-scale": 0, "icon-opacity": "", "icon-color": "", "icon-scale": "", "icon-offset": "", "icon-offset-units": "", "icon": "", "descripción": "", "NOMBRE / COMERCIO": "APAOLAZA JUAN CRUZ", "CUIT": "20-34123516-3", "CONTACTO": "02241-1568716", "CATEGORÍA FISCAL": "RESPONSABLE INSCRIPTO", "DIRECCIÓN": "FRANKLIN 352", "BARRIO": "CENTRO", "RUBRO": "LAVADERO DE AUTOS", "CATEGORIA": "SERVICIOS PERSONALES", "PADRÓN N°": "A3-4030", "INSPECTOR/A": "SOFIA- IRMA", "ÚLTIMA VISITA": "2026-03-12", "VENC. HABILITACIÓN": "28/01/2024", "ESTADO": "VENCIDA", "OBSERVACIONES": "", "COORDENADAS": "-35.5738362, -58.0169498", "Descripción": "", "RUBRO NORMALIZADO": ""}}, {"type": "Feature", "geometry": {"type": "Point", "coordinates": [-58.016573, -35.566479, 0]}, "properties": {"name": "LAVADERO DE AUTOS", "description": {"@type": "html", "value": "descripción: <br>styleUrl: #icon-1899-BDBDBD<br>NOMBRE / COMERCIO: FERREYRA NICOLAS ANDRES<br>CUIT: 20315860734<br>CONTACTO: 2241531280<br>CATEGORÍA FISCAL: MONOTRIBUTISTA C<br>DIRECCIÓN: BELGRANO 555<br>BARRIO: CENTRO<br>RUBRO: LAVADERO DE AUTOS<br>CATEGORIA: SERVICIOS PERSONALES<br>PADRÓN N°: A4-0691<br>INSPECTOR/A: SOFIA- IRMA<br>ÚLTIMA VISITA: 2026-03-05<br>VENC. HABILITACIÓN: 10/12/2026<br>ESTADO: VIGENTE<br>OBSERVACIONES: APTO<br>COORDENADAS: -35.5664792, -58.0165726<br>icon-opacity: <br>icon-color: <br>icon-scale: <br>icon-offset: <br>icon-offset-units: <br>icon: <br>Descripción: <br>RUBRO NORMALIZADO: "}, "styleUrl": "#icon-1899-BDBDBD", "label-scale": 0, "icon-opacity": "", "icon-color": "", "icon-scale": "", "icon-offset": "", "icon-offset-units": "", "icon": "", "descripción": "", "NOMBRE / COMERCIO": "FERREYRA NICOLAS ANDRES", "CUIT": "20315860734", "CONTACTO": "2241531280", "CATEGORÍA FISCAL": "MONOTRIBUTISTA C", "DIRECCIÓN": "BELGRANO 555", "BARRIO": "CENTRO", "RUBRO": "LAVADERO DE AUTOS", "CATEGORIA": "SERVICIOS PERSONALES", "PADRÓN N°": "A4-0691", "INSPECTOR/A": "SOFIA- IRMA", "ÚLTIMA VISITA": "2026-03-05", "VENC. HABILITACIÓN": "10/12/2026", "ESTADO": "VIGENTE", "OBSERVACIONES": "APTO", "COORDENADAS": "-35.5664792, -58.0165726", "Descripción": "", "RUBRO NORMALIZADO": ""}}, {"type": "Feature", "geometry": {"type": "Point", "coordinates": [-58.009834, -35.581832, 0]}, "properties": {"name": "LAVADERO DE AUTOS", "description": {"@type": "html", "value": "descripción: <br>styleUrl: #icon-1899-BDBDBD<br>NOMBRE / COMERCIO: SEMINAROTTI CARLOS<br>CUIT: 20-42675983-8<br>CONTACTO: 2241464090<br>CATEGORÍA FISCAL: MONOTRIBUTISTA A<br>DIRECCIÓN: DOLORES 86<br>BARRIO: CENTRO<br>RUBRO: LAVADERO DE AUTOS<br>CATEGORIA: SERVICIOS PERSONALES<br>PADRÓN N°: A3-4509<br>INSPECTOR/A: SOFIA- IRMA<br>ÚLTIMA VISITA: 2026-01-05<br>VENC. HABILITACIÓN: 15/05/2025<br>ESTADO: VENCIDA<br>OBSERVACIONES: NO SE ENCUENTRA HABILITACION SE OTORGA PLAZO PARA COLOCAR EN PUERTA O INICIAR TRAMITE- 15 DIAS<br>COORDENADAS: -35.5818315, -58.0098338<br>icon-opacity: <br>icon-color: <br>icon-scale: <br>icon-offset: <br>icon-offset-units: <br>icon: <br>Descripción: <br>RUBRO NORMALIZADO: "}, "styleUrl": "#icon-1899-BDBDBD", "label-scale": 0, "icon-opacity": "", "icon-color": "", "icon-scale": "", "icon-offset": "", "icon-offset-units": "", "icon": "", "descripción": "", "NOMBRE / COMERCIO": "SEMINAROTTI CARLOS", "CUIT": "20-42675983-8", "CONTACTO": "2241464090", "CATEGORÍA FISCAL": "MONOTRIBUTISTA A", "DIRECCIÓN": "DOLORES 86", "BARRIO": "CENTRO", "RUBRO": "LAVADERO DE AUTOS", "CATEGORIA": "SERVICIOS PERSONALES", "PADRÓN N°": "A3-4509", "INSPECTOR/A": "SOFIA- IRMA", "ÚLTIMA VISITA": "2026-01-05", "VENC. HABILITACIÓN": "15/05/2025", "ESTADO": "VENCIDA", "OBSERVACIONES": "NO SE ENCUENTRA HABILITACION SE OTORGA PLAZO PARA COLOCAR EN PUERTA O INICIAR TRAMITE- 15 DIAS", "COORDENADAS": "-35.5818315, -58.0098338", "Descripción": "", "RUBRO NORMALIZADO": ""}}, {"type": "Feature", "geometry": {"type": "Point", "coordinates": [-58.009305, -35.565072, 0]}, "properties": {"name": "LAVADERO DE AUTOS", "description": {"@type": "html", "value": "descripción: <br>styleUrl: #icon-1899-BDBDBD<br>NOMBRE / COMERCIO: CABELLO MAURO MAXIMILIANO<br>CUIT: 20-24546497-6<br>CONTACTO: 2241577914<br>CATEGORÍA FISCAL: MONOTRIBUTISTA A<br>DIRECCIÓN: MACHADO 610<br>BARRIO: LA NORIA<br>RUBRO: LAVADERO DE AUTOS<br>CATEGORIA: SERVICIOS PERSONALES<br>PADRÓN N°: A3-3952<br>INSPECTOR/A: YANINA<br>ÚLTIMA VISITA: 2025-07-04<br>VENC. HABILITACIÓN: 03/04/2020<br>ESTADO: VENCIDA<br>OBSERVACIONES: RENOVACION DE HABILITACION VIGENTE<br>COORDENADAS: -35.5650718, -58.0093053<br>icon-opacity: <br>icon-color: <br>icon-scale: <br>icon-offset: <br>icon-offset-units: <br>icon: <br>Descripción: <br>RUBRO NORMALIZADO: "}, "styleUrl": "#icon-1899-BDBDBD", "label-scale": 0, "icon-opacity": "", "icon-color": "", "icon-scale": "", "icon-offset": "", "icon-offset-units": "", "icon": "", "descripción": "", "NOMBRE / COMERCIO": "CABELLO MAURO MAXIMILIANO", "CUIT": "20-24546497-6", "CONTACTO": "2241577914", "CATEGORÍA FISCAL": "MONOTRIBUTISTA A", "DIRECCIÓN": "MACHADO 610", "BARRIO": "LA NORIA", "RUBRO": "LAVADERO DE AUTOS", "CATEGORIA": "SERVICIOS PERSONALES", "PADRÓN N°": "A3-3952", "INSPECTOR/A": "YANINA", "ÚLTIMA VISITA": "2025-07-04", "VENC. HABILITACIÓN": "03/04/2020", "ESTADO": "VENCIDA", "OBSERVACIONES": "RENOVACION DE HABILITACION VIGENTE", "COORDENADAS": "-35.5650718, -58.0093053", "Descripción": "", "RUBRO NORMALIZADO": ""}}, {"type": "Feature", "geometry": {"type": "Point", "coordinates": [-57.972866, -35.582017, 0]}, "properties": {"name": "ESTACION DE SERVICIOS", "description": {"@type": "html", "value": "descripción: Descripción: GEAVAL SRL (ACA)<br>ESTACION DE SERVICIOS<br>RUTA 2 KM 122,500, Chascomús, Buenos Aires<br>Barrio: CABALLO BLANCO<br>Padrón: A7-0035<br>Estado: VIGENTE<br>NOMBRE / COMERCIO: GEAVAL SRL (ACA)<br>CUIT: 30-70987779-4<br>CONTACTO: 2241585895<br>CATEGORÍA FISCAL: SRL<br>DIRECCIÓN: RUTA 2 KM 122,500<br>BARRIO: CAB BLANCO<br>RUBRO: ESTACION DE SERVICIOS<br>RUBRO NORMALIZADO: ESTACION DE SERVICIOS<br>CATEGORIA: OTROS SERVICIOS<br>PADRÓN N°: A7-0035<br>INSPECTOR/A: ANIBAL<br>ÚLTIMA VISITA: 2025-12-26<br>VENC. HABILITACIÓN: 09/10/2028<br>ESTADO: VIGENTE<br>OBSERVACIONES: SI CUMPLE CON LA NORMATIVA VIGENTE PARA SU HABILITACION COMERCIAL<br>styleUrl: #icon-1899-673AB7<br>NOMBRE / COMERCIO: GEAVAL SRL (ACA)<br>CUIT: 30-70987779-4<br>CONTACTO: 2241585895<br>CATEGORÍA FISCAL: SRL<br>DIRECCIÓN: RUTA 2 KM 122,500<br>BARRIO: CAB BLANCO<br>RUBRO: ESTACION DE SERVICIOS<br>CATEGORIA: OTROS SERVICIOS<br>PADRÓN N°: A7-0035<br>INSPECTOR/A: ANIBAL<br>ÚLTIMA VISITA: 2025-12-26<br>VENC. HABILITACIÓN: 09/10/2028<br>ESTADO: VIGENTE<br>OBSERVACIONES: SI CUMPLE CON LA NORMATIVA VIGENTE PARA SU HABILITACION COMERCIAL<br>COORDENADAS: <br>icon-opacity: 1<br>icon-color: #673ab7<br>icon-scale: 1<br>icon-offset: [32,64]<br>icon-offset-units: [\"pixels\",\"insetPixels\"]<br>icon: https://www.gstatic.com/mapspro/images/stock/503-wht-blank_maps.png<br>Descripción: GEAVAL SRL (ACA)<br>ESTACION DE SERVICIOS<br>RUTA 2 KM 122,500, Chascomús, Buenos Aires<br>Barrio: CABALLO BLANCO<br>Padrón: A7-0035<br>Estado: VIGENTE<br>RUBRO NORMALIZADO: ESTACION DE SERVICIOS"}, "styleUrl": "#icon-1899-673AB7", "label-scale": 0, "icon-opacity": "1", "icon-color": "#673ab7", "icon-scale": "1", "icon-offset": "[32,64]", "icon-offset-units": "[\"pixels\",\"insetPixels\"]", "icon": "https://www.gstatic.com/mapspro/images/stock/503-wht-blank_maps.png", "descripción": "Descripción: GEAVAL SRL (ACA)\nESTACION DE SERVICIOS\nRUTA 2 KM 122,500, Chascomús, Buenos Aires\nBarrio: CABALLO BLANCO\nPadrón: A7-0035\nEstado: VIGENTE\nNOMBRE / COMERCIO: GEAVAL SRL (ACA)\nCUIT: 30-70987779-4\nCONTACTO: 2241585895\nCATEGORÍA FISCAL: SRL\nDIRECCIÓN: RUTA 2 KM 122,500, Chascomús, Buenos Aires\nBARRIO: CABALLO BLANCO\nRUBRO: ESTACION DE SERVICIOS\nRUBRO NORMALIZADO: ESTACION DE SERVICIOS\nCATEGORIA: OTROS SERVICIOS\nPADRÓN N°: A7-0035\nINSPECTOR/A: ANIBAL\nÚLTIMA VISITA: 2025-12-26\nVENC. HABILITACIÓN: 2028-10-09\nESTADO: VIGENTE\nOBSERVACIONES: SI CUMPLE CON LA NORMATIVA VIGENTE PARA SU HABILITACION COMERCIAL", "NOMBRE / COMERCIO": "GEAVAL SRL (ACA)", "CUIT": "30-70987779-4", "CONTACTO": "2241585895", "CATEGORÍA FISCAL": "SRL", "DIRECCIÓN": "RUTA 2 KM 122,500", "BARRIO": "CAB BLANCO", "RUBRO": "ESTACION DE SERVICIOS", "CATEGORIA": "OTROS SERVICIOS", "PADRÓN N°": "A7-0035", "INSPECTOR/A": "ANIBAL", "ÚLTIMA VISITA": "2025-12-26", "VENC. HABILITACIÓN": "09/10/2028", "ESTADO": "VIGENTE", "OBSERVACIONES": "SI CUMPLE CON LA NORMATIVA VIGENTE PARA SU HABILITACION COMERCIAL", "COORDENADAS": "", "Descripción": "GEAVAL SRL (ACA)\nESTACION DE SERVICIOS\nRUTA 2 KM 122,500, Chascomús, Buenos Aires\nBarrio: CABALLO BLANCO\nPadrón: A7-0035\nEstado: VIGENTE", "RUBRO NORMALIZADO": "ESTACION DE SERVICIOS"}}, {"type": "Feature", "geometry": {"type": "Point", "coordinates": [-58.020891, -35.566672, 0]}, "properties": {"name": "ESTACION DE SERVICIOS", "description": {"@type": "html", "value": "descripción: Descripción: BARBERO HNOS SA<br>ESTACION DE SERVICIOS<br>ESCRIBANO 450, Chascomús, Buenos Aires<br>Barrio: CENTRO<br>Padrón: A7-0032<br>Estado: VENCIDA<br>NOMBRE / COMERCIO: BARBERO HNOS SA<br>CUIT: 30-66507435-4<br>CONTACTO: 2243400325<br>CATEGORÍA FISCAL: SA<br>DIRECCIÓN: ESCRIBANO 450<br>BARRIO: CENTRO<br>RUBRO: ESTACION DE SERVICIOS<br>RUBRO NORMALIZADO: ESTACION DE SERVICIOS<br>CATEGORIA: OTROS SERVICIOS<br>PADRÓN N°: A7-0032<br>INSPECTOR/A: SOFIA- IRMA<br>ÚLTIMA VISITA: 2025-11-14<br>VENC. HABILITACIÓN: 05/06/2026<br>ESTADO: VENCIDA<br>OBSERVACIONES: PROVISORIA VENCIDA, SE CONSTATÓ QUE DEBE AMPLIAR RUBRO<br>styleUrl: #icon-1899-7CB342<br>NOMBRE / COMERCIO: BARBERO HNOS SA<br>CUIT: 30-66507435-4<br>CONTACTO: 2243400325<br>CATEGORÍA FISCAL: SA<br>DIRECCIÓN: ESCRIBANO 450<br>BARRIO: CENTRO<br>RUBRO: ESTACION DE SERVICIOS<br>CATEGORIA: OTROS SERVICIOS<br>PADRÓN N°: A7-0032<br>INSPECTOR/A: SOFIA- IRMA<br>ÚLTIMA VISITA: 2025-11-14<br>VENC. HABILITACIÓN: 05/06/2026<br>ESTADO: VENCIDA<br>OBSERVACIONES: PROVISORIA VENCIDA, SE CONSTATÓ QUE DEBE AMPLIAR RUBRO<br>COORDENADAS: <br>icon-opacity: 1<br>icon-color: #7cb342<br>icon-scale: 1<br>icon-offset: [32,64]<br>icon-offset-units: [\"pixels\",\"insetPixels\"]<br>icon: https://www.gstatic.com/mapspro/images/stock/503-wht-blank_maps.png<br>Descripción: BARBERO HNOS SA<br>ESTACION DE SERVICIOS<br>ESCRIBANO 450, Chascomús, Buenos Aires<br>Barrio: CENTRO<br>Padrón: A7-0032<br>Estado: VENCIDA<br>RUBRO NORMALIZADO: ESTACION DE SERVICIOS"}, "styleUrl": "#icon-1899-7CB342", "label-scale": 0, "icon-opacity": "1", "icon-color": "#7cb342", "icon-scale": "1", "icon-offset": "[32,64]", "icon-offset-units": "[\"pixels\",\"insetPixels\"]", "icon": "https://www.gstatic.com/mapspro/images/stock/503-wht-blank_maps.png", "descripción": "Descripción: BARBERO HNOS SA\nESTACION DE SERVICIOS\nESCRIBANO 450, Chascomús, Buenos Aires\nBarrio: CENTRO\nPadrón: A7-0032\nEstado: VENCIDA\nNOMBRE / COMERCIO: BARBERO HNOS SA\nCUIT: 30-66507435-4\nCONTACTO: 2243400325\nCATEGORÍA FISCAL: SA\nDIRECCIÓN: ESCRIBANO 450, Chascomús, Buenos Aires\nBARRIO: CENTRO\nRUBRO: ESTACION DE SERVICIOS\nRUBRO NORMALIZADO: ESTACION DE SERVICIOS\nCATEGORIA: OTROS SERVICIOS\nPADRÓN N°: A7-0032\nINSPECTOR/A: SOFIA- IRMA\nÚLTIMA VISITA: 2025-11-14\nVENC. HABILITACIÓN: 2025-10-15\nESTADO: VENCIDA\nOBSERVACIONES: PROVISORIA VENCIDA, SE CONSTATÓ QUE DEBE AMPLIAR RUBRO", "NOMBRE / COMERCIO": "BARBERO HNOS SA", "CUIT": "30-66507435-4", "CONTACTO": "2243400325", "CATEGORÍA FISCAL": "SA", "DIRECCIÓN": "ESCRIBANO 450", "BARRIO": "CENTRO", "RUBRO": "ESTACION DE SERVICIOS", "CATEGORIA": "OTROS SERVICIOS", "PADRÓN N°": "A7-0032", "INSPECTOR/A": "SOFIA- IRMA", "ÚLTIMA VISITA": "2025-11-14", "VENC. HABILITACIÓN": "05/06/2026", "ESTADO": "VENCIDA", "OBSERVACIONES": "PROVISORIA VENCIDA, SE CONSTATÓ QUE DEBE AMPLIAR RUBRO", "COORDENADAS": "", "Descripción": "BARBERO HNOS SA\nESTACION DE SERVICIOS\nESCRIBANO 450, Chascomús, Buenos Aires\nBarrio: CENTRO\nPadrón: A7-0032\nEstado: VENCIDA", "RUBRO NORMALIZADO": "ESTACION DE SERVICIOS"}}, {"type": "Feature", "geometry": {"type": "Point", "coordinates": [-58.015157, -35.573398, 0]}, "properties": {"name": "LAVADERO DE AUTOS", "description": {"@type": "html", "value": "descripción: Descripción: ECOLOGIA Y TECNOLOGIA S.A.S<br>LAVADERO DE  AUTOS/COCHERA<br>BELGRANO 555, Chascomús, Buenos Aires<br>Barrio: EL OBISPADO<br>Padrón: A4-0691<br>Estado: VENCIDA<br>NOMBRE / COMERCIO: FERREYRA NICOLAS ANDRES<br>CUIT: 20315860734<br>CONTACTO: 2241531280<br>CATEGORÍA FISCAL: MONOTRIBUTISTA C<br>DIRECCIÓN: BELGRANO 555<br>BARRIO: CENTRO<br>RUBRO: LAVADERO DE AUTOS<br>RUBRO NORMALIZADO: LAVADERO DE  AUTOS<br>CATEGORIA: OTROS SERVICIOS<br>PADRÓN N°: A4-0691<br>INSPECTOR/A: SOFIA- IRMA<br>ÚLTIMA VISITA: 2026-03-05<br>VENC. HABILITACIÓN: 10/12/2026<br>ESTADO: VIGENTE<br>OBSERVACIONES:<br>styleUrl: #icon-1899-817717<br>NOMBRE / COMERCIO: FERREYRA NICOLAS ANDRES<br>CUIT: 20315860734<br>CONTACTO: 2241531280<br>CATEGORÍA FISCAL: MONOTRIBUTISTA C<br>DIRECCIÓN: BELGRANO 555<br>BARRIO: CENTRO<br>RUBRO: LAVADERO DE AUTOS<br>CATEGORIA: OTROS SERVICIOS<br>PADRÓN N°: A4-0691<br>INSPECTOR/A: SOFIA- IRMA<br>ÚLTIMA VISITA: 2026-03-05<br>VENC. HABILITACIÓN: 10/12/2026<br>ESTADO: VIGENTE<br>OBSERVACIONES: APTO<br>COORDENADAS: <br>icon-opacity: 1<br>icon-color: #817717<br>icon-scale: 1<br>icon-offset: [32,64]<br>icon-offset-units: [\"pixels\",\"insetPixels\"]<br>icon: https://www.gstatic.com/mapspro/images/stock/503-wht-blank_maps.png<br>Descripción: ECOLOGIA Y TECNOLOGIA S.A.S<br>LAVADERO DE  AUTOS/COCHERA<br>BELGRANO 555, Chascomús, Buenos Aires<br>Barrio: EL OBISPADO<br>Padrón: A4-0691<br>Estado: VENCIDA<br>RUBRO NORMALIZADO: LAVADERO DE  AUTOS"}, "styleUrl": "#icon-1899-817717", "label-scale": 0, "icon-opacity": "1", "icon-color": "#817717", "icon-scale": "1", "icon-offset": "[32,64]", "icon-offset-units": "[\"pixels\",\"insetPixels\"]", "icon": "https://www.gstatic.com/mapspro/images/stock/503-wht-blank_maps.png", "descripción": "Descripción: ECOLOGIA Y TECNOLOGIA S.A.S\nLAVADERO DE  AUTOS/COCHERA\nBELGRANO 555, Chascomús, Buenos Aires\nBarrio: EL OBISPADO\nPadrón: A4-0691\nEstado: VENCIDA\nNOMBRE / COMERCIO: ECOLOGIA Y TECNOLOGIA S.A.S\nCUIT: 30-71656070-4\nCONTACTO: 2241531280\nCATEGORÍA FISCAL: SS\nDIRECCIÓN: BELGRANO 555, Chascomús, Buenos Aires\nBARRIO: EL OBISPADO\nRUBRO: LAVADERO DE  AUTOS/COCHERA\nRUBRO NORMALIZADO: LAVADERO DE  AUTOS\nCATEGORIA: OTROS SERVICIOS\nPADRÓN N°: A4-0691\nINSPECTOR/A: SOFIA- IRMA\nÚLTIMA VISITA: 2026-01-23\nVENC. HABILITACIÓN: 2026-02-10\nESTADO: VENCIDA\nOBSERVACIONES:", "NOMBRE / COMERCIO": "FERREYRA NICOLAS ANDRES", "CUIT": "20315860734", "CONTACTO": "2241531280", "CATEGORÍA FISCAL": "MONOTRIBUTISTA C", "DIRECCIÓN": "BELGRANO 555", "BARRIO": "CENTRO", "RUBRO": "LAVADERO DE AUTOS", "CATEGORIA": "OTROS SERVICIOS", "PADRÓN N°": "A4-0691", "INSPECTOR/A": "SOFIA- IRMA", "ÚLTIMA VISITA": "2026-03-05", "VENC. HABILITACIÓN": "10/12/2026", "ESTADO": "VIGENTE", "OBSERVACIONES": "", "COORDENADAS": "", "Descripción": "ECOLOGIA Y TECNOLOGIA S.A.S\nLAVADERO DE  AUTOS/COCHERA\nBELGRANO 555, Chascomús, Buenos Aires\nBarrio: EL OBISPADO\nPadrón: A4-0691\nEstado: VENCIDA", "RUBRO NORMALIZADO": "LAVADERO DE  AUTOS"}}, {"type": "Feature", "geometry": {"type": "Point", "coordinates": [-58.007533, -35.580428, 0]}, "properties": {"name": "ESTACION DE SERVICIOS", "description": {"@type": "html", "value": "descripción: Descripción: ANDRES VILLALVA SRL<br>ESTACION DE SERVICIOS<br>PERON 450, Chascomús, Buenos Aires<br>Barrio: FATIMA<br>Padrón: 47-0040<br>Estado: VIGENTE<br>NOMBRE / COMERCIO: ANDRES VILLALVA SRL<br>CUIT: 30-71221974-9<br>CONTACTO: 2241553270<br>CATEGORÍA FISCAL: SRL<br>DIRECCIÓN: AV. PTE. PERON 450<br>BARRIO: FATIMA<br>RUBRO: ESTACION DE SERVICIOS<br>RUBRO NORMALIZADO: ESTACION DE SERVICIOS<br>CATEGORIA: OTROS SERVICIOS<br>PADRÓN N°: 47-0040<br>INSPECTOR/A: SERGIO<br>ÚLTIMA VISITA: 2024-09-23<br>VENC. HABILITACIÓN: 29/04/2028<br>ESTADO: VIGENTE<br>OBSERVACIONES: CERTIF MANIPU/ HAB 09-03-2025<br>styleUrl: #icon-1899-880E4F<br>NOMBRE / COMERCIO: ANDRES VILLALVA SRL<br>CUIT: 30-71221974-9<br>CONTACTO: 2241553270<br>CATEGORÍA FISCAL: SRL<br>DIRECCIÓN: AV. PTE. PERON 450<br>BARRIO: FATIMA<br>RUBRO: ESTACION DE SERVICIOS<br>CATEGORIA: OTROS SERVICIOS<br>PADRÓN N°: 47-0040<br>INSPECTOR/A: SERGIO<br>ÚLTIMA VISITA: 2024-09-23<br>VENC. HABILITACIÓN: 29/04/2028<br>ESTADO: VIGENTE<br>OBSERVACIONES: CERTIF MANIPU/ HAB 09-03-2025<br>COORDENADAS: <br>icon-opacity: 1<br>icon-color: #880e4f<br>icon-scale: 1<br>icon-offset: [32,64]<br>icon-offset-units: [\"pixels\",\"insetPixels\"]<br>icon: https://www.gstatic.com/mapspro/images/stock/503-wht-blank_maps.png<br>Descripción: ANDRES VILLALVA SRL<br>ESTACION DE SERVICIOS<br>PERON 450, Chascomús, Buenos Aires<br>Barrio: FATIMA<br>Padrón: 47-0040<br>Estado: VIGENTE<br>RUBRO NORMALIZADO: ESTACION DE SERVICIOS"}, "styleUrl": "#icon-1899-880E4F", "label-scale": 0, "icon-opacity": "1", "icon-color": "#880e4f", "icon-scale": "1", "icon-offset": "[32,64]", "icon-offset-units": "[\"pixels\",\"insetPixels\"]", "icon": "https://www.gstatic.com/mapspro/images/stock/503-wht-blank_maps.png", "descripción": "Descripción: ANDRES VILLALVA SRL\nESTACION DE SERVICIOS\nPERON 450, Chascomús, Buenos Aires\nBarrio: FATIMA\nPadrón: 47-0040\nEstado: VIGENTE\nNOMBRE / COMERCIO: ANDRES VILLALVA SRL\nCUIT: 30-71221974-9\nCONTACTO: 2241553270\nCATEGORÍA FISCAL: SRL\nDIRECCIÓN: PERON 450, Chascomús, Buenos Aires\nBARRIO: FATIMA\nRUBRO: ESTACION DE SERVICIOS\nRUBRO NORMALIZADO: ESTACION DE SERVICIOS\nCATEGORIA: OTROS SERVICIOS\nPADRÓN N°: 47-0040\nINSPECTOR/A: SERGIO\nÚLTIMA VISITA: 2024-09-23\nVENC. HABILITACIÓN: 2028-04-29\nESTADO: VIGENTE\nOBSERVACIONES: CERTIF MANIPU/ HAB 09-03-2025", "NOMBRE / COMERCIO": "ANDRES VILLALVA SRL", "CUIT": "30-71221974-9", "CONTACTO": "2241553270", "CATEGORÍA FISCAL": "SRL", "DIRECCIÓN": "AV. PTE. PERON 450", "BARRIO": "FATIMA", "RUBRO": "ESTACION DE SERVICIOS", "CATEGORIA": "OTROS SERVICIOS", "PADRÓN N°": "47-0040", "INSPECTOR/A": "SERGIO", "ÚLTIMA VISITA": "2024-09-23", "VENC. HABILITACIÓN": "29/04/2028", "ESTADO": "VIGENTE", "OBSERVACIONES": "CERTIF MANIPU/ HAB 09-03-2025", "COORDENADAS": "", "Descripción": "ANDRES VILLALVA SRL\nESTACION DE SERVICIOS\nPERON 450, Chascomús, Buenos Aires\nBarrio: FATIMA\nPadrón: 47-0040\nEstado: VIGENTE", "RUBRO NORMALIZADO": "ESTACION DE SERVICIOS"}}, {"type": "Feature", "geometry": {"type": "Point", "coordinates": [-57.972866, -35.582017, 0]}, "properties": {"name": "ESTACION DE SERVICIOS", "description": {"@type": "html", "value": "descripción: Descripción: DEHEZA SA ICFEI<br>ESTACION DE SERVICIOS<br>RUTA 2 KM 115,500, Chascomús, Buenos Aires<br>Barrio: SAN CAYETANO<br>Padrón: A7-0041<br>Estado: VIGENTE<br>NOMBRE / COMERCIO: DEHEZA SA ICFEI<br>CUIT: 30-61025233-4<br>CONTACTO: 1122998522<br>CATEGORÍA FISCAL: SA<br>DIRECCIÓN: RUTA 2 KM 115,500<br>BARRIO: SAN CAYETANO<br>RUBRO: ESTACION DE SERVICIOS<br>RUBRO NORMALIZADO: ESTACION DE SERVICIOS<br>CATEGORIA: OTROS SERVICIOS<br>PADRÓN N°: A7-0041<br>INSPECTOR/A: SERGIO<br>ÚLTIMA VISITA: 2025-04-29<br>VENC. HABILITACIÓN: 12/03/2028<br>ESTADO: VIGENTE<br>OBSERVACIONES: ESTADO HIGIENICO SATISFACTORIO, CUENTA CON CARNET DE MANIP, CERTIFICADO DE FUMIG VIGENTE, HABILITACION VTO 12/03/2028<br>styleUrl: #icon-1899-9C27B0<br>NOMBRE / COMERCIO: DEHEZA SA ICFEI<br>CUIT: 30-61025233-4<br>CONTACTO: 1122998522<br>CATEGORÍA FISCAL: SA<br>DIRECCIÓN: RUTA 2 KM 115,500<br>BARRIO: SAN CAYETANO<br>RUBRO: ESTACION DE SERVICIOS<br>CATEGORIA: OTROS SERVICIOS<br>PADRÓN N°: A7-0041<br>INSPECTOR/A: SERGIO<br>ÚLTIMA VISITA: 2025-04-29<br>VENC. HABILITACIÓN: 12/03/2028<br>ESTADO: VIGENTE<br>OBSERVACIONES: ESTADO HIGIENICO SATISFACTORIO, CUENTA CON CARNET DE MANIP, CERTIFICADO DE FUMIG VIGENTE, HABILITACION VTO 12/03/2028<br>COORDENADAS: <br>icon-opacity: 1<br>icon-color: #9c27b0<br>icon-scale: 1<br>icon-offset: [32,64]<br>icon-offset-units: [\"pixels\",\"insetPixels\"]<br>icon: https://www.gstatic.com/mapspro/images/stock/503-wht-blank_maps.png<br>Descripción: DEHEZA SA ICFEI<br>ESTACION DE SERVICIOS<br>RUTA 2 KM 115,500, Chascomús, Buenos Aires<br>Barrio: SAN CAYETANO<br>Padrón: A7-0041<br>Estado: VIGENTE<br>RUBRO NORMALIZADO: ESTACION DE SERVICIOS"}, "styleUrl": "#icon-1899-9C27B0", "label-scale": 0, "icon-opacity": "1", "icon-color": "#9c27b0", "icon-scale": "1", "icon-offset": "[32,64]", "icon-offset-units": "[\"pixels\",\"insetPixels\"]", "icon": "https://www.gstatic.com/mapspro/images/stock/503-wht-blank_maps.png", "descripción": "Descripción: DEHEZA SA ICFEI\nESTACION DE SERVICIOS\nRUTA 2 KM 115,500, Chascomús, Buenos Aires\nBarrio: SAN CAYETANO\nPadrón: A7-0041\nEstado: VIGENTE\nNOMBRE / COMERCIO: DEHEZA SA ICFEI\nCUIT: 30-61025233-4\nCONTACTO: 1122998522\nCATEGORÍA FISCAL: SA\nDIRECCIÓN: RUTA 2 KM 115,500, Chascomús, Buenos Aires\nBARRIO: SAN CAYETANO\nRUBRO: ESTACION DE SERVICIOS\nRUBRO NORMALIZADO: ESTACION DE SERVICIOS\nCATEGORIA: OTROS SERVICIOS\nPADRÓN N°: A7-0041\nINSPECTOR/A: SERGIO\nÚLTIMA VISITA: 2025-04-29\nVENC. HABILITACIÓN: 2028-03-12\nESTADO: VIGENTE\nOBSERVACIONES: ESTADO HIGIENICO SATISFACTORIO, CUENTA CON CARNET DE MANIP, CERTIFICADO DE FUMIG VIGENTE, HABILITACION VTO 12/03/2028", "NOMBRE / COMERCIO": "DEHEZA SA ICFEI", "CUIT": "30-61025233-4", "CONTACTO": "1122998522", "CATEGORÍA FISCAL": "SA", "DIRECCIÓN": "RUTA 2 KM 115,500", "BARRIO": "SAN CAYETANO", "RUBRO": "ESTACION DE SERVICIOS", "CATEGORIA": "OTROS SERVICIOS", "PADRÓN N°": "A7-0041", "INSPECTOR/A": "SERGIO", "ÚLTIMA VISITA": "2025-04-29", "VENC. HABILITACIÓN": "12/03/2028", "ESTADO": "VIGENTE", "OBSERVACIONES": "ESTADO HIGIENICO SATISFACTORIO, CUENTA CON CARNET DE MANIP, CERTIFICADO DE FUMIG VIGENTE, HABILITACION VTO 12/03/2028", "COORDENADAS": "", "Descripción": "DEHEZA SA ICFEI\nESTACION DE SERVICIOS\nRUTA 2 KM 115,500, Chascomús, Buenos Aires\nBarrio: SAN CAYETANO\nPadrón: A7-0041\nEstado: VIGENTE", "RUBRO NORMALIZADO": "ESTACION DE SERVICIOS"}}, {"type": "Feature", "geometry": {"type": "Point", "coordinates": [-58.011934, -35.528432, 0]}, "properties": {"name": "ESTACION DE SERVICIOS", "description": {"@type": "html", "value": "descripción: JOSEFA MANDIZABAL SRL<br><br>styleUrl: #icon-1899-9C27B0<br>NOMBRE / COMERCIO: JOSEFA MANDIZABAL SRL<br>CUIT: 30-71503425-1<br>CONTACTO: 2241499400<br>CATEGORÍA FISCAL: SRL<br>DIRECCIÓN: RUTA 2 KM<br>BARRIO: SAN CAYETANO<br>RUBRO: ESTACION DE SERVICIOS<br>CATEGORIA: OTROS SERVICIOS- MINIMERCADO<br>PADRÓN N°: A7-0036<br>INSPECTOR/A: SERGIO<br>ÚLTIMA VISITA: 29/04/2025\n4/07/2025<br>VENC. HABILITACIÓN: 14/03/2025<br>ESTADO: VENCIDA<br>OBSERVACIONES: HABILITACION VTO 14/03/2025 ESTADO HIGIENICO SATISFACTORIO, CUENTAN CC CARNET DE MANIP, CERTIFICADO DE FUMG VIGENTE, ESTÁ TRAMITANDO LA RENOVACION Y DEBERÁ AMPLIAR EL RUBRO(CAFETERIA-COMIDA RAPIDA)\nHAB 14-03-2025/SATIFACTORIO ESTADO<br>HAB 14-03-2025/SATIFACTORIO ESTADO<br>COORDENADAS: <br>icon-opacity: 1<br>icon-color: #9c27b0<br>icon-scale: 1<br>icon-offset: [32,64]<br>icon-offset-units: [\"pixels\",\"insetPixels\"]<br>icon: https://www.gstatic.com/mapspro/images/stock/503-wht-blank_maps.png<br>Descripción: JOSEFA MANDIZABAL SRL<br>ESTACION DE SERVICIOS<br>RUTA 2 KM, Chascomús, Buenos Aires<br>Barrio: SAN CAYETANO<br>Padrón: A7-0036<br>Estado: SIN FECHA<br>RUBRO NORMALIZADO: ESTACION DE SERVICIOS"}, "styleUrl": "#icon-1899-9C27B0", "label-scale": 0, "icon-opacity": "1", "icon-color": "#9c27b0", "icon-scale": "1", "icon-offset": "[32,64]", "icon-offset-units": "[\"pixels\",\"insetPixels\"]", "icon": "https://www.gstatic.com/mapspro/images/stock/503-wht-blank_maps.png", "descripción": "JOSEFA MANDIZABAL SRL\n", "NOMBRE / COMERCIO": "JOSEFA MANDIZABAL SRL", "CUIT": "30-71503425-1", "CONTACTO": "2241499400", "CATEGORÍA FISCAL": "SRL", "DIRECCIÓN": "RUTA 2 KM", "BARRIO": "SAN CAYETANO", "RUBRO": "ESTACION DE SERVICIOS", "CATEGORIA": "OTROS SERVICIOS- MINIMERCADO", "PADRÓN N°": "A7-0036", "INSPECTOR/A": "SERGIO", "ÚLTIMA VISITA": "29/04/2025\n4/07/2025", "VENC. HABILITACIÓN": "14/03/2025", "ESTADO": "VENCIDA", "OBSERVACIONES": "HABILITACION VTO 14/03/2025 ESTADO HIGIENICO SATISFACTORIO, CUENTAN CC CARNET DE MANIP, CERTIFICADO DE FUMG VIGENTE, ESTÁ TRAMITANDO LA RENOVACION Y DEBERÁ AMPLIAR EL RUBRO(CAFETERIA-COMIDA RAPIDA)\nHAB 14-03-2025/SATIFACTORIO ESTADO", "COORDENADAS": "", "Descripción": "JOSEFA MANDIZABAL SRL\nESTACION DE SERVICIOS\nRUTA 2 KM, Chascomús, Buenos Aires\nBarrio: SAN CAYETANO\nPadrón: A7-0036\nEstado: SIN FECHA", "RUBRO NORMALIZADO": "ESTACION DE SERVICIOS"}}, {"type": "Feature", "geometry": {"type": "Point", "coordinates": [-58.011209, -35.570837, 0]}, "properties": {"name": "VENTA ART  HOGAR Y NEUMATICOS", "description": {"@type": "html", "value": "descripción: Descripción: HOTZ JUAN E HIJOS<br>VENTA ART  HOGAR Y NEUMATICOS<br>CASALINS 667, Chascomús, Buenos Aires<br>Barrio: VILLA LUJAN<br>Padrón: A4- 0027<br>Estado: VIGENTE<br>NOMBRE / COMERCIO: HOTZ JUAN E HIJOS<br>CUIT: 30-70772732-9<br>CONTACTO: 2241408483<br>CATEGORÍA FISCAL: SA<br>DIRECCIÓN: CASALINS 667<br>BARRIO: VILLA LUJAN<br>RUBRO: VENTA ART  HOGAR Y NEUMATICOS<br>RUBRO NORMALIZADO: VENTA ART  HOGAR Y NEUMATICOS<br>CATEGORIA: OTROS SERVICIOS<br>PADRÓN N°: A4- 0027<br>INSPECTOR/A: SOFIA- IRMA<br>ÚLTIMA VISITA: 2026-02-02<br>VENC. HABILITACIÓN: 05/06/2028<br>ESTADO: VIGENTE<br>OBSERVACIONES:<br>styleUrl: #icon-1899-1A237E<br>NOMBRE / COMERCIO: HOTZ JUAN E HIJOS<br>CUIT: 30-70772732-9<br>CONTACTO: 2241408483<br>CATEGORÍA FISCAL: SA<br>DIRECCIÓN: CASALINS 667<br>BARRIO: VILLA LUJAN<br>RUBRO: VENTA ART  HOGAR Y NEUMATICOS<br>CATEGORIA: OTROS SERVICIOS<br>PADRÓN N°: A4- 0027<br>INSPECTOR/A: SOFIA- IRMA<br>ÚLTIMA VISITA: 2026-02-02<br>VENC. HABILITACIÓN: 05/06/2028<br>ESTADO: VIGENTE<br>OBSERVACIONES: <br>COORDENADAS: <br>icon-opacity: 1<br>icon-color: #1a237e<br>icon-scale: 1<br>icon-offset: [32,64]<br>icon-offset-units: [\"pixels\",\"insetPixels\"]<br>icon: https://www.gstatic.com/mapspro/images/stock/503-wht-blank_maps.png<br>Descripción: HOTZ JUAN E HIJOS<br>VENTA ART  HOGAR Y NEUMATICOS<br>CASALINS 667, Chascomús, Buenos Aires<br>Barrio: VILLA LUJAN<br>Padrón: A4- 0027<br>Estado: VIGENTE<br>RUBRO NORMALIZADO: VENTA ART  HOGAR Y NEUMATICOS"}, "styleUrl": "#icon-1899-1A237E", "label-scale": 0, "icon-opacity": "1", "icon-color": "#1a237e", "icon-scale": "1", "icon-offset": "[32,64]", "icon-offset-units": "[\"pixels\",\"insetPixels\"]", "icon": "https://www.gstatic.com/mapspro/images/stock/503-wht-blank_maps.png", "descripción": "Descripción: HOTZ JUAN E HIJOS\nVENTA ART  HOGAR Y NEUMATICOS\nCASALINS 667, Chascomús, Buenos Aires\nBarrio: VILLA LUJAN\nPadrón: A4- 0027\nEstado: VIGENTE\nNOMBRE / COMERCIO: HOTZ JUAN E HIJOS\nCUIT: 30-70772732-9\nCONTACTO: 2241408483\nCATEGORÍA FISCAL: SA\nDIRECCIÓN: CASALINS 667, Chascomús, Buenos Aires\nBARRIO: VILLA LUJAN\nRUBRO: VENTA ART  HOGAR Y NEUMATICOS\nRUBRO NORMALIZADO: VENTA ART  HOGAR Y NEUMATICOS\nCATEGORIA: OTROS SERVICIOS\nPADRÓN N°: A4- 0027\nINSPECTOR/A: SOFIA- IRMA\nÚLTIMA VISITA: 2026-02-02\nVENC. HABILITACIÓN: 2028-06-05\nESTADO: VIGENTE\nOBSERVACIONES:", "NOMBRE / COMERCIO": "HOTZ JUAN E HIJOS", "CUIT": "30-70772732-9", "CONTACTO": "2241408483", "CATEGORÍA FISCAL": "SA", "DIRECCIÓN": "CASALINS 667", "BARRIO": "VILLA LUJAN", "RUBRO": "VENTA ART  HOGAR Y NEUMATICOS", "CATEGORIA": "OTROS SERVICIOS", "PADRÓN N°": "A4- 0027", "INSPECTOR/A": "SOFIA- IRMA", "ÚLTIMA VISITA": "2026-02-02", "VENC. HABILITACIÓN": "05/06/2028", "ESTADO": "VIGENTE", "OBSERVACIONES": "", "COORDENADAS": "", "Descripción": "HOTZ JUAN E HIJOS\nVENTA ART  HOGAR Y NEUMATICOS\nCASALINS 667, Chascomús, Buenos Aires\nBarrio: VILLA LUJAN\nPadrón: A4- 0027\nEstado: VIGENTE", "RUBRO NORMALIZADO": "VENTA ART  HOGAR Y NEUMATICOS"}}, {"type": "Feature", "geometry": {"type": "Point", "coordinates": [-58.014932, -35.563451, 0]}, "properties": {"name": "VENTA  ACCESORIOS Y REP DEL AUTOM", "description": {"@type": "html", "value": "descripción: <br>styleUrl: #icon-1899-BDBDBD<br>NOMBRE / COMERCIO: MARTINEZ JOSE DANIEL<br>CUIT: 20-31836578-5<br>CONTACTO: 2241546463<br>CATEGORÍA FISCAL: MONOTRIBUTISTA C<br>DIRECCIÓN: ALVEAR 735<br>BARRIO: JARDIN<br>RUBRO: VENTA  ACCESORIOS Y REP DEL AUTOM<br>CATEGORIA: AUTOMOTOR<br>PADRÓN N°: A3-2417<br>INSPECTOR/A: <br>ÚLTIMA VISITA: <br>VENC. HABILITACIÓN: 10/06/2026<br>ESTADO: VENCIDA<br>OBSERVACIONES: SUJETA A CANC DE INMUEBLE<br>COORDENADAS: -35.5634512, -58.01493199999999<br>icon-opacity: <br>icon-color: <br>icon-scale: <br>icon-offset: <br>icon-offset-units: <br>icon: <br>Descripción: <br>RUBRO NORMALIZADO: "}, "styleUrl": "#icon-1899-BDBDBD", "label-scale": 0, "icon-opacity": "", "icon-color": "", "icon-scale": "", "icon-offset": "", "icon-offset-units": "", "icon": "", "descripción": "", "NOMBRE / COMERCIO": "MARTINEZ JOSE DANIEL", "CUIT": "20-31836578-5", "CONTACTO": "2241546463", "CATEGORÍA FISCAL": "MONOTRIBUTISTA C", "DIRECCIÓN": "ALVEAR 735", "BARRIO": "JARDIN", "RUBRO": "VENTA  ACCESORIOS Y REP DEL AUTOM", "CATEGORIA": "AUTOMOTOR", "PADRÓN N°": "A3-2417", "INSPECTOR/A": "", "ÚLTIMA VISITA": "", "VENC. HABILITACIÓN": "10/06/2026", "ESTADO": "VENCIDA", "OBSERVACIONES": "SUJETA A CANC DE INMUEBLE", "COORDENADAS": "-35.5634512, -58.01493199999999", "Descripción": "", "RUBRO NORMALIZADO": ""}}, {"type": "Feature", "geometry": {"type": "Point", "coordinates": [-58.015399, -35.553462, 0]}, "properties": {"name": "TALLER  MECANICO", "description": {"@type": "html", "value": "descripción: <br>styleUrl: #icon-1899-BDBDBD<br>NOMBRE / COMERCIO: ANTONOW GUILLERMO A<br>CUIT: 20255139194<br>CONTACTO: 1136864395<br>CATEGORÍA FISCAL: MONOTRIBUTISTA G<br>DIRECCIÓN: HUDSON 119<br>BARRIO: COMI PINI<br>RUBRO: TALLER  MECANICO<br>CATEGORIA: AUTOMOTOR<br>PADRÓN N°: A3-3911<br>INSPECTOR/A: SOFIA- IRMA<br>ÚLTIMA VISITA: 2026-01-07<br>VENC. HABILITACIÓN: 22/05/2028<br>ESTADO: VIGENTE<br>OBSERVACIONES: <br>COORDENADAS: -35.55346189999999, -58.0153993<br>icon-opacity: <br>icon-color: <br>icon-scale: <br>icon-offset: <br>icon-offset-units: <br>icon: <br>Descripción: <br>RUBRO NORMALIZADO: "}, "styleUrl": "#icon-1899-BDBDBD", "label-scale": 0, "icon-opacity": "", "icon-color": "", "icon-scale": "", "icon-offset": "", "icon-offset-units": "", "icon": "", "descripción": "", "NOMBRE / COMERCIO": "ANTONOW GUILLERMO A", "CUIT": "20255139194", "CONTACTO": "1136864395", "CATEGORÍA FISCAL": "MONOTRIBUTISTA G", "DIRECCIÓN": "HUDSON 119", "BARRIO": "COMI PINI", "RUBRO": "TALLER  MECANICO", "CATEGORIA": "AUTOMOTOR", "PADRÓN N°": "A3-3911", "INSPECTOR/A": "SOFIA- IRMA", "ÚLTIMA VISITA": "2026-01-07", "VENC. HABILITACIÓN": "22/05/2028", "ESTADO": "VIGENTE", "OBSERVACIONES": "", "COORDENADAS": "-35.55346189999999, -58.0153993", "Descripción": "", "RUBRO NORMALIZADO": ""}}, {"type": "Feature", "geometry": {"type": "Point", "coordinates": [-58.002902, -35.572692, 0]}, "properties": {"name": "TALLER  MECANICO", "description": {"@type": "html", "value": "descripción: <br>styleUrl: #icon-1899-BDBDBD<br>NOMBRE / COMERCIO: GIACOBONE FLAVIO ERNESTO<br>CUIT: 20-14852209-0<br>CONTACTO: <br>CATEGORÍA FISCAL: MONOTRIBUTISTA C<br>DIRECCIÓN: RICO 178<br>BARRIO: EL HUECO<br>RUBRO: TALLER  MECANICO<br>CATEGORIA: AUTOMOTOR<br>PADRÓN N°: A3-3492<br>INSPECTOR/A: YANINA<br>ÚLTIMA VISITA: 2025-06-27<br>VENC. HABILITACIÓN: 2017.0<br>ESTADO: VIGENTE<br>OBSERVACIONES: IGUAL ACTA ANTERIOR-SE DA PLAZO<br>COORDENADAS: -35.5726924, -58.0029024<br>icon-opacity: <br>icon-color: <br>icon-scale: <br>icon-offset: <br>icon-offset-units: <br>icon: <br>Descripción: <br>RUBRO NORMALIZADO: "}, "styleUrl": "#icon-1899-BDBDBD", "label-scale": 0, "icon-opacity": "", "icon-color": "", "icon-scale": "", "icon-offset": "", "icon-offset-units": "", "icon": "", "descripción": "", "NOMBRE / COMERCIO": "GIACOBONE FLAVIO ERNESTO", "CUIT": "20-14852209-0", "CONTACTO": "2241680111", "CATEGORÍA FISCAL": "MONOTRIBUTISTA C", "DIRECCIÓN": "RICO 178", "BARRIO": "EL HUECO", "RUBRO": "TALLER  MECANICO", "CATEGORIA": "AUTOMOTOR", "PADRÓN N°": "A3-3492", "INSPECTOR/A": "YANINA", "ÚLTIMA VISITA": "2025-06-27", "VENC. HABILITACIÓN": "2017.0", "ESTADO": "VIGENTE", "OBSERVACIONES": "IGUAL ACTA ANTERIOR-SE DA PLAZO", "COORDENADAS": "-35.5726924, -58.0029024", "Descripción": "", "RUBRO NORMALIZADO": ""}}, {"type": "Feature", "geometry": {"type": "Point", "coordinates": [-58.009937, -35.571201, 0]}, "properties": {"name": "RPTOS P/ AUTOS", "description": {"@type": "html", "value": "descripción: <br>styleUrl: #icon-1899-BDBDBD<br>NOMBRE / COMERCIO: LH REPUESTOS SOC<br>CUIT: 30712164049<br>CONTACTO: <br>CATEGORÍA FISCAL: SS<br>DIRECCIÓN: YRIGOYEN Y MAZZINI<br>BARRIO: CENTRO<br>RUBRO: RPTOS P/ AUTOS<br>CATEGORIA: AUTOMOTOR<br>PADRÓN N°: A3-2750<br>INSPECTOR/A: SOFIA- IRMA<br>ÚLTIMA VISITA: 2025-12-09<br>VENC. HABILITACIÓN: 02/07/2027<br>ESTADO: VIGENTE<br>OBSERVACIONES: POSEE HABILITACION VIGENTE CON FECHA VTO 02/07/27<br>COORDENADAS: -35.5712012, -58.0099373<br>icon-opacity: <br>icon-color: <br>icon-scale: <br>icon-offset: <br>icon-offset-units: <br>icon: <br>Descripción: <br>RUBRO NORMALIZADO: "}, "styleUrl": "#icon-1899-BDBDBD", "label-scale": 0, "icon-opacity": "", "icon-color": "", "icon-scale": "", "icon-offset": "", "icon-offset-units": "", "icon": "", "descripción": "", "NOMBRE / COMERCIO": "LH REPUESTOS SOC", "CUIT": "30712164049", "CONTACTO": "2241536585", "CATEGORÍA FISCAL": "SS", "DIRECCIÓN": "YRIGOYEN Y MAZZINI", "BARRIO": "CENTRO", "RUBRO": "RPTOS P/ AUTOS", "CATEGORIA": "AUTOMOTOR", "PADRÓN N°": "A3-2750", "INSPECTOR/A": "SOFIA- IRMA", "ÚLTIMA VISITA": "2025-12-09", "VENC. HABILITACIÓN": "02/07/2027", "ESTADO": "VIGENTE", "OBSERVACIONES": "POSEE HABILITACION VIGENTE CON FECHA VTO 02/07/27", "COORDENADAS": "-35.5712012, -58.0099373", "Descripción": "", "RUBRO NORMALIZADO": ""}}, {"type": "Feature", "geometry": {"type": "Point", "coordinates": [-58.018015, -35.556755, 0]}, "properties": {"name": "CONS AUTO", "description": {"@type": "html", "value": "descripción: <br>styleUrl: #icon-1899-BDBDBD<br>NOMBRE / COMERCIO: FANTINATO S.A<br>CUIT: 30-51699156-5<br>CONTACTO: 2241542247<br>CATEGORÍA FISCAL: SA<br>DIRECCIÓN: JUAN MANUEL ROSAS 1127<br>BARRIO: EL OBISPADO<br>RUBRO: CONS AUTO<br>CATEGORIA: AUTOMOTOR<br>PADRÓN N°: A5-0053<br>INSPECTOR/A: SOFIA- IRMA<br>ÚLTIMA VISITA: 2025-10-01<br>VENC. HABILITACIÓN: 06/10/2028<br>ESTADO: VIGENTE<br>OBSERVACIONES: AL MOMENTO DE LA INSPECCION POSEE EQUIPO N° 935578 CON VTO 9/29 PH 9/29, N°989937 VTO 9/26 PH 9/26, TIENE DOS MAS EN RECARGA QUE LLEGAN EL 1/10. N° 27360 VTO 9/26 PH 9/27. SE FIMA APTO<br>COORDENADAS: -35.5567551, -58.0180149<br>icon-opacity: <br>icon-color: <br>icon-scale: <br>icon-offset: <br>icon-offset-units: <br>icon: <br>Descripción: <br>RUBRO NORMALIZADO: "}, "styleUrl": "#icon-1899-BDBDBD", "label-scale": 0, "icon-opacity": "", "icon-color": "", "icon-scale": "", "icon-offset": "", "icon-offset-units": "", "icon": "", "descripción": "", "NOMBRE / COMERCIO": "FANTINATO S.A", "CUIT": "30-51699156-5", "CONTACTO": "2241542247", "CATEGORÍA FISCAL": "SA", "DIRECCIÓN": "JUAN MANUEL ROSAS 1127", "BARRIO": "EL OBISPADO", "RUBRO": "CONS AUTO", "CATEGORIA": "AUTOMOTOR", "PADRÓN N°": "A5-0053", "INSPECTOR/A": "SOFIA- IRMA", "ÚLTIMA VISITA": "2025-10-01", "VENC. HABILITACIÓN": "06/10/2028", "ESTADO": "VIGENTE", "OBSERVACIONES": "AL MOMENTO DE LA INSPECCION POSEE EQUIPO N° 935578 CON VTO 9/29 PH 9/29, N°989937 VTO 9/26 PH 9/26, TIENE DOS MAS EN RECARGA QUE LLEGAN EL 1/10. N° 27360 VTO 9/26 PH 9/27. SE FIMA APTO", "COORDENADAS": "-35.5567551, -58.0180149", "Descripción": "", "RUBRO NORMALIZADO": ""}}, {"type": "Feature", "geometry": {"type": "Point", "coordinates": [-58.016912, -35.564656, 0]}, "properties": {"name": "CONS AUTO", "description": {"@type": "html", "value": "descripción: <br>styleUrl: #icon-1899-BDBDBD<br>NOMBRE / COMERCIO: AUTOMOTORES DEL SUR<br>CUIT: 30-52321481-7<br>CONTACTO: 2241421420<br>CATEGORÍA FISCAL: SA<br>DIRECCIÓN: JUAN MANUEL ROSAS 709<br>BARRIO: EL OBISPADO<br>RUBRO: CONS AUTO<br>CATEGORIA: AUTOMOTOR<br>PADRÓN N°: A5-0025<br>INSPECTOR/A: SOFIA- IRMA<br>ÚLTIMA VISITA: 2025-08-06<br>VENC. HABILITACIÓN: 10/03/2027<br>ESTADO: VIGENTE<br>OBSERVACIONES: POSEE HABILITACION COMERCIAL PROVISORIA 15/3/26<br>COORDENADAS: -35.5646561, -58.0169119<br>icon-opacity: <br>icon-color: <br>icon-scale: <br>icon-offset: <br>icon-offset-units: <br>icon: <br>Descripción: <br>RUBRO NORMALIZADO: "}, "styleUrl": "#icon-1899-BDBDBD", "label-scale": 0, "icon-opacity": "", "icon-color": "", "icon-scale": "", "icon-offset": "", "icon-offset-units": "", "icon": "", "descripción": "", "NOMBRE / COMERCIO": "AUTOMOTORES DEL SUR", "CUIT": "30-52321481-7", "CONTACTO": "2241421420", "CATEGORÍA FISCAL": "SA", "DIRECCIÓN": "JUAN MANUEL ROSAS 709", "BARRIO": "EL OBISPADO", "RUBRO": "CONS AUTO", "CATEGORIA": "AUTOMOTOR", "PADRÓN N°": "A5-0025", "INSPECTOR/A": "SOFIA- IRMA", "ÚLTIMA VISITA": "2025-08-06", "VENC. HABILITACIÓN": "10/03/2027", "ESTADO": "VIGENTE", "OBSERVACIONES": "POSEE HABILITACION COMERCIAL PROVISORIA 15/3/26", "COORDENADAS": "-35.5646561, -58.0169119", "Descripción": "", "RUBRO NORMALIZADO": ""}}]}