{"type":"FeatureCollection","features":[{"type":"Feature","geometry":{"type":"Point","coordinates":[-58.013851,-35.554742,0]},"properties":{"name":"PANADERIA","description":{"@type":"html","value":"descripción: <br>styleUrl: #icon-1899-880E4F<br>NOMBRE / COMERCIO: ROMERO MARCELO<br>CUIT: 23217129079<br>CONTACTO: 2241533843<br>CATEGORÍA FISCAL: MONOTRIBUTISTA E<br>DIRECCIÓN: CASALINS 1228<br>BARRIO: ACCESO NORTE<br>RUBRO: PANADERIA<br>CATEGORIA: ALIMENTACIÓN<br>PADRÓN N°: A3-2924<br>INSPECTOR/A: SOFIA- IRMA<br>ÚLTIMA VISITA: 2026-02-12<br>VENC. HABILITACIÓN: 10/10/2026<br>ESTADO: VIGENTE<br>OBSERVACIONES: <br>COORDENADAS: -35.554742, -58.0138506"},"styleUrl":"#icon-1899-880E4F","label-scale":0,"icon-opacity":1,"icon-color":"#7cb342","icon-scale":1,"icon-offset":[32,64],"icon-offset-units":["pixels","insetPixels"],"icon":"https://www.gstatic.com/mapspro/images/stock/503-wht-blank_maps.png","descripción":"","NOMBRE / COMERCIO":"ROMERO MARCELO","CUIT":"23217129079","CONTACTO":"2241533843","CATEGORÍA FISCAL":"MONOTRIBUTISTA E","DIRECCIÓN":"CASALINS 1228","BARRIO":"ACCESO NORTE","RUBRO":"PANADERIA","CATEGORIA":"ALIMENTACIÓN","PADRÓN N°":"A3-2924","INSPECTOR/A":"SOFIA- IRMA","ÚLTIMA VISITA":"2026-02-12","VENC. HABILITACIÓN":"10/10/2026","ESTADO":"VIGENTE","OBSERVACIONES":"","COORDENADAS":"-35.554742, -58.0138506"}},{"type":"Feature","geometry":{"type":"Point","coordinates":[-58.012229,-35.561031,0]},"properties":{"name":"ROTISERIA","description":{"@type":"html","value":"descripción: <br>styleUrl: #icon-1899-E65100<br>NOMBRE / COMERCIO: CASTRO PATRICIA ALEJANDRA<br>CUIT: 27-16178504-6<br>CONTACTO: 2241576863<br>CATEGORÍA FISCAL: MONOTRIBUTISTA A<br>DIRECCIÓN: HIPÓLITO YRIGOYEN 852<br>BARRIO: JARDIN<br>RUBRO: ROTISERIA<br>CATEGORIA: ALIMENTACIÓN<br>PADRÓN N°: A3-4493<br>INSPECTOR/A: SOFIA- IRMA<br>ÚLTIMA VISITA: 2026-01-20<br>VENC. HABILITACIÓN: 15/10/2026<br>ESTADO: VIGENTE<br>OBSERVACIONES: <br>COORDENADAS: -35.561031, -58.012229"},"styleUrl":"#icon-1899-E65100","label-scale":0,"icon-opacity":1,"icon-color":"#7cb342","icon-scale":1,"icon-offset":[32,64],"icon-offset-units":["pixels","insetPixels"],"icon":"https://www.gstatic.com/mapspro/images/stock/503-wht-blank_maps.png","descripción":"","NOMBRE / COMERCIO":"CASTRO PATRICIA ALEJANDRA","CUIT":"27-16178504-6","CONTACTO":"2241576863","CATEGORÍA FISCAL":"MONOTRIBUTISTA A","DIRECCIÓN":"HIPÓLITO YRIGOYEN 852","BARRIO":"JARDIN","RUBRO":"ROTISERIA","CATEGORIA":"ALIMENTACIÓN","PADRÓN N°":"A3-4493","INSPECTOR/A":"SOFIA- IRMA","ÚLTIMA VISITA":"2026-01-20","VENC. HABILITACIÓN":"15/10/2026","ESTADO":"VIGENTE","OBSERVACIONES":"","COORDENADAS":"-35.561031, -58.012229"}},{"type":"Feature","geometry":{"type":"Point","coordinates":[-58.011844,-35.563035,0]},"properties":{"name":"PANADERIA","description":{"@type":"html","value":"descripción: <br>styleUrl: #icon-1899-880E4F<br>NOMBRE / COMERCIO: LUIS EDITH ELIZABETH<br>CUIT: 27-13613764-1<br>CONTACTO: 2241697355<br>CATEGORÍA FISCAL: MONOTRIBUTISTA D<br>DIRECCIÓN: HIPÓLITO YRIGOYEN 7413<br>BARRIO: BARRIO JARDIN<br>RUBRO: PANADERIA<br>CATEGORIA: ALIMENTACIÓN<br>PADRÓN N°: A3-3485<br>INSPECTOR/A: YANINA<br>ÚLTIMA VISITA: 2026-02-11<br>VENC. HABILITACIÓN: 20/01/2027<br>ESTADO: VIGENTE<br>OBSERVACIONES: APTO EN MEDIDAS DE SEG<br>COORDENADAS: -35.5630353, -58.0118445"},"styleUrl":"#icon-1899-880E4F","label-scale":0,"icon-opacity":1,"icon-color":"#7cb342","icon-scale":1,"icon-offset":[32,64],"icon-offset-units":["pixels","insetPixels"],"icon":"https://www.gstatic.com/mapspro/images/stock/503-wht-blank_maps.png","descripción":"","NOMBRE / COMERCIO":"LUIS EDITH ELIZABETH","CUIT":"27-13613764-1","CONTACTO":"2241697355","CATEGORÍA FISCAL":"MONOTRIBUTISTA D","DIRECCIÓN":"HIPÓLITO YRIGOYEN 7413","BARRIO":"BARRIO JARDIN","RUBRO":"PANADERIA","CATEGORIA":"ALIMENTACIÓN","PADRÓN N°":"A3-3485","INSPECTOR/A":"YANINA","ÚLTIMA VISITA":"2026-02-11","VENC. HABILITACIÓN":"20/01/2027","ESTADO":"VIGENTE","OBSERVACIONES":"APTO EN MEDIDAS DE SEG","COORDENADAS":"-35.5630353, -58.0118445"}},{"type":"Feature","geometry":{"type":"Point","coordinates":[-58.016603,-35.568384,0]},"properties":{"name":"HELADERIA","description":{"@type":"html","value":"descripción: <br>styleUrl: #icon-1899-BDBDBD<br>NOMBRE / COMERCIO: ACRI VIVIANA ELIZABETH<br>CUIT: 23-25292782-4<br>CONTACTO: 2241455069<br>CATEGORÍA FISCAL: MONOTRIBUTISTA B<br>DIRECCIÓN: ESCRIBANO 393<br>BARRIO: CENTRO<br>RUBRO: HELADERIA<br>CATEGORIA: ALIMENTACIÓN<br>PADRÓN N°: A3 4161<br>INSPECTOR/A: SOFIA- IRMA<br>ÚLTIMA VISITA: 2026-05-19<br>VENC. HABILITACIÓN: <br>ESTADO: SIN DATOS<br>OBSERVACIONES: <br>COORDENADAS: -35.5683835, -58.0166031"},"styleUrl":"#icon-1899-BDBDBD","descripción":"","NOMBRE / COMERCIO":"ACRI VIVIANA ELIZABETH","CUIT":"23-25292782-4","CONTACTO":"2241455069","CATEGORÍA FISCAL":"MONOTRIBUTISTA B","DIRECCIÓN":"ESCRIBANO 393","BARRIO":"CENTRO","RUBRO":"HELADERIA","CATEGORIA":"ALIMENTACIÓN","PADRÓN N°":"A3 4161","INSPECTOR/A":"SOFIA- IRMA","ÚLTIMA VISITA":"2026-05-19","VENC. HABILITACIÓN":"2024-12-28","ESTADO":"SIN DATOS","OBSERVACIONES":"","COORDENADAS":"-35.5683835, -58.0166031"}},{"type":"Feature","geometry":{"type":"Point","coordinates":[-58.012291,-35.577729,0]},"properties":{"name":"CAFETERIA","description":{"@type":"html","value":"descripción: <br>styleUrl: #icon-1899-BDBDBD<br>NOMBRE / COMERCIO: APAOLAZA J CRUZ<br>CUIT: 20-34123516-3<br>CONTACTO: 2241505979<br>CATEGORÍA FISCAL: RESPONSABLE INSCRIPTO<br>DIRECCIÓN: LASTRA 272<br>BARRIO: CENTRO<br>RUBRO: CAFETERIA<br>CATEGORIA: ALIMENTACIÓN<br>PADRÓN N°: A3-4303<br>INSPECTOR/A: SOFIA- IRMA<br>ÚLTIMA VISITA: 2025-12-21<br>VENC. HABILITACIÓN: 15/08/2024<br>ESTADO: VENCIDA<br>OBSERVACIONES: DEBE REGULARIZAR HABILITACION<br>COORDENADAS: -35.5777293, -58.01229110000001"},"styleUrl":"#icon-1899-BDBDBD","label-scale":0,"icon-opacity":1,"icon-color":"#a52714","icon-scale":1,"icon-offset":[32,64],"icon-offset-units":["pixels","insetPixels"],"icon":"https://www.gstatic.com/mapspro/images/stock/503-wht-blank_maps.png","descripción":"","NOMBRE / COMERCIO":"APAOLAZA J CRUZ","CUIT":"20-34123516-3","CONTACTO":"2241505979","CATEGORÍA FISCAL":"RESPONSABLE INSCRIPTO","DIRECCIÓN":"LASTRA 272","BARRIO":"CENTRO","RUBRO":"CAFETERIA","CATEGORIA":"ALIMENTACIÓN","PADRÓN N°":"A3-4303","INSPECTOR/A":"SOFIA- IRMA","ÚLTIMA VISITA":"2025-12-21","VENC. HABILITACIÓN":"15/08/2024","ESTADO":"VENCIDA","OBSERVACIONES":"DEBE REGULARIZAR HABILITACION","COORDENADAS":"-35.5777293, -58.01229110000001"}},{"type":"Feature","geometry":{"type":"Point","coordinates":[-58.011229,-35.569835,0]},"properties":{"name":"PIZZERIA","description":{"@type":"html","value":"descripción: <br>styleUrl: #icon-1899-BDBDBD<br>NOMBRE / COMERCIO: ARROYO CINTIA<br>CUIT: 27-30827708-4<br>CONTACTO: 2241577463<br>CATEGORÍA FISCAL: NO REGISTRA IMPUESTOS ACTIVOS<br>DIRECCIÓN: CASALINS 398<br>BARRIO: CENTRO<br>RUBRO: PIZZERIA<br>CATEGORIA: ALIMENTACIÓN<br>PADRÓN N°: A3-3114<br>INSPECTOR/A: SOFIA- IRMA<br>ÚLTIMA VISITA: 2026-05-27<br>VENC. HABILITACIÓN: 07/10/2023<br>ESTADO: VENCIDA<br>OBSERVACIONES: <br>COORDENADAS: -35.569835, -58.0112294"},"styleUrl":"#icon-1899-BDBDBD","label-scale":0,"icon-opacity":1,"icon-color":"#a52714","icon-scale":1,"icon-offset":[32,64],"icon-offset-units":["pixels","insetPixels"],"icon":"https://www.gstatic.com/mapspro/images/stock/503-wht-blank_maps.png","descripción":"","NOMBRE / COMERCIO":"ARROYO CINTIA","CUIT":"27-30827708-4","CONTACTO":"2241577463","CATEGORÍA FISCAL":"NO REGISTRA IMPUESTOS ACTIVOS","DIRECCIÓN":"CASALINS 398","BARRIO":"CENTRO","RUBRO":"PIZZERIA","CATEGORIA":"ALIMENTACIÓN","PADRÓN N°":"A3-3114","INSPECTOR/A":"SOFIA- IRMA","ÚLTIMA VISITA":"2026-05-27","VENC. HABILITACIÓN":"07/10/2023","ESTADO":"VENCIDA","OBSERVACIONES":"","COORDENADAS":"-35.569835, -58.0112294"}},{"type":"Feature","geometry":{"type":"Point","coordinates":[-58.01316,-35.580248,0]},"properties":{"name":"ROTISERIA","description":{"@type":"html","value":"descripción: <br>styleUrl: #icon-1899-E65100<br>NOMBRE / COMERCIO: BATISACCHI MA.LAURA<br>CUIT: 27-23967741-5<br>CONTACTO: 2241456325<br>CATEGORÍA FISCAL: MONOTRIBUTISTA F<br>DIRECCIÓN: MITRE<br>BARRIO: CENTRO<br>RUBRO: ROTISERIA<br>CATEGORIA: ALIMENTACIÓN<br>PADRÓN N°: A3-2578<br>INSPECTOR/A: YANINA<br>ÚLTIMA VISITA: 2025-08-28<br>VENC. HABILITACIÓN: 30/04/2027<br>ESTADO: VIGENTE<br>OBSERVACIONES: QUEDA SUJETO A PROXIMAS INSPECCIONES<br>COORDENADAS: -35.5802477, -58.0131602"},"styleUrl":"#icon-1899-E65100","label-scale":0,"icon-opacity":1,"icon-color":"#7cb342","icon-scale":1,"icon-offset":[32,64],"icon-offset-units":["pixels","insetPixels"],"icon":"https://www.gstatic.com/mapspro/images/stock/503-wht-blank_maps.png","descripción":"","NOMBRE / COMERCIO":"BATISACCHI MA.LAURA","CUIT":"27-23967741-5","CONTACTO":"2241456325","CATEGORÍA FISCAL":"MONOTRIBUTISTA F","DIRECCIÓN":"MITRE","BARRIO":"CENTRO","RUBRO":"ROTISERIA","CATEGORIA":"ALIMENTACIÓN","PADRÓN N°":"A3-2578","INSPECTOR/A":"YANINA","ÚLTIMA VISITA":"2025-08-28","VENC. HABILITACIÓN":"30/04/2027","ESTADO":"VIGENTE","OBSERVACIONES":"QUEDA SUJETO A PROXIMAS INSPECCIONES","COORDENADAS":"-35.5802477, -58.0131602"}},{"type":"Feature","geometry":{"type":"Point","coordinates":[-58.014287,-35.577491,0]},"properties":{"name":"HELADERIA CAFETERIA","description":{"@type":"html","value":"descripción: <br>styleUrl: #icon-1899-BDBDBD<br>NOMBRE / COMERCIO: BENIGNI GASTON ARIEL<br>CUIT: 20-25313380-6<br>CONTACTO: 2227419125<br>CATEGORÍA FISCAL: RESPONSABLE INSCRIPTO<br>DIRECCIÓN: BELGRANO 7<br>BARRIO: CENTRO<br>RUBRO: HELADERIA CAFETERIA<br>CATEGORIA: ALIMENTACIÓN<br>PADRÓN N°: A5-0775<br>INSPECTOR/A: SOFIA- IRMA<br>ÚLTIMA VISITA: 2025-10-30<br>VENC. HABILITACIÓN: 17/09/2027<br>ESTADO: VIGENTE<br>OBSERVACIONES: REBA C1  VTO 22/9/26, CERTIFICADO DE GFUMIGACION VIFENTE, EQUIPO N°168153 9/26 PH 9/29, N°167877 09/26 PH 9/29<br>COORDENADAS: -35.5774909, -58.01428720000001"},"styleUrl":"#icon-1899-BDBDBD","label-scale":0,"icon-opacity":1,"icon-color":"#7cb342","icon-scale":1,"icon-offset":[32,64],"icon-offset-units":["pixels","insetPixels"],"icon":"https://www.gstatic.com/mapspro/images/stock/503-wht-blank_maps.png","descripción":"","NOMBRE / COMERCIO":"BENIGNI GASTON ARIEL","CUIT":"20-25313380-6","CONTACTO":"2227419125","CATEGORÍA FISCAL":"RESPONSABLE INSCRIPTO","DIRECCIÓN":"BELGRANO 7","BARRIO":"CENTRO","RUBRO":"HELADERIA CAFETERIA","CATEGORIA":"ALIMENTACIÓN","PADRÓN N°":"A5-0775","INSPECTOR/A":"SOFIA- IRMA","ÚLTIMA VISITA":"2025-10-30","VENC. HABILITACIÓN":"17/09/2027","ESTADO":"VIGENTE","OBSERVACIONES":"REBA C1  VTO 22/9/26, CERTIFICADO DE GFUMIGACION VIFENTE, EQUIPO N°168153 9/26 PH 9/29, N°167877 09/26 PH 9/29","COORDENADAS":"-35.5774909, -58.01428720000001"}},{"type":"Feature","geometry":{"type":"Point","coordinates":[-58.013289,-35.574652,0]},"properties":{"name":"ROTISERIA.AMPL RUBRO P PANDAD","description":{"@type":"html","value":"descripción: <br>styleUrl: #icon-1899-BDBDBD<br>NOMBRE / COMERCIO: BORTOLUZZI FERNANDO FABIAN<br>CUIT: 20-21672299-0<br>CONTACTO: 426479<br>CATEGORÍA FISCAL: RESPONSABLE INSCRIPTO<br>DIRECCIÓN: REMEDIOS DE ESCALADA 155<br>BARRIO: CENTRO<br>RUBRO: ROTISERIA.AMPL RUBRO P PANDAD<br>CATEGORIA: ALIMENTACIÓN<br>PADRÓN N°: A3-3266<br>INSPECTOR/A: SOFIA- IRMA<br>ÚLTIMA VISITA: 2026-06-01<br>VENC. HABILITACIÓN: 15/09/2026<br>ESTADO: VIGENTE<br>OBSERVACIONES: <br>COORDENADAS: -35.5746525, -58.0132888"},"styleUrl":"#icon-1899-BDBDBD","label-scale":0,"icon-opacity":1,"icon-color":"#7cb342","icon-scale":1,"icon-offset":[32,64],"icon-offset-units":["pixels","insetPixels"],"icon":"https://www.gstatic.com/mapspro/images/stock/503-wht-blank_maps.png","descripción":"","NOMBRE / COMERCIO":"BORTOLUZZI FERNANDO FABIAN","CUIT":"20-21672299-0","CONTACTO":"426479","CATEGORÍA FISCAL":"RESPONSABLE INSCRIPTO","DIRECCIÓN":"REMEDIOS DE ESCALADA 155","BARRIO":"CENTRO","RUBRO":"ROTISERIA.AMPL RUBRO P PANDAD","CATEGORIA":"ALIMENTACIÓN","PADRÓN N°":"A3-3266","INSPECTOR/A":"SOFIA- IRMA","ÚLTIMA VISITA":"2026-06-01","VENC. HABILITACIÓN":"15/09/2026","ESTADO":"VIGENTE","OBSERVACIONES":"POSEE HABILITACION VIGENTE 15/12/25","COORDENADAS":"-35.5746525, -58.0132888"}},{"type":"Feature","geometry":{"type":"Point","coordinates":[-58.016603,-35.568384,0]},"properties":{"name":"DESPACHO PANADERIA","description":{"@type":"html","value":"descripción: <br>styleUrl: #icon-1899-BDBDBD<br>NOMBRE / COMERCIO: CANTERO MAIDANA ALBA<br>CUIT: 27-94152546-1<br>CONTACTO: 2241461288<br>CATEGORÍA FISCAL: RESPONSABLE INSCRIPTO<br>DIRECCIÓN: ESCRIBANO 399<br>BARRIO: CENTRO<br>RUBRO: DESPACHO PANADERIA<br>CATEGORIA: ALIMENTACIÓN<br>PADRÓN N°: A3-4187<br>INSPECTOR/A: SOFIA- IRMA<br>ÚLTIMA VISITA: 2025-12-04<br>VENC. HABILITACIÓN: <br>ESTADO: SIN DATOS<br>OBSERVACIONES: POSEE REBA B1 VTO 30/7/26. EQUIPO N°10966 VTO 5/26 PH 5/30<br>COORDENADAS: -35.5683835, -58.0166031"},"styleUrl":"#icon-1899-BDBDBD","descripción":"","NOMBRE / COMERCIO":"CANTERO MAIDANA ALBA","CUIT":"27-94152546-1","CONTACTO":"2241461288","CATEGORÍA FISCAL":"RESPONSABLE INSCRIPTO","DIRECCIÓN":"ESCRIBANO 399","BARRIO":"CENTRO","RUBRO":"DESPACHO PANADERIA","CATEGORIA":"ALIMENTACIÓN","PADRÓN N°":"A3-4187","INSPECTOR/A":"SOFIA- IRMA","ÚLTIMA VISITA":"2025-12-04","VENC. HABILITACIÓN":"2025-08-01","ESTADO":"SIN DATOS","OBSERVACIONES":"POSEE REBA B1 VTO 30/7/26. EQUIPO N°10966 VTO 5/26 PH 5/30","COORDENADAS":"-35.5683835, -58.0166031"}},{"type":"Feature","geometry":{"type":"Point","coordinates":[-58.014264,-35.579271,0]},"properties":{"name":"BUFFET","description":{"@type":"html","value":"descripción: <br>styleUrl: #icon-1899-BDBDBD<br>NOMBRE / COMERCIO: CLUB PELOTA /VANINETTI STELLA<br>CUIT: 27-14517091-0<br>CONTACTO: 2241571359<br>CATEGORÍA FISCAL: MONOTRIBUTISTA A<br>DIRECCIÓN: SARMIENTO 100, Chascomús, Buenos Aires<br>BARRIO: CENTRO<br>RUBRO: BUFFET<br>CATEGORIA: ALIMENTACIÓN<br>PADRÓN N°: A5-0608<br>INSPECTOR/A: SOFIA- IRMA<br>ÚLTIMA VISITA: 2025-11-18<br>VENC. HABILITACIÓN: 2026-02-15<br>ESTADO: VENCIDA<br>OBSERVACIONES: REBA C 1 VTO 25/8/26 EQUIPO N° 088778 VTO  7/26 PH 7/28<br>COORDENADAS: -35.579271, -58.0142643"},"styleUrl":"#icon-1899-BDBDBD","label-scale":0,"icon-opacity":1,"icon-color":"#a52714","icon-scale":1,"icon-offset":[32,64],"icon-offset-units":["pixels","insetPixels"],"icon":"https://www.gstatic.com/mapspro/images/stock/503-wht-blank_maps.png","descripción":"","NOMBRE / COMERCIO":"CLUB PELOTA /VANINETTI STELLA","CUIT":"27-14517091-0","CONTACTO":"2241571359","CATEGORÍA FISCAL":"MONOTRIBUTISTA A","DIRECCIÓN":"SARMIENTO 100, Chascomús, Buenos Aires","BARRIO":"CENTRO","RUBRO":"BUFFET","CATEGORIA":"ALIMENTACIÓN","PADRÓN N°":"A5-0608","INSPECTOR/A":"SOFIA- IRMA","ÚLTIMA VISITA":"2025-11-18","VENC. HABILITACIÓN":"2026-02-15","ESTADO":"VENCIDA","OBSERVACIONES":"REBA C 1 VTO 25/8/26 EQUIPO N° 088778 VTO  7/26 PH 7/28","COORDENADAS":"-35.579271, -58.0142643"}},{"type":"Feature","geometry":{"type":"Point","coordinates":[-58.015142,-35.574188,0]},"properties":{"name":"ROTISERIA/A3-4461","description":{"@type":"html","value":"descripción: <br>styleUrl: #icon-1899-E65100<br>NOMBRE / COMERCIO: CORDOBA SAMANTA DANIELA<br>CUIT: 27-25505289-1<br>CONTACTO: <br>CATEGORÍA FISCAL: MONOTRIBUTISTA A<br>DIRECCIÓN: BELGRANO 189<br>BARRIO: CENTRO<br>RUBRO: ROTISERIA/A3-4461<br>CATEGORIA: ALIMENTACIÓN<br>PADRÓN N°: A3-4461<br>INSPECTOR/A: SOFIA- IRMA<br>ÚLTIMA VISITA: 2025-11-10<br>VENC. HABILITACIÓN: 17/04/2027<br>ESTADO: VIGENTE<br>OBSERVACIONES: HABILITACION VIGENTE<br>COORDENADAS: -35.5741876, -58.01514150000001"},"styleUrl":"#icon-1899-E65100","label-scale":0,"icon-opacity":1,"icon-color":"#7cb342","icon-scale":1,"icon-offset":[32,64],"icon-offset-units":["pixels","insetPixels"],"icon":"https://www.gstatic.com/mapspro/images/stock/503-wht-blank_maps.png","descripción":"","NOMBRE / COMERCIO":"CORDOBA SAMANTA DANIELA","CUIT":"27-25505289-1","CONTACTO":"1155033772","CATEGORÍA FISCAL":"MONOTRIBUTISTA A","DIRECCIÓN":"BELGRANO 189","BARRIO":"CENTRO","RUBRO":"ROTISERIA/A3-4461","CATEGORIA":"ALIMENTACIÓN","PADRÓN N°":"A3-4461","INSPECTOR/A":"SOFIA- IRMA","ÚLTIMA VISITA":"2025-11-10","VENC. HABILITACIÓN":"17/04/2027","ESTADO":"VIGENTE","OBSERVACIONES":"HABILITACION VIGENTE","COORDENADAS":"-35.5741876, -58.01514150000001"}},{"type":"Feature","geometry":{"type":"Point","coordinates":[-58.013905,-35.576818,0]},"properties":{"name":"PANADERIA","description":{"@type":"html","value":"descripción: <br>styleUrl: #icon-1899-880E4F<br>NOMBRE / COMERCIO: CORIA NESTOR<br>CUIT: 20-16270376-6<br>CONTACTO: 2241426543<br>CATEGORÍA FISCAL: RESPONSABLE INSCRIPTO<br>DIRECCIÓN: L DEL SUR 45<br>BARRIO: CENTRO<br>RUBRO: PANADERIA<br>CATEGORIA: ALIMENTACIÓN<br>PADRÓN N°: A3-2266<br>INSPECTOR/A: SOFIA- IRMA<br>ÚLTIMA VISITA: 2026-05-29<br>VENC. HABILITACIÓN: 10/09/2028<br>ESTADO: VIGENTE<br>OBSERVACIONES: <br>COORDENADAS: -35.5768185, -58.0139052"},"styleUrl":"#icon-1899-880E4F","label-scale":0,"icon-opacity":1,"icon-color":"#7cb342","icon-scale":1,"icon-offset":[32,64],"icon-offset-units":["pixels","insetPixels"],"icon":"https://www.gstatic.com/mapspro/images/stock/503-wht-blank_maps.png","descripción":"","NOMBRE / COMERCIO":"CORIA NESTOR","CUIT":"20-16270376-6","CONTACTO":"2241426543","CATEGORÍA FISCAL":"RESPONSABLE INSCRIPTO","DIRECCIÓN":"L DEL SUR 45","BARRIO":"CENTRO","RUBRO":"PANADERIA","CATEGORIA":"ALIMENTACIÓN","PADRÓN N°":"A3-2266","INSPECTOR/A":"SOFIA- IRMA","ÚLTIMA VISITA":"2026-05-29","VENC. HABILITACIÓN":"10/09/2028","ESTADO":"VIGENTE","OBSERVACIONES":"MANIFIESTA ESTAR EN TRAMITE, REBA B1 29/7/26. SE OTORGO PLAZO PARA REGULARIZAR","COORDENADAS":"-35.5768185, -58.0139052"}},{"type":"Feature","geometry":{"type":"Point","coordinates":[-58.013226,-35.57536,0]},"properties":{"name":"ELABORACION Y VENTA PASTAS","description":{"@type":"html","value":"descripción: <br>styleUrl: #icon-1899-BDBDBD<br>NOMBRE / COMERCIO: COSIMO SANTA ELENA<br>CUIT: 20-92840695-5<br>CONTACTO: 1154703596<br>CATEGORÍA FISCAL: MONOTRIBUTISTA C<br>DIRECCIÓN: SOLER 156<br>BARRIO: CENTRO<br>RUBRO: ELABORACION Y VENTA PASTAS<br>CATEGORIA: ALIMENTACIÓN<br>PADRÓN N°: A3-4263<br>INSPECTOR/A: SERGIO<br>ÚLTIMA VISITA: 2025-08-21<br>VENC. HABILITACIÓN: 27/09/2023<br>ESTADO: VENCIDA<br>OBSERVACIONES: debe realizar habilitacion y acondicionar mesa de trabajo<br>COORDENADAS: -35.57536, -58.0132265"},"styleUrl":"#icon-1899-BDBDBD","label-scale":0,"icon-opacity":1,"icon-color":"#a52714","icon-scale":1,"icon-offset":[32,64],"icon-offset-units":["pixels","insetPixels"],"icon":"https://www.gstatic.com/mapspro/images/stock/503-wht-blank_maps.png","descripción":"","NOMBRE / COMERCIO":"COSIMO SANTA ELENA","CUIT":"20-92840695-5","CONTACTO":"1154703596","CATEGORÍA FISCAL":"MONOTRIBUTISTA C","DIRECCIÓN":"SOLER 156","BARRIO":"CENTRO","RUBRO":"ELABORACION Y VENTA PASTAS","CATEGORIA":"ALIMENTACIÓN","PADRÓN N°":"A3-4263","INSPECTOR/A":"SERGIO","ÚLTIMA VISITA":"2025-08-21","VENC. HABILITACIÓN":"27/09/2023","ESTADO":"VENCIDA","OBSERVACIONES":"debe realizar habilitacion y acondicionar mesa de trabajo","COORDENADAS":"-35.57536, -58.0132265"}},{"type":"Feature","geometry":{"type":"Point","coordinates":[-58.012844,-35.576649,0]},"properties":{"name":"CAFETERIA-RESTAURANT","description":{"@type":"html","value":"descripción: <br>styleUrl: #icon-1899-BDBDBD<br>NOMBRE / COMERCIO: DISTRIBUIDORA COSTA GRANDE SRL<br>CUIT: 30-71527288-8<br>CONTACTO: 2241692232<br>CATEGORÍA FISCAL: SRL<br>DIRECCIÓN: ALVEAR 49<br>BARRIO: CENTRO<br>RUBRO: CAFETERIA-RESTAURANT<br>CATEGORIA: ALIMENTACIÓN<br>PADRÓN N°: A5-0774<br>INSPECTOR/A: SOFIA- IRMA<br>ÚLTIMA VISITA: 2026-03-31<br>VENC. HABILITACIÓN: 15/02/2026<br>ESTADO: VENCIDA<br>OBSERVACIONES: <br>COORDENADAS: -35.5766492, -58.0128443"},"styleUrl":"#icon-1899-BDBDBD","label-scale":0,"icon-opacity":1,"icon-color":"#a52714","icon-scale":1,"icon-offset":[32,64],"icon-offset-units":["pixels","insetPixels"],"icon":"https://www.gstatic.com/mapspro/images/stock/503-wht-blank_maps.png","descripción":"","NOMBRE / COMERCIO":"DISTRIBUIDORA COSTA GRANDE SRL","CUIT":"30-71527288-8","CONTACTO":"2241692232","CATEGORÍA FISCAL":"SRL","DIRECCIÓN":"ALVEAR 49","BARRIO":"CENTRO","RUBRO":"CAFETERIA-RESTAURANT","CATEGORIA":"ALIMENTACIÓN","PADRÓN N°":"A5-0774","INSPECTOR/A":"SOFIA- IRMA","ÚLTIMA VISITA":"2026-03-31","VENC. HABILITACIÓN":"15/02/2026","ESTADO":"VENCIDA","OBSERVACIONES":"","COORDENADAS":"-35.5766492, -58.0128443"}},{"type":"Feature","geometry":{"type":"Point","coordinates":[-58.016308,-35.572066,0]},"properties":{"name":"HAMBURGUESERIA","description":{"@type":"html","value":"descripción: <br>styleUrl: #icon-1899-BDBDBD<br>NOMBRE / COMERCIO: DLP BURGUER COVETTA<br>CUIT: 20-31477255-6<br>CONTACTO: 2241699774<br>CATEGORÍA FISCAL: NO REGISTRA IMPUESTOS ACTIVOS<br>DIRECCIÓN: MAZZINI ESQ LINCOLN<br>BARRIO: CENTRO<br>RUBRO: HAMBURGUESERIA<br>CATEGORIA: ALIMENTACIÓN<br>PADRÓN N°: A5-0691<br>INSPECTOR/A: SOFIA- IRMA<br>ÚLTIMA VISITA: 2026-05-11<br>VENC. HABILITACIÓN: <br>ESTADO: SIN DATOS<br>OBSERVACIONES: <br>COORDENADAS: -35.57206559999999, -58.0163076"},"styleUrl":"#icon-1899-BDBDBD","descripción":"","NOMBRE / COMERCIO":"DLP BURGUER COVETTA","CUIT":"20-31477255-6","CONTACTO":"2241699774","CATEGORÍA FISCAL":"NO REGISTRA IMPUESTOS ACTIVOS","DIRECCIÓN":"MAZZINI ESQ LINCOLN","BARRIO":"CENTRO","RUBRO":"HAMBURGUESERIA","CATEGORIA":"ALIMENTACIÓN","PADRÓN N°":"A5-0691","INSPECTOR/A":"SOFIA- IRMA","ÚLTIMA VISITA":"2026-05-11","VENC. HABILITACIÓN":"2025-12-27","ESTADO":"SIN DATOS","OBSERVACIONES":"APTO","COORDENADAS":"-35.57206559999999, -58.0163076"}},{"type":"Feature","geometry":{"type":"Point","coordinates":[-58.01196,-35.574531,0]},"properties":{"name":"PANADERIA","description":{"@type":"html","value":"descripción: <br>styleUrl: #icon-1899-880E4F<br>NOMBRE / COMERCIO: DONADIO ERICA GABRIELA<br>CUIT: 27-27144559-3<br>CONTACTO: 2241560217<br>CATEGORÍA FISCAL: MONOTRIBUTISTA E<br>DIRECCIÓN: REMEDIOS DE ESCALADA 103<br>BARRIO: CENTRO<br>RUBRO: PANADERIA<br>CATEGORIA: ALIMENTACIÓN<br>PADRÓN N°: A3-4569<br>INSPECTOR/A: SOFIA- IRMA<br>ÚLTIMA VISITA: 2025-12-12<br>VENC. HABILITACIÓN: 10/08/2026<br>ESTADO: VIGENTE<br>OBSERVACIONES: POSEE HABILITACION COMERCIAL PROVISORIA CON VTO 15/1/25 POSEE REBA B1 EMITIDO 21/4/25 CON VTO 21/4/26 SE OTORGA PLAZO PARA REGULARIZAR SU SITUACION<br>COORDENADAS: -35.5745313, -58.0119597"},"styleUrl":"#icon-1899-880E4F","label-scale":0,"icon-opacity":1,"icon-color":"#7cb342","icon-scale":1,"icon-offset":[32,64],"icon-offset-units":["pixels","insetPixels"],"icon":"https://www.gstatic.com/mapspro/images/stock/503-wht-blank_maps.png","descripción":"","NOMBRE / COMERCIO":"DONADIO ERICA GABRIELA","CUIT":"27-27144559-3","CONTACTO":"2241560217","CATEGORÍA FISCAL":"MONOTRIBUTISTA E","DIRECCIÓN":"REMEDIOS DE ESCALADA 103","BARRIO":"CENTRO","RUBRO":"PANADERIA","CATEGORIA":"ALIMENTACIÓN","PADRÓN N°":"A3-4569","INSPECTOR/A":"SOFIA- IRMA","ÚLTIMA VISITA":"2025-12-12","VENC. HABILITACIÓN":"10/08/2026","ESTADO":"VIGENTE","OBSERVACIONES":"POSEE HABILITACION COMERCIAL PROVISORIA CON VTO 15/1/25 POSEE REBA B1 EMITIDO 21/4/25 CON VTO 21/4/26 SE OTORGA PLAZO PARA REGULARIZAR SU SITUACION","COORDENADAS":"-35.5745313, -58.0119597"}},{"type":"Feature","geometry":{"type":"Point","coordinates":[-58.015718,-35.569004,0]},"properties":{"name":"PANADERIA","description":{"@type":"html","value":"descripción: <br>styleUrl: #icon-1899-880E4F<br>NOMBRE / COMERCIO: FARINACEOS DEL SALADO SRL<br>CUIT: 30-71759977-9<br>CONTACTO: 2241-463437<br>CATEGORÍA FISCAL: SRL<br>DIRECCIÓN: CASEROS 228<br>BARRIO: CENTRO<br>RUBRO: PANADERIA<br>CATEGORIA: ALIMENTACIÓN<br>PADRÓN N°: A3-1686<br>INSPECTOR/A: SOFIA- IRMA<br>ÚLTIMA VISITA: 2025-09-17<br>VENC. HABILITACIÓN: 27/09/2026<br>ESTADO: VIGENTE<br>OBSERVACIONES: HABILITACION VIGENTE<br>COORDENADAS: -35.56900359999999, -58.0157182"},"styleUrl":"#icon-1899-880E4F","label-scale":0,"icon-opacity":1,"icon-color":"#7cb342","icon-scale":1,"icon-offset":[32,64],"icon-offset-units":["pixels","insetPixels"],"icon":"https://www.gstatic.com/mapspro/images/stock/503-wht-blank_maps.png","descripción":"","NOMBRE / COMERCIO":"FARINACEOS DEL SALADO SRL","CUIT":"30-71759977-9","CONTACTO":"2241-463437","CATEGORÍA FISCAL":"SRL","DIRECCIÓN":"CASEROS 228","BARRIO":"CENTRO","RUBRO":"PANADERIA","CATEGORIA":"ALIMENTACIÓN","PADRÓN N°":"A3-1686","INSPECTOR/A":"SOFIA- IRMA","ÚLTIMA VISITA":"2025-09-17","VENC. HABILITACIÓN":"27/09/2026","ESTADO":"VIGENTE","OBSERVACIONES":"HABILITACION VIGENTE","COORDENADAS":"-35.56900359999999, -58.0157182"}},{"type":"Feature","geometry":{"type":"Point","coordinates":[-58.01301,-35.58178,0]},"properties":{"name":"PANADERIA","description":{"@type":"html","value":"descripción: <br>styleUrl: #icon-1899-880E4F<br>NOMBRE / COMERCIO: FERNANDEZ BEGUERIE LEANDRO<br>CUIT: 20-23920736-8<br>CONTACTO: 2241499637<br>CATEGORÍA FISCAL: MONOTRIBUTISTA E<br>DIRECCIÓN: MITRE 312<br>BARRIO: CENTRO<br>RUBRO: PANADERIA<br>CATEGORIA: ALIMENTACIÓN<br>PADRÓN N°: A4-0720<br>INSPECTOR/A: SOFIA- IRMA<br>ÚLTIMA VISITA: 2026-06-01<br>VENC. HABILITACIÓN: 15/05/2026<br>ESTADO: VENCIDA<br>OBSERVACIONES: <br>COORDENADAS: -35.5817805, -58.0130103"},"styleUrl":"#icon-1899-880E4F","label-scale":0,"icon-opacity":1,"icon-color":"#a52714","icon-scale":1,"icon-offset":[32,64],"icon-offset-units":["pixels","insetPixels"],"icon":"https://www.gstatic.com/mapspro/images/stock/503-wht-blank_maps.png","descripción":"","NOMBRE / COMERCIO":"FERNANDEZ BEGUERIE LEANDRO","CUIT":"20-23920736-8","CONTACTO":"2241499637","CATEGORÍA FISCAL":"MONOTRIBUTISTA E","DIRECCIÓN":"MITRE 312","BARRIO":"CENTRO","RUBRO":"PANADERIA","CATEGORIA":"ALIMENTACIÓN","PADRÓN N°":"A4-0720","INSPECTOR/A":"SOFIA- IRMA","ÚLTIMA VISITA":"2026-06-01","VENC. HABILITACIÓN":"15/05/2026","ESTADO":"VENCIDA","OBSERVACIONES":"POSEE MATAFUEGO N° 98997 VTO PH 9/26 CAEGA 9/26, N° 42981 VTO PH 9/26 CARRGA 9/26, SE FIRMA MEDIDAS DE SEGURIDAD APTAS SEGUN NORMATIVA VIGENTE","COORDENADAS":"-35.5817805, -58.0130103"}},{"type":"Feature","geometry":{"type":"Point","coordinates":[-58.013827,-35.575731,0]},"properties":{"name":"HELADERIA-CAFETERIA","description":{"@type":"html","value":"descripción: <br>styleUrl: #icon-1899-BDBDBD<br>NOMBRE / COMERCIO: FERNANDEZ VALERIA ELIZABETH<br>CUIT: 23-30957497-4<br>CONTACTO: 1169762613<br>CATEGORÍA FISCAL: RESPONSABLE INSCRIPTO<br>DIRECCIÓN: LIBRES  DEL SUR 100<br>BARRIO: CENTRO<br>RUBRO: HELADERIA-CAFETERIA<br>CATEGORIA: ALIMENTACIÓN<br>PADRÓN N°: A5-0757<br>INSPECTOR/A: YANINA<br>ÚLTIMA VISITA: 2025-09-05<br>VENC. HABILITACIÓN: 12/04/2026<br>ESTADO: VENCIDA<br>OBSERVACIONES: POSEE MEDIDAS DE SEGURIDAD VIGENTE A LA FECHA, QUEDA SUJETO A PROXIMAS INSPECCIONES<br>COORDENADAS: -35.5757307, -58.0138268"},"styleUrl":"#icon-1899-BDBDBD","label-scale":0,"icon-opacity":1,"icon-color":"#a52714","icon-scale":1,"icon-offset":[32,64],"icon-offset-units":["pixels","insetPixels"],"icon":"https://www.gstatic.com/mapspro/images/stock/503-wht-blank_maps.png","descripción":"","NOMBRE / COMERCIO":"FERNANDEZ VALERIA ELIZABETH","CUIT":"23-30957497-4","CONTACTO":"1169762613","CATEGORÍA FISCAL":"RESPONSABLE INSCRIPTO","DIRECCIÓN":"LIBRES  DEL SUR 100","BARRIO":"CENTRO","RUBRO":"HELADERIA-CAFETERIA","CATEGORIA":"ALIMENTACIÓN","PADRÓN N°":"A5-0757","INSPECTOR/A":"YANINA","ÚLTIMA VISITA":"2025-09-05","VENC. HABILITACIÓN":"12/04/2026","ESTADO":"VENCIDA","OBSERVACIONES":"POSEE MEDIDAS DE SEGURIDAD VIGENTE A LA FECHA, QUEDA SUJETO A PROXIMAS INSPECCIONES","COORDENADAS":"-35.5757307, -58.0138268"}},{"type":"Feature","geometry":{"type":"Point","coordinates":[-58.00889,-35.58211,0]},"properties":{"name":"ROTISERIA","description":{"@type":"html","value":"descripción: <br>styleUrl: #icon-1899-E65100<br>NOMBRE / COMERCIO: FERREYRA WALDEMAR<br>CUIT: 20-22526127-0<br>CONTACTO: 2241589208<br>CATEGORÍA FISCAL: MONOTRIBUTISTA A<br>DIRECCIÓN: DOLORES 41<br>BARRIO: CENTRO<br>RUBRO: ROTISERIA<br>CATEGORIA: ALIMENTACIÓN<br>PADRÓN N°: A3-4497<br>INSPECTOR/A: SOFIA- IRMA<br>ÚLTIMA VISITA: 2026-06-01<br>VENC. HABILITACIÓN: 15/05/2025<br>ESTADO: VENCIDA<br>OBSERVACIONES: <br>COORDENADAS: -35.5821097, -58.00888990000001"},"styleUrl":"#icon-1899-E65100","label-scale":0,"icon-opacity":1,"icon-color":"#a52714","icon-scale":1,"icon-offset":[32,64],"icon-offset-units":["pixels","insetPixels"],"icon":"https://www.gstatic.com/mapspro/images/stock/503-wht-blank_maps.png","descripción":"","NOMBRE / COMERCIO":"FERREYRA WALDEMAR","CUIT":"20-22526127-0","CONTACTO":"2241589208","CATEGORÍA FISCAL":"MONOTRIBUTISTA A","DIRECCIÓN":"DOLORES 41","BARRIO":"CENTRO","RUBRO":"ROTISERIA","CATEGORIA":"ALIMENTACIÓN","PADRÓN N°":"A3-4497","INSPECTOR/A":"SOFIA- IRMA","ÚLTIMA VISITA":"2026-06-01","VENC. HABILITACIÓN":"15/05/2025","ESTADO":"VENCIDA","OBSERVACIONES":"SE ENCUENTRA TODO APTO","COORDENADAS":"-35.5821097, -58.00888990000001"}},{"type":"Feature","geometry":{"type":"Point","coordinates":[-58.016725,-35.57315,0]},"properties":{"name":"ELAB Y VENTA PANIFICADOS/PASTAS","description":{"@type":"html","value":"descripción: <br>styleUrl: #icon-1899-BDBDBD<br>NOMBRE / COMERCIO: GANUZA GABRIELA<br>CUIT: 20-30338116-4<br>CONTACTO: 2241553746<br>CATEGORÍA FISCAL: NO REGISTRA IMPUESTOS ACTIVOS<br>DIRECCIÓN: BOLIVAR 325<br>BARRIO: CENTRO<br>RUBRO: ELAB Y VENTA PANIFICADOS/PASTAS<br>CATEGORIA: ALIMENTACIÓN<br>PADRÓN N°: A3-4594<br>INSPECTOR/A: <br>ÚLTIMA VISITA: 2026-05-05<br>VENC. HABILITACIÓN: 17/06/2027<br>ESTADO: VIGENTE<br>OBSERVACIONES: <br>COORDENADAS: -35.5731501, -58.0167253"},"styleUrl":"#icon-1899-BDBDBD","label-scale":0,"icon-opacity":1,"icon-color":"#7cb342","icon-scale":1,"icon-offset":[32,64],"icon-offset-units":["pixels","insetPixels"],"icon":"https://www.gstatic.com/mapspro/images/stock/503-wht-blank_maps.png","descripción":"","NOMBRE / COMERCIO":"GANUZA GABRIELA","CUIT":"20-30338116-4","CONTACTO":"2241553746","CATEGORÍA FISCAL":"NO REGISTRA IMPUESTOS ACTIVOS","DIRECCIÓN":"BOLIVAR 325","BARRIO":"CENTRO","RUBRO":"ELAB Y VENTA PANIFICADOS/PASTAS","CATEGORIA":"ALIMENTACIÓN","PADRÓN N°":"A3-4594","INSPECTOR/A":"YANINA","ÚLTIMA VISITA":"2026-05-05","VENC. HABILITACIÓN":"17/06/2027","ESTADO":"VIGENTE","OBSERVACIONES":"POSEE HABILITACION COMERCIAL PROVISORIA CON VTO. 15/03/26  (OBRA NO CORRESPONDE A PLANO) SUJETA A CANCELACION DE DEUDA DE INMUEBLE - QUEDA SUJETA A PROXIMA INSPECCION","COORDENADAS":"-35.5731501, -58.0167253"}},{"type":"Feature","geometry":{"type":"Point","coordinates":[-58.013132,-35.580986,0]},"properties":{"name":"HELADERIA - CAFETERIA","description":{"@type":"html","value":"descripción: <br>styleUrl: #icon-1899-BDBDBD<br>NOMBRE / COMERCIO: GARCIA NATALIA<br>CUIT: 27-29827002-7<br>CONTACTO: 2241508007<br>CATEGORÍA FISCAL: RESPONSABLE INSCRIPTO<br>DIRECCIÓN: MITRE 248<br>BARRIO: CENTRO<br>RUBRO: HELADERIA - CAFETERIA<br>CATEGORIA: ALIMENTACIÓN<br>PADRÓN N°: A5-0519<br>INSPECTOR/A: SOFIA- IRMA<br>ÚLTIMA VISITA: 2026-05-12<br>VENC. HABILITACIÓN: <br>ESTADO: SIN DATOS<br>OBSERVACIONES: <br>COORDENADAS: -35.580986, -58.01313169999999"},"styleUrl":"#icon-1899-BDBDBD","descripción":"","NOMBRE / COMERCIO":"GARCIA NATALIA","CUIT":"27-29827002-7","CONTACTO":"2241508007","CATEGORÍA FISCAL":"RESPONSABLE INSCRIPTO","DIRECCIÓN":"MITRE 248","BARRIO":"CENTRO","RUBRO":"HELADERIA - CAFETERIA","CATEGORIA":"ALIMENTACIÓN","PADRÓN N°":"A5-0519","INSPECTOR/A":"SOFIA- IRMA","ÚLTIMA VISITA":"2026-05-12","VENC. HABILITACIÓN":"2026-02-15","ESTADO":"SIN DATOS","OBSERVACIONES":"SE OBSERVA QUE EL LOCAL SE ENCUENTRA APTO PARA RENOVACION.","COORDENADAS":"-35.580986, -58.01313169999999"}},{"type":"Feature","geometry":{"type":"Point","coordinates":[-58.011318,-35.57887,0]},"properties":{"name":"ELAB/VENTA DE CERVEZA ART-S/ESPEC","description":{"@type":"html","value":"descripción: <br>styleUrl: #icon-1899-BDBDBD<br>NOMBRE / COMERCIO: GARRIZ ELIAS OCTAVIO<br>CUIT: 20-07793652-2<br>CONTACTO: 2241500229<br>CATEGORÍA FISCAL: MONOTRIBUTISTA A<br>DIRECCIÓN: SAN MARTIN 140<br>BARRIO: CENTRO<br>RUBRO: ELAB/VENTA DE CERVEZA ART-S/ESPEC<br>CATEGORIA: ALIMENTACIÓN<br>PADRÓN N°: A5-0638<br>INSPECTOR/A: ANIBAL<br>ÚLTIMA VISITA: 2026-06-05<br>VENC. HABILITACIÓN: 04/06/2026<br>ESTADO: VENCIDA<br>OBSERVACIONES: APTO<br>COORDENADAS: -35.57886999999999, -58.01131830000001"},"styleUrl":"#icon-1899-BDBDBD","label-scale":0,"icon-opacity":1,"icon-color":"#a52714","icon-scale":1,"icon-offset":[32,64],"icon-offset-units":["pixels","insetPixels"],"icon":"https://www.gstatic.com/mapspro/images/stock/503-wht-blank_maps.png","descripción":"","NOMBRE / COMERCIO":"GARRIZ ELIAS OCTAVIO","CUIT":"20-07793652-2","CONTACTO":"2241500229","CATEGORÍA FISCAL":"MONOTRIBUTISTA A","DIRECCIÓN":"SAN MARTIN 140","BARRIO":"CENTRO","RUBRO":"ELAB/VENTA DE CERVEZA ART-S/ESPEC","CATEGORIA":"ALIMENTACIÓN","PADRÓN N°":"A5-0638","INSPECTOR/A":"ANIBAL","ÚLTIMA VISITA":"2026-06-05","VENC. HABILITACIÓN":"04/06/2026","ESTADO":"VENCIDA","OBSERVACIONES":"APTO","COORDENADAS":"-35.57886999999999, -58.01131830000001"}},{"type":"Feature","geometry":{"type":"Point","coordinates":[-58.016744,-35.578258,0]},"properties":{"name":"HELADERIA/VENTA DE FREEZADOS","description":{"@type":"html","value":"descripción: <br>styleUrl: #icon-1899-BDBDBD<br>NOMBRE / COMERCIO: GRIDO<br>CUIT: 27-27143554-7<br>CONTACTO: 2241466596<br>CATEGORÍA FISCAL: RESPONSABLE INSCRIPTO<br>DIRECCIÓN: AV LASTRA 30<br>BARRIO: CENTRO<br>RUBRO: HELADERIA/VENTA DE FREEZADOS<br>CATEGORIA: ALIMENTACIÓN<br>PADRÓN N°: A4-0721<br>INSPECTOR/A: SOFIA- IRMA<br>ÚLTIMA VISITA: 2025-12-23<br>VENC. HABILITACIÓN: 25/11/2027<br>ESTADO: VIGENTE<br>OBSERVACIONES: HABILITACION VIGENTE<br>COORDENADAS: -35.5782584, -58.01674389999999"},"styleUrl":"#icon-1899-BDBDBD","label-scale":0,"icon-opacity":1,"icon-color":"#7cb342","icon-scale":1,"icon-offset":[32,64],"icon-offset-units":["pixels","insetPixels"],"icon":"https://www.gstatic.com/mapspro/images/stock/503-wht-blank_maps.png","descripción":"","NOMBRE / COMERCIO":"GRIDO","CUIT":"27-27143554-7","CONTACTO":"2241466596","CATEGORÍA FISCAL":"RESPONSABLE INSCRIPTO","DIRECCIÓN":"AV LASTRA 30","BARRIO":"CENTRO","RUBRO":"HELADERIA/VENTA DE FREEZADOS","CATEGORIA":"ALIMENTACIÓN","PADRÓN N°":"A4-0721","INSPECTOR/A":"SOFIA- IRMA","ÚLTIMA VISITA":"2025-12-23","VENC. HABILITACIÓN":"25/11/2027","ESTADO":"VIGENTE","OBSERVACIONES":"HABILITACION VIGENTE","COORDENADAS":"-35.5782584, -58.01674389999999"}},{"type":"Feature","geometry":{"type":"Point","coordinates":[-58.014518,-35.576539,0]},"properties":{"name":"PIZZERIA","description":{"@type":"html","value":"descripción: <br>styleUrl: #icon-1899-BDBDBD<br>NOMBRE / COMERCIO: GUEVARA MARIA CECILIA<br>CUIT: 27-30827771-8<br>CONTACTO: 2241693410<br>CATEGORÍA FISCAL: MONOTRIBUTISTA F<br>DIRECCIÓN: BELGRANO 56<br>BARRIO: CENTRO<br>RUBRO: PIZZERIA<br>CATEGORIA: ALIMENTACIÓN<br>PADRÓN N°: A3-3738<br>INSPECTOR/A: SOFIA- IRMA<br>ÚLTIMA VISITA: 2025-11-12<br>VENC. HABILITACIÓN: 10/02/2029<br>ESTADO: VIGENTE<br>OBSERVACIONES: EQUIPO N°308189 VTO 9/26 PH 9/28. POSEE CINTAS ANTIDESLIZANTES, CARTELES INDICADORES. APTO EN MEDIDAS DE SEGURIDAD<br>COORDENADAS: -35.5765394, -58.014518"},"styleUrl":"#icon-1899-BDBDBD","label-scale":0,"icon-opacity":1,"icon-color":"#7cb342","icon-scale":1,"icon-offset":[32,64],"icon-offset-units":["pixels","insetPixels"],"icon":"https://www.gstatic.com/mapspro/images/stock/503-wht-blank_maps.png","descripción":"","NOMBRE / COMERCIO":"GUEVARA MARIA CECILIA","CUIT":"27-30827771-8","CONTACTO":"2241693410","CATEGORÍA FISCAL":"MONOTRIBUTISTA F","DIRECCIÓN":"BELGRANO 56","BARRIO":"CENTRO","RUBRO":"PIZZERIA","CATEGORIA":"ALIMENTACIÓN","PADRÓN N°":"A3-3738","INSPECTOR/A":"SOFIA- IRMA","ÚLTIMA VISITA":"2025-11-12","VENC. HABILITACIÓN":"10/02/2029","ESTADO":"VIGENTE","OBSERVACIONES":"EQUIPO N°308189 VTO 9/26 PH 9/28. POSEE CINTAS ANTIDESLIZANTES, CARTELES INDICADORES. APTO EN MEDIDAS DE SEGURIDAD","COORDENADAS":"-35.5765394, -58.014518"}},{"type":"Feature","geometry":{"type":"Point","coordinates":[-58.013646,-35.577672,0]},"properties":{"name":"PARRILLA AL PASO","description":{"@type":"html","value":"descripción: <br>styleUrl: #icon-1899-BDBDBD<br>NOMBRE / COMERCIO: IRIBARNE SUSANA BEATRIZ<br>CUIT: 27-12547402-6<br>CONTACTO: 2241506626<br>CATEGORÍA FISCAL: MONOTRIBUTISTA A<br>DIRECCIÓN: AV COSTANERA ESPAÑA 02<br>BARRIO: <br>RUBRO: PARRILLA AL PASO<br>CATEGORIA: ALIMENTACIÓN<br>PADRÓN N°: A5-0667<br>INSPECTOR/A: SERGIO<br>ÚLTIMA VISITA: 10-01.2025<br>VENC. HABILITACIÓN: 10/12/2027<br>ESTADO: VIGENTE<br>OBSERVACIONES: HABILITO<br>COORDENADAS: -35.5776723, -58.0136464"},"styleUrl":"#icon-1899-BDBDBD","label-scale":0,"icon-opacity":1,"icon-color":"#7cb342","icon-scale":1,"icon-offset":[32,64],"icon-offset-units":["pixels","insetPixels"],"icon":"https://www.gstatic.com/mapspro/images/stock/503-wht-blank_maps.png","descripción":"","NOMBRE / COMERCIO":"IRIBARNE SUSANA BEATRIZ","CUIT":"27-12547402-6","CONTACTO":"2241506626","CATEGORÍA FISCAL":"MONOTRIBUTISTA A","DIRECCIÓN":"AV COSTANERA ESPAÑA 02","BARRIO":"CENTRO","RUBRO":"PARRILLA AL PASO","CATEGORIA":"ALIMENTACIÓN","PADRÓN N°":"A5-0667","INSPECTOR/A":"SERGIO","ÚLTIMA VISITA":"10-01.2025","VENC. HABILITACIÓN":"10/12/2027","ESTADO":"VIGENTE","OBSERVACIONES":"HABILITO","COORDENADAS":"-35.5776723, -58.0136464"}},{"type":"Feature","geometry":{"type":"Point","coordinates":[-58.013612,-35.577734,0]},"properties":{"name":"PANADERIA","description":{"@type":"html","value":"descripción: <br>styleUrl: #icon-1899-880E4F<br>NOMBRE / COMERCIO: LA NUEVA IMPERIAL<br>CUIT: 30-71668929-4<br>CONTACTO: 2241548591<br>CATEGORÍA FISCAL: NO REGISTRA IMPUESTOS ACTIVOS<br>DIRECCIÓN: AV LASTRA 198<br>BARRIO: CENTRO<br>RUBRO: PANADERIA<br>CATEGORIA: ALIMENTACIÓN<br>PADRÓN N°: A3-0302<br>INSPECTOR/A: SOFIA- IRMA<br>ÚLTIMA VISITA: 2025-12-22<br>VENC. HABILITACIÓN: 15/01/2025<br>ESTADO: VENCIDA<br>OBSERVACIONES: DEBE RENOVAR HABILITACION<br>COORDENADAS: -35.5777343, -58.01361240000001"},"styleUrl":"#icon-1899-880E4F","label-scale":0,"icon-opacity":1,"icon-color":"#a52714","icon-scale":1,"icon-offset":[32,64],"icon-offset-units":["pixels","insetPixels"],"icon":"https://www.gstatic.com/mapspro/images/stock/503-wht-blank_maps.png","descripción":"","NOMBRE / COMERCIO":"LA NUEVA IMPERIAL","CUIT":"30-71668929-4","CONTACTO":"2241548591","CATEGORÍA FISCAL":"NO REGISTRA IMPUESTOS ACTIVOS","DIRECCIÓN":"AV LASTRA 198","BARRIO":"CENTRO","RUBRO":"PANADERIA","CATEGORIA":"ALIMENTACIÓN","PADRÓN N°":"A3-0302","INSPECTOR/A":"SOFIA- IRMA","ÚLTIMA VISITA":"2025-12-22","VENC. HABILITACIÓN":"15/01/2025","ESTADO":"VENCIDA","OBSERVACIONES":"DEBE RENOVAR HABILITACION","COORDENADAS":"-35.5777343, -58.01361240000001"}},{"type":"Feature","geometry":{"type":"Point","coordinates":[-58.012215,-35.580144,0]},"properties":{"name":"CAFETERIA","description":{"@type":"html","value":"descripción: <br>styleUrl: #icon-1899-BDBDBD<br>NOMBRE / COMERCIO: LOPEZ FRANCISCO<br>CUIT: 23-41466307-9<br>CONTACTO: 2241508746<br>CATEGORÍA FISCAL: MONOTRIBUTISTA B<br>DIRECCIÓN: JORGE NEWBERY 201<br>BARRIO: CENTRO<br>RUBRO: CAFETERIA<br>CATEGORIA: ALIMENTACIÓN<br>PADRÓN N°: A5-0777<br>INSPECTOR/A: MARTINA<br>ÚLTIMA VISITA: 2026-01-02<br>VENC. HABILITACIÓN: 10/08/2026<br>ESTADO: VIGENTE<br>OBSERVACIONES: POSEE RENOVACION EN TRAMITE, EXTINTOR VIGENTE POSEE LUCES DE EMERGENCIAS, CARTEL DE SALIDA, DESNIVELES MARCADOS, Y BOTIQUIN<br>COORDENADAS: -35.5801438, -58.01221460000001"},"styleUrl":"#icon-1899-BDBDBD","label-scale":0,"icon-opacity":1,"icon-color":"#7cb342","icon-scale":1,"icon-offset":[32,64],"icon-offset-units":["pixels","insetPixels"],"icon":"https://www.gstatic.com/mapspro/images/stock/503-wht-blank_maps.png","descripción":"","NOMBRE / COMERCIO":"LOPEZ FRANCISCO","CUIT":"23-41466307-9","CONTACTO":"2241508746","CATEGORÍA FISCAL":"MONOTRIBUTISTA B","DIRECCIÓN":"JORGE NEWBERY 201","BARRIO":"CENTRO","RUBRO":"CAFETERIA","CATEGORIA":"ALIMENTACIÓN","PADRÓN N°":"A5-0777","INSPECTOR/A":"MARTINA","ÚLTIMA VISITA":"2026-01-02","VENC. HABILITACIÓN":"10/08/2026","ESTADO":"VIGENTE","OBSERVACIONES":"POSEE RENOVACION EN TRAMITE, EXTINTOR VIGENTE POSEE LUCES DE EMERGENCIAS, CARTEL DE SALIDA, DESNIVELES MARCADOS, Y BOTIQUIN","COORDENADAS":"-35.5801438, -58.01221460000001"}},{"type":"Feature","geometry":{"type":"Point","coordinates":[-58.015679,-35.57206,0]},"properties":{"name":"ELABORACION Y VENTA DE PASTAS","description":{"@type":"html","value":"descripción: <br>styleUrl: #icon-1899-BDBDBD<br>NOMBRE / COMERCIO: LUCIC DEBORA SOLEDAD<br>CUIT: 27-32611247-5<br>CONTACTO: 2241415538<br>CATEGORÍA FISCAL: MONOTRIBUTISTA B<br>DIRECCIÓN: MAZZINI 263<br>BARRIO: CENTRO<br>RUBRO: ELABORACION Y VENTA DE PASTAS<br>CATEGORIA: ALIMENTACIÓN<br>PADRÓN N°: A3-4403<br>INSPECTOR/A: SOFIA- IRMA<br>ÚLTIMA VISITA: 2025-12-11<br>VENC. HABILITACIÓN: 09/08/2026<br>ESTADO: VIGENTE<br>OBSERVACIONES: POSEE HABILITACION COMERCIAL PROVISORIA CON VTO 9/8/26<br>COORDENADAS: -35.5720605, -58.0156788"},"styleUrl":"#icon-1899-BDBDBD","label-scale":0,"icon-opacity":1,"icon-color":"#7cb342","icon-scale":1,"icon-offset":[32,64],"icon-offset-units":["pixels","insetPixels"],"icon":"https://www.gstatic.com/mapspro/images/stock/503-wht-blank_maps.png","descripción":"","NOMBRE / COMERCIO":"LUCIC DEBORA SOLEDAD","CUIT":"27-32611247-5","CONTACTO":"2241415538","CATEGORÍA FISCAL":"MONOTRIBUTISTA B","DIRECCIÓN":"MAZZINI 263","BARRIO":"CENTRO","RUBRO":"ELABORACION Y VENTA DE PASTAS","CATEGORIA":"ALIMENTACIÓN","PADRÓN N°":"A3-4403","INSPECTOR/A":"SOFIA- IRMA","ÚLTIMA VISITA":"2025-12-11","VENC. HABILITACIÓN":"09/08/2026","ESTADO":"VIGENTE","OBSERVACIONES":"POSEE HABILITACION COMERCIAL PROVISORIA CON VTO 9/8/26","COORDENADAS":"-35.5720605, -58.0156788"}},{"type":"Feature","geometry":{"type":"Point","coordinates":[-58.010526,-35.571567,0]},"properties":{"name":"CHOCOLATERIA","description":{"@type":"html","value":"descripción: <br>styleUrl: #icon-1899-BDBDBD<br>NOMBRE / COMERCIO: MARQUEZ MARIA BEATRIZ<br>CUIT: 27-14245234-6<br>CONTACTO: 2241499391<br>CATEGORÍA FISCAL: RESPONSABLE INSCRIPTO<br>DIRECCIÓN: MAZZINI 29A<br>BARRIO: CENTRO<br>RUBRO: CHOCOLATERIA<br>CATEGORIA: ALIMENTACIÓN<br>PADRÓN N°: A3-4168<br>INSPECTOR/A: YANINA<br>ÚLTIMA VISITA: 2026-06-16<br>VENC. HABILITACIÓN: 09/03/2026<br>ESTADO: VENCIDA<br>OBSERVACIONES: APTO<br>COORDENADAS: -35.5715671, -58.0105263"},"styleUrl":"#icon-1899-BDBDBD","label-scale":0,"icon-opacity":1,"icon-color":"#a52714","icon-scale":1,"icon-offset":[32,64],"icon-offset-units":["pixels","insetPixels"],"icon":"https://www.gstatic.com/mapspro/images/stock/503-wht-blank_maps.png","descripción":"","NOMBRE / COMERCIO":"MARQUEZ MARIA BEATRIZ","CUIT":"27-14245234-6","CONTACTO":"2241499391","CATEGORÍA FISCAL":"RESPONSABLE INSCRIPTO","DIRECCIÓN":"MAZZINI 29A","BARRIO":"CENTRO","RUBRO":"CHOCOLATERIA","CATEGORIA":"ALIMENTACIÓN","PADRÓN N°":"A3-4168","INSPECTOR/A":"YANINA","ÚLTIMA VISITA":"2026-06-16","VENC. HABILITACIÓN":"09/03/2026","ESTADO":"VENCIDA","OBSERVACIONES":"APTO","COORDENADAS":"-35.5715671, -58.0105263"}},{"type":"Feature","geometry":{"type":"Point","coordinates":[-58.013044,-35.575185,0]},"properties":{"name":"ROTISERIA-","description":{"@type":"html","value":"descripción: <br>styleUrl: #icon-1899-BDBDBD<br>NOMBRE / COMERCIO: MORALES GERMAN ANDRES<br>CUIT: 20-40794708-9<br>CONTACTO: 2241493412<br>CATEGORÍA FISCAL: RESPONSABLE INSCRIPTO<br>DIRECCIÓN: ALVEAR 117<br>BARRIO: CENTRO<br>RUBRO: ROTISERIA-<br>CATEGORIA: ALIMENTACIÓN<br>PADRÓN N°: A3-3297<br>INSPECTOR/A: ANIBAL<br>ÚLTIMA VISITA: 2025-09-01<br>VENC. HABILITACIÓN: 17/05/2026<br>ESTADO: VENCIDA<br>OBSERVACIONES: SE DIO APTO EN MEDIDAS YA QUE INICIO TRANSFERENCIA DE ROBLES A MORALES<br>COORDENADAS: -35.575185, -58.0130444"},"styleUrl":"#icon-1899-BDBDBD","label-scale":0,"icon-opacity":1,"icon-color":"#a52714","icon-scale":1,"icon-offset":[32,64],"icon-offset-units":["pixels","insetPixels"],"icon":"https://www.gstatic.com/mapspro/images/stock/503-wht-blank_maps.png","descripción":"","NOMBRE / COMERCIO":"MORALES GERMAN ANDRES","CUIT":"20-40794708-9","CONTACTO":"2241493412","CATEGORÍA FISCAL":"RESPONSABLE INSCRIPTO","DIRECCIÓN":"ALVEAR 117","BARRIO":"CENTRO","RUBRO":"ROTISERIA-","CATEGORIA":"ALIMENTACIÓN","PADRÓN N°":"A3-3297","INSPECTOR/A":"ANIBAL","ÚLTIMA VISITA":"2025-09-01","VENC. HABILITACIÓN":"17/05/2026","ESTADO":"VENCIDA","OBSERVACIONES":"SE DIO APTO EN MEDIDAS YA QUE INICIO TRANSFERENCIA DE ROBLES A MORALES","COORDENADAS":"-35.575185, -58.0130444"}},{"type":"Feature","geometry":{"type":"Point","coordinates":[-58.01443,-35.566878,0]},"properties":{"name":"ELABORACION Y VENTA DE PIZZAS Y EMPANADAS","description":{"@type":"html","value":"descripción: <br>styleUrl: #icon-1899-BDBDBD<br>NOMBRE / COMERCIO: ORMAZABAL MIGUEL GUSTAVO ALEJANDRO<br>CUIT: 20358210555<br>CONTACTO: 2241568223<br>CATEGORÍA FISCAL: MONOTRIBUTISTA A<br>DIRECCIÓN: ALVEAR 548<br>BARRIO: CENTRO<br>RUBRO: ELABORACION Y VENTA DE PIZZAS Y EMPANADAS<br>CATEGORIA: ALIMENTACIÓN<br>PADRÓN N°: A3-4207<br>INSPECTOR/A: ANIBAL<br>ÚLTIMA VISITA: 2026-04-22<br>VENC. HABILITACIÓN: 30/03/2026<br>ESTADO: VENCIDA<br>OBSERVACIONES: <br>COORDENADAS: -35.566878, -58.01442989999999"},"styleUrl":"#icon-1899-BDBDBD","label-scale":0,"icon-opacity":1,"icon-color":"#a52714","icon-scale":1,"icon-offset":[32,64],"icon-offset-units":["pixels","insetPixels"],"icon":"https://www.gstatic.com/mapspro/images/stock/503-wht-blank_maps.png","descripción":"","NOMBRE / COMERCIO":"ORMAZABAL MIGUEL GUSTAVO ALEJANDRO","CUIT":"20358210555","CONTACTO":"2241568223","CATEGORÍA FISCAL":"MONOTRIBUTISTA A","DIRECCIÓN":"ALVEAR 548","BARRIO":"CENTRO","RUBRO":"ELABORACION Y VENTA DE PIZZAS Y EMPANADAS","CATEGORIA":"ALIMENTACIÓN","PADRÓN N°":"A3-4207","INSPECTOR/A":"ANIBAL","ÚLTIMA VISITA":"2026-04-22","VENC. HABILITACIÓN":"30/03/2026","ESTADO":"VENCIDA","OBSERVACIONES":"","COORDENADAS":"-35.566878, -58.01442989999999"}},{"type":"Feature","geometry":{"type":"Point","coordinates":[-58.010047,-35.577186,0]},"properties":{"name":"PANADERIA","description":{"@type":"html","value":"descripción: <br>styleUrl: #icon-1899-880E4F<br>NOMBRE / COMERCIO: RODRIGUEZ ROBERTO<br>CUIT: 20-05218430-5<br>CONTACTO: 2241539152<br>CATEGORÍA FISCAL: RESPONSABLE INSCRIPTO<br>DIRECCIÓN: LASTRA Y CASALINS<br>BARRIO: CENTRO<br>RUBRO: PANADERIA<br>CATEGORIA: ALIMENTACIÓN<br>PADRÓN N°: A3-0123<br>INSPECTOR/A: YANINA<br>ÚLTIMA VISITA: 2025-08-14<br>VENC. HABILITACIÓN: 26/09/2026<br>ESTADO: VIGENTE<br>OBSERVACIONES: HABILITACION VIGENTE.<br>COORDENADAS: -35.5771864, -58.0100473"},"styleUrl":"#icon-1899-880E4F","label-scale":0,"icon-opacity":1,"icon-color":"#7cb342","icon-scale":1,"icon-offset":[32,64],"icon-offset-units":["pixels","insetPixels"],"icon":"https://www.gstatic.com/mapspro/images/stock/503-wht-blank_maps.png","descripción":"","NOMBRE / COMERCIO":"RODRIGUEZ ROBERTO","CUIT":"20-05218430-5","CONTACTO":"2241539152","CATEGORÍA FISCAL":"RESPONSABLE INSCRIPTO","DIRECCIÓN":"LASTRA Y CASALINS","BARRIO":"CENTRO","RUBRO":"PANADERIA","CATEGORIA":"ALIMENTACIÓN","PADRÓN N°":"A3-0123","INSPECTOR/A":"YANINA","ÚLTIMA VISITA":"2025-08-14","VENC. HABILITACIÓN":"26/09/2026","ESTADO":"VIGENTE","OBSERVACIONES":"HABILITACION VIGENTE.","COORDENADAS":"-35.5771864, -58.0100473"}},{"type":"Feature","geometry":{"type":"Point","coordinates":[-58.016603,-35.568384,0]},"properties":{"name":"PANADERIA (ALUVION)","description":{"@type":"html","value":"descripción: <br>styleUrl: #icon-1899-BDBDBD<br>NOMBRE / COMERCIO: RODRIGUEZ EDUARDO<br>CUIT: 20-12141152-1<br>CONTACTO: 2241550102<br>CATEGORÍA FISCAL: RESPONSABLE INSCRIPTO<br>DIRECCIÓN: CASALINS Y ESCRIBANO<br>BARRIO: CENTRO<br>RUBRO: PANADERIA (ALUVION)<br>CATEGORIA: ALIMENTACIÓN<br>PADRÓN N°: A3-4243<br>INSPECTOR/A: YANINA<br>ÚLTIMA VISITA: 2026-02-11<br>VENC. HABILITACIÓN: 15/01/2027<br>ESTADO: VIGENTE<br>OBSERVACIONES: SE DIO APTO EN MEDIDAS, CUMPLIO LO SOLICITADO<br>COORDENADAS: -35.5683835, -58.0166031"},"styleUrl":"#icon-1899-BDBDBD","label-scale":0,"icon-opacity":1,"icon-color":"#7cb342","icon-scale":1,"icon-offset":[32,64],"icon-offset-units":["pixels","insetPixels"],"icon":"https://www.gstatic.com/mapspro/images/stock/503-wht-blank_maps.png","descripción":"","NOMBRE / COMERCIO":"RODRIGUEZ EDUARDO","CUIT":"20-12141152-1","CONTACTO":"2241550102","CATEGORÍA FISCAL":"RESPONSABLE INSCRIPTO","DIRECCIÓN":"CASALINS Y ESCRIBANO","BARRIO":"CENTRO","RUBRO":"PANADERIA (ALUVION)","CATEGORIA":"ALIMENTACIÓN","PADRÓN N°":"A3-4243","INSPECTOR/A":"YANINA","ÚLTIMA VISITA":"2026-02-11","VENC. HABILITACIÓN":"15/01/2027","ESTADO":"VIGENTE","OBSERVACIONES":"SE DIO APTO EN MEDIDAS, CUMPLIO LO SOLICITADO","COORDENADAS":"-35.5683835, -58.0166031"}},{"type":"Feature","geometry":{"type":"Point","coordinates":[-58.011994,-35.572036,0]},"properties":{"name":"PANADERIA","description":{"@type":"html","value":"descripción: <br>styleUrl: #icon-1899-880E4F<br>NOMBRE / COMERCIO: RODRIGUEZ EDUARDO ALBERTO<br>CUIT: 20-12141152-1<br>CONTACTO: 2241544943<br>CATEGORÍA FISCAL: RESPONSABLE INSCRIPTO<br>DIRECCIÓN: QUINTANA 270<br>BARRIO: CENTRO<br>RUBRO: PANADERIA<br>CATEGORIA: ALIMENTACIÓN<br>PADRÓN N°: A3-1824<br>INSPECTOR/A: SOFIA- IRMA<br>ÚLTIMA VISITA: 2025-11-12<br>VENC. HABILITACIÓN: 16/10/2024<br>ESTADO: VENCIDA<br>OBSERVACIONES: DEBE REGULARIZAR HABILITACION VENCIDA<br>COORDENADAS: -35.5720355, -58.0119939"},"styleUrl":"#icon-1899-880E4F","label-scale":0,"icon-opacity":1,"icon-color":"#a52714","icon-scale":1,"icon-offset":[32,64],"icon-offset-units":["pixels","insetPixels"],"icon":"https://www.gstatic.com/mapspro/images/stock/503-wht-blank_maps.png","descripción":"","NOMBRE / COMERCIO":"RODRIGUEZ EDUARDO ALBERTO","CUIT":"20-12141152-1","CONTACTO":"2241544943","CATEGORÍA FISCAL":"RESPONSABLE INSCRIPTO","DIRECCIÓN":"QUINTANA 270","BARRIO":"CENTRO","RUBRO":"PANADERIA","CATEGORIA":"ALIMENTACIÓN","PADRÓN N°":"A3-1824","INSPECTOR/A":"SOFIA- IRMA","ÚLTIMA VISITA":"2025-11-12","VENC. HABILITACIÓN":"16/10/2024","ESTADO":"VENCIDA","OBSERVACIONES":"DEBE REGULARIZAR HABILITACION VENCIDA","COORDENADAS":"-35.5720355, -58.0119939"}},{"type":"Feature","geometry":{"type":"Point","coordinates":[-58.006932,-35.583508,0]},"properties":{"name":"HELADERIA","description":{"@type":"html","value":"descripción: <br>styleUrl: #icon-1899-BDBDBD<br>NOMBRE / COMERCIO: SAMPALLO SUAREZ ANDREA ELIDA /TIRRENO<br>CUIT: 27-17076548-1<br>CONTACTO: 2241471352<br>CATEGORÍA FISCAL: MONOTRIBUTISTA D<br>DIRECCIÓN: AV. PTE. PERON 340<br>BARRIO: CENTRO<br>RUBRO: HELADERIA<br>CATEGORIA: ALIMENTACIÓN<br>PADRÓN N°: A3-4516<br>INSPECTOR/A: SOFIA- IRMA<br>ÚLTIMA VISITA: 2024-10-16<br>VENC. HABILITACIÓN: 04/11/2027<br>ESTADO: VIGENTE<br>OBSERVACIONES: TRAMITAR HABILITACION<br>COORDENADAS: -35.5835077, -58.0069319"},"styleUrl":"#icon-1899-BDBDBD","label-scale":0,"icon-opacity":1,"icon-color":"#7cb342","icon-scale":1,"icon-offset":[32,64],"icon-offset-units":["pixels","insetPixels"],"icon":"https://www.gstatic.com/mapspro/images/stock/503-wht-blank_maps.png","descripción":"","NOMBRE / COMERCIO":"SAMPALLO SUAREZ ANDREA ELIDA /TIRRENO","CUIT":"27-17076548-1","CONTACTO":"2241471352","CATEGORÍA FISCAL":"MONOTRIBUTISTA D","DIRECCIÓN":"AV. PTE. PERON 340","BARRIO":"CENTRO","RUBRO":"HELADERIA","CATEGORIA":"ALIMENTACIÓN","PADRÓN N°":"A3-4516","INSPECTOR/A":"SOFIA- IRMA","ÚLTIMA VISITA":"2024-10-16","VENC. HABILITACIÓN":"04/11/2027","ESTADO":"VIGENTE","OBSERVACIONES":"TRAMITAR HABILITACION","COORDENADAS":"-35.5835077, -58.0069319"}},{"type":"Feature","geometry":{"type":"Point","coordinates":[-58.009756,-35.575016,0]},"properties":{"name":"ROTISERIA","description":{"@type":"html","value":"descripción: <br>styleUrl: #icon-1899-E65100<br>NOMBRE / COMERCIO: SARENA VANDA<br>CUIT: 27-31078073-7<br>CONTACTO: 2241699696<br>CATEGORÍA FISCAL: MONOTRIBUTISTA C<br>DIRECCIÓN: SOLER 30<br>BARRIO: CENTRO<br>RUBRO: ROTISERIA<br>CATEGORIA: ALIMENTACIÓN<br>PADRÓN N°: A3-4504<br>INSPECTOR/A: SERGIO<br>ÚLTIMA VISITA: 2025-09-28<br>VENC. HABILITACIÓN: 15/10/2027<br>ESTADO: VIGENTE<br>OBSERVACIONES: HABILITACION VIGENTE Y ESTADO HIGIENICO EDILICIO.<br>COORDENADAS: -35.5750162, -58.00975589999999"},"styleUrl":"#icon-1899-E65100","label-scale":0,"icon-opacity":1,"icon-color":"#7cb342","icon-scale":1,"icon-offset":[32,64],"icon-offset-units":["pixels","insetPixels"],"icon":"https://www.gstatic.com/mapspro/images/stock/503-wht-blank_maps.png","descripción":"","NOMBRE / COMERCIO":"SARENA VANDA","CUIT":"27-31078073-7","CONTACTO":"2241699696","CATEGORÍA FISCAL":"MONOTRIBUTISTA C","DIRECCIÓN":"SOLER 30","BARRIO":"CENTRO","RUBRO":"ROTISERIA","CATEGORIA":"ALIMENTACIÓN","PADRÓN N°":"A3-4504","INSPECTOR/A":"SERGIO","ÚLTIMA VISITA":"2025-09-28","VENC. HABILITACIÓN":"15/10/2027","ESTADO":"VIGENTE","OBSERVACIONES":"HABILITACION VIGENTE Y ESTADO HIGIENICO EDILICIO.","COORDENADAS":"-35.5750162, -58.00975589999999"}},{"type":"Feature","geometry":{"type":"Point","coordinates":[-58.012628,-35.57561,0]},"properties":{"name":"VENTA DE COMIDA","description":{"@type":"html","value":"descripción: <br>styleUrl: #icon-1899-BDBDBD<br>NOMBRE / COMERCIO: SEGOVIA ZERPA MANUEL ALBERTO<br>CUIT: 20-96494194-8<br>CONTACTO: 2241418478<br>CATEGORÍA FISCAL: MONOTRIBUTISTA A<br>DIRECCIÓN: SOLER 137<br>BARRIO: CENTRO<br>RUBRO: VENTA DE COMIDA<br>CATEGORIA: ALIMENTACIÓN<br>PADRÓN N°: A3-4586<br>INSPECTOR/A: SOFIA- IRMA<br>ÚLTIMA VISITA: 2025-11-28<br>VENC. HABILITACIÓN: 19/12/2028<br>ESTADO: VIGENTE<br>OBSERVACIONES: POSEE MATAFUEGO EQUIPO N° 975016 VTO 11/26 PH 11/27. EQUIPO K H0S 4439 POSEE DISYUNTR, CINTAS, LUZ DE EMERGENCIA., APTO EN MEDIDAS DE SEGURIDAD<br>COORDENADAS: -35.5756103, -58.0126281"},"styleUrl":"#icon-1899-BDBDBD","label-scale":0,"icon-opacity":1,"icon-color":"#7cb342","icon-scale":1,"icon-offset":[32,64],"icon-offset-units":["pixels","insetPixels"],"icon":"https://www.gstatic.com/mapspro/images/stock/503-wht-blank_maps.png","descripción":"","NOMBRE / COMERCIO":"SEGOVIA ZERPA MANUEL ALBERTO","CUIT":"20-96494194-8","CONTACTO":"2241418478","CATEGORÍA FISCAL":"MONOTRIBUTISTA A","DIRECCIÓN":"SOLER 137","BARRIO":"CENTRO","RUBRO":"VENTA DE COMIDA","CATEGORIA":"ALIMENTACIÓN","PADRÓN N°":"A3-4586","INSPECTOR/A":"SOFIA- IRMA","ÚLTIMA VISITA":"2025-11-28","VENC. HABILITACIÓN":"19/12/2028","ESTADO":"VIGENTE","OBSERVACIONES":"POSEE MATAFUEGO EQUIPO N° 975016 VTO 11/26 PH 11/27. EQUIPO K H0S 4439 POSEE DISYUNTR, CINTAS, LUZ DE EMERGENCIA., APTO EN MEDIDAS DE SEGURIDAD","COORDENADAS":"-35.5756103, -58.0126281"}},{"type":"Feature","geometry":{"type":"Point","coordinates":[-58.008887,-35.578607,0]},"properties":{"name":"PANADERIA","description":{"@type":"html","value":"descripción: <br>styleUrl: #icon-1899-880E4F<br>NOMBRE / COMERCIO: SILVA OSCAR DIEGO<br>CUIT: 20-14852148-5<br>CONTACTO: 2241612154<br>CATEGORÍA FISCAL: RESPONSABLE INSCRIPTO<br>DIRECCIÓN: SAN MARTIN 2<br>BARRIO: CENTRO<br>RUBRO: PANADERIA<br>CATEGORIA: ALIMENTACIÓN<br>PADRÓN N°: A3-2855<br>INSPECTOR/A: YANINA<br>ÚLTIMA VISITA: 2025-12-29<br>VENC. HABILITACIÓN: 10/09/2026<br>ESTADO: VIGENTE<br>OBSERVACIONES: MANIFIESTA QUE HABIA CUMPLIMENTADO CON LO SOLICITADO SEGUN ACTA ANTERIOR SE OTORGA PLAZO 15 DIAS<br>COORDENADAS: -35.5786067, -58.0088868"},"styleUrl":"#icon-1899-880E4F","label-scale":0,"icon-opacity":1,"icon-color":"#7cb342","icon-scale":1,"icon-offset":[32,64],"icon-offset-units":["pixels","insetPixels"],"icon":"https://www.gstatic.com/mapspro/images/stock/503-wht-blank_maps.png","descripción":"","NOMBRE / COMERCIO":"SILVA OSCAR DIEGO","CUIT":"20-14852148-5","CONTACTO":"2241612154","CATEGORÍA FISCAL":"RESPONSABLE INSCRIPTO","DIRECCIÓN":"SAN MARTIN 2","BARRIO":"CENTRO","RUBRO":"PANADERIA","CATEGORIA":"ALIMENTACIÓN","PADRÓN N°":"A3-2855","INSPECTOR/A":"YANINA","ÚLTIMA VISITA":"2025-12-29","VENC. HABILITACIÓN":"10/09/2026","ESTADO":"VIGENTE","OBSERVACIONES":"MANIFIESTA QUE HABIA CUMPLIMENTADO CON LO SOLICITADO SEGUN ACTA ANTERIOR SE OTORGA PLAZO 15 DIAS","COORDENADAS":"-35.5786067, -58.0088868"}},{"type":"Feature","geometry":{"type":"Point","coordinates":[-58.004344,-35.572612,0]},"properties":{"name":"ELABORACION Y VENTA DE ALFAJORES","description":{"@type":"html","value":"descripción: <br>styleUrl: #icon-1899-BDBDBD<br>NOMBRE / COMERCIO: SZAMOTA NELLY NOEMI<br>CUIT: 27-18308134-4<br>CONTACTO: 2241542575<br>CATEGORÍA FISCAL: MONOTRIBUTISTA C<br>DIRECCIÓN: GARAY 194<br>BARRIO: CENTRO<br>RUBRO: ELABORACION Y VENTA DE ALFAJORES<br>CATEGORIA: ALIMENTACIÓN<br>PADRÓN N°: A3-4592<br>INSPECTOR/A: <br>ÚLTIMA VISITA: <br>VENC. HABILITACIÓN: 10/06/2028<br>ESTADO: VIGENTE<br>OBSERVACIONES: HA CUMPLIMENTADO C LO SOLICITADO-POSEE CARNET DE MANIP TODOS LOS EMPLEADOS<br>COORDENADAS: -35.5726115, -58.0043438"},"styleUrl":"#icon-1899-BDBDBD","label-scale":0,"icon-opacity":1,"icon-color":"#7cb342","icon-scale":1,"icon-offset":[32,64],"icon-offset-units":["pixels","insetPixels"],"icon":"https://www.gstatic.com/mapspro/images/stock/503-wht-blank_maps.png","descripción":"","NOMBRE / COMERCIO":"SZAMOTA NELLY NOEMI","CUIT":"27-18308134-4","CONTACTO":"2241542575","CATEGORÍA FISCAL":"MONOTRIBUTISTA C","DIRECCIÓN":"GARAY 194","BARRIO":"CENTRO","RUBRO":"ELABORACION Y VENTA DE ALFAJORES","CATEGORIA":"ALIMENTACIÓN","PADRÓN N°":"A3-4592","INSPECTOR/A":"","ÚLTIMA VISITA":"","VENC. HABILITACIÓN":"10/06/2028","ESTADO":"VIGENTE","OBSERVACIONES":"HA CUMPLIMENTADO C LO SOLICITADO-POSEE CARNET DE MANIP TODOS LOS EMPLEADOS","COORDENADAS":"-35.5726115, -58.0043438"}},{"type":"Feature","geometry":{"type":"Point","coordinates":[-58.013414,-35.573081,0]},"properties":{"name":"ELAB Y VENTA DE DULCES CASER","description":{"@type":"html","value":"descripción: <br>styleUrl: #icon-1899-BDBDBD<br>NOMBRE / COMERCIO: TALLER PROTEGIDO<br>CUIT: 30665078244<br>CONTACTO: <br>CATEGORÍA FISCAL: ASOCIACION<br>DIRECCIÓN: ALVEAR 235<br>BARRIO: CENTRO<br>RUBRO: ELAB Y VENTA DE DULCES CASER<br>CATEGORIA: ALIMENTACIÓN<br>PADRÓN N°: B-0045<br>INSPECTOR/A: YANINA<br>ÚLTIMA VISITA: 2024-06-04<br>VENC. HABILITACIÓN: 26/10/2023<br>ESTADO: VENCIDA<br>OBSERVACIONES: RENOVAR HABILTAC 26-10-2023<br>COORDENADAS: -35.5730812, -58.0134137"},"styleUrl":"#icon-1899-BDBDBD","label-scale":0,"icon-opacity":1,"icon-color":"#a52714","icon-scale":1,"icon-offset":[32,64],"icon-offset-units":["pixels","insetPixels"],"icon":"https://www.gstatic.com/mapspro/images/stock/503-wht-blank_maps.png","descripción":"","NOMBRE / COMERCIO":"TALLER PROTEGIDO","CUIT":"30665078244","CONTACTO":"2241414992","CATEGORÍA FISCAL":"ASOCIACION","DIRECCIÓN":"ALVEAR 235","BARRIO":"CENTRO","RUBRO":"ELAB Y VENTA DE DULCES CASER","CATEGORIA":"ALIMENTACIÓN","PADRÓN N°":"B-0045","INSPECTOR/A":"YANINA","ÚLTIMA VISITA":"2024-06-04","VENC. HABILITACIÓN":"26/10/2023","ESTADO":"VENCIDA","OBSERVACIONES":"RENOVAR HABILTAC 26-10-2023","COORDENADAS":"-35.5730812, -58.0134137"}},{"type":"Feature","geometry":{"type":"Point","coordinates":[-58.007606,-35.583792,0]},"properties":{"name":"EST DE SERV-ANEXO CAFETERIA","description":{"@type":"html","value":"descripción: <br>styleUrl: #icon-1899-BDBDBD<br>NOMBRE / COMERCIO: VILLALBA ANDRES SRL<br>CUIT: 30-71221974-9<br>CONTACTO: 2241553270<br>CATEGORÍA FISCAL: SRL<br>DIRECCIÓN: AV PERON 450<br>BARRIO: CENTRO<br>RUBRO: EST DE SERV-ANEXO CAFETERIA<br>CATEGORIA: ALIMENTACIÓN<br>PADRÓN N°: A7-0040<br>INSPECTOR/A: SOFIA- IRMA<br>ÚLTIMA VISITA: 2024-08-28<br>VENC. HABILITACIÓN: 29/04/2028<br>ESTADO: VIGENTE<br>OBSERVACIONES: HAB 09-03-2025<br>COORDENADAS: -35.5837921, -58.00760579999999"},"styleUrl":"#icon-1899-BDBDBD","label-scale":0,"icon-opacity":1,"icon-color":"#7cb342","icon-scale":1,"icon-offset":[32,64],"icon-offset-units":["pixels","insetPixels"],"icon":"https://www.gstatic.com/mapspro/images/stock/503-wht-blank_maps.png","descripción":"","NOMBRE / COMERCIO":"VILLALBA ANDRES SRL","CUIT":"30-71221974-9","CONTACTO":"2241553270","CATEGORÍA FISCAL":"SRL","DIRECCIÓN":"AV PERON 450","BARRIO":"CENTRO","RUBRO":"EST DE SERV-ANEXO CAFETERIA","CATEGORIA":"ALIMENTACIÓN","PADRÓN N°":"A7-0040","INSPECTOR/A":"SOFIA- IRMA","ÚLTIMA VISITA":"2024-08-28","VENC. HABILITACIÓN":"29/04/2028","ESTADO":"VIGENTE","OBSERVACIONES":"HAB 09-03-2025","COORDENADAS":"-35.5837921, -58.00760579999999"}},{"type":"Feature","geometry":{"type":"Point","coordinates":[-58.007747,-35.573985,0]},"properties":{"name":"ROTISERIA","description":{"@type":"html","value":"descripción: <br>styleUrl: #icon-1899-E65100<br>NOMBRE / COMERCIO: APAOLAZA JUAN PABLO<br>CUIT: 20-29494868-7<br>CONTACTO: 2241523521<br>CATEGORÍA FISCAL: MONOTRIBUTISTA A<br>DIRECCIÓN: MACHADO 149<br>BARRIO: EL HUECO<br>RUBRO: ROTISERIA<br>CATEGORIA: ALIMENTACIÓN<br>PADRÓN N°: A3-4437<br>INSPECTOR/A: SERGIO<br>ÚLTIMA VISITA: 2025-07-03<br>VENC. HABILITACIÓN: 09/01/2027<br>ESTADO: VIGENTE<br>OBSERVACIONES: CONTINUA CON LO SOLICITADO ACTA ANTERIOR<br>COORDENADAS: -35.5739848, -58.0077469"},"styleUrl":"#icon-1899-E65100","label-scale":0,"icon-opacity":1,"icon-color":"#7cb342","icon-scale":1,"icon-offset":[32,64],"icon-offset-units":["pixels","insetPixels"],"icon":"https://www.gstatic.com/mapspro/images/stock/503-wht-blank_maps.png","descripción":"","NOMBRE / COMERCIO":"APAOLAZA JUAN PABLO","CUIT":"20-29494868-7","CONTACTO":"2241523521","CATEGORÍA FISCAL":"MONOTRIBUTISTA A","DIRECCIÓN":"MACHADO 149","BARRIO":"EL HUECO","RUBRO":"ROTISERIA","CATEGORIA":"ALIMENTACIÓN","PADRÓN N°":"A3-4437","INSPECTOR/A":"SERGIO","ÚLTIMA VISITA":"2025-07-03","VENC. HABILITACIÓN":"09/01/2027","ESTADO":"VIGENTE","OBSERVACIONES":"CONTINUA CON LO SOLICITADO ACTA ANTERIOR","COORDENADAS":"-35.5739848, -58.0077469"}},{"type":"Feature","geometry":{"type":"Point","coordinates":[-58.005457,-35.572547,0]},"properties":{"name":"RESTAURANT S","description":{"@type":"html","value":"descripción: <br>styleUrl: #icon-1899-BDBDBD<br>NOMBRE / COMERCIO: BALZER ANDREA ISABEL<br>CUIT: 27-22801342-6<br>CONTACTO: 2241687611<br>CATEGORÍA FISCAL: MONOTRIBUTISTA B<br>DIRECCIÓN: GARAY 151, Chascomús, Buenos Aires<br>BARRIO: EL HUECO<br>RUBRO: RESTAURANT S / ESPEC-ROTISERIA<br>CATEGORIA: BELLEZA<br>PADRÓN N°: A5-0784<br>INSPECTOR/A: SERGIO<br>ÚLTIMA VISITA: 2025-08-08<br>VENC. HABILITACIÓN: 10/11/2026<br>ESTADO: VIGENTE<br>OBSERVACIONES: FALTA CARNET DE MANIPULACION.<br>COORDENADAS: -35.572547, -58.00545700000001"},"styleUrl":"#icon-1899-BDBDBD","label-scale":0,"icon-opacity":1,"icon-color":"#7cb342","icon-scale":1,"icon-offset":[32,64],"icon-offset-units":["pixels","insetPixels"],"icon":"https://www.gstatic.com/mapspro/images/stock/503-wht-blank_maps.png","descripción":"","NOMBRE / COMERCIO":"BALZER ANDREA ISABEL","CUIT":"27-22801342-6","CONTACTO":"2241687611","CATEGORÍA FISCAL":"MONOTRIBUTISTA B","DIRECCIÓN":"GARAY 151, Chascomús, Buenos Aires","BARRIO":"EL HUECO","RUBRO":"RESTAURANT S / ESPEC-ROTISERIA","CATEGORIA":"BELLEZA","PADRÓN N°":"A5-0784","INSPECTOR/A":"SERGIO","ÚLTIMA VISITA":"2025-08-08","VENC. HABILITACIÓN":"10/11/2026","ESTADO":"VIGENTE","OBSERVACIONES":"FALTA CARNET DE MANIPULACION.","COORDENADAS":"-35.572547, -58.00545700000001"}},{"type":"Feature","geometry":{"type":"Point","coordinates":[-57.997172,-35.571661,0]},"properties":{"name":"PANADERIA","description":{"@type":"html","value":"descripción: <br>styleUrl: #icon-1899-880E4F<br>NOMBRE / COMERCIO: VERON SANTIAGO Y BERTOGLIO MIRTA<br>CUIT: 30-71495676-7<br>CONTACTO: 2241683292<br>CATEGORÍA FISCAL: OTRA<br>DIRECCIÓN: GARAY 50<br>BARRIO: EL HUECO<br>RUBRO: PANADERIA<br>CATEGORIA: ALIMENTACIÓN<br>PADRÓN N°: A3-2023<br>INSPECTOR/A: YANINA<br>ÚLTIMA VISITA: 2024-10-17<br>VENC. HABILITACIÓN: 16/12/2027<br>ESTADO: VIGENTE<br>OBSERVACIONES: HABILITACION VIGENTE<br>COORDENADAS: -35.5716613, -57.9971723"},"styleUrl":"#icon-1899-880E4F","label-scale":0,"icon-opacity":1,"icon-color":"#7cb342","icon-scale":1,"icon-offset":[32,64],"icon-offset-units":["pixels","insetPixels"],"icon":"https://www.gstatic.com/mapspro/images/stock/503-wht-blank_maps.png","descripción":"","NOMBRE / COMERCIO":"VERON SANTIAGO Y BERTOGLIO MIRTA","CUIT":"30-71495676-7","CONTACTO":"2241683292","CATEGORÍA FISCAL":"OTRA","DIRECCIÓN":"GARAY 50","BARRIO":"EL HUECO","RUBRO":"PANADERIA","CATEGORIA":"ALIMENTACIÓN","PADRÓN N°":"A3-2023","INSPECTOR/A":"YANINA","ÚLTIMA VISITA":"2024-10-17","VENC. HABILITACIÓN":"16/12/2027","ESTADO":"VIGENTE","OBSERVACIONES":"HABILITACION VIGENTE","COORDENADAS":"-35.5716613, -57.9971723"}},{"type":"Feature","geometry":{"type":"Point","coordinates":[-58.002256,-35.576301,0]},"properties":{"name":"BUFFET","description":{"@type":"html","value":"descripción: <br>styleUrl: #icon-1899-BDBDBD<br>NOMBRE / COMERCIO: BORDACHAR MARIA LOURDES<br>CUIT: 23-29494726-0<br>CONTACTO: 2241573667<br>CATEGORÍA FISCAL: RESPONSABLE INSCRIPTO<br>DIRECCIÓN: ALFONSIN 701<br>BARRIO: EL HUECO<br>RUBRO: BUFFET<br>CATEGORIA: ALIMENTACIÓN<br>PADRÓN N°: A5-0721<br>INSPECTOR/A: SERGIO<br>ÚLTIMA VISITA: 2025-06-11<br>VENC. HABILITACIÓN: 07/10/2027<br>ESTADO: VIGENTE<br>OBSERVACIONES: <br>COORDENADAS: -35.5763007, -58.0022564"},"styleUrl":"#icon-1899-BDBDBD","label-scale":0,"icon-opacity":1,"icon-color":"#7cb342","icon-scale":1,"icon-offset":[32,64],"icon-offset-units":["pixels","insetPixels"],"icon":"https://www.gstatic.com/mapspro/images/stock/503-wht-blank_maps.png","descripción":"","NOMBRE / COMERCIO":"BORDACHAR MARIA LOURDES","CUIT":"23-29494726-0","CONTACTO":"2241573667","CATEGORÍA FISCAL":"RESPONSABLE INSCRIPTO","DIRECCIÓN":"ALFONSIN 701","BARRIO":"EL HUECO","RUBRO":"BUFFET","CATEGORIA":"ALIMENTACIÓN","PADRÓN N°":"A5-0721","INSPECTOR/A":"SERGIO","ÚLTIMA VISITA":"2025-06-11","VENC. HABILITACIÓN":"07/10/2027","ESTADO":"VIGENTE","OBSERVACIONES":"CUMPLIMENTO LO SOLICITADO ACTA ANTERIOR","COORDENADAS":"-35.5763007, -58.0022564"}},{"type":"Feature","geometry":{"type":"Point","coordinates":[-58.002506,-35.572398,0]},"properties":{"name":"PANADERIA","description":{"@type":"html","value":"descripción: <br>styleUrl: #icon-1899-880E4F<br>NOMBRE / COMERCIO: ORTEGA JUAN ALBERTO<br>CUIT: 20-16270457-6<br>CONTACTO: <br>CATEGORÍA FISCAL: MONOTRIBUTISTA D<br>DIRECCIÓN: GARAY 278<br>BARRIO: EL HUECO<br>RUBRO: PANADERIA<br>CATEGORIA: ALIMENTACIÓN<br>PADRÓN N°: A3-2155<br>INSPECTOR/A: SERGIO<br>ÚLTIMA VISITA: 2025-04-09<br>VENC. HABILITACIÓN: 28/03/2025<br>ESTADO: VENCIDA<br>OBSERVACIONES: CUMPLIO CON LO SOLICITADO-FLTA C FUMIG Y DE MANIP<br>COORDENADAS: -35.5723977, -58.0025061"},"styleUrl":"#icon-1899-880E4F","label-scale":0,"icon-opacity":1,"icon-color":"#a52714","icon-scale":1,"icon-offset":[32,64],"icon-offset-units":["pixels","insetPixels"],"icon":"https://www.gstatic.com/mapspro/images/stock/503-wht-blank_maps.png","descripción":"","NOMBRE / COMERCIO":"ORTEGA JUAN ALBERTO","CUIT":"20-16270457-6","CONTACTO":"2241692232","CATEGORÍA FISCAL":"MONOTRIBUTISTA D","DIRECCIÓN":"GARAY 278","BARRIO":"EL HUECO","RUBRO":"PANADERIA","CATEGORIA":"ALIMENTACIÓN","PADRÓN N°":"A3-2155","INSPECTOR/A":"SERGIO","ÚLTIMA VISITA":"2025-04-09","VENC. HABILITACIÓN":"28/03/2025","ESTADO":"VENCIDA","OBSERVACIONES":"CUMPLIO CON LO SOLICITADO-FLTA C FUMIG Y DE MANIP","COORDENADAS":"-35.5723977, -58.0025061"}},{"type":"Feature","geometry":{"type":"Point","coordinates":[-58.016765,-35.565449,0]},"properties":{"name":"PANADERIA","description":{"@type":"html","value":"descripción: <br>styleUrl: #icon-1899-880E4F<br>NOMBRE / COMERCIO: FERREYRA MARIANO<br>CUIT: 20-28289280-5<br>CONTACTO: 2241456287<br>CATEGORÍA FISCAL: RESPONSABLE INSCRIPTO<br>DIRECCIÓN: BELGRANO 626<br>BARRIO: EL OBISPADO<br>RUBRO: PANADERIA<br>CATEGORIA: ALIMENTACIÓN<br>PADRÓN N°: A3-3449<br>INSPECTOR/A: <br>ÚLTIMA VISITA: 2026-05-04<br>VENC. HABILITACIÓN: 09/06/2018<br>ESTADO: VENCIDA<br>OBSERVACIONES: <br>COORDENADAS: -35.5654489, -58.0167653"},"styleUrl":"#icon-1899-880E4F","label-scale":0,"icon-opacity":1,"icon-color":"#a52714","icon-scale":1,"icon-offset":[32,64],"icon-offset-units":["pixels","insetPixels"],"icon":"https://www.gstatic.com/mapspro/images/stock/503-wht-blank_maps.png","descripción":"","NOMBRE / COMERCIO":"FERREYRA MARIANO","CUIT":"20-28289280-5","CONTACTO":"2241456287","CATEGORÍA FISCAL":"RESPONSABLE INSCRIPTO","DIRECCIÓN":"BELGRANO 626","BARRIO":"EL OBISPADO","RUBRO":"PANADERIA","CATEGORIA":"ALIMENTACIÓN","PADRÓN N°":"A3-3449","INSPECTOR/A":"SOFIA- IRMA","ÚLTIMA VISITA":"2026-05-04","VENC. HABILITACIÓN":"09/06/2018","ESTADO":"VENCIDA","OBSERVACIONES":"","COORDENADAS":"-35.5654489, -58.0167653"}},{"type":"Feature","geometry":{"type":"Point","coordinates":[-58.002086,-35.577337,0]},"properties":{"name":"CASA DE COMIDAS NONO","description":{"@type":"html","value":"descripción: <br>styleUrl: #icon-1899-BDBDBD<br>NOMBRE / COMERCIO: GARCIA JOSE GUSTAVO/NONO<br>CUIT: 20-25850651-1<br>CONTACTO: 1152470652<br>CATEGORÍA FISCAL: MONOTRIBUTISTA C<br>DIRECCIÓN: AZCUENAGA 49<br>BARRIO: FATIMA<br>RUBRO: CASA DE COMIDAS NONO<br>CATEGORIA: ALIMENTACIÓN<br>PADRÓN N°: A3-4358<br>INSPECTOR/A: YANINA<br>ÚLTIMA VISITA: 2026-05-20<br>VENC. HABILITACIÓN: <br>ESTADO: SIN DATOS<br>OBSERVACIONES: <br>COORDENADAS: -35.5773367, -58.0020865"},"styleUrl":"#icon-1899-BDBDBD","descripción":"","NOMBRE / COMERCIO":"GARCIA JOSE GUSTAVO/NONO","CUIT":"20-25850651-1","CONTACTO":"1152470652","CATEGORÍA FISCAL":"MONOTRIBUTISTA C","DIRECCIÓN":"AZCUENAGA 49","BARRIO":"FATIMA","RUBRO":"CASA DE COMIDAS NONO","CATEGORIA":"ALIMENTACIÓN","PADRÓN N°":"A3-4358","INSPECTOR/A":"YANINA","ÚLTIMA VISITA":"2026-05-20","VENC. HABILITACIÓN":"15/03/2026","ESTADO":"SIN DATOS","OBSERVACIONES":"","COORDENADAS":"-35.5773367, -58.0020865"}},{"type":"Feature","geometry":{"type":"Point","coordinates":[-58.007643,-35.57994,0]},"properties":{"name":"CERVECERIA-ELAB Y VTA","description":{"@type":"html","value":"descripción: <br>styleUrl: #icon-1899-BDBDBD<br>NOMBRE / COMERCIO: KIBOR EMPREN COMERC S.A.<br>CUIT: 30-71619589-5<br>CONTACTO: 2241463705<br>CATEGORÍA FISCAL: SA<br>DIRECCIÓN: AV. PTE. PERON 142<br>BARRIO: FATIMA<br>RUBRO: CERVECERIA-ELAB Y VTA<br>CATEGORIA: ALIMENTACIÓN<br>PADRÓN N°: A5-0637<br>INSPECTOR/A: SERGIO<br>ÚLTIMA VISITA: 2024-09-25<br>VENC. HABILITACIÓN: 07/04/2028<br>ESTADO: VIGENTE<br>OBSERVACIONES: REBA VIGENTE/HAB VIGENTE<br>COORDENADAS: -35.5799398, -58.00764330000001"},"styleUrl":"#icon-1899-BDBDBD","label-scale":0,"icon-opacity":1,"icon-color":"#7cb342","icon-scale":1,"icon-offset":[32,64],"icon-offset-units":["pixels","insetPixels"],"icon":"https://www.gstatic.com/mapspro/images/stock/503-wht-blank_maps.png","descripción":"","NOMBRE / COMERCIO":"KIBOR EMPREN COMERC S.A.","CUIT":"30-71619589-5","CONTACTO":"2241463705","CATEGORÍA FISCAL":"SA","DIRECCIÓN":"AV. PTE. PERON 142","BARRIO":"FATIMA","RUBRO":"CERVECERIA-ELAB Y VTA","CATEGORIA":"ALIMENTACIÓN","PADRÓN N°":"A5-0637","INSPECTOR/A":"SERGIO","ÚLTIMA VISITA":"2024-09-25","VENC. HABILITACIÓN":"07/04/2028","ESTADO":"VIGENTE","OBSERVACIONES":"REBA VIGENTE/HAB VIGENTE","COORDENADAS":"-35.5799398, -58.00764330000001"}},{"type":"Feature","geometry":{"type":"Point","coordinates":[-58.001708,-35.576285,0]},"properties":{"name":"ELABORACION Y VENTA PANFICADOS","description":{"@type":"html","value":"descripción: <br>styleUrl: #icon-1899-880E4F<br>NOMBRE / COMERCIO: LA NUEVA IMPERIAL CHASCOMUS<br>CUIT: 30-71668929-4<br>CONTACTO: 2241436534<br>CATEGORÍA FISCAL: NO REGISTRA IMPUESTOS ACTIVOS<br>DIRECCIÓN: AV PTE. ALFONSIN 726<br>BARRIO: FATIMA<br>RUBRO: ELABORACION Y VENTA PANFICADOS<br>CATEGORIA: ALIMENTACIÓN<br>PADRÓN N°: A3-1636<br>INSPECTOR/A: SOFIA- IRMA<br>ÚLTIMA VISITA: 2026-06-09<br>VENC. HABILITACIÓN: 15/05/2025<br>ESTADO: VENCIDA<br>OBSERVACIONES: <br>COORDENADAS: -35.5762846, -58.00170790000001"},"styleUrl":"#icon-1899-880E4F","label-scale":0,"icon-opacity":1,"icon-color":"#a52714","icon-scale":1,"icon-offset":[32,64],"icon-offset-units":["pixels","insetPixels"],"icon":"https://www.gstatic.com/mapspro/images/stock/503-wht-blank_maps.png","descripción":"","NOMBRE / COMERCIO":"LA NUEVA IMPERIAL CHASCOMUS","CUIT":"30-71668929-4","CONTACTO":"2241436534","CATEGORÍA FISCAL":"NO REGISTRA IMPUESTOS ACTIVOS","DIRECCIÓN":"AV PTE. ALFONSIN 726","BARRIO":"FATIMA","RUBRO":"ELABORACION Y VENTA PANFICADOS","CATEGORIA":"ALIMENTACIÓN","PADRÓN N°":"A3-1636","INSPECTOR/A":"SOFIA- IRMA","ÚLTIMA VISITA":"2026-06-09","VENC. HABILITACIÓN":"15/05/2025","ESTADO":"VENCIDA","OBSERVACIONES":"LIMP PISOS SEC MAQ-ACOND SECTOR CUAD/ZOCA","COORDENADAS":"-35.5762846, -58.00170790000001"}},{"type":"Feature","geometry":{"type":"Point","coordinates":[-58.006283,-35.580795,0]},"properties":{"name":"ROTISERIA","description":{"@type":"html","value":"descripción: <br>styleUrl: #icon-1899-E65100<br>NOMBRE / COMERCIO: ROMANELLI MAXIMILIANO<br>CUIT: 20-37376413-3<br>CONTACTO: MASSII20092GMAIL.COM<br>CATEGORÍA FISCAL: MONOTRIBUTISTA H<br>DIRECCIÓN: DIAZ VELEZ 49<br>BARRIO: FATIMA<br>RUBRO: ROTISERIA<br>CATEGORIA: ALIMENTACIÓN<br>PADRÓN N°: A3-4624<br>INSPECTOR/A: SOFIA- IRMA<br>ÚLTIMA VISITA: 2026-05-18<br>VENC. HABILITACIÓN: <br>ESTADO: SIN DATOS<br>OBSERVACIONES: <br>COORDENADAS: -35.5807946, -58.00628339999999"},"styleUrl":"#icon-1899-E65100","descripción":"","NOMBRE / COMERCIO":"ROMANELLI MAXIMILIANO","CUIT":"20-37376413-3","CONTACTO":"MASSII20092GMAIL.COM","CATEGORÍA FISCAL":"MONOTRIBUTISTA H","DIRECCIÓN":"DIAZ VELEZ 49","BARRIO":"FATIMA","RUBRO":"ROTISERIA","CATEGORIA":"ALIMENTACIÓN","PADRÓN N°":"A3-4624","INSPECTOR/A":"SOFIA- IRMA","ÚLTIMA VISITA":"2026-05-18","VENC. HABILITACIÓN":"2026-04-20","ESTADO":"SIN DATOS","OBSERVACIONES":"AL MOMENTO DE LA INSPECCION POSEE DISYUNTOR, LUZ DE EMERGENCIA, EQUIPO 1H00637521 VTO 8/26 SE FIRMA MEDIDAS DE SEGURIDAD PARA QUE CONTINUE  CON EL TRAMITE, POSEE CARNET DE MANIPULACION DE ALIMENTOS.","COORDENADAS":"-35.5807946, -58.00628339999999"}},{"type":"Feature","geometry":{"type":"Point","coordinates":[-58.014185,-35.567496,0]},"properties":{"name":"PANADERIA","description":{"@type":"html","value":"descripción: <br>styleUrl: #icon-1899-880E4F<br>NOMBRE / COMERCIO: SELVA MARTN MIGUEL<br>CUIT: 20-36213596-7<br>CONTACTO: 2241573275<br>CATEGORÍA FISCAL: RESPONSABLE INSCRIPTO<br>DIRECCIÓN: RICCHIERI 158<br>BARRIO: FATIMA<br>RUBRO: PANADERIA<br>CATEGORIA: ALIMENTACIÓN<br>PADRÓN N°: A3-3698<br>INSPECTOR/A: SOFIA- IRMA<br>ÚLTIMA VISITA: 2026-05-18<br>VENC. HABILITACIÓN: 10/11/2024<br>ESTADO: VENCIDA<br>OBSERVACIONES: <br>COORDENADAS: -35.5674959, -58.01418469999999"},"styleUrl":"#icon-1899-880E4F","label-scale":0,"icon-opacity":1,"icon-color":"#a52714","icon-scale":1,"icon-offset":[32,64],"icon-offset-units":["pixels","insetPixels"],"icon":"https://www.gstatic.com/mapspro/images/stock/503-wht-blank_maps.png","descripción":"","NOMBRE / COMERCIO":"SELVA MARTN MIGUEL","CUIT":"20-36213596-7","CONTACTO":"2241573275","CATEGORÍA FISCAL":"RESPONSABLE INSCRIPTO","DIRECCIÓN":"RICCHIERI 158","BARRIO":"FATIMA","RUBRO":"PANADERIA","CATEGORIA":"ALIMENTACIÓN","PADRÓN N°":"A3-3698","INSPECTOR/A":"SOFIA- IRMA","ÚLTIMA VISITA":"2026-05-18","VENC. HABILITACIÓN":"10/11/2024","ESTADO":"VENCIDA","OBSERVACIONES":"COLOCA BURLETE","COORDENADAS":"-35.5674959, -58.01418469999999"}},{"type":"Feature","geometry":{"type":"Point","coordinates":[-57.987563,-35.575525,0]},"properties":{"name":"PANADERIA","description":{"@type":"html","value":"descripción: <br>styleUrl: #icon-1899-880E4F<br>NOMBRE / COMERCIO: ACOSTA JUAN PABLO<br>CUIT: 20-28532965-6<br>CONTACTO: 2241681189<br>CATEGORÍA FISCAL: MONOTRIBUTISTA A<br>DIRECCIÓN: LA PLATA 58<br>BARRIO: GALLO BLANCO<br>RUBRO: PANADERIA<br>CATEGORIA: ALIMENTACIÓN<br>PADRÓN N°: A3-1687<br>INSPECTOR/A: SERGIO<br>ÚLTIMA VISITA: 2025-03-19<br>VENC. HABILITACIÓN: 29/06/2024<br>ESTADO: VENCIDA<br>OBSERVACIONES: INICIO DE TRAMITE-ESPERANDO ANIBAL<br>COORDENADAS: -35.5755247, -57.987563"},"styleUrl":"#icon-1899-880E4F","label-scale":0,"icon-opacity":1,"icon-color":"#a52714","icon-scale":1,"icon-offset":[32,64],"icon-offset-units":["pixels","insetPixels"],"icon":"https://www.gstatic.com/mapspro/images/stock/503-wht-blank_maps.png","descripción":"","NOMBRE / COMERCIO":"ACOSTA JUAN PABLO","CUIT":"20-28532965-6","CONTACTO":"2241681189","CATEGORÍA FISCAL":"MONOTRIBUTISTA A","DIRECCIÓN":"LA PLATA 58","BARRIO":"GALLO BLANCO","RUBRO":"PANADERIA","CATEGORIA":"ALIMENTACIÓN","PADRÓN N°":"A3-1687","INSPECTOR/A":"SERGIO","ÚLTIMA VISITA":"2025-03-19","VENC. HABILITACIÓN":"29/06/2024","ESTADO":"VENCIDA","OBSERVACIONES":"INICIO DE TRAMITE-ESPERANDO ANIBAL","COORDENADAS":"-35.5755247, -57.987563"}},{"type":"Feature","geometry":{"type":"Point","coordinates":[-57.988816,-35.576458,0]},"properties":{"name":"PANADERIA","description":{"@type":"html","value":"descripción: <br>styleUrl: #icon-1899-880E4F<br>NOMBRE / COMERCIO: ALVES ANDRES ANIBAL<br>CUIT: 20-23525559-7<br>CONTACTO: 462762<br>CATEGORÍA FISCAL: RESPONSABLE INSCRIPTO<br>DIRECCIÓN: BAHIA BLANCA 82<br>BARRIO: GALLO BLANCO<br>RUBRO: PANADERIA<br>CATEGORIA: ALIMENTACIÓN<br>PADRÓN N°: A4-0670<br>INSPECTOR/A: SOFIA- IRMA<br>ÚLTIMA VISITA: 2026-05-02<br>VENC. HABILITACIÓN: 10/12/2026<br>ESTADO: VIGENTE<br>OBSERVACIONES: <br>COORDENADAS: -35.5764581, -57.9888158"},"styleUrl":"#icon-1899-880E4F","label-scale":0,"icon-opacity":1,"icon-color":"#7cb342","icon-scale":1,"icon-offset":[32,64],"icon-offset-units":["pixels","insetPixels"],"icon":"https://www.gstatic.com/mapspro/images/stock/503-wht-blank_maps.png","descripción":"","NOMBRE / COMERCIO":"ALVES ANDRES ANIBAL","CUIT":"20-23525559-7","CONTACTO":"462762","CATEGORÍA FISCAL":"RESPONSABLE INSCRIPTO","DIRECCIÓN":"BAHIA BLANCA 82","BARRIO":"GALLO BLANCO","RUBRO":"PANADERIA","CATEGORIA":"ALIMENTACIÓN","PADRÓN N°":"A4-0670","INSPECTOR/A":"SOFIA- IRMA","ÚLTIMA VISITA":"2026-05-02","VENC. HABILITACIÓN":"10/12/2026","ESTADO":"VIGENTE","OBSERVACIONES":"CUMPLIO CON LO SOLICITADO EN LA VISITA ANTERIOR.","COORDENADAS":"-35.5764581, -57.9888158"}},{"type":"Feature","geometry":{"type":"Point","coordinates":[-57.989045,-35.574888,0]},"properties":{"name":"PANADERIA","description":{"@type":"html","value":"descripción: <br>styleUrl: #icon-1899-880E4F<br>NOMBRE / COMERCIO: ARRONDO IGNACIO<br>CUIT: 20-38549758-0<br>CONTACTO: 2241554989<br>CATEGORÍA FISCAL: MONOTRIBUTISTA A<br>DIRECCIÓN: BAHI BLANCA 6<br>BARRIO: GALLO BLANCO<br>RUBRO: PANADERIA<br>CATEGORIA: ALIMENTACIÓN<br>PADRÓN N°: A3-4615<br>INSPECTOR/A: SERGIO<br>ÚLTIMA VISITA: 2025-08-25<br>VENC. HABILITACIÓN: 12/08/2028<br>ESTADO: VIGENTE<br>OBSERVACIONES: SE ENCUENTRA EL LOCAL EN ESTADO HIGIECO EDILICIO SATISFACTORIO- FAÑTA CARNET DE MANIPULACION DE ALIMENTOS<br>COORDENADAS: -35.5748884, -57.9890453"},"styleUrl":"#icon-1899-880E4F","label-scale":0,"icon-opacity":1,"icon-color":"#7cb342","icon-scale":1,"icon-offset":[32,64],"icon-offset-units":["pixels","insetPixels"],"icon":"https://www.gstatic.com/mapspro/images/stock/503-wht-blank_maps.png","descripción":"","NOMBRE / COMERCIO":"ARRONDO IGNACIO","CUIT":"20-38549758-0","CONTACTO":"2241554989","CATEGORÍA FISCAL":"MONOTRIBUTISTA A","DIRECCIÓN":"BAHI BLANCA 6","BARRIO":"GALLO BLANCO","RUBRO":"PANADERIA","CATEGORIA":"ALIMENTACIÓN","PADRÓN N°":"A3-4615","INSPECTOR/A":"SERGIO","ÚLTIMA VISITA":"2025-08-25","VENC. HABILITACIÓN":"12/08/2028","ESTADO":"VIGENTE","OBSERVACIONES":"SE ENCUENTRA EL LOCAL EN ESTADO HIGIECO EDILICIO SATISFACTORIO- FAÑTA CARNET DE MANIPULACION DE ALIMENTOS","COORDENADAS":"-35.5748884, -57.9890453"}},{"type":"Feature","geometry":{"type":"Point","coordinates":[-57.990398,-35.576832,0]},"properties":{"name":"CAFETERIA","description":{"@type":"html","value":"descripción: <br>styleUrl: <br>NOMBRE / COMERCIO: Cappiello Sebastian<br>CUIT: 20-32646709-0<br>CONTACTO: 1159119014<br>CATEGORÍA FISCAL: NO REGISTRA IMPUESTOS ACTIVOS<br>DIRECCIÓN: Acceso a gandara km5 Nro 1 Dpto<br>BARRIO: GANDARA<br>RUBRO: CAFETERIA<br>CATEGORIA: ALIMENTACIÓN<br>PADRÓN N°: A3-4467<br>INSPECTOR/A: SOFIA- IRMA<br>ÚLTIMA VISITA: 2025-11-10<br>VENC. HABILITACIÓN: 10/11/2026<br>ESTADO: VIGENTE<br>OBSERVACIONES: POSEE EQUIPO N° 1H00465372, VTO 9/26 CINTAS ANTIDESLIZANTES Y CARTELES. SE FIRMA APTO EN MEDIDAS DE SEGURIDAD<br>COORDENADAS: -35.5768318, -57.9903984"},"styleUrl":"","label-scale":0,"icon-opacity":1,"icon-color":"#7cb342","icon-scale":1,"icon-offset":[32,64],"icon-offset-units":["pixels","insetPixels"],"icon":"https://www.gstatic.com/mapspro/images/stock/503-wht-blank_maps.png","descripción":"","NOMBRE / COMERCIO":"Cappiello Sebastian","CUIT":"20-32646709-0","CONTACTO":"1159119014","CATEGORÍA FISCAL":"NO REGISTRA IMPUESTOS ACTIVOS","DIRECCIÓN":"Acceso a gandara km5 Nro 1 Dpto","BARRIO":"GANDARA","RUBRO":"CAFETERIA","CATEGORIA":"ALIMENTACIÓN","PADRÓN N°":"A3-4467","INSPECTOR/A":"SOFIA- IRMA","ÚLTIMA VISITA":"2025-11-10","VENC. HABILITACIÓN":"10/11/2026","ESTADO":"VIGENTE","OBSERVACIONES":"POSEE EQUIPO N° 1H00465372, VTO 9/26 CINTAS ANTIDESLIZANTES Y CARTELES. SE FIRMA APTO EN MEDIDAS DE SEGURIDAD","COORDENADAS":"-35.5768318, -57.9903984"}},{"type":"Feature","geometry":{"type":"Point","coordinates":[-57.996684,-35.567618,0]},"properties":{"name":"FORRAJERIA","description":{"@type":"html","value":"descripción: <br>styleUrl: #icon-1899-BDBDBD<br>NOMBRE / COMERCIO: BIANCO VANESA SOLEDAD<br>CUIT: 23-34547969-4<br>CONTACTO: 2241686593<br>CATEGORÍA FISCAL: MONOTRIBUTISTA H<br>DIRECCIÓN: BELGRANO 614<br>BARRIO: VILLA LUJAN<br>RUBRO: FORRAJERIA<br>CATEGORIA: ALIMENTACIÓN<br>PADRÓN N°: A3-4584<br>INSPECTOR/A: SOFIA- IRMA<br>ÚLTIMA VISITA: 2026-01-22<br>VENC. HABILITACIÓN: 07/05/2028<br>ESTADO: VIGENTE<br>OBSERVACIONES: <br>COORDENADAS: -35.56761790000001, -57.9966836"},"styleUrl":"#icon-1899-BDBDBD","label-scale":0,"icon-opacity":1,"icon-color":"#7cb342","icon-scale":1,"icon-offset":[32,64],"icon-offset-units":["pixels","insetPixels"],"icon":"https://www.gstatic.com/mapspro/images/stock/503-wht-blank_maps.png","descripción":"","NOMBRE / COMERCIO":"BIANCO VANESA SOLEDAD","CUIT":"23-34547969-4","CONTACTO":"2241686593","CATEGORÍA FISCAL":"MONOTRIBUTISTA H","DIRECCIÓN":"BELGRANO 614","BARRIO":"VILLA LUJAN","RUBRO":"FORRAJERIA","CATEGORIA":"ALIMENTACIÓN","PADRÓN N°":"A3-4584","INSPECTOR/A":"SOFIA- IRMA","ÚLTIMA VISITA":"2026-01-22","VENC. HABILITACIÓN":"07/05/2028","ESTADO":"VIGENTE","OBSERVACIONES":"","COORDENADAS":"-35.56761790000001, -57.9966836"}},{"type":"Feature","geometry":{"type":"Point","coordinates":[-57.995046,-35.574669,0]},"properties":{"name":"ELAB DE PASTAS-VENTA DE PAN-CONF","description":{"@type":"html","value":"descripción: <br>styleUrl: #icon-1899-BDBDBD<br>NOMBRE / COMERCIO: SAN CHIRICO SAS<br>CUIT: 30-71706937-0<br>CONTACTO: 2241410164<br>CATEGORÍA FISCAL: SS<br>DIRECCIÓN: AMERICA 24<br>BARRIO: IPORA<br>RUBRO: ELAB DE PASTAS-VENTA DE PAN-CONF<br>CATEGORIA: ALIMENTACIÓN<br>PADRÓN N°: A4-0793<br>INSPECTOR/A: ANIBAL<br>ÚLTIMA VISITA: 2025-07-07<br>VENC. HABILITACIÓN: 11/07/2028<br>ESTADO: VIGENTE<br>OBSERVACIONES: CUMPLE NORMATIVAS VIGENTESPARA SU HABILITACION<br>COORDENADAS: -35.574669, -57.99504599999999"},"styleUrl":"#icon-1899-BDBDBD","label-scale":0,"icon-opacity":1,"icon-color":"#7cb342","icon-scale":1,"icon-offset":[32,64],"icon-offset-units":["pixels","insetPixels"],"icon":"https://www.gstatic.com/mapspro/images/stock/503-wht-blank_maps.png","descripción":"","NOMBRE / COMERCIO":"SAN CHIRICO SAS","CUIT":"30-71706937-0","CONTACTO":"2241410164","CATEGORÍA FISCAL":"SS","DIRECCIÓN":"AMERICA 24","BARRIO":"IPORA","RUBRO":"ELAB DE PASTAS-VENTA DE PAN-CONF","CATEGORIA":"ALIMENTACIÓN","PADRÓN N°":"A4-0793","INSPECTOR/A":"ANIBAL","ÚLTIMA VISITA":"2025-07-07","VENC. HABILITACIÓN":"11/07/2028","ESTADO":"VIGENTE","OBSERVACIONES":"CUMPLE NORMATIVAS VIGENTESPARA SU HABILITACION","COORDENADAS":"-35.574669, -57.99504599999999"}},{"type":"Feature","geometry":{"type":"Point","coordinates":[-58.009467,-35.564223,0]},"properties":{"name":"PIZZERIA","description":{"@type":"html","value":"descripción: <br>styleUrl: #icon-1899-BDBDBD<br>NOMBRE / COMERCIO: SUVELDIA SILVIA LUJAN<br>CUIT: 27-29827073-6<br>CONTACTO: 15693947<br>CATEGORÍA FISCAL: RESPONSABLE INSCRIPTO<br>DIRECCIÓN: BOLIVIA 55<br>BARRIO: LA NORIA<br>RUBRO: PIZZERIA<br>CATEGORIA: ALIMENTACIÓN<br>PADRÓN N°: A3-3258<br>INSPECTOR/A: SERGIO<br>ÚLTIMA VISITA: 2025-08-28<br>VENC. HABILITACIÓN: 22/10/2028<br>ESTADO: VIGENTE<br>OBSERVACIONES: SE REALIZO INSPECCION DE RUTINA Y SE OBSERVA QUE DEBE RENOVAR HABILITACION, DEBE ACONDICIONAR MESA DE TRABAJO, DEBE PRESENTAR CARNET DE MANIPULACION DE ALIMENTOS<br>COORDENADAS: -35.5642232, -58.0094674"},"styleUrl":"#icon-1899-BDBDBD","label-scale":0,"icon-opacity":1,"icon-color":"#7cb342","icon-scale":1,"icon-offset":[32,64],"icon-offset-units":["pixels","insetPixels"],"icon":"https://www.gstatic.com/mapspro/images/stock/503-wht-blank_maps.png","descripción":"","NOMBRE / COMERCIO":"SUVELDIA SILVIA LUJAN","CUIT":"27-29827073-6","CONTACTO":"15693947","CATEGORÍA FISCAL":"RESPONSABLE INSCRIPTO","DIRECCIÓN":"BOLIVIA 55","BARRIO":"LA NORIA","RUBRO":"PIZZERIA","CATEGORIA":"ALIMENTACIÓN","PADRÓN N°":"A3-3258","INSPECTOR/A":"SERGIO","ÚLTIMA VISITA":"2025-08-28","VENC. HABILITACIÓN":"22/10/2028","ESTADO":"VIGENTE","OBSERVACIONES":"SE REALIZO INSPECCION DE RUTINA Y SE OBSERVA QUE DEBE RENOVAR HABILITACION, DEBE ACONDICIONAR MESA DE TRABAJO, DEBE PRESENTAR CARNET DE MANIPULACION DE ALIMENTOS","COORDENADAS":"-35.5642232, -58.0094674"}},{"type":"Feature","geometry":{"type":"Point","coordinates":[-58.018626,-35.624999,0]},"properties":{"name":"ELAB Y VENTA CERVEZA ARTESANAL","description":{"@type":"html","value":"descripción: <br>styleUrl: #icon-1899-BDBDBD<br>NOMBRE / COMERCIO: PELAEZ JORGELINA VALERIA<br>CUIT: 27-20734319-1<br>CONTACTO: 223155420522<br>CATEGORÍA FISCAL: MONOTRIBUTISTA A<br>DIRECCIÓN: EL PAMPERO 06<br>BARRIO: PARQUE GIRADO<br>RUBRO: ELAB Y VENTA CERVEZA ARTESANAL<br>CATEGORIA: ALIMENTACIÓN<br>PADRÓN N°: A3-3971<br>INSPECTOR/A: ANIBAL<br>ÚLTIMA VISITA: 2025-09-11<br>VENC. HABILITACIÓN: 20/01/2026<br>ESTADO: VENCIDA<br>OBSERVACIONES: CUMPLE CON LA NORMATIVA VIGENTE EN MEDIDAS DE SEGURIDAD T BROMATOLÓGICAS.<br>COORDENADAS: -35.6249992, -58.0186259"},"styleUrl":"#icon-1899-BDBDBD","label-scale":0,"icon-opacity":1,"icon-color":"#a52714","icon-scale":1,"icon-offset":[32,64],"icon-offset-units":["pixels","insetPixels"],"icon":"https://www.gstatic.com/mapspro/images/stock/503-wht-blank_maps.png","descripción":"","NOMBRE / COMERCIO":"PELAEZ JORGELINA VALERIA","CUIT":"27-20734319-1","CONTACTO":"223155420522","CATEGORÍA FISCAL":"MONOTRIBUTISTA A","DIRECCIÓN":"EL PAMPERO 06","BARRIO":"PARQUE GIRADO","RUBRO":"ELAB Y VENTA CERVEZA ARTESANAL","CATEGORIA":"ALIMENTACIÓN","PADRÓN N°":"A3-3971","INSPECTOR/A":"ANIBAL","ÚLTIMA VISITA":"2025-09-11","VENC. HABILITACIÓN":"20/01/2026","ESTADO":"VENCIDA","OBSERVACIONES":"CUMPLE CON LA NORMATIVA VIGENTE EN MEDIDAS DE SEGURIDAD T BROMATOLÓGICAS.","COORDENADAS":"-35.6249992, -58.0186259"}},{"type":"Feature","geometry":{"type":"Point","coordinates":[-58.013646,-35.577672,0]},"properties":{"name":"RESTAURANTE- CAFETERIA- BAR","description":{"@type":"html","value":"descripción: <br>styleUrl: #icon-1899-BDBDBD<br>NOMBRE / COMERCIO: ATALAYA S.A<br>CUIT: 30-50438253-9<br>CONTACTO: 2213557806<br>CATEGORÍA FISCAL: SA<br>DIRECCIÓN: RUTA 2KM 113,500<br>BARRIO: RUTA<br>RUBRO: RESTAURANTE- CAFETERIA- BAR<br>CATEGORIA: ALIMENTACIÓN<br>PADRÓN N°: A-0530<br>INSPECTOR/A: ANIBAL<br>ÚLTIMA VISITA: 2025-08-14<br>VENC. HABILITACIÓN: 21/05/2027<br>ESTADO: VIGENTE<br>OBSERVACIONES: CUMPLE CON LA NORMATIVA VIGENTE EN MEDIDAS DE SEGURIDAD Y BROMATOLÓGICAS, CUENTA CON LA DOCUMENTACION SOLICITADA EN FORMATO PDF.<br>COORDENADAS: -35.5776723, -58.0136464"},"styleUrl":"#icon-1899-BDBDBD","label-scale":0,"icon-opacity":1,"icon-color":"#7cb342","icon-scale":1,"icon-offset":[32,64],"icon-offset-units":["pixels","insetPixels"],"icon":"https://www.gstatic.com/mapspro/images/stock/503-wht-blank_maps.png","descripción":"","NOMBRE / COMERCIO":"ATALAYA S.A","CUIT":"30-50438253-9","CONTACTO":"2213557806","CATEGORÍA FISCAL":"SA","DIRECCIÓN":"RUTA 2KM 113,500","BARRIO":"RUTA","RUBRO":"RESTAURANTE- CAFETERIA- BAR","CATEGORIA":"ALIMENTACIÓN","PADRÓN N°":"A-0530","INSPECTOR/A":"ANIBAL","ÚLTIMA VISITA":"2025-08-14","VENC. HABILITACIÓN":"21/05/2027","ESTADO":"VIGENTE","OBSERVACIONES":"CUMPLE CON LA NORMATIVA VIGENTE EN MEDIDAS DE SEGURIDAD Y BROMATOLÓGICAS, CUENTA CON LA DOCUMENTACION SOLICITADA EN FORMATO PDF.","COORDENADAS":"-35.5776723, -58.0136464"}},{"type":"Feature","geometry":{"type":"Point","coordinates":[-58.018781,-35.531581,0]},"properties":{"name":"PANADERIA","description":{"@type":"html","value":"descripción: <br>styleUrl: #icon-1899-880E4F<br>NOMBRE / COMERCIO: ALMIRON DIEGO<br>CUIT: 20-26624834-3<br>CONTACTO: 15442478<br>CATEGORÍA FISCAL: MONOTRIBUTISTA B<br>DIRECCIÓN: JUAN MANUEL DE ROSAS 2456<br>BARRIO: SAN CAYETANO<br>RUBRO: PANADERIA<br>CATEGORIA: ALIMENTACIÓN<br>PADRÓN N°: A3-3452<br>INSPECTOR/A: SERGIO<br>ÚLTIMA VISITA: 2025-05-06<br>VENC. HABILITACIÓN: 15/06/2025<br>ESTADO: VENCIDA<br>OBSERVACIONES: SE OBSERVA QUE CUMPLIO CON LO SOLICITADO, FATA CARNET DE MANIPULACION<br>COORDENADAS: -35.5315807, -58.01878079999999"},"styleUrl":"#icon-1899-880E4F","label-scale":0,"icon-opacity":1,"icon-color":"#a52714","icon-scale":1,"icon-offset":[32,64],"icon-offset-units":["pixels","insetPixels"],"icon":"https://www.gstatic.com/mapspro/images/stock/503-wht-blank_maps.png","descripción":"","NOMBRE / COMERCIO":"ALMIRON DIEGO","CUIT":"20-26624834-3","CONTACTO":"15442478","CATEGORÍA FISCAL":"MONOTRIBUTISTA B","DIRECCIÓN":"JUAN MANUEL DE ROSAS 2456","BARRIO":"SAN CAYETANO","RUBRO":"PANADERIA","CATEGORIA":"ALIMENTACIÓN","PADRÓN N°":"A3-3452","INSPECTOR/A":"SERGIO","ÚLTIMA VISITA":"2025-05-06","VENC. HABILITACIÓN":"15/06/2025","ESTADO":"VENCIDA","OBSERVACIONES":"SE OBSERVA QUE CUMPLIO CON LO SOLICITADO, FATA CARNET DE MANIPULACION","COORDENADAS":"-35.5315807, -58.01878079999999"}},{"type":"Feature","geometry":{"type":"Point","coordinates":[-58.011636,-35.534124,0]},"properties":{"name":"PANADERIA","description":{"@type":"html","value":"descripción: <br>styleUrl: #icon-1899-880E4F<br>NOMBRE / COMERCIO: CLAUS JUAN CRUZ<br>CUIT: 20-36868582-9<br>CONTACTO: 2241542625<br>CATEGORÍA FISCAL: MONOTRIBUTISTA C<br>DIRECCIÓN: ROCAMORA 2542<br>BARRIO: SAN CAYETANO<br>RUBRO: PANADERIA<br>CATEGORIA: ALIMENTACIÓN<br>PADRÓN N°: A3-4598<br>INSPECTOR/A: SERGIO<br>ÚLTIMA VISITA: 2025-06-19<br>VENC. HABILITACIÓN: 15/01/2027<br>ESTADO: VIGENTE<br>OBSERVACIONES: CUMPLIO CON LO SOLICITADO-A LA ESPERA DE ANIBAL/EDIFICIO SIN PLANOS<br>COORDENADAS: -35.5341235, -58.0116365"},"styleUrl":"#icon-1899-880E4F","label-scale":0,"icon-opacity":1,"icon-color":"#7cb342","icon-scale":1,"icon-offset":[32,64],"icon-offset-units":["pixels","insetPixels"],"icon":"https://www.gstatic.com/mapspro/images/stock/503-wht-blank_maps.png","descripción":"","NOMBRE / COMERCIO":"CLAUS JUAN CRUZ","CUIT":"20-36868582-9","CONTACTO":"2241542625","CATEGORÍA FISCAL":"MONOTRIBUTISTA C","DIRECCIÓN":"ROCAMORA 2542","BARRIO":"SAN CAYETANO","RUBRO":"PANADERIA","CATEGORIA":"ALIMENTACIÓN","PADRÓN N°":"A3-4598","INSPECTOR/A":"SERGIO","ÚLTIMA VISITA":"2025-06-19","VENC. HABILITACIÓN":"15/01/2027","ESTADO":"VIGENTE","OBSERVACIONES":"CUMPLIO CON LO SOLICITADO-A LA ESPERA DE ANIBAL/EDIFICIO SIN PLANOS","COORDENADAS":"-35.5341235, -58.0116365"}},{"type":"Feature","geometry":{"type":"Point","coordinates":[-58.014618,-35.52841,0]},"properties":{"name":"PANADERIA","description":{"@type":"html","value":"descripción: <br>styleUrl: #icon-1899-880E4F<br>NOMBRE / COMERCIO: MATEYKA SEBASTIAN<br>CUIT: 20-29031904-9<br>CONTACTO: 2241548140<br>CATEGORÍA FISCAL: MONOTRIBUTISTA C<br>DIRECCIÓN: VACAREZZA 2489<br>BARRIO: SAN CAYETANO<br>RUBRO: PANADERIA<br>CATEGORIA: ALIMENTACIÓN<br>PADRÓN N°: A3-3716<br>INSPECTOR/A: SOFIA- IRMA<br>ÚLTIMA VISITA: 2026-05-21<br>VENC. HABILITACIÓN: 10/04/2029<br>ESTADO: VIGENTE<br>OBSERVACIONES: AMPLIACION APTO<br>COORDENADAS: -35.52841, -58.0146177"},"styleUrl":"#icon-1899-880E4F","label-scale":0,"icon-opacity":1,"icon-color":"#7cb342","icon-scale":1,"icon-offset":[32,64],"icon-offset-units":["pixels","insetPixels"],"icon":"https://www.gstatic.com/mapspro/images/stock/503-wht-blank_maps.png","descripción":"","NOMBRE / COMERCIO":"MATEYKA SEBASTIAN","CUIT":"20-29031904-9","CONTACTO":"2241548140","CATEGORÍA FISCAL":"MONOTRIBUTISTA C","DIRECCIÓN":"VACAREZZA 2489","BARRIO":"SAN CAYETANO","RUBRO":"PANADERIA","CATEGORIA":"ALIMENTACIÓN","PADRÓN N°":"A3-3716","INSPECTOR/A":"SOFIA- IRMA","ÚLTIMA VISITA":"2026-05-21","VENC. HABILITACIÓN":"10/04/2029","ESTADO":"VIGENTE","OBSERVACIONES":"","COORDENADAS":"-35.52841, -58.0146177"}},{"type":"Feature","geometry":{"type":"Point","coordinates":[-58.021843,-35.573446,0]},"properties":{"name":"COMPLEJO DEPORTIVO","description":{"@type":"html","value":"descripción: <br>styleUrl: #icon-1899-BDBDBD<br>NOMBRE / COMERCIO: FIERRO GUSTAVO DANIEL<br>CUIT: 30-71769752-5<br>CONTACTO: 2241461735<br>CATEGORÍA FISCAL: SRL<br>DIRECCIÓN: BOLIVAR 568<br>BARRIO: <br>RUBRO: COMPLEJO DEPORTIVO<br>CATEGORIA: ALIMENTACIÓN<br>PADRÓN N°: A5-0756<br>INSPECTOR/A: SOFIA- IRMA<br>ÚLTIMA VISITA: 2025-03-27<br>VENC. HABILITACIÓN: 10/09/2026<br>ESTADO: VIGENTE<br>OBSERVACIONES: REBA C VTO 10/04/2025 HABILITACION PROV VENCIDA.<br>COORDENADAS: -35.5734461, -58.021843"},"styleUrl":"#icon-1899-BDBDBD","label-scale":0,"icon-opacity":1,"icon-color":"#7cb342","icon-scale":1,"icon-offset":[32,64],"icon-offset-units":["pixels","insetPixels"],"icon":"https://www.gstatic.com/mapspro/images/stock/503-wht-blank_maps.png","descripción":"","NOMBRE / COMERCIO":"FIERRO GUSTAVO DANIEL","CUIT":"30-71769752-5","CONTACTO":"2241461735","CATEGORÍA FISCAL":"SRL","DIRECCIÓN":"BOLIVAR 568","BARRIO":"SAN JOSE","RUBRO":"COMPLEJO DEPORTIVO","CATEGORIA":"ALIMENTACIÓN","PADRÓN N°":"A5-0756","INSPECTOR/A":"SOFIA- IRMA","ÚLTIMA VISITA":"2025-03-27","VENC. HABILITACIÓN":"10/09/2026","ESTADO":"VIGENTE","OBSERVACIONES":"","COORDENADAS":"-35.5734461, -58.021843"}},{"type":"Feature","geometry":{"type":"Point","coordinates":[-58.023887,-35.563332,0]},"properties":{"name":"PANADERIA","description":{"@type":"html","value":"descripción: <br>styleUrl: #icon-1899-880E4F<br>NOMBRE / COMERCIO: PAGES JOAQUIN RAUL<br>CUIT: 20-36213876-1<br>CONTACTO: 2241549653<br>CATEGORÍA FISCAL: MONOTRIBUTISTA A<br>DIRECCIÓN: SATURNINO JUSTO 546<br>BARRIO: SAN LUIS<br>RUBRO: PANADERIA<br>CATEGORIA: ALIMENTACIÓN<br>PADRÓN N°: A3-3958<br>INSPECTOR/A: SOFIA- IRMA<br>ÚLTIMA VISITA: 2026-06-01<br>VENC. HABILITACIÓN: 10/12/2026<br>ESTADO: VIGENTE<br>OBSERVACIONES: <br>COORDENADAS: -35.5633318, -58.0238871"},"styleUrl":"#icon-1899-880E4F","label-scale":0,"icon-opacity":1,"icon-color":"#7cb342","icon-scale":1,"icon-offset":[32,64],"icon-offset-units":["pixels","insetPixels"],"icon":"https://www.gstatic.com/mapspro/images/stock/503-wht-blank_maps.png","descripción":"","NOMBRE / COMERCIO":"PAGES JOAQUIN RAUL","CUIT":"20-36213876-1","CONTACTO":"2241549653","CATEGORÍA FISCAL":"MONOTRIBUTISTA A","DIRECCIÓN":"SATURNINO JUSTO 546","BARRIO":"SAN LUIS","RUBRO":"PANADERIA","CATEGORIA":"ALIMENTACIÓN","PADRÓN N°":"A3-3958","INSPECTOR/A":"SOFIA- IRMA","ÚLTIMA VISITA":"2026-06-01","VENC. HABILITACIÓN":"10/12/2026","ESTADO":"VIGENTE","OBSERVACIONES":"HABILITACION VTO 15/05/25, CERTIFICADO DE FUMIGACION VTO 14/06/25, POSEE CARNET DE MANIPULACION,","COORDENADAS":"-35.5633318, -58.0238871"}},{"type":"Feature","geometry":{"type":"Point","coordinates":[-58.016603,-35.568384,0]},"properties":{"name":"HELADERIA-CONFITERIA","description":{"@type":"html","value":"descripción: <br>styleUrl: #icon-1899-BDBDBD<br>NOMBRE / COMERCIO: IZURIETA CLAUDIO R<br>CUIT: 20-27051235-7<br>CONTACTO: 2241465875<br>CATEGORÍA FISCAL: RESPONSABLE INSCRIPTO<br>DIRECCIÓN: ESCRIBANO 176<br>BARRIO: VILLA LUJAN<br>RUBRO: HELADERIA-CONFITERIA<br>CATEGORIA: ALIMENTACIÓN<br>PADRÓN N°: A5-0726<br>INSPECTOR/A: SOFIA- IRMA<br>ÚLTIMA VISITA: 2026-01-27<br>VENC. HABILITACIÓN: 05/06/2028<br>ESTADO: VIGENTE<br>OBSERVACIONES: REGULARIZAR<br>COORDENADAS: -35.5683835, -58.0166031"},"styleUrl":"#icon-1899-BDBDBD","label-scale":0,"icon-opacity":1,"icon-color":"#7cb342","icon-scale":1,"icon-offset":[32,64],"icon-offset-units":["pixels","insetPixels"],"icon":"https://www.gstatic.com/mapspro/images/stock/503-wht-blank_maps.png","descripción":"","NOMBRE / COMERCIO":"IZURIETA CLAUDIO R","CUIT":"20-27051235-7","CONTACTO":"2241465875","CATEGORÍA FISCAL":"RESPONSABLE INSCRIPTO","DIRECCIÓN":"ESCRIBANO 176","BARRIO":"VILLA LUJAN","RUBRO":"HELADERIA-CONFITERIA","CATEGORIA":"ALIMENTACIÓN","PADRÓN N°":"A5-0726","INSPECTOR/A":"SOFIA- IRMA","ÚLTIMA VISITA":"2026-01-27","VENC. HABILITACIÓN":"05/06/2028","ESTADO":"VIGENTE","OBSERVACIONES":"REGULARIZAR","COORDENADAS":"-35.5683835, -58.0166031"}},{"type":"Feature","geometry":{"type":"Point","coordinates":[-57.979357,-35.572913,0]},"properties":{"name":"RESTAURANTE","description":{"@type":"html","value":"descripción: <br>styleUrl: #icon-1899-FFD600<br>NOMBRE / COMERCIO: ENTRE PUEBLOS SA<br>CUIT: 30-71815053-8<br>CONTACTO: 2216411139<br>CATEGORÍA FISCAL: SA<br>DIRECCIÓN: RUTA 2  KM 122<br>BARRIO: CABALLO BLANCO<br>RUBRO: RESTAURANTE<br>CATEGORIA: GASTRONOMÍA<br>PADRÓN N°: A5-0742<br>INSPECTOR/A: <br>ÚLTIMA VISITA: <br>VENC. HABILITACIÓN: 13/03/2027<br>ESTADO: VIGENTE<br>OBSERVACIONES: <br>COORDENADAS: -35.572913, -57.9793573"},"styleUrl":"#icon-1899-FFD600","label-scale":0,"icon-opacity":1,"icon-color":"#7cb342","icon-scale":1,"icon-offset":[32,64],"icon-offset-units":["pixels","insetPixels"],"icon":"https://www.gstatic.com/mapspro/images/stock/503-wht-blank_maps.png","descripción":"","NOMBRE / COMERCIO":"ENTRE PUEBLOS SA","CUIT":"30-71815053-8","CONTACTO":"2216411139","CATEGORÍA FISCAL":"SA","DIRECCIÓN":"RUTA 2  KM 122","BARRIO":"CABALLO BLANCO","RUBRO":"RESTAURANTE","CATEGORIA":"GASTRONOMÍA","PADRÓN N°":"A5-0742","INSPECTOR/A":"SERGIO","ÚLTIMA VISITA":"2025-05-06","VENC. HABILITACIÓN":"13/03/2027","ESTADO":"VIGENTE","OBSERVACIONES":"CUMPLIÓ CON LO SOLICITADO, MANIFIESTA QUE SE ENCUENTRA ANOTADO PARA REALLIZAR EL CARNET DE MANIPULACION DE ALIMENTOS","COORDENADAS":"-35.572913, -57.9793573"}},{"type":"Feature","geometry":{"type":"Point","coordinates":[-57.979357,-35.572913,0]},"properties":{"name":"RESTAURANTE","description":{"@type":"html","value":"descripción: <br>styleUrl: #icon-1899-FFD600<br>NOMBRE / COMERCIO: FORNETTI HERMANOS<br>CUIT: 30-71403579-3<br>CONTACTO: 2241688589<br>CATEGORÍA FISCAL: SRL<br>DIRECCIÓN: RUTA 2 KM 122<br>BARRIO: CABALLO BLANCO<br>RUBRO: RESTAURANTE<br>CATEGORIA: GASTRONOMÍA<br>PADRÓN N°: A5-0693<br>INSPECTOR/A: ANIBAL<br>ÚLTIMA VISITA: 2025-06-30<br>VENC. HABILITACIÓN: 20/07/2026<br>ESTADO: VIGENTE<br>OBSERVACIONES: SI CUMPLE CON LA NORMATIVA VIGENTE PARA SU HABILITACION COMERCIAL<br>COORDENADAS: -35.572913, -57.9793573"},"styleUrl":"#icon-1899-FFD600","label-scale":0,"icon-opacity":1,"icon-color":"#7cb342","icon-scale":1,"icon-offset":[32,64],"icon-offset-units":["pixels","insetPixels"],"icon":"https://www.gstatic.com/mapspro/images/stock/503-wht-blank_maps.png","descripción":"","NOMBRE / COMERCIO":"FORNETTI HERMANOS","CUIT":"30-71403579-3","CONTACTO":"2241688589","CATEGORÍA FISCAL":"SRL","DIRECCIÓN":"RUTA 2 KM 122","BARRIO":"CABALLO BLANCO","RUBRO":"RESTAURANTE","CATEGORIA":"GASTRONOMÍA","PADRÓN N°":"A5-0693","INSPECTOR/A":"ANIBAL","ÚLTIMA VISITA":"2025-06-30","VENC. HABILITACIÓN":"20/07/2026","ESTADO":"VIGENTE","OBSERVACIONES":"SI CUMPLE CON LA NORMATIVA VIGENTE PARA SU HABILITACION COMERCIAL","COORDENADAS":"-35.572913, -57.9793573"}},{"type":"Feature","geometry":{"type":"Point","coordinates":[-58.008182,-35.582039,0]},"properties":{"name":"RESTAURANTE","description":{"@type":"html","value":"descripción: <br>styleUrl: #icon-1899-FFD600<br>NOMBRE / COMERCIO: ALEJANDRO HERMAN<br>CUIT: 20-20642574-2<br>CONTACTO: 2241507959<br>CATEGORÍA FISCAL: RESPONSABLE INSCRIPTO<br>DIRECCIÓN: AV. PTE.  PERON 355<br>BARRIO: CENTRO<br>RUBRO: RESTAURANTE<br>CATEGORIA: GASTRONOMÍA<br>PADRÓN N°: A5-0768<br>INSPECTOR/A: SOFIA- IRMA<br>ÚLTIMA VISITA: 2024-06-05<br>VENC. HABILITACIÓN: 20/05/2027<br>ESTADO: VIGENTE<br>OBSERVACIONES: HABILITACION TRAMITAR<br>COORDENADAS: -35.5820389, -58.0081816"},"styleUrl":"#icon-1899-FFD600","label-scale":0,"icon-opacity":1,"icon-color":"#7cb342","icon-scale":1,"icon-offset":[32,64],"icon-offset-units":["pixels","insetPixels"],"icon":"https://www.gstatic.com/mapspro/images/stock/503-wht-blank_maps.png","descripción":"","NOMBRE / COMERCIO":"ALEJANDRO HERMAN","CUIT":"20-20642574-2","CONTACTO":"2241507959","CATEGORÍA FISCAL":"RESPONSABLE INSCRIPTO","DIRECCIÓN":"AV. PTE.  PERON 355","BARRIO":"CENTRO","RUBRO":"RESTAURANTE","CATEGORIA":"GASTRONOMÍA","PADRÓN N°":"A5-0768","INSPECTOR/A":"SOFIA- IRMA","ÚLTIMA VISITA":"2024-06-05","VENC. HABILITACIÓN":"20/05/2027","ESTADO":"VIGENTE","OBSERVACIONES":"HABILITACION TRAMITAR","COORDENADAS":"-35.5820389, -58.0081816"}},{"type":"Feature","geometry":{"type":"Point","coordinates":[-58.010749,-35.573182,0]},"properties":{"name":"BAR/SIN ESPECTACULO","description":{"@type":"html","value":"descripción: <br>styleUrl: #icon-1899-BDBDBD<br>NOMBRE / COMERCIO: BAR FRANKLIN/FUZMAN SOLEDAD<br>CUIT: 27-29152675-1<br>CONTACTO: 2241696900<br>CATEGORÍA FISCAL: MONOTRIBUTISTA F<br>DIRECCIÓN: CASALINS ESQ FRANKLIN<br>BARRIO: CENTRO<br>RUBRO: BAR/SIN ESPECTACULO<br>CATEGORIA: GASTRONOMÍA<br>PADRÓN N°: A5-0692<br>INSPECTOR/A: SERGIO<br>ÚLTIMA VISITA: 2025-09-12<br>VENC. HABILITACIÓN: 10/08/2026<br>ESTADO: VIGENTE<br>OBSERVACIONES: ACTA BROMATOLOGIA N° 9911, SE LE FIRMA APTO EN MEDIDAS DE SEGURIDAD Y BROMATOLÓGICAS POR CUMPLIR CON LO SOLICITADO EN VISITAS ANTERIORES<br>COORDENADAS: -35.5731817, -58.01074939999999"},"styleUrl":"#icon-1899-BDBDBD","label-scale":0,"icon-opacity":1,"icon-color":"#7cb342","icon-scale":1,"icon-offset":[32,64],"icon-offset-units":["pixels","insetPixels"],"icon":"https://www.gstatic.com/mapspro/images/stock/503-wht-blank_maps.png","descripción":"","NOMBRE / COMERCIO":"BAR FRANKLIN/FUZMAN SOLEDAD","CUIT":"27-29152675-1","CONTACTO":"2241696900","CATEGORÍA FISCAL":"MONOTRIBUTISTA F","DIRECCIÓN":"CASALINS ESQ FRANKLIN","BARRIO":"CENTRO","RUBRO":"BAR/SIN ESPECTACULO","CATEGORIA":"GASTRONOMÍA","PADRÓN N°":"A5-0692","INSPECTOR/A":"SERGIO","ÚLTIMA VISITA":"2025-09-12","VENC. HABILITACIÓN":"10/08/2026","ESTADO":"VIGENTE","OBSERVACIONES":"ACTA BROMATOLOGIA N° 9911, SE LE FIRMA APTO EN MEDIDAS DE SEGURIDAD Y BROMATOLÓGICAS POR CUMPLIR CON LO SOLICITADO EN VISITAS ANTERIORES","COORDENADAS":"-35.5731817, -58.01074939999999"}},{"type":"Feature","geometry":{"type":"Point","coordinates":[-58.024497,-35.570687,0]},"properties":{"name":"LAUREL RESTO-BAR","description":{"@type":"html","value":"descripción: <br>styleUrl: #icon-1899-BDBDBD<br>NOMBRE / COMERCIO: BHB PRODUCCIONES SH (LAUREL)<br>CUIT: 30-71054392-1<br>CONTACTO: 2241567667<br>CATEGORÍA FISCAL: SA<br>DIRECCIÓN: AV COSTANERA ESP 152<br>BARRIO: CENTRO<br>RUBRO: LAUREL RESTO-BAR<br>CATEGORIA: GASTRONOMÍA<br>PADRÓN N°: A5-0778<br>INSPECTOR/A: ANIBAL<br>ÚLTIMA VISITA: 2026-04-01<br>VENC. HABILITACIÓN: 10/11/2026<br>ESTADO: VIGENTE<br>OBSERVACIONES: <br>COORDENADAS: -35.5706872, -58.02449719999999"},"styleUrl":"#icon-1899-BDBDBD","label-scale":0,"icon-opacity":1,"icon-color":"#7cb342","icon-scale":1,"icon-offset":[32,64],"icon-offset-units":["pixels","insetPixels"],"icon":"https://www.gstatic.com/mapspro/images/stock/503-wht-blank_maps.png","descripción":"","NOMBRE / COMERCIO":"BHB PRODUCCIONES SH (LAUREL)","CUIT":"30-71054392-1","CONTACTO":"2241567667","CATEGORÍA FISCAL":"SA","DIRECCIÓN":"AV COSTANERA ESP 152","BARRIO":"CENTRO","RUBRO":"LAUREL RESTO-BAR","CATEGORIA":"GASTRONOMÍA","PADRÓN N°":"A5-0778","INSPECTOR/A":"ANIBAL","ÚLTIMA VISITA":"2026-04-01","VENC. HABILITACIÓN":"10/11/2026","ESTADO":"VIGENTE","OBSERVACIONES":"","COORDENADAS":"-35.5706872, -58.02449719999999"}},{"type":"Feature","geometry":{"type":"Point","coordinates":[-58.012326,-35.564556,0]},"properties":{"name":"BAR","description":{"@type":"html","value":"descripción: <br>styleUrl: #icon-1899-BDBDBD<br>NOMBRE / COMERCIO: BONARRIGO NADIA SOLEDAD<br>CUIT: 27-32981204-4<br>CONTACTO: 2241473009<br>CATEGORÍA FISCAL: MONOTRIBUTISTA A<br>DIRECCIÓN: CASALINS 534<br>BARRIO: VILLA LUJAN<br>RUBRO: BAR<br>CATEGORIA: GASTRONOMÍA<br>PADRÓN N°: A5-0765<br>INSPECTOR/A: SOFIA- IRMA<br>ÚLTIMA VISITA: 2025-06-25<br>VENC. HABILITACIÓN: 13/03/2027<br>ESTADO: VIGENTE<br>OBSERVACIONES: REBA C1 VTO 24/6/25<br>COORDENADAS: -35.5645555, -58.0123264"},"styleUrl":"#icon-1899-BDBDBD","label-scale":0,"icon-opacity":1,"icon-color":"#7cb342","icon-scale":1,"icon-offset":[32,64],"icon-offset-units":["pixels","insetPixels"],"icon":"https://www.gstatic.com/mapspro/images/stock/503-wht-blank_maps.png","descripción":"","NOMBRE / COMERCIO":"BONARRIGO NADIA SOLEDAD","CUIT":"27-32981204-4","CONTACTO":"2241473009","CATEGORÍA FISCAL":"MONOTRIBUTISTA A","DIRECCIÓN":"CASALINS 534","BARRIO":"VILLA LUJAN","RUBRO":"BAR","CATEGORIA":"GASTRONOMÍA","PADRÓN N°":"A5-0765","INSPECTOR/A":"","ÚLTIMA VISITA":"","VENC. HABILITACIÓN":"13/03/2027","ESTADO":"VIGENTE","OBSERVACIONES":"","COORDENADAS":"-35.5645555, -58.0123264"}},{"type":"Feature","geometry":{"type":"Point","coordinates":[-58.013646,-35.577672,0]},"properties":{"name":"RESTAURANT","description":{"@type":"html","value":"descripción: <br>styleUrl: #icon-1899-FFD600<br>NOMBRE / COMERCIO: CAFÉ MULE SRL<br>CUIT: 30-71629287-4<br>CONTACTO: 2241470234<br>CATEGORÍA FISCAL: SRL<br>DIRECCIÓN: AV COST ESPAÑA 0 4, Chascomús, Buenos Aires<br>BARRIO: CENTRO<br>RUBRO: RESTAURANT<br>CATEGORIA: GASTRONOMÍA<br>PADRÓN N°: A5-0665<br>INSPECTOR/A: SERGIO<br>ÚLTIMA VISITA: 2025-05-09<br>VENC. HABILITACIÓN: 31/07/2026<br>ESTADO: VIGENTE<br>OBSERVACIONES: DEBERÁ CONTINUAR CON EL ACONDICIONAMIENTO EN EL SECTOR COCINA Y DEPOSITO, HIGIENE SATISFACTORIA, CUANTA CON CARNET DE MANIPULACION DE EMPLEADOS, CERT FUMING VIGENTE.<br>COORDENADAS: -35.5776723, -58.0136464"},"styleUrl":"#icon-1899-FFD600","label-scale":0,"icon-opacity":1,"icon-color":"#7cb342","icon-scale":1,"icon-offset":[32,64],"icon-offset-units":["pixels","insetPixels"],"icon":"https://www.gstatic.com/mapspro/images/stock/503-wht-blank_maps.png","descripción":"","NOMBRE / COMERCIO":"CAFÉ MULE SRL","CUIT":"30-71629287-4","CONTACTO":"2241470234","CATEGORÍA FISCAL":"SRL","DIRECCIÓN":"AV COST ESPAÑA 0 4, Chascomús, Buenos Aires","BARRIO":"CENTRO","RUBRO":"RESTAURANT","CATEGORIA":"GASTRONOMÍA","PADRÓN N°":"A5-0665","INSPECTOR/A":"SERGIO","ÚLTIMA VISITA":"2025-05-09","VENC. HABILITACIÓN":"31/07/2026","ESTADO":"VIGENTE","OBSERVACIONES":"DEBERÁ CONTINUAR CON EL ACONDICIONAMIENTO EN EL SECTOR COCINA Y DEPOSITO, HIGIENE SATISFACTORIA, CUANTA CON CARNET DE MANIPULACION DE EMPLEADOS, CERT FUMING VIGENTE.","COORDENADAS":"-35.5776723, -58.0136464"}},{"type":"Feature","geometry":{"type":"Point","coordinates":[-58.01123,-35.580729,0]},"properties":{"name":"RESTAURANTE","description":{"@type":"html","value":"descripción: <br>styleUrl: #icon-1899-FFD600<br>NOMBRE / COMERCIO: CANE MARILENA(CAMILO)<br>CUIT: 27-92730969-1<br>CONTACTO: 2241563365<br>CATEGORÍA FISCAL: RESPONSABLE INSCRIPTO<br>DIRECCIÓN: COLON 944<br>BARRIO: CENTRO<br>RUBRO: RESTAURANTE<br>CATEGORIA: GASTRONOMÍA<br>PADRÓN N°: A5-0642<br>INSPECTOR/A: SERGIO<br>ÚLTIMA VISITA: 2025-01-21<br>VENC. HABILITACIÓN: 15/07/2026<br>ESTADO: VIGENTE<br>OBSERVACIONES: ESTADO SATIFACTORIO-FALTA C MANIP Y FUMIG<br>COORDENADAS: -35.5807294, -58.0112297"},"styleUrl":"#icon-1899-FFD600","label-scale":0,"icon-opacity":1,"icon-color":"#7cb342","icon-scale":1,"icon-offset":[32,64],"icon-offset-units":["pixels","insetPixels"],"icon":"https://www.gstatic.com/mapspro/images/stock/503-wht-blank_maps.png","descripción":"","NOMBRE / COMERCIO":"CANE MARILENA(CAMILO)","CUIT":"27-92730969-1","CONTACTO":"2241563365","CATEGORÍA FISCAL":"RESPONSABLE INSCRIPTO","DIRECCIÓN":"COLON 944","BARRIO":"CENTRO","RUBRO":"RESTAURANTE","CATEGORIA":"GASTRONOMÍA","PADRÓN N°":"A5-0642","INSPECTOR/A":"SERGIO","ÚLTIMA VISITA":"2025-01-21","VENC. HABILITACIÓN":"15/07/2026","ESTADO":"VIGENTE","OBSERVACIONES":"ESTADO SATIFACTORIO-FALTA C MANIP Y FUMIG","COORDENADAS":"-35.5807294, -58.0112297"}},{"type":"Feature","geometry":{"type":"Point","coordinates":[-58.014787,-35.570602,0]},"properties":{"name":"RESTAURANTE","description":{"@type":"html","value":"descripción: <br>styleUrl: #icon-1899-FFD600<br>NOMBRE / COMERCIO: CANGIANELLI ROSA<br>CUIT: 27-00541866-1<br>CONTACTO: 2241558114<br>CATEGORÍA FISCAL: NO REGISTRA IMPUESTOS ACTIVOS<br>DIRECCIÓN: LIBRES DEL SUR 370<br>BARRIO: CENTRO<br>RUBRO: RESTAURANTE<br>CATEGORIA: GASTRONOMÍA<br>PADRÓN N°: A5-0671<br>INSPECTOR/A: YANINA<br>ÚLTIMA VISITA: 2025-10-17<br>VENC. HABILITACIÓN: 25/08/2024<br>ESTADO: VENCIDA<br>OBSERVACIONES: CONTINUA IGUAL QUE EL ACTA ANTERIOR<br>COORDENADAS: -35.5706024, -58.0147872"},"styleUrl":"#icon-1899-FFD600","label-scale":0,"icon-opacity":1,"icon-color":"#a52714","icon-scale":1,"icon-offset":[32,64],"icon-offset-units":["pixels","insetPixels"],"icon":"https://www.gstatic.com/mapspro/images/stock/503-wht-blank_maps.png","descripción":"","NOMBRE / COMERCIO":"CANGIANELLI ROSA","CUIT":"27-00541866-1","CONTACTO":"2241558114","CATEGORÍA FISCAL":"NO REGISTRA IMPUESTOS ACTIVOS","DIRECCIÓN":"LIBRES DEL SUR 370","BARRIO":"CENTRO","RUBRO":"RESTAURANTE","CATEGORIA":"GASTRONOMÍA","PADRÓN N°":"A5-0671","INSPECTOR/A":"YANINA","ÚLTIMA VISITA":"2025-10-17","VENC. HABILITACIÓN":"25/08/2024","ESTADO":"VENCIDA","OBSERVACIONES":"CONTINUA IGUAL QUE EL ACTA ANTERIOR","COORDENADAS":"-35.5706024, -58.0147872"}},{"type":"Feature","geometry":{"type":"Point","coordinates":[-58.013814,-35.576002,0]},"properties":{"name":"RESTAURANTE","description":{"@type":"html","value":"descripción: <br>styleUrl: #icon-1899-FFD600<br>NOMBRE / COMERCIO: DOS SANTOS SANTIAGO NICOLAS<br>CUIT: 20-38835938-3<br>CONTACTO: 241585518<br>CATEGORÍA FISCAL: RESPONSABLE INSCRIPTO<br>DIRECCIÓN: LIBRES DEL SUR 82<br>BARRIO: CENTRO<br>RUBRO: RESTAURANTE<br>CATEGORIA: GASTRONOMÍA<br>PADRÓN N°: A5-0760<br>INSPECTOR/A: YANINA<br>ÚLTIMA VISITA: 2025-09-04<br>VENC. HABILITACIÓN: 25/08/2026<br>ESTADO: VIGENTE<br>OBSERVACIONES: HABILITACION PROVISORIA , REBA CAT C1 VTO 8/9/25.<br>COORDENADAS: -35.5760019, -58.0138138"},"styleUrl":"#icon-1899-FFD600","label-scale":0,"icon-opacity":1,"icon-color":"#7cb342","icon-scale":1,"icon-offset":[32,64],"icon-offset-units":["pixels","insetPixels"],"icon":"https://www.gstatic.com/mapspro/images/stock/503-wht-blank_maps.png","descripción":"","NOMBRE / COMERCIO":"DOS SANTOS SANTIAGO NICOLAS","CUIT":"20-38835938-3","CONTACTO":"241585518","CATEGORÍA FISCAL":"RESPONSABLE INSCRIPTO","DIRECCIÓN":"LIBRES DEL SUR 82","BARRIO":"CENTRO","RUBRO":"RESTAURANTE","CATEGORIA":"GASTRONOMÍA","PADRÓN N°":"A5-0760","INSPECTOR/A":"YANINA","ÚLTIMA VISITA":"2025-09-04","VENC. HABILITACIÓN":"25/08/2026","ESTADO":"VIGENTE","OBSERVACIONES":"HABILITACION PROVISORIA , REBA CAT C1 VTO 8/9/25.","COORDENADAS":"-35.5760019, -58.0138138"}},{"type":"Feature","geometry":{"type":"Point","coordinates":[-58.013293,-35.578653,0]},"properties":{"name":"RESTAURANTE","description":{"@type":"html","value":"descripción: <br>styleUrl: #icon-1899-FFD600<br>NOMBRE / COMERCIO: ESTABLECIMIENTO LA GRULLA SA<br>CUIT: 30-71079051-1<br>CONTACTO: 1137908458<br>CATEGORÍA FISCAL: SA<br>DIRECCIÓN: MITRE 59<br>BARRIO: CENTRO<br>RUBRO: RESTAURANTE<br>CATEGORIA: GASTRONOMÍA<br>PADRÓN N°: A5-0710<br>INSPECTOR/A: YANINA<br>ÚLTIMA VISITA: 2026-02-10<br>VENC. HABILITACIÓN: 27/02/2029<br>ESTADO: VIGENTE<br>OBSERVACIONES: APTO EN MEDIDAS, RENOVANDO HABILITACION<br>COORDENADAS: -35.5786527, -58.0132931"},"styleUrl":"#icon-1899-FFD600","label-scale":0,"icon-opacity":1,"icon-color":"#7cb342","icon-scale":1,"icon-offset":[32,64],"icon-offset-units":["pixels","insetPixels"],"icon":"https://www.gstatic.com/mapspro/images/stock/503-wht-blank_maps.png","descripción":"","NOMBRE / COMERCIO":"ESTABLECIMIENTO LA GRULLA SA","CUIT":"30-71079051-1","CONTACTO":"1137908458","CATEGORÍA FISCAL":"SA","DIRECCIÓN":"MITRE 59","BARRIO":"CENTRO","RUBRO":"RESTAURANTE","CATEGORIA":"GASTRONOMÍA","PADRÓN N°":"A5-0710","INSPECTOR/A":"YANINA","ÚLTIMA VISITA":"2026-02-10","VENC. HABILITACIÓN":"27/02/2029","ESTADO":"VIGENTE","OBSERVACIONES":"APTO EN MEDIDAS, RENOVANDO HABILITACION","COORDENADAS":"-35.5786527, -58.0132931"}},{"type":"Feature","geometry":{"type":"Point","coordinates":[-58.012642,-35.582611,0]},"properties":{"name":"RESTAURANTE/ SIN ESPECTACULO","description":{"@type":"html","value":"descripción: <br>styleUrl: #icon-1899-BDBDBD<br>NOMBRE / COMERCIO: GUTIERREZ JUAN MANUEL (HAROLDO)<br>CUIT: 20-36213547-9<br>CONTACTO: 2241507195<br>CATEGORÍA FISCAL: RESPONSABLE INSCRIPTO<br>DIRECCIÓN: MITRE 353<br>BARRIO: CENTRO<br>RUBRO: RESTAURANTE/ SIN ESPECTACULO<br>CATEGORIA: GASTRONOMÍA<br>PADRÓN N°: A5-0613<br>INSPECTOR/A: ANIBAL<br>ÚLTIMA VISITA: 2026-06-08<br>VENC. HABILITACIÓN: 10/05/2026<br>ESTADO: VENCIDA<br>OBSERVACIONES: APTO<br>COORDENADAS: -35.5826107, -58.0126422"},"styleUrl":"#icon-1899-BDBDBD","label-scale":0,"icon-opacity":1,"icon-color":"#a52714","icon-scale":1,"icon-offset":[32,64],"icon-offset-units":["pixels","insetPixels"],"icon":"https://www.gstatic.com/mapspro/images/stock/503-wht-blank_maps.png","descripción":"","NOMBRE / COMERCIO":"GUTIERREZ JUAN MANUEL (HAROLDO)","CUIT":"20-36213547-9","CONTACTO":"2241507195","CATEGORÍA FISCAL":"RESPONSABLE INSCRIPTO","DIRECCIÓN":"MITRE 353","BARRIO":"CENTRO","RUBRO":"RESTAURANTE/ SIN ESPECTACULO","CATEGORIA":"GASTRONOMÍA","PADRÓN N°":"A5-0613","INSPECTOR/A":"ANIBAL","ÚLTIMA VISITA":"2026-06-08","VENC. HABILITACIÓN":"10/05/2026","ESTADO":"VENCIDA","OBSERVACIONES":"APTO","COORDENADAS":"-35.5826107, -58.0126422"}},{"type":"Feature","geometry":{"type":"Point","coordinates":[-58.013646,-35.577672,0]},"properties":{"name":"RESTAURANTE","description":{"@type":"html","value":"descripción: <br>styleUrl: #icon-1899-FFD600<br>NOMBRE / COMERCIO: IGLESIAS NICOLAS(TEOFILO)<br>CUIT: 20-27782139-8<br>CONTACTO: 2241552355<br>CATEGORÍA FISCAL: RESPONSABLE INSCRIPTO<br>DIRECCIÓN: LIBRES  DEL SUR 156<br>BARRIO: CENTRO<br>RUBRO: RESTAURANTE<br>CATEGORIA: GASTRONOMÍA<br>PADRÓN N°: A5-0538<br>INSPECTOR/A: YANINA<br>ÚLTIMA VISITA: 2026-03-26<br>VENC. HABILITACIÓN: 10/04/2029<br>ESTADO: VIGENTE<br>OBSERVACIONES: APTO<br>COORDENADAS: -35.5776723, -58.0136464"},"styleUrl":"#icon-1899-FFD600","label-scale":0,"icon-opacity":1,"icon-color":"#7cb342","icon-scale":1,"icon-offset":[32,64],"icon-offset-units":["pixels","insetPixels"],"icon":"https://www.gstatic.com/mapspro/images/stock/503-wht-blank_maps.png","descripción":"","NOMBRE / COMERCIO":"IGLESIAS NICOLAS(TEOFILO)","CUIT":"20-27782139-8","CONTACTO":"2241552355","CATEGORÍA FISCAL":"RESPONSABLE INSCRIPTO","DIRECCIÓN":"LIBRES  DEL SUR 156","BARRIO":"CENTRO","RUBRO":"RESTAURANTE","CATEGORIA":"GASTRONOMÍA","PADRÓN N°":"A5-0538","INSPECTOR/A":"YANINA","ÚLTIMA VISITA":"2026-03-26","VENC. HABILITACIÓN":"10/04/2029","ESTADO":"VIGENTE","OBSERVACIONES":"APTO","COORDENADAS":"-35.5776723, -58.0136464"}},{"type":"Feature","geometry":{"type":"Point","coordinates":[-58.008394,-35.580921,0]},"properties":{"name":"TALABARTERIA","description":{"@type":"html","value":"descripción: <br>styleUrl: #icon-1899-BDBDBD<br>NOMBRE / COMERCIO: IRIARTE MARIA PAIULA<br>CUIT: 27-25041557-0<br>CONTACTO: 2241465904<br>CATEGORÍA FISCAL: MONOTRIBUTISTA D<br>DIRECCIÓN: AV PTE. PERON 273<br>BARRIO: CENTRO<br>RUBRO: TALABARTERIA<br>CATEGORIA: GASTRONOMÍA<br>PADRÓN N°: A3-2312<br>INSPECTOR/A: SOFIA- IRMA<br>ÚLTIMA VISITA: 2026-05-14<br>VENC. HABILITACIÓN: 15/02/2025<br>ESTADO: VENCIDA<br>OBSERVACIONES: APTO<br>COORDENADAS: -35.58092070000001, -58.00839389999999"},"styleUrl":"#icon-1899-BDBDBD","label-scale":0,"icon-opacity":1,"icon-color":"#a52714","icon-scale":1,"icon-offset":[32,64],"icon-offset-units":["pixels","insetPixels"],"icon":"https://www.gstatic.com/mapspro/images/stock/503-wht-blank_maps.png","descripción":"","NOMBRE / COMERCIO":"IRIARTE MARIA PAIULA","CUIT":"27-25041557-0","CONTACTO":"2241465904","CATEGORÍA FISCAL":"MONOTRIBUTISTA D","DIRECCIÓN":"AV PTE. PERON 273","BARRIO":"CENTRO","RUBRO":"TALABARTERIA","CATEGORIA":"GASTRONOMÍA","PADRÓN N°":"A3-2312","INSPECTOR/A":"SOFIA- IRMA","ÚLTIMA VISITA":"2026-05-14","VENC. HABILITACIÓN":"15/02/2025","ESTADO":"VENCIDA","OBSERVACIONES":"APTO","COORDENADAS":"-35.58092070000001, -58.00839389999999"}},{"type":"Feature","geometry":{"type":"Point","coordinates":[-58.012291,-35.577729,0]},"properties":{"name":"RESTAURANTE/BAR S /ESP","description":{"@type":"html","value":"descripción: <br>styleUrl: #icon-1899-BDBDBD<br>NOMBRE / COMERCIO: LARA RAUL DE LA CRUZ<br>CUIT: 20-29827059-6<br>CONTACTO: 2241511372<br>CATEGORÍA FISCAL: NO REGISTRA IMPUESTOS ACTIVOS<br>DIRECCIÓN: AV LASTRA 272<br>BARRIO: CENTRO<br>RUBRO: RESTAURANTE/BAR S /ESP<br>CATEGORIA: GASTRONOMÍA<br>PADRÓN N°: A5-0644<br>INSPECTOR/A: SERGIO<br>ÚLTIMA VISITA: 2025-08-22<br>VENC. HABILITACIÓN: 15/02/2025<br>ESTADO: VENCIDA<br>OBSERVACIONES: SE OBSERVA QUE AL MOMENTO DE LA INSPECCION EL SECTOR COCINA DEBE ACONDICIONAR PAREDES Y TECHO. COLOCAR MOSQUITERO AL EXTRACTOR, DEBE TENER CARNET DE MANIPULACION DE ALIMENTOS.<br>COORDENADAS: -35.5777293, -58.01229110000001"},"styleUrl":"#icon-1899-BDBDBD","label-scale":0,"icon-opacity":1,"icon-color":"#a52714","icon-scale":1,"icon-offset":[32,64],"icon-offset-units":["pixels","insetPixels"],"icon":"https://www.gstatic.com/mapspro/images/stock/503-wht-blank_maps.png","descripción":"","NOMBRE / COMERCIO":"LARA RAUL DE LA CRUZ","CUIT":"20-29827059-6","CONTACTO":"2241511372","CATEGORÍA FISCAL":"NO REGISTRA IMPUESTOS ACTIVOS","DIRECCIÓN":"AV LASTRA 272","BARRIO":"CENTRO","RUBRO":"RESTAURANTE/BAR S /ESP","CATEGORIA":"GASTRONOMÍA","PADRÓN N°":"A5-0644","INSPECTOR/A":"SERGIO","ÚLTIMA VISITA":"2025-08-22","VENC. HABILITACIÓN":"15/02/2025","ESTADO":"VENCIDA","OBSERVACIONES":"SE OBSERVA QUE AL MOMENTO DE LA INSPECCION EL SECTOR COCINA DEBE ACONDICIONAR PAREDES Y TECHO. COLOCAR MOSQUITERO AL EXTRACTOR, DEBE TENER CARNET DE MANIPULACION DE ALIMENTOS.","COORDENADAS":"-35.5777293, -58.01229110000001"}},{"type":"Feature","geometry":{"type":"Point","coordinates":[-58.0136,-35.577184,0]},"properties":{"name":"RESTAURANT-BAR S ESPECTACULO/","description":{"@type":"html","value":"descripción: <br>styleUrl: #icon-1899-BDBDBD<br>NOMBRE / COMERCIO: MACCHI FEDERICO<br>CUIT: 23-38835859-9<br>CONTACTO: 2241-485599<br>CATEGORÍA FISCAL: MONOTRIBUTO A<br>DIRECCIÓN: LIBRES DEL SUR 14/ ARECA<br>BARRIO: CENTRO<br>RUBRO: RESTAURANT-BAR S ESPECTACULO/<br>CATEGORIA: GASTRONOMÍA<br>PADRÓN N°: A5-0766<br>INSPECTOR/A: ANIBAL<br>ÚLTIMA VISITA: 2025-12-05<br>VENC. HABILITACIÓN: 03/04/2027<br>ESTADO: VIGENTE<br>OBSERVACIONES: CUMPLE CON LA NORMATIVA VIGENTE PARA SU HABILITACION COMERCIAL. SE INSPECCIONA Y HABILITA SOLO PLANTA BAJA.<br>COORDENADAS: -35.5771843, -58.0136002"},"styleUrl":"#icon-1899-BDBDBD","label-scale":0,"icon-opacity":1,"icon-color":"#7cb342","icon-scale":1,"icon-offset":[32,64],"icon-offset-units":["pixels","insetPixels"],"icon":"https://www.gstatic.com/mapspro/images/stock/503-wht-blank_maps.png","descripción":"","NOMBRE / COMERCIO":"MACCHI FEDERICO","CUIT":"23-38835859-9","CONTACTO":"2241-485599","CATEGORÍA FISCAL":"MONOTRIBUTO A","DIRECCIÓN":"LIBRES DEL SUR 14/ ARECA","BARRIO":"CENTRO","RUBRO":"RESTAURANT-BAR S ESPECTACULO/","CATEGORIA":"GASTRONOMÍA","PADRÓN N°":"A5-0766","INSPECTOR/A":"ANIBAL","ÚLTIMA VISITA":"2025-12-05","VENC. HABILITACIÓN":"03/04/2027","ESTADO":"VIGENTE","OBSERVACIONES":"CUMPLE CON LA NORMATIVA VIGENTE PARA SU HABILITACION COMERCIAL. SE INSPECCIONA Y HABILITA SOLO PLANTA BAJA.","COORDENADAS":"-35.5771843, -58.0136002"}},{"type":"Feature","geometry":{"type":"Point","coordinates":[-58.015686,-35.569901,0]},"properties":{"name":"BARBERIA/PLAN B","description":{"@type":"html","value":"descripción: <br>styleUrl: #icon-1899-BDBDBD<br>NOMBRE / COMERCIO: MAIDANA HUGO ABEL<br>CUIT: 20-30037990-8<br>CONTACTO: 2241676367<br>CATEGORÍA FISCAL: MONOTRIBUTISTA C<br>DIRECCIÓN: BELGRANO 356<br>BARRIO: CENTRO<br>RUBRO: BARBERIA/PLAN B<br>CATEGORIA: GASTRONOMÍA<br>PADRÓN N°: A3-3612<br>INSPECTOR/A: SOFIA- IRMA<br>ÚLTIMA VISITA: 2025-11-13<br>VENC. HABILITACIÓN: 08/01/2029<br>ESTADO: VIGENTE<br>OBSERVACIONES: SE INFORMA QUE RENOVACIONES Y HABILITACIONES SON GRATUITAS HASTA 12/25. SE DEJA PLAZO<br>COORDENADAS: -35.5699008, -58.0156856"},"styleUrl":"#icon-1899-BDBDBD","label-scale":0,"icon-opacity":1,"icon-color":"#7cb342","icon-scale":1,"icon-offset":[32,64],"icon-offset-units":["pixels","insetPixels"],"icon":"https://www.gstatic.com/mapspro/images/stock/503-wht-blank_maps.png","descripción":"","NOMBRE / COMERCIO":"MAIDANA HUGO ABEL","CUIT":"20-30037990-8","CONTACTO":"2241676367","CATEGORÍA FISCAL":"MONOTRIBUTISTA C","DIRECCIÓN":"BELGRANO 356","BARRIO":"CENTRO","RUBRO":"BARBERIA/PLAN B","CATEGORIA":"GASTRONOMÍA","PADRÓN N°":"A3-3612","INSPECTOR/A":"SOFIA- IRMA","ÚLTIMA VISITA":"2025-11-13","VENC. HABILITACIÓN":"08/01/2029","ESTADO":"VIGENTE","OBSERVACIONES":"SE INFORMA QUE RENOVACIONES Y HABILITACIONES SON GRATUITAS HASTA 12/25. SE DEJA PLAZO","COORDENADAS":"-35.5699008, -58.0156856"}},{"type":"Feature","geometry":{"type":"Point","coordinates":[-58.004122,-35.583217,0]},"properties":{"name":"RESTO BAR - BOLICHE BAILABLE","description":{"@type":"html","value":"descripción: <br>styleUrl: #icon-1899-BDBDBD<br>NOMBRE / COMERCIO: MARTINEZ LUIS ALBERTO<br>CUIT: 23-32279691-9<br>CONTACTO: 2241682001<br>CATEGORÍA FISCAL: MONOTRIBUTISTA A<br>DIRECCIÓN: AV COSTANERA ESPAÑA 2<br>BARRIO: CENTRO<br>RUBRO: RESTO BAR - BOLICHE BAILABLE<br>CATEGORIA: GASTRONOMÍA<br>PADRÓN N°: A8-0042<br>INSPECTOR/A: YANINA<br>ÚLTIMA VISITA: 2025-10-09<br>VENC. HABILITACIÓN: 14/08/2026<br>ESTADO: VIGENTE<br>OBSERVACIONES: POSEE MATAFUEGO N°422741 VTO PH 8/26 CARGA 8/26( DEBERÁ COLOCARLO A 1,5MTS DEL GANCHO AL PISO) POSEE LUZ DE EMERGENCIA QUE TAMBIEN DEBERA COLOCAR, POSEE DISYUNTOR, SE DEJA PLAZO. 15 DIAS<br>COORDENADAS: -35.5832173, -58.0041222"},"styleUrl":"#icon-1899-BDBDBD","label-scale":0,"icon-opacity":1,"icon-color":"#7cb342","icon-scale":1,"icon-offset":[32,64],"icon-offset-units":["pixels","insetPixels"],"icon":"https://www.gstatic.com/mapspro/images/stock/503-wht-blank_maps.png","descripción":"","NOMBRE / COMERCIO":"MARTINEZ LUIS ALBERTO","CUIT":"23-32279691-9","CONTACTO":"2241682001","CATEGORÍA FISCAL":"MONOTRIBUTISTA A","DIRECCIÓN":"AV COSTANERA ESPAÑA 2","BARRIO":"CENTRO","RUBRO":"RESTO BAR - BOLICHE BAILABLE","CATEGORIA":"GASTRONOMÍA","PADRÓN N°":"A8-0042","INSPECTOR/A":"YANINA","ÚLTIMA VISITA":"2025-10-09","VENC. HABILITACIÓN":"14/08/2026","ESTADO":"VIGENTE","OBSERVACIONES":"POSEE MATAFUEGO N°422741 VTO PH 8/26 CARGA 8/26( DEBERÁ COLOCARLO A 1,5MTS DEL GANCHO AL PISO) POSEE LUZ DE EMERGENCIA QUE TAMBIEN DEBERA COLOCAR, POSEE DISYUNTOR, SE DEJA PLAZO. 15 DIAS","COORDENADAS":"-35.5832173, -58.0041222"}},{"type":"Feature","geometry":{"type":"Point","coordinates":[-58.013646,-35.577672,0]},"properties":{"name":"RESTAURANTE","description":{"@type":"html","value":"descripción: <br>styleUrl: #icon-1899-FFD600<br>NOMBRE / COMERCIO: OTERO DIEGO SEBASTIAN<br>CUIT: 20-24672636-2<br>CONTACTO: 2241448156<br>CATEGORÍA FISCAL: RESPONSABLE INSCRIPTO<br>DIRECCIÓN: AV COSTANERA  ESPAÑA 111<br>BARRIO: CENTRO<br>RUBRO: RESTAURANTE<br>CATEGORIA: GASTRONOMÍA<br>PADRÓN N°: A5-0342<br>INSPECTOR/A: SERGIO<br>ÚLTIMA VISITA: 2025-06-13<br>VENC. HABILITACIÓN: 01/07/2024<br>ESTADO: VENCIDA<br>OBSERVACIONES: RENOVAR HABILITACION-CARNET DE MANIP-<br>COORDENADAS: -35.5776723, -58.0136464"},"styleUrl":"#icon-1899-FFD600","label-scale":0,"icon-opacity":1,"icon-color":"#a52714","icon-scale":1,"icon-offset":[32,64],"icon-offset-units":["pixels","insetPixels"],"icon":"https://www.gstatic.com/mapspro/images/stock/503-wht-blank_maps.png","descripción":"","NOMBRE / COMERCIO":"OTERO DIEGO SEBASTIAN","CUIT":"20-24672636-2","CONTACTO":"2241448156","CATEGORÍA FISCAL":"RESPONSABLE INSCRIPTO","DIRECCIÓN":"AV COSTANERA  ESPAÑA 111","BARRIO":"CENTRO","RUBRO":"RESTAURANTE","CATEGORIA":"GASTRONOMÍA","PADRÓN N°":"A5-0342","INSPECTOR/A":"SERGIO","ÚLTIMA VISITA":"2025-06-13","VENC. HABILITACIÓN":"01/07/2024","ESTADO":"VENCIDA","OBSERVACIONES":"RENOVAR HABILITACION-CARNET DE MANIP-","COORDENADAS":"-35.5776723, -58.0136464"}},{"type":"Feature","geometry":{"type":"Point","coordinates":[-58.008203,-35.577004,0]},"properties":{"name":"RESTAURANTE","description":{"@type":"html","value":"descripción: <br>styleUrl: #icon-1899-FFD600<br>NOMBRE / COMERCIO: PASO MARIA CECILIA<br>CUIT: 27-34101670-9<br>CONTACTO: 2241603507<br>CATEGORÍA FISCAL: RESPONSABLE INSCRIPTO<br>DIRECCIÓN: LASTRA Y AV PERON<br>BARRIO: CENTRO<br>RUBRO: RESTAURANTE<br>CATEGORIA: GASTRONOMÍA<br>PADRÓN N°: A5-0549<br>INSPECTOR/A: YANINA<br>ÚLTIMA VISITA: 2026-01-27<br>VENC. HABILITACIÓN: 20/01/2027<br>ESTADO: VIGENTE<br>OBSERVACIONES: REALIZANDO RENOVACION<br>COORDENADAS: -35.5770045, -58.0082028"},"styleUrl":"#icon-1899-FFD600","label-scale":0,"icon-opacity":1,"icon-color":"#7cb342","icon-scale":1,"icon-offset":[32,64],"icon-offset-units":["pixels","insetPixels"],"icon":"https://www.gstatic.com/mapspro/images/stock/503-wht-blank_maps.png","descripción":"","NOMBRE / COMERCIO":"PASO MARIA CECILIA","CUIT":"27-34101670-9","CONTACTO":"2241603507","CATEGORÍA FISCAL":"RESPONSABLE INSCRIPTO","DIRECCIÓN":"LASTRA Y AV PERON","BARRIO":"CENTRO","RUBRO":"RESTAURANTE","CATEGORIA":"GASTRONOMÍA","PADRÓN N°":"A5-0549","INSPECTOR/A":"YANINA","ÚLTIMA VISITA":"2026-01-27","VENC. HABILITACIÓN":"20/01/2027","ESTADO":"VIGENTE","OBSERVACIONES":"REALIZANDO RENOVACION","COORDENADAS":"-35.5770045, -58.0082028"}},{"type":"Feature","geometry":{"type":"Point","coordinates":[-58.024497,-35.570687,0]},"properties":{"name":"RESTAURANTE","description":{"@type":"html","value":"descripción: <br>styleUrl: #icon-1899-FFD600<br>NOMBRE / COMERCIO: ROCCA MARIA  FLORENCIA<br>CUIT: 23-36901549-4<br>CONTACTO: 2241584523<br>CATEGORÍA FISCAL: NO REGISTRA IMPUESTOS ACTIVOS<br>DIRECCIÓN: AV COSTANERA 02<br>BARRIO: CENTRO<br>RUBRO: RESTAURANTE<br>CATEGORIA: GASTRONOMÍA<br>PADRÓN N°: A5-0491<br>INSPECTOR/A: SERGIO<br>ÚLTIMA VISITA: 2025-06-05<br>VENC. HABILITACIÓN: 12/07/2025<br>ESTADO: VENCIDA<br>OBSERVACIONES: SE REALIZO LO SOLICITADO EN VISITA ANTERIOR, DEBERA´ACONDICIONAR TECHO Y PAREDES DE CAMARA FRIGORIFICA, SE INFORMA QUE DEBE TENER CARNET DE MANIPULACION Y CERTIFICADO DE FUMIGACION<br>COORDENADAS: -35.5706872, -58.02449719999999"},"styleUrl":"#icon-1899-FFD600","label-scale":0,"icon-opacity":1,"icon-color":"#a52714","icon-scale":1,"icon-offset":[32,64],"icon-offset-units":["pixels","insetPixels"],"icon":"https://www.gstatic.com/mapspro/images/stock/503-wht-blank_maps.png","descripción":"","NOMBRE / COMERCIO":"ROCCA MARIA  FLORENCIA","CUIT":"23-36901549-4","CONTACTO":"2241584523","CATEGORÍA FISCAL":"NO REGISTRA IMPUESTOS ACTIVOS","DIRECCIÓN":"AV COSTANERA 02","BARRIO":"CENTRO","RUBRO":"RESTAURANTE","CATEGORIA":"GASTRONOMÍA","PADRÓN N°":"A5-0491","INSPECTOR/A":"SERGIO","ÚLTIMA VISITA":"2025-06-05","VENC. HABILITACIÓN":"12/07/2025","ESTADO":"VENCIDA","OBSERVACIONES":"SE REALIZO LO SOLICITADO EN VISITA ANTERIOR, DEBERA´ACONDICIONAR TECHO Y PAREDES DE CAMARA FRIGORIFICA, SE INFORMA QUE DEBE TENER CARNET DE MANIPULACION Y CERTIFICADO DE FUMIGACION","COORDENADAS":"-35.5706872, -58.02449719999999"}},{"type":"Feature","geometry":{"type":"Point","coordinates":[-58.016305,-35.582102,0]},"properties":{"name":"RESTAURANTE","description":{"@type":"html","value":"descripción: <br>styleUrl: #icon-1899-FFD600<br>NOMBRE / COMERCIO: SCOFFANO PATRICIA ELENA (PATO'S)<br>CUIT: 27-13855937-3<br>CONTACTO: 2241461934<br>CATEGORÍA FISCAL: RESPONSABLE INSCRIPTO<br>DIRECCIÓN: MUÑIZ 297<br>BARRIO: CENTRO<br>RUBRO: RESTAURANTE<br>CATEGORIA: GASTRONOMÍA<br>PADRÓN N°: A5-0366<br>INSPECTOR/A: SOFIA- IRMA<br>ÚLTIMA VISITA: 2025-12-03<br>VENC. HABILITACIÓN: 10/07/2026<br>ESTADO: VIGENTE<br>OBSERVACIONES: POSEE HABILITACION CON VTO 15/11/25, REBA CON VTO 31/7/26. SE OTORGA PLAZO DE 15 DIAS PARA REGULARIZAR SU SITUACION.<br>COORDENADAS: -35.582102, -58.0163054"},"styleUrl":"#icon-1899-FFD600","label-scale":0,"icon-opacity":1,"icon-color":"#7cb342","icon-scale":1,"icon-offset":[32,64],"icon-offset-units":["pixels","insetPixels"],"icon":"https://www.gstatic.com/mapspro/images/stock/503-wht-blank_maps.png","descripción":"","NOMBRE / COMERCIO":"SCOFFANO PATRICIA ELENA (PATO'S)","CUIT":"27-13855937-3","CONTACTO":"2241461934","CATEGORÍA FISCAL":"RESPONSABLE INSCRIPTO","DIRECCIÓN":"MUÑIZ 297","BARRIO":"CENTRO","RUBRO":"RESTAURANTE","CATEGORIA":"GASTRONOMÍA","PADRÓN N°":"A5-0366","INSPECTOR/A":"SOFIA- IRMA","ÚLTIMA VISITA":"2025-12-03","VENC. HABILITACIÓN":"10/07/2026","ESTADO":"VIGENTE","OBSERVACIONES":"POSEE HABILITACION CON VTO 15/11/25, REBA CON VTO 31/7/26. SE OTORGA PLAZO DE 15 DIAS PARA REGULARIZAR SU SITUACION.","COORDENADAS":"-35.582102, -58.0163054"}},{"type":"Feature","geometry":{"type":"Point","coordinates":[-58.014674,-35.573831,0]},"properties":{"name":"PELUQERIA - BARBERIA - CENTRO DE ESTETICA - TATUAJ","description":{"@type":"html","value":"descripción: <br>styleUrl: #icon-1899-BDBDBD<br>NOMBRE / COMERCIO: SILVA WALTER ANDRES<br>CUIT: 20-36213789-7<br>CONTACTO: 2241514500<br>CATEGORÍA FISCAL: MONOTRIBUTISTA B<br>DIRECCIÓN: FRANKLIN 209<br>BARRIO: CENTRO<br>RUBRO: PELUQERIA - BARBERIA - CENTRO DE ESTETICA - TATUAJES<br>CATEGORIA: GASTRONOMÍA<br>PADRÓN N°: A1-0139<br>INSPECTOR/A: YANINA<br>ÚLTIMA VISITA: 2025-12-12<br>VENC. HABILITACIÓN: 26/06/2028<br>ESTADO: VIGENTE<br>OBSERVACIONES: POSEE HABILITACION COMERCIAL SEGUN ORDENANZA 3653/07 CON VTO 26/6/28<br>COORDENADAS: -35.57383069999999, -58.01467439999999"},"styleUrl":"#icon-1899-BDBDBD","label-scale":0,"icon-opacity":1,"icon-color":"#7cb342","icon-scale":1,"icon-offset":[32,64],"icon-offset-units":["pixels","insetPixels"],"icon":"https://www.gstatic.com/mapspro/images/stock/503-wht-blank_maps.png","descripción":"","NOMBRE / COMERCIO":"SILVA WALTER ANDRES","CUIT":"20-36213789-7","CONTACTO":"2241514500","CATEGORÍA FISCAL":"MONOTRIBUTISTA B","DIRECCIÓN":"FRANKLIN 209","BARRIO":"CENTRO","RUBRO":"PELUQERIA - BARBERIA - CENTRO DE ESTETICA - TATUAJES","CATEGORIA":"GASTRONOMÍA","PADRÓN N°":"A1-0139","INSPECTOR/A":"YANINA","ÚLTIMA VISITA":"2025-12-12","VENC. HABILITACIÓN":"26/06/2028","ESTADO":"VIGENTE","OBSERVACIONES":"POSEE HABILITACION COMERCIAL SEGUN ORDENANZA 3653/07 CON VTO 26/6/28","COORDENADAS":"-35.57383069999999, -58.01467439999999"}},{"type":"Feature","geometry":{"type":"Point","coordinates":[-58.014695,-35.582014,0]},"properties":{"name":"SERV. DE RESTAURANTE Y CANTINA C/ESPECTACULO","description":{"@type":"html","value":"descripción: <br>styleUrl: #icon-1899-BDBDBD<br>NOMBRE / COMERCIO: SERRANO RAUL<br>CUIT: 20149278665<br>CONTACTO: 2241686909<br>CATEGORÍA FISCAL: RESPONSABLE INSCRIPTO<br>DIRECCIÓN: CORRIENTES 342<br>BARRIO: COSTANERA<br>RUBRO: SERV. DE RESTAURANTE Y CANTINA C/ESPECTACULO<br>CATEGORIA: GASTRONOMÍA<br>PADRÓN N°: A5-0788<br>INSPECTOR/A: MARTINA<br>ÚLTIMA VISITA: 2026-02-19<br>VENC. HABILITACIÓN: 20/02/2026<br>ESTADO: VENCIDA<br>OBSERVACIONES: <br>COORDENADAS: -35.5820135, -58.01469489999999"},"styleUrl":"#icon-1899-BDBDBD","label-scale":0,"icon-opacity":1,"icon-color":"#a52714","icon-scale":1,"icon-offset":[32,64],"icon-offset-units":["pixels","insetPixels"],"icon":"https://www.gstatic.com/mapspro/images/stock/503-wht-blank_maps.png","descripción":"","NOMBRE / COMERCIO":"SERRANO RAUL","CUIT":"20149278665","CONTACTO":"2241686909","CATEGORÍA FISCAL":"RESPONSABLE INSCRIPTO","DIRECCIÓN":"CORRIENTES 342","BARRIO":"COSTANERA","RUBRO":"SERV. DE RESTAURANTE Y CANTINA C/ESPECTACULO","CATEGORIA":"GASTRONOMÍA","PADRÓN N°":"A5-0788","INSPECTOR/A":"MARTINA","ÚLTIMA VISITA":"2026-02-19","VENC. HABILITACIÓN":"20/02/2026","ESTADO":"VENCIDA","OBSERVACIONES":"","COORDENADAS":"-35.5820135, -58.01469489999999"}},{"type":"Feature","geometry":{"type":"Point","coordinates":[-58.006176,-35.572486,0]},"properties":{"name":"BARBER SHOP -PELUQUERIA","description":{"@type":"html","value":"descripción: <br>styleUrl: #icon-1899-BDBDBD<br>NOMBRE / COMERCIO: DIAZ FEDERICO<br>CUIT: 20-40015274-9<br>CONTACTO: 2241548040<br>CATEGORÍA FISCAL: MONOTRIBUTISTA A<br>DIRECCIÓN: GARAY 129<br>BARRIO: EL HUECO<br>RUBRO: BARBER SHOP -PELUQUERIA<br>CATEGORIA: GASTRONOMÍA<br>PADRÓN N°: A1-0140<br>INSPECTOR/A: YANINA<br>ÚLTIMA VISITA: <br>VENC. HABILITACIÓN: 30/01/2028<br>ESTADO: VIGENTE<br>OBSERVACIONES: PARA RETIRAR HABILITACION/ 30-01-2028<br>COORDENADAS: -35.5724862, -58.00617579999999"},"styleUrl":"#icon-1899-BDBDBD","label-scale":0,"icon-opacity":1,"icon-color":"#7cb342","icon-scale":1,"icon-offset":[32,64],"icon-offset-units":["pixels","insetPixels"],"icon":"https://www.gstatic.com/mapspro/images/stock/503-wht-blank_maps.png","descripción":"","NOMBRE / COMERCIO":"DIAZ FEDERICO","CUIT":"20-40015274-9","CONTACTO":"2241548040","CATEGORÍA FISCAL":"MONOTRIBUTISTA A","DIRECCIÓN":"GARAY 129","BARRIO":"EL HUECO","RUBRO":"BARBER SHOP -PELUQUERIA","CATEGORIA":"GASTRONOMÍA","PADRÓN N°":"A1-0140","INSPECTOR/A":"YANINA","ÚLTIMA VISITA":"2024-12-04","VENC. HABILITACIÓN":"30/01/2028","ESTADO":"VIGENTE","OBSERVACIONES":"PARA RETIRAR HABILITACION/ 30-01-2028","COORDENADAS":"-35.5724862, -58.00617579999999"}},{"type":"Feature","geometry":{"type":"Point","coordinates":[-58.01611,-35.574643,0]},"properties":{"name":"RESTAURANTE","description":{"@type":"html","value":"descripción: <br>styleUrl: #icon-1899-FFD600<br>NOMBRE / COMERCIO: SIMMCHAS S.A<br>CUIT: 30-71838385-0<br>CONTACTO: 2241584763<br>CATEGORÍA FISCAL: SA<br>DIRECCIÓN: LINCON 157<br>BARRIO: <br>RUBRO: RESTAURANTE<br>CATEGORIA: GASTRONOMÍA<br>PADRÓN N°: A5-0771<br>INSPECTOR/A: SOFIA- IRMA<br>ÚLTIMA VISITA: 2025-12-03<br>VENC. HABILITACIÓN: 25/06/2027<br>ESTADO: VIGENTE<br>OBSERVACIONES: POSEE REBA C1 VTO 02/07/26, HABILITACION VIGENTE 25/6/2027, EQUIPO ABC 020352 VTO 05/26 PH 05/27<br>COORDENADAS: -35.5746433, -58.0161104"},"styleUrl":"#icon-1899-FFD600","label-scale":0,"icon-opacity":1,"icon-color":"#7cb342","icon-scale":1,"icon-offset":[32,64],"icon-offset-units":["pixels","insetPixels"],"icon":"https://www.gstatic.com/mapspro/images/stock/503-wht-blank_maps.png","descripción":"","NOMBRE / COMERCIO":"SIMMCHAS S.A","CUIT":"30-71838385-0","CONTACTO":"2241584763","CATEGORÍA FISCAL":"SA","DIRECCIÓN":"LINCON 157","BARRIO":"EL HUECO","RUBRO":"RESTAURANTE","CATEGORIA":"GASTRONOMÍA","PADRÓN N°":"A5-0771","INSPECTOR/A":"SOFIA- IRMA","ÚLTIMA VISITA":"2025-12-03","VENC. HABILITACIÓN":"25/06/2027","ESTADO":"VIGENTE","OBSERVACIONES":"POSEE REBA C1 VTO 02/07/26, HABILITACION VIGENTE 25/6/2027, EQUIPO ABC 020352 VTO 05/26 PH 05/27","COORDENADAS":"-35.5746433, -58.0161104"}},{"type":"Feature","geometry":{"type":"Point","coordinates":[-58.017991,-35.582387,0]},"properties":{"name":"RESTAURANTE","description":{"@type":"html","value":"descripción: <br>styleUrl: #icon-1899-FFD600<br>NOMBRE / COMERCIO: CAFÉ MULE SRL(VIEJA ESQUINA)<br>CUIT: 30-71629287-4<br>CONTACTO: 2241470234<br>CATEGORÍA FISCAL: SRL<br>DIRECCIÓN: COSTANERA ESPAÑA 97<br>BARRIO: FATIMA<br>RUBRO: RESTAURANTE<br>CATEGORIA: GASTRONOMÍA<br>PADRÓN N°: A5-0498<br>INSPECTOR/A: YANINA<br>ÚLTIMA VISITA: 2026-06-08<br>VENC. HABILITACIÓN: 26/06/2026<br>ESTADO: VIGENTE<br>OBSERVACIONES: APTO<br>COORDENADAS: -35.5823866, -58.01799080000001"},"styleUrl":"#icon-1899-FFD600","label-scale":0,"icon-opacity":1,"icon-color":"#7cb342","icon-scale":1,"icon-offset":[32,64],"icon-offset-units":["pixels","insetPixels"],"icon":"https://www.gstatic.com/mapspro/images/stock/503-wht-blank_maps.png","descripción":"","NOMBRE / COMERCIO":"CAFÉ MULE SRL(VIEJA ESQUINA)","CUIT":"30-71629287-4","CONTACTO":"2241470234","CATEGORÍA FISCAL":"SRL","DIRECCIÓN":"COSTANERA ESPAÑA 97","BARRIO":"FATIMA","RUBRO":"RESTAURANTE","CATEGORIA":"GASTRONOMÍA","PADRÓN N°":"A5-0498","INSPECTOR/A":"YANINA","ÚLTIMA VISITA":"2026-06-08","VENC. HABILITACIÓN":"26/06/2026","ESTADO":"VIGENTE","OBSERVACIONES":"APTO","COORDENADAS":"-35.5823866, -58.01799080000001"}},{"type":"Feature","geometry":{"type":"Point","coordinates":[-58.013646,-35.577672,0]},"properties":{"name":"RESTAURANTE","description":{"@type":"html","value":"descripción: <br>styleUrl: #icon-1899-FFD600<br>NOMBRE / COMERCIO: CRENCI CLAUDIO<br>CUIT: 20-23803632-2<br>CONTACTO: 2241558586<br>CATEGORÍA FISCAL: NO REGISTRA IMPUESTOS ACTIVOS<br>DIRECCIÓN: COST ESPAÑA 73<br>BARRIO: FATIMA<br>RUBRO: RESTAURANTE<br>CATEGORIA: GASTRONOMÍA<br>PADRÓN N°: A5-0703<br>INSPECTOR/A: YANINA<br>ÚLTIMA VISITA: 2026-05-29<br>VENC. HABILITACIÓN: 10/08/2026<br>ESTADO: VIGENTE<br>OBSERVACIONES: <br>COORDENADAS: -35.5776723, -58.0136464"},"styleUrl":"#icon-1899-FFD600","label-scale":0,"icon-opacity":1,"icon-color":"#7cb342","icon-scale":1,"icon-offset":[32,64],"icon-offset-units":["pixels","insetPixels"],"icon":"https://www.gstatic.com/mapspro/images/stock/503-wht-blank_maps.png","descripción":"","NOMBRE / COMERCIO":"CRENCI CLAUDIO","CUIT":"20-23803632-2","CONTACTO":"2241558586","CATEGORÍA FISCAL":"NO REGISTRA IMPUESTOS ACTIVOS","DIRECCIÓN":"COST ESPAÑA 73","BARRIO":"FATIMA","RUBRO":"RESTAURANTE","CATEGORIA":"GASTRONOMÍA","PADRÓN N°":"A5-0703","INSPECTOR/A":"YANINA","ÚLTIMA VISITA":"2026-05-29","VENC. HABILITACIÓN":"10/08/2026","ESTADO":"VIGENTE","OBSERVACIONES":"OBRA NO CONFORME A PLANO / DEBERA REALIZAR LO SOLITADO EN LA VISITA ANTERIOR Y REALIZAR LIMPIEZA DEL SECTOR FRITERO, DEBERA PRESENTAR CARNET DE MANIPULACION , CERTIFICADO DE FUMIGACION. NO PRESENTA HABILITACION A LA VISTA NI LICENCIA DEL REBA","COORDENADAS":"-35.5776723, -58.0136464"}},{"type":"Feature","geometry":{"type":"Point","coordinates":[-58.013646,-35.577672,0]},"properties":{"name":"RESTAURANTE","description":{"@type":"html","value":"descripción: <br>styleUrl: <br>NOMBRE / COMERCIO: FASCE GERMAN MATIAS<br>CUIT: 20-25041680-7<br>CONTACTO: 2241581452<br>CATEGORÍA FISCAL: NO REGISTRA IMPUESTOS ACTIVOS<br>DIRECCIÓN: EEUU 97<br>BARRIO: FATIMA<br>RUBRO: RESTAURANTE<br>CATEGORIA: GASTRONOMÍA<br>PADRÓN N°: A5-0378<br>INSPECTOR/A: SERGIO<br>ÚLTIMA VISITA: 2024-09-26<br>VENC. HABILITACIÓN: 01/09/2026<br>ESTADO: VIGENTE<br>OBSERVACIONES: HAB 01-09-2025/REBA 27-09-2025/CERT MANIP<br>COORDENADAS: -35.5776723, -58.0136464"},"styleUrl":"","label-scale":0,"icon-opacity":1,"icon-color":"#7cb342","icon-scale":1,"icon-offset":[32,64],"icon-offset-units":["pixels","insetPixels"],"icon":"https://www.gstatic.com/mapspro/images/stock/503-wht-blank_maps.png","descripción":"","NOMBRE / COMERCIO":"FASCE GERMAN MATIAS","CUIT":"20-25041680-7","CONTACTO":"2241581452","CATEGORÍA FISCAL":"NO REGISTRA IMPUESTOS ACTIVOS","DIRECCIÓN":"EEUU 97","BARRIO":"FATIMA","RUBRO":"RESTAURANTE","CATEGORIA":"GASTRONOMÍA","PADRÓN N°":"A5-0378","INSPECTOR/A":"SERGIO","ÚLTIMA VISITA":"2024-09-26","VENC. HABILITACIÓN":"01/09/2026","ESTADO":"VIGENTE","OBSERVACIONES":"HAB 01-09-2025/REBA 27-09-2025/CERT MANIP","COORDENADAS":"-35.5776723, -58.0136464"}},{"type":"Feature","geometry":{"type":"Point","coordinates":[-58.007959,-35.5819,0]},"properties":{"name":"CHILLY(HELADOS-CONFITERIA)RESTAURANTE","description":{"@type":"html","value":"descripción: <br>styleUrl: #icon-1899-BDBDBD<br>NOMBRE / COMERCIO: ZAVAGLIA EROS GASPAR<br>CUIT: 20-37250414-6<br>CONTACTO: 1167553987<br>CATEGORÍA FISCAL: RESPONSABLE INSCRIPTO<br>DIRECCIÓN: AV. PTE.  PERON 347<br>BARRIO: FATIMA<br>RUBRO: CHILLY(HELADOS-CONFITERIA)RESTAURANTE<br>CATEGORIA: GASTRONOMÍA<br>PADRÓN N°: A5-0729<br>INSPECTOR/A: SERGIO<br>ÚLTIMA VISITA: 2025-07-31<br>VENC. HABILITACIÓN: 11/07/2028<br>ESTADO: VIGENTE<br>OBSERVACIONES: SE INFORMA QUE DEBE RETIRAR HABILITACION COMERCIAL EN OFICINA DE HABILITACION<br>COORDENADAS: -35.5819001, -58.00795859999999"},"styleUrl":"#icon-1899-BDBDBD","label-scale":0,"icon-opacity":1,"icon-color":"#7cb342","icon-scale":1,"icon-offset":[32,64],"icon-offset-units":["pixels","insetPixels"],"icon":"https://www.gstatic.com/mapspro/images/stock/503-wht-blank_maps.png","descripción":"","NOMBRE / COMERCIO":"ZAVAGLIA EROS GASPAR","CUIT":"20-37250414-6","CONTACTO":"1167553987","CATEGORÍA FISCAL":"RESPONSABLE INSCRIPTO","DIRECCIÓN":"AV. PTE.  PERON 347","BARRIO":"FATIMA","RUBRO":"CHILLY(HELADOS-CONFITERIA)RESTAURANTE","CATEGORIA":"GASTRONOMÍA","PADRÓN N°":"A5-0729","INSPECTOR/A":"SERGIO","ÚLTIMA VISITA":"2025-07-31","VENC. HABILITACIÓN":"11/07/2028","ESTADO":"VIGENTE","OBSERVACIONES":"SE INFORMA QUE DEBE RETIRAR HABILITACION COMERCIAL EN OFICINA DE HABILITACION","COORDENADAS":"-35.5819001, -58.00795859999999"}},{"type":"Feature","geometry":{"type":"Point","coordinates":[-57.978478,-35.5792,0]},"properties":{"name":"RESTAURANT- CANTINA SIN ESPECTACULO","description":{"@type":"html","value":"descripción: <br>styleUrl: #icon-1899-BDBDBD<br>NOMBRE / COMERCIO: NORIEGA ALDANA DANIELA<br>CUIT: 27-31351815-4<br>CONTACTO: 2241545452<br>CATEGORÍA FISCAL: MONOTRIBUTISTA H<br>DIRECCIÓN: RUTA 2 KM 120,500<br>BARRIO: RUTA<br>RUBRO: RESTAURANT- CANTINA SIN ESPECTACULO<br>CATEGORIA: GASTRONOMÍA<br>PADRÓN N°: A5-0712<br>INSPECTOR/A: ANIBAL<br>ÚLTIMA VISITA: 2026-05-13<br>VENC. HABILITACIÓN: <br>ESTADO: SIN DATOS<br>OBSERVACIONES: <br>COORDENADAS: -35.5792002, -57.9784778"},"styleUrl":"#icon-1899-BDBDBD","descripción":"","NOMBRE / COMERCIO":"NORIEGA ALDANA DANIELA","CUIT":"27-31351815-4","CONTACTO":"2241545452","CATEGORÍA FISCAL":"MONOTRIBUTISTA H","DIRECCIÓN":"RUTA 2 KM 120,500","BARRIO":"RUTA","RUBRO":"RESTAURANT- CANTINA SIN ESPECTACULO","CATEGORIA":"GASTRONOMÍA","PADRÓN N°":"A5-0712","INSPECTOR/A":"ANIBAL","ÚLTIMA VISITA":"2026-05-13","VENC. HABILITACIÓN":"15/12/2025","ESTADO":"SIN DATOS","OBSERVACIONES":"RENOVAR HABILITACION, PRESENTAR CARNET MANIPULACION.-LIMP GRAL-ACOND PARED-TECHO/APTO PARA SU RENOVACION MDS Y BROMAT","COORDENADAS":"-35.5792002, -57.9784778"}},{"type":"Feature","geometry":{"type":"Point","coordinates":[-58.013646,-35.577672,0]},"properties":{"name":"RESTAURANTE","description":{"@type":"html","value":"descripción: <br>styleUrl: #icon-1899-FFD600<br>NOMBRE / COMERCIO: ARCOS DORADOS ARGENTINA SA<br>CUIT: 30-61025233-4<br>CONTACTO: 1147112000<br>CATEGORÍA FISCAL: SA<br>DIRECCIÓN: RUTA 2KM 115<br>BARRIO: SAN CAYETANO<br>RUBRO: RESTAURANTE<br>CATEGORIA: GASTRONOMÍA<br>PADRÓN N°: A5-0234<br>INSPECTOR/A: SERGIO<br>ÚLTIMA VISITA: 2025-04-29<br>VENC. HABILITACIÓN: 25/06/2026<br>ESTADO: VIGENTE<br>OBSERVACIONES: HABILITACION VTO 25/06/26 CUENTAN CON CARNET DE MANIP, HIGIENE SATIFACTORIO, CERTIF FUMIG VIGENTE.<br>COORDENADAS: -35.5776723, -58.0136464"},"styleUrl":"#icon-1899-FFD600","label-scale":0,"icon-opacity":1,"icon-color":"#7cb342","icon-scale":1,"icon-offset":[32,64],"icon-offset-units":["pixels","insetPixels"],"icon":"https://www.gstatic.com/mapspro/images/stock/503-wht-blank_maps.png","descripción":"","NOMBRE / COMERCIO":"ARCOS DORADOS ARGENTINA SA","CUIT":"30-61025233-4","CONTACTO":"1147112000","CATEGORÍA FISCAL":"SA","DIRECCIÓN":"RUTA 2KM 115","BARRIO":"SAN CAYETANO","RUBRO":"RESTAURANTE","CATEGORIA":"GASTRONOMÍA","PADRÓN N°":"A5-0234","INSPECTOR/A":"SERGIO","ÚLTIMA VISITA":"2025-04-29","VENC. HABILITACIÓN":"25/06/2026","ESTADO":"VIGENTE","OBSERVACIONES":"HABILITACION VTO 25/06/26 CUENTAN CON CARNET DE MANIP, HIGIENE SATIFACTORIO, CERTIF FUMIG VIGENTE.","COORDENADAS":"-35.5776723, -58.0136464"}},{"type":"Feature","geometry":{"type":"Point","coordinates":[-58.021659,-35.574311,0]},"properties":{"name":"RESTAURANTE","description":{"@type":"html","value":"descripción: <br>styleUrl: #icon-1899-FFD600<br>NOMBRE / COMERCIO: BRENNA CLAUDIO JAVIER<br>CUIT: 20-28532778-5<br>CONTACTO: 423744<br>CATEGORÍA FISCAL: RESPONSABLE INSCRIPTO<br>DIRECCIÓN: FRANKILN 584<br>BARRIO: SAN JOSE<br>RUBRO: RESTAURANTE<br>CATEGORIA: GASTRONOMÍA<br>PADRÓN N°: A5-0542<br>INSPECTOR/A: SOFIA- IRMA<br>ÚLTIMA VISITA: 2026-02-06<br>VENC. HABILITACIÓN: 22/08/2026<br>ESTADO: VIGENTE<br>OBSERVACIONES: <br>COORDENADAS: -35.5743106, -58.0216589"},"styleUrl":"#icon-1899-FFD600","label-scale":0,"icon-opacity":1,"icon-color":"#7cb342","icon-scale":1,"icon-offset":[32,64],"icon-offset-units":["pixels","insetPixels"],"icon":"https://www.gstatic.com/mapspro/images/stock/503-wht-blank_maps.png","descripción":"","NOMBRE / COMERCIO":"BRENNA CLAUDIO JAVIER","CUIT":"20-28532778-5","CONTACTO":"423744","CATEGORÍA FISCAL":"RESPONSABLE INSCRIPTO","DIRECCIÓN":"FRANKILN 584","BARRIO":"SAN JOSE","RUBRO":"RESTAURANTE","CATEGORIA":"GASTRONOMÍA","PADRÓN N°":"A5-0542","INSPECTOR/A":"SOFIA- IRMA","ÚLTIMA VISITA":"2026-02-06","VENC. HABILITACIÓN":"22/08/2026","ESTADO":"VIGENTE","OBSERVACIONES":"","COORDENADAS":"-35.5743106, -58.0216589"}},{"type":"Feature","geometry":{"type":"Point","coordinates":[-58.022651,-35.573711,0]},"properties":{"name":"COFFATTE/REST-BAR-KIOSKO","description":{"@type":"html","value":"descripción: <br>styleUrl: #icon-1899-BDBDBD<br>NOMBRE / COMERCIO: HUANG HUAN<br>CUIT: 20-95863737-4<br>CONTACTO: <br>CATEGORÍA FISCAL: RESPONSABLE INSCRIPTO<br>DIRECCIÓN: COSTANERA ALEM 255<br>BARRIO: SAN JOSE<br>RUBRO: COFFATTE/REST-BAR-KIOSKO<br>CATEGORIA: GASTRONOMÍA<br>PADRÓN N°: A5-0713<br>INSPECTOR/A: SOFIA- IRMA<br>ÚLTIMA VISITA: 2025-05-28<br>VENC. HABILITACIÓN: 01/02/2027<br>ESTADO: VIGENTE<br>OBSERVACIONES: HABILITACION VTO 01/02/27. REBA B1 VTO 19/11/25. FUMIGACION VIGENTE, EQUIPO VTO 4/26 PH 4/26. EL LUGAR CUMPLE CON CONDICIONES DE HIGIENE<br>COORDENADAS: -35.5737106, -58.02265149999999"},"styleUrl":"#icon-1899-BDBDBD","label-scale":0,"icon-opacity":1,"icon-color":"#7cb342","icon-scale":1,"icon-offset":[32,64],"icon-offset-units":["pixels","insetPixels"],"icon":"https://www.gstatic.com/mapspro/images/stock/503-wht-blank_maps.png","descripción":"","NOMBRE / COMERCIO":"HUANG HUAN","CUIT":"20-95863737-4","CONTACTO":"2241519880","CATEGORÍA FISCAL":"RESPONSABLE INSCRIPTO","DIRECCIÓN":"COSTANERA ALEM 255","BARRIO":"SAN JOSE","RUBRO":"COFFATTE/REST-BAR-KIOSKO","CATEGORIA":"GASTRONOMÍA","PADRÓN N°":"A5-0713","INSPECTOR/A":"SOFIA- IRMA","ÚLTIMA VISITA":"2025-05-28","VENC. HABILITACIÓN":"01/02/2027","ESTADO":"VIGENTE","OBSERVACIONES":"HABILITACION VTO 01/02/27. REBA B1 VTO 19/11/25. FUMIGACION VIGENTE, EQUIPO VTO 4/26 PH 4/26. EL LUGAR CUMPLE CON CONDICIONES DE HIGIENE","COORDENADAS":"-35.5737106, -58.02265149999999"}},{"type":"Feature","geometry":{"type":"Point","coordinates":[-58.010576,-35.5672,0]},"properties":{"name":"PELUQUERIA BARBERIA","description":{"@type":"html","value":"descripción: <br>styleUrl: #icon-1899-BDBDBD<br>NOMBRE / COMERCIO: DE ROSE OCTAVIO ANDRES<br>CUIT: 20-45177557-0<br>CONTACTO: 2241530551<br>CATEGORÍA FISCAL: MONOTRIBUTISTA A<br>DIRECCIÓN: HIPÓLITO YRIGOYEN 508<br>BARRIO: VILLA LUJAN<br>RUBRO: PELUQUERIA BARBERIA<br>CATEGORIA: GASTRONOMÍA<br>PADRÓN N°: A1- 0134<br>INSPECTOR/A: SOFIA- IRMA<br>ÚLTIMA VISITA: 2026-01-21<br>VENC. HABILITACIÓN: 25/01/2027<br>ESTADO: VIGENTE<br>OBSERVACIONES: <br>COORDENADAS: -35.5672004, -58.0105758"},"styleUrl":"#icon-1899-BDBDBD","label-scale":0,"icon-opacity":1,"icon-color":"#7cb342","icon-scale":1,"icon-offset":[32,64],"icon-offset-units":["pixels","insetPixels"],"icon":"https://www.gstatic.com/mapspro/images/stock/503-wht-blank_maps.png","descripción":"","NOMBRE / COMERCIO":"DE ROSE OCTAVIO ANDRES","CUIT":"20-45177557-0","CONTACTO":"2241530551","CATEGORÍA FISCAL":"MONOTRIBUTISTA A","DIRECCIÓN":"HIPÓLITO YRIGOYEN 508","BARRIO":"VILLA LUJAN","RUBRO":"PELUQUERIA BARBERIA","CATEGORIA":"GASTRONOMÍA","PADRÓN N°":"A1- 0134","INSPECTOR/A":"SOFIA- IRMA","ÚLTIMA VISITA":"2026-01-21","VENC. HABILITACIÓN":"25/01/2027","ESTADO":"VIGENTE","OBSERVACIONES":"","COORDENADAS":"-35.5672004, -58.0105758"}},{"type":"Feature","geometry":{"type":"Point","coordinates":[-58.009455,-35.580539,0]},"properties":{"name":"HOTEL RESTAURANTE","description":{"@type":"html","value":"descripción: <br>styleUrl: #icon-1899-BDBDBD<br>NOMBRE / COMERCIO: JORAJURIA GUILLERMO<br>CUIT: 20-27882505-2<br>CONTACTO: 2241519880<br>CATEGORÍA FISCAL: RESPONSABLE INSCRIPTO<br>DIRECCIÓN: AV COSTANERA ESPAÑA Y CASTELLI<br>BARRIO: CENTRO<br>RUBRO: HOTEL RESTAURANTE<br>CATEGORIA: TURISMO Y ALOJAMIENTO<br>PADRÓN N°: A5-0474<br>INSPECTOR/A: SERGIO<br>ÚLTIMA VISITA: 2025-06-18<br>VENC. HABILITACIÓN: 15/10/2025<br>ESTADO: VENCIDA<br>OBSERVACIONES: DEBE REGUL PLAN DE PAGO SEG E HIG- inmuebleplanos-REBA VENC COND HIG SANIT SATIFACTORIAS<br>COORDENADAS: -35.5805393, -58.0094554"},"styleUrl":"#icon-1899-BDBDBD","label-scale":0,"icon-opacity":1,"icon-color":"#a52714","icon-scale":1,"icon-offset":[32,64],"icon-offset-units":["pixels","insetPixels"],"icon":"https://www.gstatic.com/mapspro/images/stock/503-wht-blank_maps.png","descripción":"","NOMBRE / COMERCIO":"JORAJURIA GUILLERMO","CUIT":"20-27882505-2","CONTACTO":"2241519880","CATEGORÍA FISCAL":"RESPONSABLE INSCRIPTO","DIRECCIÓN":"AV COSTANERA ESPAÑA Y CASTELLI","BARRIO":"CENTRO","RUBRO":"HOTEL RESTAURANTE","CATEGORIA":"TURISMO Y ALOJAMIENTO","PADRÓN N°":"A5-0474","INSPECTOR/A":"SERGIO","ÚLTIMA VISITA":"2025-06-18","VENC. HABILITACIÓN":"15/10/2025","ESTADO":"VENCIDA","OBSERVACIONES":"DEBE REGUL PLAN DE PAGO SEG E HIG- inmuebleplanos-REBA VENC COND HIG SANIT SATIFACTORIAS","COORDENADAS":"-35.5805393, -58.0094554"}},{"type":"Feature","geometry":{"type":"Point","coordinates":[-58.012762,-35.579613,0]},"properties":{"name":"HOTEL RESTAURANT","description":{"@type":"html","value":"descripción: <br>styleUrl: #icon-1899-BDBDBD<br>NOMBRE / COMERCIO: LAUREL HOTELERIA<br>CUIT: 30-71775454-5<br>CONTACTO: 2215687697<br>CATEGORÍA FISCAL: SA<br>DIRECCIÓN: LAVALLE 227<br>BARRIO: CENTRO<br>RUBRO: HOTEL RESTAURANT<br>CATEGORIA: TURISMO Y ALOJAMIENTO<br>PADRÓN N°: A6-0412<br>INSPECTOR/A: SOFIA- IRMA<br>ÚLTIMA VISITA: 2026-01-30<br>VENC. HABILITACIÓN: 27/01/2026<br>ESTADO: VENCIDA<br>OBSERVACIONES: <br>COORDENADAS: -35.5796127, -58.01276159999999"},"styleUrl":"#icon-1899-BDBDBD","label-scale":0,"icon-opacity":1,"icon-color":"#a52714","icon-scale":1,"icon-offset":[32,64],"icon-offset-units":["pixels","insetPixels"],"icon":"https://www.gstatic.com/mapspro/images/stock/503-wht-blank_maps.png","descripción":"","NOMBRE / COMERCIO":"LAUREL HOTELERIA","CUIT":"30-71775454-5","CONTACTO":"2215687697","CATEGORÍA FISCAL":"SA","DIRECCIÓN":"LAVALLE 227","BARRIO":"CENTRO","RUBRO":"HOTEL RESTAURANT","CATEGORIA":"TURISMO Y ALOJAMIENTO","PADRÓN N°":"A6-0412","INSPECTOR/A":"SOFIA- IRMA","ÚLTIMA VISITA":"2026-01-30","VENC. HABILITACIÓN":"27/01/2026","ESTADO":"VENCIDA","OBSERVACIONES":"","COORDENADAS":"-35.5796127, -58.01276159999999"}}]}