{"type":"FeatureCollection","features":[{"type":"Feature","geometry":{"type":"Point","coordinates":[-57.947478,-35.474532,0]},"properties":{"description":{"@type":"html","value":"descripción: <br>Nº_Apiario: B17925-4<br>_Cant__Colmenas: 10<br>_Provincia: BUENOS AIRES<br>_Departamento: Chascomus<br>_Latitud: -35.4745<br>_Longitud: -57.9475<br>_Cuit: 2.02529e+10<br>_Razón_Social: LEOCATA JULIAN ALFREDO<br>_Prov__Productor: BUENOS AIRES<br>_Depto__Productor: Quilmes"},"styleUrl":"#icon-1899-DB4436","icon-opacity":1,"icon-color":"#db4436","icon-scale":1,"icon-offset":[32,64],"icon-offset-units":["pixels","insetPixels"],"icon":"https://www.gstatic.com/mapspro/images/stock/503-wht-blank_maps.png","descripción":"","Nº_Apiario":"B17925-4","_Cant__Colmenas":10,"_Provincia":"BUENOS AIRES","_Departamento":"Chascomus","_Latitud":-35.4745,"_Longitud":-57.9475,"_Cuit":"2.02529e+10","_Razón_Social":"LEOCATA JULIAN ALFREDO","_Prov__Productor":"BUENOS AIRES","_Depto__Productor":"Quilmes"}},{"type":"Feature","geometry":{"type":"Point","coordinates":[-57.707106,-35.773231,0]},"properties":{"description":{"@type":"html","value":"descripción: <br>Nº_Apiario: B851-16<br>_Cant__Colmenas: 33<br>_Provincia: BUENOS AIRES<br>_Departamento: Chascomus<br>_Latitud: -35.7732<br>_Longitud: -57.7071<br>_Cuit: 2.00824e+10<br>_Razón_Social: IMBERTI ROBERTO ANDRES<br>_Prov__Productor: BUENOS AIRES<br>_Depto__Productor: General Paz"},"styleUrl":"#icon-1899-DB4436","icon-opacity":1,"icon-color":"#db4436","icon-scale":1,"icon-offset":[32,64],"icon-offset-units":["pixels","insetPixels"],"icon":"https://www.gstatic.com/mapspro/images/stock/503-wht-blank_maps.png","descripción":"","Nº_Apiario":"B851-16","_Cant__Colmenas":33,"_Provincia":"BUENOS AIRES","_Departamento":"Chascomus","_Latitud":-35.7732,"_Longitud":-57.7071,"_Cuit":"2.00824e+10","_Razón_Social":"IMBERTI ROBERTO ANDRES","_Prov__Productor":"BUENOS AIRES","_Depto__Productor":"General Paz"}},{"type":"Feature","geometry":{"type":"Point","coordinates":[-57.710704,-35.728986,0]},"properties":{"description":{"@type":"html","value":"descripción: <br>Nº_Apiario: B851-17<br>_Cant__Colmenas: 30<br>_Provincia: BUENOS AIRES<br>_Departamento: Chascomus<br>_Latitud: -35.729<br>_Longitud: -57.7107<br>_Cuit: 2.00824e+10<br>_Razón_Social: IMBERTI ROBERTO ANDRES<br>_Prov__Productor: BUENOS AIRES<br>_Depto__Productor: General Paz"},"styleUrl":"#icon-1899-DB4436","icon-opacity":1,"icon-color":"#db4436","icon-scale":1,"icon-offset":[32,64],"icon-offset-units":["pixels","insetPixels"],"icon":"https://www.gstatic.com/mapspro/images/stock/503-wht-blank_maps.png","descripción":"","Nº_Apiario":"B851-17","_Cant__Colmenas":30,"_Provincia":"BUENOS AIRES","_Departamento":"Chascomus","_Latitud":-35.729,"_Longitud":-57.7107,"_Cuit":"2.00824e+10","_Razón_Social":"IMBERTI ROBERTO ANDRES","_Prov__Productor":"BUENOS AIRES","_Depto__Productor":"General Paz"}},{"type":"Feature","geometry":{"type":"Point","coordinates":[-58.06024,-35.751523,0]},"properties":{"description":{"@type":"html","value":"descripción: <br>Nº_Apiario: B50124-4<br>_Cant__Colmenas: 103<br>_Provincia: BUENOS AIRES<br>_Departamento: Chascomus<br>_Latitud: -35.7515<br>_Longitud: -58.0602<br>_Cuit: 3.06651e+10<br>_Razón_Social: ASOC COOPERADORA DE LA CABAÑA APIARIO P Y BOVER<br>_Prov__Productor: BUENOS AIRES<br>_Depto__Productor: General Belgrano"},"styleUrl":"#icon-1899-DB4436","icon-opacity":1,"icon-color":"#db4436","icon-scale":1,"icon-offset":[32,64],"icon-offset-units":["pixels","insetPixels"],"icon":"https://www.gstatic.com/mapspro/images/stock/503-wht-blank_maps.png","descripción":"","Nº_Apiario":"B50124-4","_Cant__Colmenas":103,"_Provincia":"BUENOS AIRES","_Departamento":"Chascomus","_Latitud":-35.7515,"_Longitud":-58.0602,"_Cuit":"3.06651e+10","_Razón_Social":"ASOC COOPERADORA DE LA CABAÑA APIARIO P Y BOVER","_Prov__Productor":"BUENOS AIRES","_Depto__Productor":"General Belgrano"}},{"type":"Feature","geometry":{"type":"Point","coordinates":[-58.055575,-35.745647,0]},"properties":{"description":{"@type":"html","value":"descripción: <br>Nº_Apiario: B50124-3<br>_Cant__Colmenas: 60<br>_Provincia: BUENOS AIRES<br>_Departamento: Chascomus<br>_Latitud: -35.7456<br>_Longitud: -58.0556<br>_Cuit: 3.06651e+10<br>_Razón_Social: ASOC COOPERADORA DE LA CABAÑA APIARIO P Y BOVER<br>_Prov__Productor: BUENOS AIRES<br>_Depto__Productor: General Belgrano"},"styleUrl":"#icon-1899-DB4436","icon-opacity":1,"icon-color":"#db4436","icon-scale":1,"icon-offset":[32,64],"icon-offset-units":["pixels","insetPixels"],"icon":"https://www.gstatic.com/mapspro/images/stock/503-wht-blank_maps.png","descripción":"","Nº_Apiario":"B50124-3","_Cant__Colmenas":60,"_Provincia":"BUENOS AIRES","_Departamento":"Chascomus","_Latitud":-35.7456,"_Longitud":-58.0556,"_Cuit":"3.06651e+10","_Razón_Social":"ASOC COOPERADORA DE LA CABAÑA APIARIO P Y BOVER","_Prov__Productor":"BUENOS AIRES","_Depto__Productor":"General Belgrano"}},{"type":"Feature","geometry":{"type":"Point","coordinates":[-57.887514,-35.412994,0]},"properties":{"description":{"@type":"html","value":"descripción: <br>Nº_Apiario: B18805-3<br>_Cant__Colmenas: 50<br>_Provincia: BUENOS AIRES<br>_Departamento: Chascomus<br>_Latitud: -35.413<br>_Longitud: -57.8875<br>_Cuit: 2.72526e+10<br>_Razón_Social: FERMOSELLE GERALDINA EUGENIA<br>_Prov__Productor: BUENOS AIRES<br>_Depto__Productor: La Plata"},"styleUrl":"#icon-1899-DB4436","icon-opacity":1,"icon-color":"#db4436","icon-scale":1,"icon-offset":[32,64],"icon-offset-units":["pixels","insetPixels"],"icon":"https://www.gstatic.com/mapspro/images/stock/503-wht-blank_maps.png","descripción":"","Nº_Apiario":"B18805-3","_Cant__Colmenas":50,"_Provincia":"BUENOS AIRES","_Departamento":"Chascomus","_Latitud":-35.413,"_Longitud":-57.8875,"_Cuit":"2.72526e+10","_Razón_Social":"FERMOSELLE GERALDINA EUGENIA","_Prov__Productor":"BUENOS AIRES","_Depto__Productor":"La Plata"}},{"type":"Feature","geometry":{"type":"Point","coordinates":[-58.1487,-35.7473,0]},"properties":{"description":{"@type":"html","value":"descripción: <br>Nº_Apiario: B659-22<br>_Cant__Colmenas: 68<br>_Provincia: BUENOS AIRES<br>_Departamento: Chascomus<br>_Latitud: -35.7473<br>_Longitud: -58.1487<br>_Cuit: 3.0619e+10<br>_Razón_Social: SUCESORES DE JOSE DI LASCIO<br>_Prov__Productor: BUENOS AIRES<br>_Depto__Productor: General Belgrano"},"styleUrl":"#icon-1899-DB4436","icon-opacity":1,"icon-color":"#db4436","icon-scale":1,"icon-offset":[32,64],"icon-offset-units":["pixels","insetPixels"],"icon":"https://www.gstatic.com/mapspro/images/stock/503-wht-blank_maps.png","descripción":"","Nº_Apiario":"B659-22","_Cant__Colmenas":68,"_Provincia":"BUENOS AIRES","_Departamento":"Chascomus","_Latitud":-35.7473,"_Longitud":-58.1487,"_Cuit":"3.0619e+10","_Razón_Social":"SUCESORES DE JOSE DI LASCIO","_Prov__Productor":"BUENOS AIRES","_Depto__Productor":"General Belgrano"}},{"type":"Feature","geometry":{"type":"Point","coordinates":[-58.1733,-35.7615,0]},"properties":{"description":{"@type":"html","value":"descripción: <br>Nº_Apiario: B659-21<br>_Cant__Colmenas: 46<br>_Provincia: BUENOS AIRES<br>_Departamento: Chascomus<br>_Latitud: -35.7615<br>_Longitud: -58.1733<br>_Cuit: 3.0619e+10<br>_Razón_Social: SUCESORES DE JOSE DI LASCIO<br>_Prov__Productor: BUENOS AIRES<br>_Depto__Productor: General Belgrano"},"styleUrl":"#icon-1899-DB4436","icon-opacity":1,"icon-color":"#db4436","icon-scale":1,"icon-offset":[32,64],"icon-offset-units":["pixels","insetPixels"],"icon":"https://www.gstatic.com/mapspro/images/stock/503-wht-blank_maps.png","descripción":"","Nº_Apiario":"B659-21","_Cant__Colmenas":46,"_Provincia":"BUENOS AIRES","_Departamento":"Chascomus","_Latitud":-35.7615,"_Longitud":-58.1733,"_Cuit":"3.0619e+10","_Razón_Social":"SUCESORES DE JOSE DI LASCIO","_Prov__Productor":"BUENOS AIRES","_Depto__Productor":"General Belgrano"}},{"type":"Feature","geometry":{"type":"Point","coordinates":[-58.161,-35.7874,0]},"properties":{"description":{"@type":"html","value":"descripción: <br>Nº_Apiario: B659-20<br>_Cant__Colmenas: 68<br>_Provincia: BUENOS AIRES<br>_Departamento: Chascomus<br>_Latitud: -35.7874<br>_Longitud: -58.161<br>_Cuit: 3.0619e+10<br>_Razón_Social: SUCESORES DE JOSE DI LASCIO<br>_Prov__Productor: BUENOS AIRES<br>_Depto__Productor: General Belgrano"},"styleUrl":"#icon-1899-DB4436","icon-opacity":1,"icon-color":"#db4436","icon-scale":1,"icon-offset":[32,64],"icon-offset-units":["pixels","insetPixels"],"icon":"https://www.gstatic.com/mapspro/images/stock/503-wht-blank_maps.png","descripción":"","Nº_Apiario":"B659-20","_Cant__Colmenas":68,"_Provincia":"BUENOS AIRES","_Departamento":"Chascomus","_Latitud":-35.7874,"_Longitud":-58.161,"_Cuit":"3.0619e+10","_Razón_Social":"SUCESORES DE JOSE DI LASCIO","_Prov__Productor":"BUENOS AIRES","_Depto__Productor":"General Belgrano"}},{"type":"Feature","geometry":{"type":"Point","coordinates":[-58.2376,-35.7084,0]},"properties":{"description":{"@type":"html","value":"descripción: <br>Nº_Apiario: B659-19<br>_Cant__Colmenas: 34<br>_Provincia: BUENOS AIRES<br>_Departamento: Chascomus<br>_Latitud: -35.7084<br>_Longitud: -58.2376<br>_Cuit: 3.0619e+10<br>_Razón_Social: SUCESORES DE JOSE DI LASCIO<br>_Prov__Productor: BUENOS AIRES<br>_Depto__Productor: General Belgrano"},"styleUrl":"#icon-1899-DB4436","icon-opacity":1,"icon-color":"#db4436","icon-scale":1,"icon-offset":[32,64],"icon-offset-units":["pixels","insetPixels"],"icon":"https://www.gstatic.com/mapspro/images/stock/503-wht-blank_maps.png","descripción":"","Nº_Apiario":"B659-19","_Cant__Colmenas":34,"_Provincia":"BUENOS AIRES","_Departamento":"Chascomus","_Latitud":-35.7084,"_Longitud":-58.2376,"_Cuit":"3.0619e+10","_Razón_Social":"SUCESORES DE JOSE DI LASCIO","_Prov__Productor":"BUENOS AIRES","_Depto__Productor":"General Belgrano"}},{"type":"Feature","geometry":{"type":"Point","coordinates":[-58.3899,-35.7814,0]},"properties":{"description":{"@type":"html","value":"descripción: <br>Nº_Apiario: B659-18<br>_Cant__Colmenas: 82<br>_Provincia: BUENOS AIRES<br>_Departamento: Chascomus<br>_Latitud: -35.7814<br>_Longitud: -58.3899<br>_Cuit: 3.0619e+10<br>_Razón_Social: SUCESORES DE JOSE DI LASCIO<br>_Prov__Productor: BUENOS AIRES<br>_Depto__Productor: General Belgrano"},"styleUrl":"#icon-1899-DB4436","icon-opacity":1,"icon-color":"#db4436","icon-scale":1,"icon-offset":[32,64],"icon-offset-units":["pixels","insetPixels"],"icon":"https://www.gstatic.com/mapspro/images/stock/503-wht-blank_maps.png","descripción":"","Nº_Apiario":"B659-18","_Cant__Colmenas":82,"_Provincia":"BUENOS AIRES","_Departamento":"Chascomus","_Latitud":-35.7814,"_Longitud":-58.3899,"_Cuit":"3.0619e+10","_Razón_Social":"SUCESORES DE JOSE DI LASCIO","_Prov__Productor":"BUENOS AIRES","_Depto__Productor":"General Belgrano"}},{"type":"Feature","geometry":{"type":"Point","coordinates":[-58.3321,-35.7908,0]},"properties":{"description":{"@type":"html","value":"descripción: <br>Nº_Apiario: B659-17<br>_Cant__Colmenas: 44<br>_Provincia: BUENOS AIRES<br>_Departamento: Chascomus<br>_Latitud: -35.7908<br>_Longitud: -58.3321<br>_Cuit: 3.0619e+10<br>_Razón_Social: SUCESORES DE JOSE DI LASCIO<br>_Prov__Productor: BUENOS AIRES<br>_Depto__Productor: General Belgrano"},"styleUrl":"#icon-1899-DB4436","icon-opacity":1,"icon-color":"#db4436","icon-scale":1,"icon-offset":[32,64],"icon-offset-units":["pixels","insetPixels"],"icon":"https://www.gstatic.com/mapspro/images/stock/503-wht-blank_maps.png","descripción":"","Nº_Apiario":"B659-17","_Cant__Colmenas":44,"_Provincia":"BUENOS AIRES","_Departamento":"Chascomus","_Latitud":-35.7908,"_Longitud":-58.3321,"_Cuit":"3.0619e+10","_Razón_Social":"SUCESORES DE JOSE DI LASCIO","_Prov__Productor":"BUENOS AIRES","_Depto__Productor":"General Belgrano"}},{"type":"Feature","geometry":{"type":"Point","coordinates":[-58.2932,-35.8104,0]},"properties":{"description":{"@type":"html","value":"descripción: <br>Nº_Apiario: B659-16<br>_Cant__Colmenas: 48<br>_Provincia: BUENOS AIRES<br>_Departamento: Chascomus<br>_Latitud: -35.8104<br>_Longitud: -58.2932<br>_Cuit: 3.0619e+10<br>_Razón_Social: SUCESORES DE JOSE DI LASCIO<br>_Prov__Productor: BUENOS AIRES<br>_Depto__Productor: General Belgrano"},"styleUrl":"#icon-1899-DB4436","icon-opacity":1,"icon-color":"#db4436","icon-scale":1,"icon-offset":[32,64],"icon-offset-units":["pixels","insetPixels"],"icon":"https://www.gstatic.com/mapspro/images/stock/503-wht-blank_maps.png","descripción":"","Nº_Apiario":"B659-16","_Cant__Colmenas":48,"_Provincia":"BUENOS AIRES","_Departamento":"Chascomus","_Latitud":-35.8104,"_Longitud":-58.2932,"_Cuit":"3.0619e+10","_Razón_Social":"SUCESORES DE JOSE DI LASCIO","_Prov__Productor":"BUENOS AIRES","_Depto__Productor":"General Belgrano"}},{"type":"Feature","geometry":{"type":"Point","coordinates":[-58.3143,-35.7678,0]},"properties":{"description":{"@type":"html","value":"descripción: <br>Nº_Apiario: B659-15<br>_Cant__Colmenas: 22<br>_Provincia: BUENOS AIRES<br>_Departamento: Chascomus<br>_Latitud: -35.7678<br>_Longitud: -58.3143<br>_Cuit: 3.0619e+10<br>_Razón_Social: SUCESORES DE JOSE DI LASCIO<br>_Prov__Productor: BUENOS AIRES<br>_Depto__Productor: General Belgrano"},"styleUrl":"#icon-1899-DB4436","icon-opacity":1,"icon-color":"#db4436","icon-scale":1,"icon-offset":[32,64],"icon-offset-units":["pixels","insetPixels"],"icon":"https://www.gstatic.com/mapspro/images/stock/503-wht-blank_maps.png","descripción":"","Nº_Apiario":"B659-15","_Cant__Colmenas":22,"_Provincia":"BUENOS AIRES","_Departamento":"Chascomus","_Latitud":-35.7678,"_Longitud":-58.3143,"_Cuit":"3.0619e+10","_Razón_Social":"SUCESORES DE JOSE DI LASCIO","_Prov__Productor":"BUENOS AIRES","_Depto__Productor":"General Belgrano"}},{"type":"Feature","geometry":{"type":"Point","coordinates":[-58.3413,-35.7067,0]},"properties":{"description":{"@type":"html","value":"descripción: <br>Nº_Apiario: B659-14<br>_Cant__Colmenas: 52<br>_Provincia: BUENOS AIRES<br>_Departamento: Chascomus<br>_Latitud: -35.7067<br>_Longitud: -58.3413<br>_Cuit: 3.0619e+10<br>_Razón_Social: SUCESORES DE JOSE DI LASCIO<br>_Prov__Productor: BUENOS AIRES<br>_Depto__Productor: General Belgrano"},"styleUrl":"#icon-1899-DB4436","icon-opacity":1,"icon-color":"#db4436","icon-scale":1,"icon-offset":[32,64],"icon-offset-units":["pixels","insetPixels"],"icon":"https://www.gstatic.com/mapspro/images/stock/503-wht-blank_maps.png","descripción":"","Nº_Apiario":"B659-14","_Cant__Colmenas":52,"_Provincia":"BUENOS AIRES","_Departamento":"Chascomus","_Latitud":-35.7067,"_Longitud":-58.3413,"_Cuit":"3.0619e+10","_Razón_Social":"SUCESORES DE JOSE DI LASCIO","_Prov__Productor":"BUENOS AIRES","_Depto__Productor":"General Belgrano"}},{"type":"Feature","geometry":{"type":"Point","coordinates":[-57.773355,-35.725768,0]},"properties":{"description":{"@type":"html","value":"descripción: <br>Nº_Apiario: B498-10<br>_Cant__Colmenas: 40<br>_Provincia: BUENOS AIRES<br>_Departamento: Chascomus<br>_Latitud: -35.7258<br>_Longitud: -57.7734<br>_Cuit: 2.71792e+10<br>_Razón_Social: GILARDONI MARIA DEL CARMEN<br>_Prov__Productor: BUENOS AIRES<br>_Depto__Productor: Chascomus"},"styleUrl":"#icon-1899-DB4436","icon-opacity":1,"icon-color":"#db4436","icon-scale":1,"icon-offset":[32,64],"icon-offset-units":["pixels","insetPixels"],"icon":"https://www.gstatic.com/mapspro/images/stock/503-wht-blank_maps.png","descripción":"","Nº_Apiario":"B498-10","_Cant__Colmenas":40,"_Provincia":"BUENOS AIRES","_Departamento":"Chascomus","_Latitud":-35.7258,"_Longitud":-57.7734,"_Cuit":"2.71792e+10","_Razón_Social":"GILARDONI MARIA DEL CARMEN","_Prov__Productor":"BUENOS AIRES","_Depto__Productor":"Chascomus"}},{"type":"Feature","geometry":{"type":"Point","coordinates":[-58.178082,-35.43038,0]},"properties":{"description":{"@type":"html","value":"descripción: <br>Nº_Apiario: B1776-5<br>_Cant__Colmenas: 80<br>_Provincia: BUENOS AIRES<br>_Departamento: Chascomus<br>_Latitud: -35.4304<br>_Longitud: -58.1781<br>_Cuit: 2.00521e+10<br>_Razón_Social: COSTANZO ALBERTO RAMON<br>_Prov__Productor: BUENOS AIRES<br>_Depto__Productor: General Belgrano"},"styleUrl":"#icon-1899-DB4436","icon-opacity":1,"icon-color":"#db4436","icon-scale":1,"icon-offset":[32,64],"icon-offset-units":["pixels","insetPixels"],"icon":"https://www.gstatic.com/mapspro/images/stock/503-wht-blank_maps.png","descripción":"","Nº_Apiario":"B1776-5","_Cant__Colmenas":80,"_Provincia":"BUENOS AIRES","_Departamento":"Chascomus","_Latitud":-35.4304,"_Longitud":-58.1781,"_Cuit":"2.00521e+10","_Razón_Social":"COSTANZO ALBERTO RAMON","_Prov__Productor":"BUENOS AIRES","_Depto__Productor":"General Belgrano"}},{"type":"Feature","geometry":{"type":"Point","coordinates":[-57.973446,-35.509135,0]},"properties":{"description":{"@type":"html","value":"descripción: <br>Nº_Apiario: B16500-1<br>_Cant__Colmenas: 60<br>_Provincia: BUENOS AIRES<br>_Departamento: Chascomus<br>_Latitud: -35.5091<br>_Longitud: -57.9734<br>_Cuit: 2.02684e+10<br>_Razón_Social: MOJA JUAN EDUARDO<br>_Prov__Productor: BUENOS AIRES<br>_Depto__Productor: Chascomus"},"styleUrl":"#icon-1899-DB4436","icon-opacity":1,"icon-color":"#db4436","icon-scale":1,"icon-offset":[32,64],"icon-offset-units":["pixels","insetPixels"],"icon":"https://www.gstatic.com/mapspro/images/stock/503-wht-blank_maps.png","descripción":"","Nº_Apiario":"B16500-1","_Cant__Colmenas":60,"_Provincia":"BUENOS AIRES","_Departamento":"Chascomus","_Latitud":-35.5091,"_Longitud":-57.9734,"_Cuit":"2.02684e+10","_Razón_Social":"MOJA JUAN EDUARDO","_Prov__Productor":"BUENOS AIRES","_Depto__Productor":"Chascomus"}},{"type":"Feature","geometry":{"type":"Point","coordinates":[-58.14901,-35.481427,0]},"properties":{"description":{"@type":"html","value":"descripción: <br>Nº_Apiario: B16500-2<br>_Cant__Colmenas: 30<br>_Provincia: BUENOS AIRES<br>_Departamento: Chascomus<br>_Latitud: -35.4814<br>_Longitud: -58.149<br>_Cuit: 2.02684e+10<br>_Razón_Social: MOJA JUAN EDUARDO<br>_Prov__Productor: BUENOS AIRES<br>_Depto__Productor: Chascomus"},"styleUrl":"#icon-1899-DB4436","icon-opacity":1,"icon-color":"#db4436","icon-scale":1,"icon-offset":[32,64],"icon-offset-units":["pixels","insetPixels"],"icon":"https://www.gstatic.com/mapspro/images/stock/503-wht-blank_maps.png","descripción":"","Nº_Apiario":"B16500-2","_Cant__Colmenas":30,"_Provincia":"BUENOS AIRES","_Departamento":"Chascomus","_Latitud":-35.4814,"_Longitud":-58.149,"_Cuit":"2.02684e+10","_Razón_Social":"MOJA JUAN EDUARDO","_Prov__Productor":"BUENOS AIRES","_Depto__Productor":"Chascomus"}},{"type":"Feature","geometry":{"type":"Point","coordinates":[-57.490655,-35.599801,0]},"properties":{"description":{"@type":"html","value":"descripción: <br>Nº_Apiario: B16500-3<br>_Cant__Colmenas: 50<br>_Provincia: BUENOS AIRES<br>_Departamento: Chascomus<br>_Latitud: -35.5998<br>_Longitud: -57.4907<br>_Cuit: 2.02684e+10<br>_Razón_Social: MOJA JUAN EDUARDO<br>_Prov__Productor: BUENOS AIRES<br>_Depto__Productor: Chascomus"},"styleUrl":"#icon-1899-DB4436","icon-opacity":1,"icon-color":"#db4436","icon-scale":1,"icon-offset":[32,64],"icon-offset-units":["pixels","insetPixels"],"icon":"https://www.gstatic.com/mapspro/images/stock/503-wht-blank_maps.png","descripción":"","Nº_Apiario":"B16500-3","_Cant__Colmenas":50,"_Provincia":"BUENOS AIRES","_Departamento":"Chascomus","_Latitud":-35.5998,"_Longitud":-57.4907,"_Cuit":"2.02684e+10","_Razón_Social":"MOJA JUAN EDUARDO","_Prov__Productor":"BUENOS AIRES","_Depto__Productor":"Chascomus"}},{"type":"Feature","geometry":{"type":"Point","coordinates":[-57.622238,-35.619222,0]},"properties":{"description":{"@type":"html","value":"descripción: <br>Nº_Apiario: B16500-4<br>_Cant__Colmenas: 25<br>_Provincia: BUENOS AIRES<br>_Departamento: Chascomus<br>_Latitud: -35.6192<br>_Longitud: -57.6222<br>_Cuit: 2.02684e+10<br>_Razón_Social: MOJA JUAN EDUARDO<br>_Prov__Productor: BUENOS AIRES<br>_Depto__Productor: Chascomus"},"styleUrl":"#icon-1899-DB4436","icon-opacity":1,"icon-color":"#db4436","icon-scale":1,"icon-offset":[32,64],"icon-offset-units":["pixels","insetPixels"],"icon":"https://www.gstatic.com/mapspro/images/stock/503-wht-blank_maps.png","descripción":"","Nº_Apiario":"B16500-4","_Cant__Colmenas":25,"_Provincia":"BUENOS AIRES","_Departamento":"Chascomus","_Latitud":-35.6192,"_Longitud":-57.6222,"_Cuit":"2.02684e+10","_Razón_Social":"MOJA JUAN EDUARDO","_Prov__Productor":"BUENOS AIRES","_Depto__Productor":"Chascomus"}},{"type":"Feature","geometry":{"type":"Point","coordinates":[-58.047243,-35.542573,0]},"properties":{"description":{"@type":"html","value":"descripción: <br>Nº_Apiario: B15934-1<br>_Cant__Colmenas: 34<br>_Provincia: BUENOS AIRES<br>_Departamento: Chascomus<br>_Latitud: -35.5426<br>_Longitud: -58.0472<br>_Cuit: 3.3665e+10<br>_Razón_Social: COOP. ESCUELA DE EDUCACION AGROTECNICA N° 1<br>_Prov__Productor: BUENOS AIRES<br>_Depto__Productor: Chascomus"},"styleUrl":"#icon-1899-DB4436","icon-opacity":1,"icon-color":"#db4436","icon-scale":1,"icon-offset":[32,64],"icon-offset-units":["pixels","insetPixels"],"icon":"https://www.gstatic.com/mapspro/images/stock/503-wht-blank_maps.png","descripción":"","Nº_Apiario":"B15934-1","_Cant__Colmenas":34,"_Provincia":"BUENOS AIRES","_Departamento":"Chascomus","_Latitud":-35.5426,"_Longitud":-58.0472,"_Cuit":"3.3665e+10","_Razón_Social":"COOP. ESCUELA DE EDUCACION AGROTECNICA N° 1","_Prov__Productor":"BUENOS AIRES","_Depto__Productor":"Chascomus"}},{"type":"Feature","geometry":{"type":"Point","coordinates":[-57.952542,-35.526179,0]},"properties":{"description":{"@type":"html","value":"descripción: <br>Nº_Apiario: B15763-3<br>_Cant__Colmenas: 35<br>_Provincia: BUENOS AIRES<br>_Departamento: Chascomus<br>_Latitud: -35.5262<br>_Longitud: -57.9525<br>_Cuit: 2.02145e+10<br>_Razón_Social: CLAVERIE JORGE ALBERTO<br>_Prov__Productor: BUENOS AIRES<br>_Depto__Productor: Chascomus"},"styleUrl":"#icon-1899-DB4436","icon-opacity":1,"icon-color":"#db4436","icon-scale":1,"icon-offset":[32,64],"icon-offset-units":["pixels","insetPixels"],"icon":"https://www.gstatic.com/mapspro/images/stock/503-wht-blank_maps.png","descripción":"","Nº_Apiario":"B15763-3","_Cant__Colmenas":35,"_Provincia":"BUENOS AIRES","_Departamento":"Chascomus","_Latitud":-35.5262,"_Longitud":-57.9525,"_Cuit":"2.02145e+10","_Razón_Social":"CLAVERIE JORGE ALBERTO","_Prov__Productor":"BUENOS AIRES","_Depto__Productor":"Chascomus"}},{"type":"Feature","geometry":{"type":"Point","coordinates":[-57.799197,-35.674441,0]},"properties":{"description":{"@type":"html","value":"descripción: <br>Nº_Apiario: B15763-1<br>_Cant__Colmenas: 30<br>_Provincia: BUENOS AIRES<br>_Departamento: Chascomus<br>_Latitud: -35.6744<br>_Longitud: -57.7992<br>_Cuit: 2.02145e+10<br>_Razón_Social: CLAVERIE JORGE ALBERTO<br>_Prov__Productor: BUENOS AIRES<br>_Depto__Productor: Chascomus"},"styleUrl":"#icon-1899-DB4436","icon-opacity":1,"icon-color":"#db4436","icon-scale":1,"icon-offset":[32,64],"icon-offset-units":["pixels","insetPixels"],"icon":"https://www.gstatic.com/mapspro/images/stock/503-wht-blank_maps.png","descripción":"","Nº_Apiario":"B15763-1","_Cant__Colmenas":30,"_Provincia":"BUENOS AIRES","_Departamento":"Chascomus","_Latitud":-35.6744,"_Longitud":-57.7992,"_Cuit":"2.02145e+10","_Razón_Social":"CLAVERIE JORGE ALBERTO","_Prov__Productor":"BUENOS AIRES","_Depto__Productor":"Chascomus"}},{"type":"Feature","geometry":{"type":"Point","coordinates":[-58.135754,-35.69441,0]},"properties":{"description":{"@type":"html","value":"descripción: <br>Nº_Apiario: B15763-4<br>_Cant__Colmenas: 50<br>_Provincia: BUENOS AIRES<br>_Departamento: Chascomus<br>_Latitud: -35.6944<br>_Longitud: -58.1358<br>_Cuit: 2.02145e+10<br>_Razón_Social: CLAVERIE JORGE ALBERTO<br>_Prov__Productor: BUENOS AIRES<br>_Depto__Productor: Chascomus"},"styleUrl":"#icon-1899-DB4436","icon-opacity":1,"icon-color":"#db4436","icon-scale":1,"icon-offset":[32,64],"icon-offset-units":["pixels","insetPixels"],"icon":"https://www.gstatic.com/mapspro/images/stock/503-wht-blank_maps.png","descripción":"","Nº_Apiario":"B15763-4","_Cant__Colmenas":50,"_Provincia":"BUENOS AIRES","_Departamento":"Chascomus","_Latitud":-35.6944,"_Longitud":-58.1358,"_Cuit":"2.02145e+10","_Razón_Social":"CLAVERIE JORGE ALBERTO","_Prov__Productor":"BUENOS AIRES","_Depto__Productor":"Chascomus"}},{"type":"Feature","geometry":{"type":"Point","coordinates":[-58.23268,-35.672734,0]},"properties":{"description":{"@type":"html","value":"descripción: <br>Nº_Apiario: B15763-5<br>_Cant__Colmenas: 50<br>_Provincia: BUENOS AIRES<br>_Departamento: Chascomus<br>_Latitud: -35.6727<br>_Longitud: -58.2327<br>_Cuit: 2.02145e+10<br>_Razón_Social: CLAVERIE JORGE ALBERTO<br>_Prov__Productor: BUENOS AIRES<br>_Depto__Productor: Chascomus"},"styleUrl":"#icon-1899-DB4436","icon-opacity":1,"icon-color":"#db4436","icon-scale":1,"icon-offset":[32,64],"icon-offset-units":["pixels","insetPixels"],"icon":"https://www.gstatic.com/mapspro/images/stock/503-wht-blank_maps.png","descripción":"","Nº_Apiario":"B15763-5","_Cant__Colmenas":50,"_Provincia":"BUENOS AIRES","_Departamento":"Chascomus","_Latitud":-35.6727,"_Longitud":-58.2327,"_Cuit":"2.02145e+10","_Razón_Social":"CLAVERIE JORGE ALBERTO","_Prov__Productor":"BUENOS AIRES","_Depto__Productor":"Chascomus"}},{"type":"Feature","geometry":{"type":"Point","coordinates":[-57.479368,-35.69181,0]},"properties":{"description":{"@type":"html","value":"descripción: <br>Nº_Apiario: B15763-6<br>_Cant__Colmenas: 50<br>_Provincia: BUENOS AIRES<br>_Departamento: Chascomus<br>_Latitud: -35.6918<br>_Longitud: -57.4794<br>_Cuit: 2.02145e+10<br>_Razón_Social: CLAVERIE JORGE ALBERTO<br>_Prov__Productor: BUENOS AIRES<br>_Depto__Productor: Chascomus"},"styleUrl":"#icon-1899-DB4436","icon-opacity":1,"icon-color":"#db4436","icon-scale":1,"icon-offset":[32,64],"icon-offset-units":["pixels","insetPixels"],"icon":"https://www.gstatic.com/mapspro/images/stock/503-wht-blank_maps.png","descripción":"","Nº_Apiario":"B15763-6","_Cant__Colmenas":50,"_Provincia":"BUENOS AIRES","_Departamento":"Chascomus","_Latitud":-35.6918,"_Longitud":-57.4794,"_Cuit":"2.02145e+10","_Razón_Social":"CLAVERIE JORGE ALBERTO","_Prov__Productor":"BUENOS AIRES","_Depto__Productor":"Chascomus"}},{"type":"Feature","geometry":{"type":"Point","coordinates":[-57.881785,-35.568482,0]},"properties":{"description":{"@type":"html","value":"descripción: <br>Nº_Apiario: B50387-2<br>_Cant__Colmenas: 50<br>_Provincia: BUENOS AIRES<br>_Departamento: Chascomus<br>_Latitud: -35.5685<br>_Longitud: -57.8818<br>_Cuit: 2.01452e+10<br>_Razón_Social: SMART MIGUEL<br>_Prov__Productor: BUENOS AIRES<br>_Depto__Productor: Chascomus"},"styleUrl":"#icon-1899-DB4436","icon-opacity":1,"icon-color":"#db4436","icon-scale":1,"icon-offset":[32,64],"icon-offset-units":["pixels","insetPixels"],"icon":"https://www.gstatic.com/mapspro/images/stock/503-wht-blank_maps.png","descripción":"","Nº_Apiario":"B50387-2","_Cant__Colmenas":50,"_Provincia":"BUENOS AIRES","_Departamento":"Chascomus","_Latitud":-35.5685,"_Longitud":-57.8818,"_Cuit":"2.01452e+10","_Razón_Social":"SMART MIGUEL","_Prov__Productor":"BUENOS AIRES","_Depto__Productor":"Chascomus"}},{"type":"Feature","geometry":{"type":"Point","coordinates":[-57.89209,-35.557762,0]},"properties":{"description":{"@type":"html","value":"descripción: <br>Nº_Apiario: B50387-1<br>_Cant__Colmenas: 51<br>_Provincia: BUENOS AIRES<br>_Departamento: Chascomus<br>_Latitud: -35.5578<br>_Longitud: -57.8921<br>_Cuit: 2.01452e+10<br>_Razón_Social: SMART MIGUEL<br>_Prov__Productor: BUENOS AIRES<br>_Depto__Productor: Chascomus"},"styleUrl":"#icon-1899-DB4436","icon-opacity":1,"icon-color":"#db4436","icon-scale":1,"icon-offset":[32,64],"icon-offset-units":["pixels","insetPixels"],"icon":"https://www.gstatic.com/mapspro/images/stock/503-wht-blank_maps.png","descripción":"","Nº_Apiario":"B50387-1","_Cant__Colmenas":51,"_Provincia":"BUENOS AIRES","_Departamento":"Chascomus","_Latitud":-35.5578,"_Longitud":-57.8921,"_Cuit":"2.01452e+10","_Razón_Social":"SMART MIGUEL","_Prov__Productor":"BUENOS AIRES","_Depto__Productor":"Chascomus"}},{"type":"Feature","geometry":{"type":"Point","coordinates":[-58.155886,-35.63983,0]},"properties":{"description":{"@type":"html","value":"descripción: <br>Nº_Apiario: B16854-2<br>_Cant__Colmenas: 43<br>_Provincia: BUENOS AIRES<br>_Departamento: Chascomus<br>_Latitud: -35.6398<br>_Longitud: -58.1559<br>_Cuit: 2.02392e+10<br>_Razón_Social: GALEANO PABLO CESAR<br>_Prov__Productor: BUENOS AIRES<br>_Depto__Productor: Chascomus"},"styleUrl":"#icon-1899-DB4436","icon-opacity":1,"icon-color":"#db4436","icon-scale":1,"icon-offset":[32,64],"icon-offset-units":["pixels","insetPixels"],"icon":"https://www.gstatic.com/mapspro/images/stock/503-wht-blank_maps.png","descripción":"","Nº_Apiario":"B16854-2","_Cant__Colmenas":43,"_Provincia":"BUENOS AIRES","_Departamento":"Chascomus","_Latitud":-35.6398,"_Longitud":-58.1559,"_Cuit":"2.02392e+10","_Razón_Social":"GALEANO PABLO CESAR","_Prov__Productor":"BUENOS AIRES","_Depto__Productor":"Chascomus"}},{"type":"Feature","geometry":{"type":"Point","coordinates":[-58.059052,-35.768908,0]},"properties":{"description":{"@type":"html","value":"descripción: <br>Nº_Apiario: B16854-3<br>_Cant__Colmenas: 35<br>_Provincia: BUENOS AIRES<br>_Departamento: Chascomus<br>_Latitud: -35.7689<br>_Longitud: -58.0591<br>_Cuit: 2.02392e+10<br>_Razón_Social: GALEANO PABLO CESAR<br>_Prov__Productor: BUENOS AIRES<br>_Depto__Productor: Chascomus"},"styleUrl":"#icon-1899-DB4436","icon-opacity":1,"icon-color":"#db4436","icon-scale":1,"icon-offset":[32,64],"icon-offset-units":["pixels","insetPixels"],"icon":"https://www.gstatic.com/mapspro/images/stock/503-wht-blank_maps.png","descripción":"","Nº_Apiario":"B16854-3","_Cant__Colmenas":35,"_Provincia":"BUENOS AIRES","_Departamento":"Chascomus","_Latitud":-35.7689,"_Longitud":-58.0591,"_Cuit":"2.02392e+10","_Razón_Social":"GALEANO PABLO CESAR","_Prov__Productor":"BUENOS AIRES","_Depto__Productor":"Chascomus"}},{"type":"Feature","geometry":{"type":"Point","coordinates":[-58.025214,-35.420509,0]},"properties":{"description":{"@type":"html","value":"descripción: <br>Nº_Apiario: B3095-16<br>_Cant__Colmenas: 100<br>_Provincia: BUENOS AIRES<br>_Departamento: Chascomus<br>_Latitud: -35.4205<br>_Longitud: -58.0252<br>_Cuit: 2.01792e+10<br>_Razón_Social: FERNANDEZ JUAN ALBERTO<br>_Prov__Productor: BUENOS AIRES<br>_Depto__Productor: Chascomus"},"styleUrl":"#icon-1899-DB4436","icon-opacity":1,"icon-color":"#db4436","icon-scale":1,"icon-offset":[32,64],"icon-offset-units":["pixels","insetPixels"],"icon":"https://www.gstatic.com/mapspro/images/stock/503-wht-blank_maps.png","descripción":"","Nº_Apiario":"B3095-16","_Cant__Colmenas":100,"_Provincia":"BUENOS AIRES","_Departamento":"Chascomus","_Latitud":-35.4205,"_Longitud":-58.0252,"_Cuit":"2.01792e+10","_Razón_Social":"FERNANDEZ JUAN ALBERTO","_Prov__Productor":"BUENOS AIRES","_Depto__Productor":"Chascomus"}},{"type":"Feature","geometry":{"type":"Point","coordinates":[-58.018095,-35.439224,0]},"properties":{"description":{"@type":"html","value":"descripción: <br>Nº_Apiario: B3095-17<br>_Cant__Colmenas: 100<br>_Provincia: BUENOS AIRES<br>_Departamento: Chascomus<br>_Latitud: -35.4392<br>_Longitud: -58.0181<br>_Cuit: 2.01792e+10<br>_Razón_Social: FERNANDEZ JUAN ALBERTO<br>_Prov__Productor: BUENOS AIRES<br>_Depto__Productor: Chascomus"},"styleUrl":"#icon-1899-DB4436","icon-opacity":1,"icon-color":"#db4436","icon-scale":1,"icon-offset":[32,64],"icon-offset-units":["pixels","insetPixels"],"icon":"https://www.gstatic.com/mapspro/images/stock/503-wht-blank_maps.png","descripción":"","Nº_Apiario":"B3095-17","_Cant__Colmenas":100,"_Provincia":"BUENOS AIRES","_Departamento":"Chascomus","_Latitud":-35.4392,"_Longitud":-58.0181,"_Cuit":"2.01792e+10","_Razón_Social":"FERNANDEZ JUAN ALBERTO","_Prov__Productor":"BUENOS AIRES","_Depto__Productor":"Chascomus"}},{"type":"Feature","geometry":{"type":"Point","coordinates":[-58.047497,-35.463964,0]},"properties":{"description":{"@type":"html","value":"descripción: <br>Nº_Apiario: B3095-18<br>_Cant__Colmenas: 50<br>_Provincia: BUENOS AIRES<br>_Departamento: Chascomus<br>_Latitud: -35.464<br>_Longitud: -58.0475<br>_Cuit: 2.01792e+10<br>_Razón_Social: FERNANDEZ JUAN ALBERTO<br>_Prov__Productor: BUENOS AIRES<br>_Depto__Productor: Chascomus"},"styleUrl":"#icon-1899-DB4436","icon-opacity":1,"icon-color":"#db4436","icon-scale":1,"icon-offset":[32,64],"icon-offset-units":["pixels","insetPixels"],"icon":"https://www.gstatic.com/mapspro/images/stock/503-wht-blank_maps.png","descripción":"","Nº_Apiario":"B3095-18","_Cant__Colmenas":50,"_Provincia":"BUENOS AIRES","_Departamento":"Chascomus","_Latitud":-35.464,"_Longitud":-58.0475,"_Cuit":"2.01792e+10","_Razón_Social":"FERNANDEZ JUAN ALBERTO","_Prov__Productor":"BUENOS AIRES","_Depto__Productor":"Chascomus"}},{"type":"Feature","geometry":{"type":"Point","coordinates":[-58.056661,-35.485773,0]},"properties":{"description":{"@type":"html","value":"descripción: <br>Nº_Apiario: B3095-19<br>_Cant__Colmenas: 50<br>_Provincia: BUENOS AIRES<br>_Departamento: Chascomus<br>_Latitud: -35.4858<br>_Longitud: -58.0567<br>_Cuit: 2.01792e+10<br>_Razón_Social: FERNANDEZ JUAN ALBERTO<br>_Prov__Productor: BUENOS AIRES<br>_Depto__Productor: Chascomus"},"styleUrl":"#icon-1899-DB4436","icon-opacity":1,"icon-color":"#db4436","icon-scale":1,"icon-offset":[32,64],"icon-offset-units":["pixels","insetPixels"],"icon":"https://www.gstatic.com/mapspro/images/stock/503-wht-blank_maps.png","descripción":"","Nº_Apiario":"B3095-19","_Cant__Colmenas":50,"_Provincia":"BUENOS AIRES","_Departamento":"Chascomus","_Latitud":-35.4858,"_Longitud":-58.0567,"_Cuit":"2.01792e+10","_Razón_Social":"FERNANDEZ JUAN ALBERTO","_Prov__Productor":"BUENOS AIRES","_Depto__Productor":"Chascomus"}},{"type":"Feature","geometry":{"type":"Point","coordinates":[-58.033403,-35.471929,0]},"properties":{"description":{"@type":"html","value":"descripción: <br>Nº_Apiario: B3095-20<br>_Cant__Colmenas: 50<br>_Provincia: BUENOS AIRES<br>_Departamento: Chascomus<br>_Latitud: -35.4719<br>_Longitud: -58.0334<br>_Cuit: 2.01792e+10<br>_Razón_Social: FERNANDEZ JUAN ALBERTO<br>_Prov__Productor: BUENOS AIRES<br>_Depto__Productor: Chascomus"},"styleUrl":"#icon-1899-DB4436","icon-opacity":1,"icon-color":"#db4436","icon-scale":1,"icon-offset":[32,64],"icon-offset-units":["pixels","insetPixels"],"icon":"https://www.gstatic.com/mapspro/images/stock/503-wht-blank_maps.png","descripción":"","Nº_Apiario":"B3095-20","_Cant__Colmenas":50,"_Provincia":"BUENOS AIRES","_Departamento":"Chascomus","_Latitud":-35.4719,"_Longitud":-58.0334,"_Cuit":"2.01792e+10","_Razón_Social":"FERNANDEZ JUAN ALBERTO","_Prov__Productor":"BUENOS AIRES","_Depto__Productor":"Chascomus"}},{"type":"Feature","geometry":{"type":"Point","coordinates":[-57.990311,-35.575559,0]},"properties":{"description":{"@type":"html","value":"descripción: <br>Nº_Apiario: B3095-25<br>_Cant__Colmenas: 1<br>_Provincia: BUENOS AIRES<br>_Departamento: Chascomus<br>_Latitud: -35.5756<br>_Longitud: -57.9903<br>_Cuit: 2.01792e+10<br>_Razón_Social: FERNANDEZ JUAN ALBERTO<br>_Prov__Productor: BUENOS AIRES<br>_Depto__Productor: Chascomus"},"styleUrl":"#icon-1899-DB4436","icon-opacity":1,"icon-color":"#db4436","icon-scale":1,"icon-offset":[32,64],"icon-offset-units":["pixels","insetPixels"],"icon":"https://www.gstatic.com/mapspro/images/stock/503-wht-blank_maps.png","descripción":"","Nº_Apiario":"B3095-25","_Cant__Colmenas":1,"_Provincia":"BUENOS AIRES","_Departamento":"Chascomus","_Latitud":-35.5756,"_Longitud":-57.9903,"_Cuit":"2.01792e+10","_Razón_Social":"FERNANDEZ JUAN ALBERTO","_Prov__Productor":"BUENOS AIRES","_Depto__Productor":"Chascomus"}},{"type":"Feature","geometry":{"type":"Point","coordinates":[-58.070136,-35.440638,0]},"properties":{"description":{"@type":"html","value":"descripción: <br>Nº_Apiario: B16688-22<br>_Cant__Colmenas: 20<br>_Provincia: BUENOS AIRES<br>_Departamento: Chascomus<br>_Latitud: -35.4406<br>_Longitud: -58.0701<br>_Cuit: 2.02492e+10<br>_Razón_Social: GIMENEZ LEONARDO<br>_Prov__Productor: BUENOS AIRES<br>_Depto__Productor: General Paz"},"styleUrl":"#icon-1899-DB4436","icon-opacity":1,"icon-color":"#db4436","icon-scale":1,"icon-offset":[32,64],"icon-offset-units":["pixels","insetPixels"],"icon":"https://www.gstatic.com/mapspro/images/stock/503-wht-blank_maps.png","descripción":"","Nº_Apiario":"B16688-22","_Cant__Colmenas":20,"_Provincia":"BUENOS AIRES","_Departamento":"Chascomus","_Latitud":-35.4406,"_Longitud":-58.0701,"_Cuit":"2.02492e+10","_Razón_Social":"GIMENEZ LEONARDO","_Prov__Productor":"BUENOS AIRES","_Depto__Productor":"General Paz"}},{"type":"Feature","geometry":{"type":"Point","coordinates":[-58.06988,-35.44034,0]},"properties":{"description":{"@type":"html","value":"descripción: <br>Nº_Apiario: B16688-1<br>_Cant__Colmenas: 20<br>_Provincia: BUENOS AIRES<br>_Departamento: Chascomus<br>_Latitud: -35.4403<br>_Longitud: -58.0699<br>_Cuit: 2.02492e+10<br>_Razón_Social: GIMENEZ LEONARDO<br>_Prov__Productor: BUENOS AIRES<br>_Depto__Productor: General Paz"},"styleUrl":"#icon-1899-DB4436","icon-opacity":1,"icon-color":"#db4436","icon-scale":1,"icon-offset":[32,64],"icon-offset-units":["pixels","insetPixels"],"icon":"https://www.gstatic.com/mapspro/images/stock/503-wht-blank_maps.png","descripción":"","Nº_Apiario":"B16688-1","_Cant__Colmenas":20,"_Provincia":"BUENOS AIRES","_Departamento":"Chascomus","_Latitud":-35.4403,"_Longitud":-58.0699,"_Cuit":"2.02492e+10","_Razón_Social":"GIMENEZ LEONARDO","_Prov__Productor":"BUENOS AIRES","_Depto__Productor":"General Paz"}},{"type":"Feature","geometry":{"type":"Point","coordinates":[-58.291143,-35.713782,0]},"properties":{"description":{"@type":"html","value":"descripción: <br>Nº_Apiario: B16688-9<br>_Cant__Colmenas: 20<br>_Provincia: BUENOS AIRES<br>_Departamento: Chascomus<br>_Latitud: -35.7138<br>_Longitud: -58.2911<br>_Cuit: 2.02492e+10<br>_Razón_Social: GIMENEZ LEONARDO<br>_Prov__Productor: BUENOS AIRES<br>_Depto__Productor: General Paz"},"styleUrl":"#icon-1899-DB4436","icon-opacity":1,"icon-color":"#db4436","icon-scale":1,"icon-offset":[32,64],"icon-offset-units":["pixels","insetPixels"],"icon":"https://www.gstatic.com/mapspro/images/stock/503-wht-blank_maps.png","descripción":"","Nº_Apiario":"B16688-9","_Cant__Colmenas":20,"_Provincia":"BUENOS AIRES","_Departamento":"Chascomus","_Latitud":-35.7138,"_Longitud":-58.2911,"_Cuit":"2.02492e+10","_Razón_Social":"GIMENEZ LEONARDO","_Prov__Productor":"BUENOS AIRES","_Depto__Productor":"General Paz"}},{"type":"Feature","geometry":{"type":"Point","coordinates":[-57.610303,-35.769033,0]},"properties":{"description":{"@type":"html","value":"descripción: <br>Nº_Apiario: B5697-4<br>_Cant__Colmenas: 38<br>_Provincia: BUENOS AIRES<br>_Departamento: Chascomus<br>_Latitud: -35.769<br>_Longitud: -57.6103<br>_Cuit: 2.01361e+10<br>_Razón_Social: MORLANS LUIS ALBERTO<br>_Prov__Productor: BUENOS AIRES<br>_Depto__Productor: Chascomus"},"styleUrl":"#icon-1899-DB4436","icon-opacity":1,"icon-color":"#db4436","icon-scale":1,"icon-offset":[32,64],"icon-offset-units":["pixels","insetPixels"],"icon":"https://www.gstatic.com/mapspro/images/stock/503-wht-blank_maps.png","descripción":"","Nº_Apiario":"B5697-4","_Cant__Colmenas":38,"_Provincia":"BUENOS AIRES","_Departamento":"Chascomus","_Latitud":-35.769,"_Longitud":-57.6103,"_Cuit":"2.01361e+10","_Razón_Social":"MORLANS LUIS ALBERTO","_Prov__Productor":"BUENOS AIRES","_Depto__Productor":"Chascomus"}},{"type":"Feature","geometry":{"type":"Point","coordinates":[-57.973484,-35.397135,0]},"properties":{"description":{"@type":"html","value":"descripción: <br>Nº_Apiario: B5697-13<br>_Cant__Colmenas: 47<br>_Provincia: BUENOS AIRES<br>_Departamento: Chascomus<br>_Latitud: -35.3971<br>_Longitud: -57.9735<br>_Cuit: 2.01361e+10<br>_Razón_Social: MORLANS LUIS ALBERTO<br>_Prov__Productor: BUENOS AIRES<br>_Depto__Productor: Chascomus"},"styleUrl":"#icon-1899-DB4436","icon-opacity":1,"icon-color":"#db4436","icon-scale":1,"icon-offset":[32,64],"icon-offset-units":["pixels","insetPixels"],"icon":"https://www.gstatic.com/mapspro/images/stock/503-wht-blank_maps.png","descripción":"","Nº_Apiario":"B5697-13","_Cant__Colmenas":47,"_Provincia":"BUENOS AIRES","_Departamento":"Chascomus","_Latitud":-35.3971,"_Longitud":-57.9735,"_Cuit":"2.01361e+10","_Razón_Social":"MORLANS LUIS ALBERTO","_Prov__Productor":"BUENOS AIRES","_Depto__Productor":"Chascomus"}},{"type":"Feature","geometry":{"type":"Point","coordinates":[-57.970679,-35.394597,0]},"properties":{"description":{"@type":"html","value":"descripción: <br>Nº_Apiario: B5697-14<br>_Cant__Colmenas: 42<br>_Provincia: BUENOS AIRES<br>_Departamento: Chascomus<br>_Latitud: -35.3946<br>_Longitud: -57.9707<br>_Cuit: 2.01361e+10<br>_Razón_Social: MORLANS LUIS ALBERTO<br>_Prov__Productor: BUENOS AIRES<br>_Depto__Productor: Chascomus"},"styleUrl":"#icon-1899-DB4436","icon-opacity":1,"icon-color":"#db4436","icon-scale":1,"icon-offset":[32,64],"icon-offset-units":["pixels","insetPixels"],"icon":"https://www.gstatic.com/mapspro/images/stock/503-wht-blank_maps.png","descripción":"","Nº_Apiario":"B5697-14","_Cant__Colmenas":42,"_Provincia":"BUENOS AIRES","_Departamento":"Chascomus","_Latitud":-35.3946,"_Longitud":-57.9707,"_Cuit":"2.01361e+10","_Razón_Social":"MORLANS LUIS ALBERTO","_Prov__Productor":"BUENOS AIRES","_Depto__Productor":"Chascomus"}},{"type":"Feature","geometry":{"type":"Point","coordinates":[-57.941909,-35.452957,0]},"properties":{"description":{"@type":"html","value":"descripción: <br>Nº_Apiario: B5697-10<br>_Cant__Colmenas: 48<br>_Provincia: BUENOS AIRES<br>_Departamento: Chascomus<br>_Latitud: -35.453<br>_Longitud: -57.9419<br>_Cuit: 2.01361e+10<br>_Razón_Social: MORLANS LUIS ALBERTO<br>_Prov__Productor: BUENOS AIRES<br>_Depto__Productor: Chascomus"},"styleUrl":"#icon-1899-DB4436","icon-opacity":1,"icon-color":"#db4436","icon-scale":1,"icon-offset":[32,64],"icon-offset-units":["pixels","insetPixels"],"icon":"https://www.gstatic.com/mapspro/images/stock/503-wht-blank_maps.png","descripción":"","Nº_Apiario":"B5697-10","_Cant__Colmenas":48,"_Provincia":"BUENOS AIRES","_Departamento":"Chascomus","_Latitud":-35.453,"_Longitud":-57.9419,"_Cuit":"2.01361e+10","_Razón_Social":"MORLANS LUIS ALBERTO","_Prov__Productor":"BUENOS AIRES","_Depto__Productor":"Chascomus"}},{"type":"Feature","geometry":{"type":"Point","coordinates":[-57.535214,-35.493796,0]},"properties":{"description":{"@type":"html","value":"descripción: <br>Nº_Apiario: B5697-9<br>_Cant__Colmenas: 34<br>_Provincia: BUENOS AIRES<br>_Departamento: Chascomus<br>_Latitud: -35.4938<br>_Longitud: -57.5352<br>_Cuit: 2.01361e+10<br>_Razón_Social: MORLANS LUIS ALBERTO<br>_Prov__Productor: BUENOS AIRES<br>_Depto__Productor: Chascomus"},"styleUrl":"#icon-1899-DB4436","icon-opacity":1,"icon-color":"#db4436","icon-scale":1,"icon-offset":[32,64],"icon-offset-units":["pixels","insetPixels"],"icon":"https://www.gstatic.com/mapspro/images/stock/503-wht-blank_maps.png","descripción":"","Nº_Apiario":"B5697-9","_Cant__Colmenas":34,"_Provincia":"BUENOS AIRES","_Departamento":"Chascomus","_Latitud":-35.4938,"_Longitud":-57.5352,"_Cuit":"2.01361e+10","_Razón_Social":"MORLANS LUIS ALBERTO","_Prov__Productor":"BUENOS AIRES","_Depto__Productor":"Chascomus"}},{"type":"Feature","geometry":{"type":"Point","coordinates":[-57.561883,-35.508332,0]},"properties":{"description":{"@type":"html","value":"descripción: <br>Nº_Apiario: B5697-8<br>_Cant__Colmenas: 43<br>_Provincia: BUENOS AIRES<br>_Departamento: Chascomus<br>_Latitud: -35.5083<br>_Longitud: -57.5619<br>_Cuit: 2.01361e+10<br>_Razón_Social: MORLANS LUIS ALBERTO<br>_Prov__Productor: BUENOS AIRES<br>_Depto__Productor: Chascomus"},"styleUrl":"#icon-1899-DB4436","icon-opacity":1,"icon-color":"#db4436","icon-scale":1,"icon-offset":[32,64],"icon-offset-units":["pixels","insetPixels"],"icon":"https://www.gstatic.com/mapspro/images/stock/503-wht-blank_maps.png","descripción":"","Nº_Apiario":"B5697-8","_Cant__Colmenas":43,"_Provincia":"BUENOS AIRES","_Departamento":"Chascomus","_Latitud":-35.5083,"_Longitud":-57.5619,"_Cuit":"2.01361e+10","_Razón_Social":"MORLANS LUIS ALBERTO","_Prov__Productor":"BUENOS AIRES","_Depto__Productor":"Chascomus"}},{"type":"Feature","geometry":{"type":"Point","coordinates":[-58.003661,-35.397375,0]},"properties":{"description":{"@type":"html","value":"descripción: <br>Nº_Apiario: B5697-19<br>_Cant__Colmenas: 31<br>_Provincia: BUENOS AIRES<br>_Departamento: Chascomus<br>_Latitud: -35.3974<br>_Longitud: -58.0037<br>_Cuit: 2.01361e+10<br>_Razón_Social: MORLANS LUIS ALBERTO<br>_Prov__Productor: BUENOS AIRES<br>_Depto__Productor: Chascomus"},"styleUrl":"#icon-1899-DB4436","icon-opacity":1,"icon-color":"#db4436","icon-scale":1,"icon-offset":[32,64],"icon-offset-units":["pixels","insetPixels"],"icon":"https://www.gstatic.com/mapspro/images/stock/503-wht-blank_maps.png","descripción":"","Nº_Apiario":"B5697-19","_Cant__Colmenas":31,"_Provincia":"BUENOS AIRES","_Departamento":"Chascomus","_Latitud":-35.3974,"_Longitud":-58.0037,"_Cuit":"2.01361e+10","_Razón_Social":"MORLANS LUIS ALBERTO","_Prov__Productor":"BUENOS AIRES","_Depto__Productor":"Chascomus"}},{"type":"Feature","geometry":{"type":"Point","coordinates":[-57.990672,-35.427466,0]},"properties":{"description":{"@type":"html","value":"descripción: <br>Nº_Apiario: B5697-11<br>_Cant__Colmenas: 35<br>_Provincia: BUENOS AIRES<br>_Departamento: Chascomus<br>_Latitud: -35.4275<br>_Longitud: -57.9907<br>_Cuit: 2.01361e+10<br>_Razón_Social: MORLANS LUIS ALBERTO<br>_Prov__Productor: BUENOS AIRES<br>_Depto__Productor: Chascomus"},"styleUrl":"#icon-1899-DB4436","icon-opacity":1,"icon-color":"#db4436","icon-scale":1,"icon-offset":[32,64],"icon-offset-units":["pixels","insetPixels"],"icon":"https://www.gstatic.com/mapspro/images/stock/503-wht-blank_maps.png","descripción":"","Nº_Apiario":"B5697-11","_Cant__Colmenas":35,"_Provincia":"BUENOS AIRES","_Departamento":"Chascomus","_Latitud":-35.4275,"_Longitud":-57.9907,"_Cuit":"2.01361e+10","_Razón_Social":"MORLANS LUIS ALBERTO","_Prov__Productor":"BUENOS AIRES","_Depto__Productor":"Chascomus"}},{"type":"Feature","geometry":{"type":"Point","coordinates":[-58.003693,-35.397399,0]},"properties":{"description":{"@type":"html","value":"descripción: <br>Nº_Apiario: B5697-15<br>_Cant__Colmenas: 31<br>_Provincia: BUENOS AIRES<br>_Departamento: Chascomus<br>_Latitud: -35.3974<br>_Longitud: -58.0037<br>_Cuit: 2.01361e+10<br>_Razón_Social: MORLANS LUIS ALBERTO<br>_Prov__Productor: BUENOS AIRES<br>_Depto__Productor: Chascomus"},"styleUrl":"#icon-1899-DB4436","icon-opacity":1,"icon-color":"#db4436","icon-scale":1,"icon-offset":[32,64],"icon-offset-units":["pixels","insetPixels"],"icon":"https://www.gstatic.com/mapspro/images/stock/503-wht-blank_maps.png","descripción":"","Nº_Apiario":"B5697-15","_Cant__Colmenas":31,"_Provincia":"BUENOS AIRES","_Departamento":"Chascomus","_Latitud":-35.3974,"_Longitud":-58.0037,"_Cuit":"2.01361e+10","_Razón_Social":"MORLANS LUIS ALBERTO","_Prov__Productor":"BUENOS AIRES","_Depto__Productor":"Chascomus"}},{"type":"Feature","geometry":{"type":"Point","coordinates":[-57.701256,-35.743164,0]},"properties":{"description":{"@type":"html","value":"descripción: <br>Nº_Apiario: B5697-7<br>_Cant__Colmenas: 27<br>_Provincia: BUENOS AIRES<br>_Departamento: Chascomus<br>_Latitud: -35.7432<br>_Longitud: -57.7013<br>_Cuit: 2.01361e+10<br>_Razón_Social: MORLANS LUIS ALBERTO<br>_Prov__Productor: BUENOS AIRES<br>_Depto__Productor: Chascomus"},"styleUrl":"#icon-1899-DB4436","icon-opacity":1,"icon-color":"#db4436","icon-scale":1,"icon-offset":[32,64],"icon-offset-units":["pixels","insetPixels"],"icon":"https://www.gstatic.com/mapspro/images/stock/503-wht-blank_maps.png","descripción":"","Nº_Apiario":"B5697-7","_Cant__Colmenas":27,"_Provincia":"BUENOS AIRES","_Departamento":"Chascomus","_Latitud":-35.7432,"_Longitud":-57.7013,"_Cuit":"2.01361e+10","_Razón_Social":"MORLANS LUIS ALBERTO","_Prov__Productor":"BUENOS AIRES","_Depto__Productor":"Chascomus"}},{"type":"Feature","geometry":{"type":"Point","coordinates":[-57.637637,-35.769377,0]},"properties":{"description":{"@type":"html","value":"descripción: <br>Nº_Apiario: B5697-5<br>_Cant__Colmenas: 36<br>_Provincia: BUENOS AIRES<br>_Departamento: Chascomus<br>_Latitud: -35.7694<br>_Longitud: -57.6376<br>_Cuit: 2.01361e+10<br>_Razón_Social: MORLANS LUIS ALBERTO<br>_Prov__Productor: BUENOS AIRES<br>_Depto__Productor: Chascomus"},"styleUrl":"#icon-1899-DB4436","icon-opacity":1,"icon-color":"#db4436","icon-scale":1,"icon-offset":[32,64],"icon-offset-units":["pixels","insetPixels"],"icon":"https://www.gstatic.com/mapspro/images/stock/503-wht-blank_maps.png","descripción":"","Nº_Apiario":"B5697-5","_Cant__Colmenas":36,"_Provincia":"BUENOS AIRES","_Departamento":"Chascomus","_Latitud":-35.7694,"_Longitud":-57.6376,"_Cuit":"2.01361e+10","_Razón_Social":"MORLANS LUIS ALBERTO","_Prov__Productor":"BUENOS AIRES","_Depto__Productor":"Chascomus"}},{"type":"Feature","geometry":{"type":"Point","coordinates":[-57.667452,-35.776095,0]},"properties":{"description":{"@type":"html","value":"descripción: <br>Nº_Apiario: B5697-6<br>_Cant__Colmenas: 38<br>_Provincia: BUENOS AIRES<br>_Departamento: Chascomus<br>_Latitud: -35.7761<br>_Longitud: -57.6675<br>_Cuit: 2.01361e+10<br>_Razón_Social: MORLANS LUIS ALBERTO<br>_Prov__Productor: BUENOS AIRES<br>_Depto__Productor: Chascomus"},"styleUrl":"#icon-1899-DB4436","icon-opacity":1,"icon-color":"#db4436","icon-scale":1,"icon-offset":[32,64],"icon-offset-units":["pixels","insetPixels"],"icon":"https://www.gstatic.com/mapspro/images/stock/503-wht-blank_maps.png","descripción":"","Nº_Apiario":"B5697-6","_Cant__Colmenas":38,"_Provincia":"BUENOS AIRES","_Departamento":"Chascomus","_Latitud":-35.7761,"_Longitud":-57.6675,"_Cuit":"2.01361e+10","_Razón_Social":"MORLANS LUIS ALBERTO","_Prov__Productor":"BUENOS AIRES","_Depto__Productor":"Chascomus"}},{"type":"Feature","geometry":{"type":"Point","coordinates":[-57.982558,-35.40468,0]},"properties":{"description":{"@type":"html","value":"descripción: <br>Nº_Apiario: B5697-12<br>_Cant__Colmenas: 60<br>_Provincia: BUENOS AIRES<br>_Departamento: Chascomus<br>_Latitud: -35.4047<br>_Longitud: -57.9826<br>_Cuit: 2.01361e+10<br>_Razón_Social: MORLANS LUIS ALBERTO<br>_Prov__Productor: BUENOS AIRES<br>_Depto__Productor: Chascomus"},"styleUrl":"#icon-1899-DB4436","icon-opacity":1,"icon-color":"#db4436","icon-scale":1,"icon-offset":[32,64],"icon-offset-units":["pixels","insetPixels"],"icon":"https://www.gstatic.com/mapspro/images/stock/503-wht-blank_maps.png","descripción":"","Nº_Apiario":"B5697-12","_Cant__Colmenas":60,"_Provincia":"BUENOS AIRES","_Departamento":"Chascomus","_Latitud":-35.4047,"_Longitud":-57.9826,"_Cuit":"2.01361e+10","_Razón_Social":"MORLANS LUIS ALBERTO","_Prov__Productor":"BUENOS AIRES","_Depto__Productor":"Chascomus"}},{"type":"Feature","geometry":{"type":"Point","coordinates":[-58.025247,-35.546692,0]},"properties":{"description":{"@type":"html","value":"descripción: <br>Nº_Apiario: B5697-16<br>_Cant__Colmenas: 22<br>_Provincia: BUENOS AIRES<br>_Departamento: Chascomus<br>_Latitud: -35.5467<br>_Longitud: -58.0252<br>_Cuit: 2.01361e+10<br>_Razón_Social: MORLANS LUIS ALBERTO<br>_Prov__Productor: BUENOS AIRES<br>_Depto__Productor: Chascomus"},"styleUrl":"#icon-1899-DB4436","icon-opacity":1,"icon-color":"#db4436","icon-scale":1,"icon-offset":[32,64],"icon-offset-units":["pixels","insetPixels"],"icon":"https://www.gstatic.com/mapspro/images/stock/503-wht-blank_maps.png","descripción":"","Nº_Apiario":"B5697-16","_Cant__Colmenas":22,"_Provincia":"BUENOS AIRES","_Departamento":"Chascomus","_Latitud":-35.5467,"_Longitud":-58.0252,"_Cuit":"2.01361e+10","_Razón_Social":"MORLANS LUIS ALBERTO","_Prov__Productor":"BUENOS AIRES","_Depto__Productor":"Chascomus"}},{"type":"Feature","geometry":{"type":"Point","coordinates":[-58.16703,-35.657728,0]},"properties":{"description":{"@type":"html","value":"descripción: <br>Nº_Apiario: B18071-4<br>_Cant__Colmenas: 80<br>_Provincia: BUENOS AIRES<br>_Departamento: Chascomus<br>_Latitud: -35.6577<br>_Longitud: -58.167<br>_Cuit: 2.32949e+10<br>_Razón_Social: TIERI DARDO ARIEL<br>_Prov__Productor: BUENOS AIRES<br>_Depto__Productor: Chascomus"},"styleUrl":"#icon-1899-DB4436","icon-opacity":1,"icon-color":"#db4436","icon-scale":1,"icon-offset":[32,64],"icon-offset-units":["pixels","insetPixels"],"icon":"https://www.gstatic.com/mapspro/images/stock/503-wht-blank_maps.png","descripción":"","Nº_Apiario":"B18071-4","_Cant__Colmenas":80,"_Provincia":"BUENOS AIRES","_Departamento":"Chascomus","_Latitud":-35.6577,"_Longitud":-58.167,"_Cuit":"2.32949e+10","_Razón_Social":"TIERI DARDO ARIEL","_Prov__Productor":"BUENOS AIRES","_Depto__Productor":"Chascomus"}},{"type":"Feature","geometry":{"type":"Point","coordinates":[-58.161104,-35.526541,0]},"properties":{"description":{"@type":"html","value":"descripción: <br>Nº_Apiario: B18071-3<br>_Cant__Colmenas: 30<br>_Provincia: BUENOS AIRES<br>_Departamento: Chascomus<br>_Latitud: -35.5265<br>_Longitud: -58.1611<br>_Cuit: 2.32949e+10<br>_Razón_Social: TIERI DARDO ARIEL<br>_Prov__Productor: BUENOS AIRES<br>_Depto__Productor: Chascomus"},"styleUrl":"#icon-1899-DB4436","icon-opacity":1,"icon-color":"#db4436","icon-scale":1,"icon-offset":[32,64],"icon-offset-units":["pixels","insetPixels"],"icon":"https://www.gstatic.com/mapspro/images/stock/503-wht-blank_maps.png","descripción":"","Nº_Apiario":"B18071-3","_Cant__Colmenas":30,"_Provincia":"BUENOS AIRES","_Departamento":"Chascomus","_Latitud":-35.5265,"_Longitud":-58.1611,"_Cuit":"2.32949e+10","_Razón_Social":"TIERI DARDO ARIEL","_Prov__Productor":"BUENOS AIRES","_Depto__Productor":"Chascomus"}},{"type":"Feature","geometry":{"type":"Point","coordinates":[-58.150968,-35.518756,0]},"properties":{"description":{"@type":"html","value":"descripción: <br>Nº_Apiario: B18071-2<br>_Cant__Colmenas: 30<br>_Provincia: BUENOS AIRES<br>_Departamento: Chascomus<br>_Latitud: -35.5188<br>_Longitud: -58.151<br>_Cuit: 2.32949e+10<br>_Razón_Social: TIERI DARDO ARIEL<br>_Prov__Productor: BUENOS AIRES<br>_Depto__Productor: Chascomus"},"styleUrl":"#icon-1899-DB4436","icon-opacity":1,"icon-color":"#db4436","icon-scale":1,"icon-offset":[32,64],"icon-offset-units":["pixels","insetPixels"],"icon":"https://www.gstatic.com/mapspro/images/stock/503-wht-blank_maps.png","descripción":"","Nº_Apiario":"B18071-2","_Cant__Colmenas":30,"_Provincia":"BUENOS AIRES","_Departamento":"Chascomus","_Latitud":-35.5188,"_Longitud":-58.151,"_Cuit":"2.32949e+10","_Razón_Social":"TIERI DARDO ARIEL","_Prov__Productor":"BUENOS AIRES","_Depto__Productor":"Chascomus"}},{"type":"Feature","geometry":{"type":"Point","coordinates":[-58.150137,-35.521888,0]},"properties":{"description":{"@type":"html","value":"descripción: <br>Nº_Apiario: B18071-1<br>_Cant__Colmenas: 54<br>_Provincia: BUENOS AIRES<br>_Departamento: Chascomus<br>_Latitud: -35.5219<br>_Longitud: -58.1501<br>_Cuit: 2.32949e+10<br>_Razón_Social: TIERI DARDO ARIEL<br>_Prov__Productor: BUENOS AIRES<br>_Depto__Productor: Chascomus"},"styleUrl":"#icon-1899-DB4436","icon-opacity":1,"icon-color":"#db4436","icon-scale":1,"icon-offset":[32,64],"icon-offset-units":["pixels","insetPixels"],"icon":"https://www.gstatic.com/mapspro/images/stock/503-wht-blank_maps.png","descripción":"","Nº_Apiario":"B18071-1","_Cant__Colmenas":54,"_Provincia":"BUENOS AIRES","_Departamento":"Chascomus","_Latitud":-35.5219,"_Longitud":-58.1501,"_Cuit":"2.32949e+10","_Razón_Social":"TIERI DARDO ARIEL","_Prov__Productor":"BUENOS AIRES","_Depto__Productor":"Chascomus"}},{"type":"Feature","geometry":{"type":"Point","coordinates":[-57.970665,-35.394545,0]},"properties":{"description":{"@type":"html","value":"descripción: <br>Nº_Apiario: B18071-5<br>_Cant__Colmenas: 40<br>_Provincia: BUENOS AIRES<br>_Departamento: Chascomus<br>_Latitud: -35.3945<br>_Longitud: -57.9707<br>_Cuit: 2.32949e+10<br>_Razón_Social: TIERI DARDO ARIEL<br>_Prov__Productor: BUENOS AIRES<br>_Depto__Productor: Chascomus"},"styleUrl":"#icon-1899-DB4436","icon-opacity":1,"icon-color":"#db4436","icon-scale":1,"icon-offset":[32,64],"icon-offset-units":["pixels","insetPixels"],"icon":"https://www.gstatic.com/mapspro/images/stock/503-wht-blank_maps.png","descripción":"","Nº_Apiario":"B18071-5","_Cant__Colmenas":40,"_Provincia":"BUENOS AIRES","_Departamento":"Chascomus","_Latitud":-35.3945,"_Longitud":-57.9707,"_Cuit":"2.32949e+10","_Razón_Social":"TIERI DARDO ARIEL","_Prov__Productor":"BUENOS AIRES","_Depto__Productor":"Chascomus"}},{"type":"Feature","geometry":{"type":"Point","coordinates":[-57.974829,-35.398281,0]},"properties":{"description":{"@type":"html","value":"descripción: <br>Nº_Apiario: B18071-6<br>_Cant__Colmenas: 40<br>_Provincia: BUENOS AIRES<br>_Departamento: Chascomus<br>_Latitud: -35.3983<br>_Longitud: -57.9748<br>_Cuit: 2.32949e+10<br>_Razón_Social: TIERI DARDO ARIEL<br>_Prov__Productor: BUENOS AIRES<br>_Depto__Productor: Chascomus"},"styleUrl":"#icon-1899-DB4436","icon-opacity":1,"icon-color":"#db4436","icon-scale":1,"icon-offset":[32,64],"icon-offset-units":["pixels","insetPixels"],"icon":"https://www.gstatic.com/mapspro/images/stock/503-wht-blank_maps.png","descripción":"","Nº_Apiario":"B18071-6","_Cant__Colmenas":40,"_Provincia":"BUENOS AIRES","_Departamento":"Chascomus","_Latitud":-35.3983,"_Longitud":-57.9748,"_Cuit":"2.32949e+10","_Razón_Social":"TIERI DARDO ARIEL","_Prov__Productor":"BUENOS AIRES","_Depto__Productor":"Chascomus"}},{"type":"Feature","geometry":{"type":"Point","coordinates":[-57.865937,-35.674903,0]},"properties":{"description":{"@type":"html","value":"descripción: <br>Nº_Apiario: B18070-1<br>_Cant__Colmenas: 31<br>_Provincia: BUENOS AIRES<br>_Departamento: Chascomus<br>_Latitud: -35.6749<br>_Longitud: -57.8659<br>_Cuit: 2.02504e+10<br>_Razón_Social: GONZALEZ CRISTIAN NICOLAS<br>_Prov__Productor: BUENOS AIRES<br>_Depto__Productor: Chascomus"},"styleUrl":"#icon-1899-DB4436","icon-opacity":1,"icon-color":"#db4436","icon-scale":1,"icon-offset":[32,64],"icon-offset-units":["pixels","insetPixels"],"icon":"https://www.gstatic.com/mapspro/images/stock/503-wht-blank_maps.png","descripción":"","Nº_Apiario":"B18070-1","_Cant__Colmenas":31,"_Provincia":"BUENOS AIRES","_Departamento":"Chascomus","_Latitud":-35.6749,"_Longitud":-57.8659,"_Cuit":"2.02504e+10","_Razón_Social":"GONZALEZ CRISTIAN NICOLAS","_Prov__Productor":"BUENOS AIRES","_Depto__Productor":"Chascomus"}},{"type":"Feature","geometry":{"type":"Point","coordinates":[-57.883303,-35.687631,0]},"properties":{"description":{"@type":"html","value":"descripción: <br>Nº_Apiario: B18070-2<br>_Cant__Colmenas: 31<br>_Provincia: BUENOS AIRES<br>_Departamento: Chascomus<br>_Latitud: -35.6876<br>_Longitud: -57.8833<br>_Cuit: 2.02504e+10<br>_Razón_Social: GONZALEZ CRISTIAN NICOLAS<br>_Prov__Productor: BUENOS AIRES<br>_Depto__Productor: Chascomus"},"styleUrl":"#icon-1899-DB4436","icon-opacity":1,"icon-color":"#db4436","icon-scale":1,"icon-offset":[32,64],"icon-offset-units":["pixels","insetPixels"],"icon":"https://www.gstatic.com/mapspro/images/stock/503-wht-blank_maps.png","descripción":"","Nº_Apiario":"B18070-2","_Cant__Colmenas":31,"_Provincia":"BUENOS AIRES","_Departamento":"Chascomus","_Latitud":-35.6876,"_Longitud":-57.8833,"_Cuit":"2.02504e+10","_Razón_Social":"GONZALEZ CRISTIAN NICOLAS","_Prov__Productor":"BUENOS AIRES","_Depto__Productor":"Chascomus"}},{"type":"Feature","geometry":{"type":"Point","coordinates":[-57.72564,-35.723,0]},"properties":{"description":{"@type":"html","value":"descripción: <br>Nº_Apiario: B18070-3<br>_Cant__Colmenas: 20<br>_Provincia: BUENOS AIRES<br>_Departamento: Chascomus<br>_Latitud: -35.723<br>_Longitud: -57.7256<br>_Cuit: 2.02504e+10<br>_Razón_Social: GONZALEZ CRISTIAN NICOLAS<br>_Prov__Productor: BUENOS AIRES<br>_Depto__Productor: Chascomus"},"styleUrl":"#icon-1899-DB4436","icon-opacity":1,"icon-color":"#db4436","icon-scale":1,"icon-offset":[32,64],"icon-offset-units":["pixels","insetPixels"],"icon":"https://www.gstatic.com/mapspro/images/stock/503-wht-blank_maps.png","descripción":"","Nº_Apiario":"B18070-3","_Cant__Colmenas":20,"_Provincia":"BUENOS AIRES","_Departamento":"Chascomus","_Latitud":-35.723,"_Longitud":-57.7256,"_Cuit":"2.02504e+10","_Razón_Social":"GONZALEZ CRISTIAN NICOLAS","_Prov__Productor":"BUENOS AIRES","_Depto__Productor":"Chascomus"}},{"type":"Feature","geometry":{"type":"Point","coordinates":[-58.004066,-35.741169,0]},"properties":{"description":{"@type":"html","value":"descripción: <br>Nº_Apiario: B18070-4<br>_Cant__Colmenas: 32<br>_Provincia: BUENOS AIRES<br>_Departamento: Chascomus<br>_Latitud: -35.7412<br>_Longitud: -58.0041<br>_Cuit: 2.02504e+10<br>_Razón_Social: GONZALEZ CRISTIAN NICOLAS<br>_Prov__Productor: BUENOS AIRES<br>_Depto__Productor: Chascomus"},"styleUrl":"#icon-1899-DB4436","icon-opacity":1,"icon-color":"#db4436","icon-scale":1,"icon-offset":[32,64],"icon-offset-units":["pixels","insetPixels"],"icon":"https://www.gstatic.com/mapspro/images/stock/503-wht-blank_maps.png","descripción":"","Nº_Apiario":"B18070-4","_Cant__Colmenas":32,"_Provincia":"BUENOS AIRES","_Departamento":"Chascomus","_Latitud":-35.7412,"_Longitud":-58.0041,"_Cuit":"2.02504e+10","_Razón_Social":"GONZALEZ CRISTIAN NICOLAS","_Prov__Productor":"BUENOS AIRES","_Depto__Productor":"Chascomus"}},{"type":"Feature","geometry":{"type":"Point","coordinates":[-58.01257,-35.732149,0]},"properties":{"description":{"@type":"html","value":"descripción: <br>Nº_Apiario: B18070-5<br>_Cant__Colmenas: 30<br>_Provincia: BUENOS AIRES<br>_Departamento: Chascomus<br>_Latitud: -35.7321<br>_Longitud: -58.0126<br>_Cuit: 2.02504e+10<br>_Razón_Social: GONZALEZ CRISTIAN NICOLAS<br>_Prov__Productor: BUENOS AIRES<br>_Depto__Productor: Chascomus"},"styleUrl":"#icon-1899-DB4436","icon-opacity":1,"icon-color":"#db4436","icon-scale":1,"icon-offset":[32,64],"icon-offset-units":["pixels","insetPixels"],"icon":"https://www.gstatic.com/mapspro/images/stock/503-wht-blank_maps.png","descripción":"","Nº_Apiario":"B18070-5","_Cant__Colmenas":30,"_Provincia":"BUENOS AIRES","_Departamento":"Chascomus","_Latitud":-35.7321,"_Longitud":-58.0126,"_Cuit":"2.02504e+10","_Razón_Social":"GONZALEZ CRISTIAN NICOLAS","_Prov__Productor":"BUENOS AIRES","_Depto__Productor":"Chascomus"}},{"type":"Feature","geometry":{"type":"Point","coordinates":[-58.099975,-35.763028,0]},"properties":{"description":{"@type":"html","value":"descripción: <br>Nº_Apiario: B18070-6<br>_Cant__Colmenas: 30<br>_Provincia: BUENOS AIRES<br>_Departamento: Chascomus<br>_Latitud: -35.763<br>_Longitud: -58.1<br>_Cuit: 2.02504e+10<br>_Razón_Social: GONZALEZ CRISTIAN NICOLAS<br>_Prov__Productor: BUENOS AIRES<br>_Depto__Productor: Chascomus"},"styleUrl":"#icon-1899-DB4436","icon-opacity":1,"icon-color":"#db4436","icon-scale":1,"icon-offset":[32,64],"icon-offset-units":["pixels","insetPixels"],"icon":"https://www.gstatic.com/mapspro/images/stock/503-wht-blank_maps.png","descripción":"","Nº_Apiario":"B18070-6","_Cant__Colmenas":30,"_Provincia":"BUENOS AIRES","_Departamento":"Chascomus","_Latitud":-35.763,"_Longitud":-58.1,"_Cuit":"2.02504e+10","_Razón_Social":"GONZALEZ CRISTIAN NICOLAS","_Prov__Productor":"BUENOS AIRES","_Depto__Productor":"Chascomus"}},{"type":"Feature","geometry":{"type":"Point","coordinates":[-58.184447,-35.701597,0]},"properties":{"description":{"@type":"html","value":"descripción: <br>Nº_Apiario: B18070-7<br>_Cant__Colmenas: 33<br>_Provincia: BUENOS AIRES<br>_Departamento: Chascomus<br>_Latitud: -35.7016<br>_Longitud: -58.1844<br>_Cuit: 2.02504e+10<br>_Razón_Social: GONZALEZ CRISTIAN NICOLAS<br>_Prov__Productor: BUENOS AIRES<br>_Depto__Productor: Chascomus"},"styleUrl":"#icon-1899-DB4436","icon-opacity":1,"icon-color":"#db4436","icon-scale":1,"icon-offset":[32,64],"icon-offset-units":["pixels","insetPixels"],"icon":"https://www.gstatic.com/mapspro/images/stock/503-wht-blank_maps.png","descripción":"","Nº_Apiario":"B18070-7","_Cant__Colmenas":33,"_Provincia":"BUENOS AIRES","_Departamento":"Chascomus","_Latitud":-35.7016,"_Longitud":-58.1844,"_Cuit":"2.02504e+10","_Razón_Social":"GONZALEZ CRISTIAN NICOLAS","_Prov__Productor":"BUENOS AIRES","_Depto__Productor":"Chascomus"}},{"type":"Feature","geometry":{"type":"Point","coordinates":[-58.192719,-35.714798,0]},"properties":{"description":{"@type":"html","value":"descripción: <br>Nº_Apiario: B18070-8<br>_Cant__Colmenas: 33<br>_Provincia: BUENOS AIRES<br>_Departamento: Chascomus<br>_Latitud: -35.7148<br>_Longitud: -58.1927<br>_Cuit: 2.02504e+10<br>_Razón_Social: GONZALEZ CRISTIAN NICOLAS<br>_Prov__Productor: BUENOS AIRES<br>_Depto__Productor: Chascomus"},"styleUrl":"#icon-1899-DB4436","icon-opacity":1,"icon-color":"#db4436","icon-scale":1,"icon-offset":[32,64],"icon-offset-units":["pixels","insetPixels"],"icon":"https://www.gstatic.com/mapspro/images/stock/503-wht-blank_maps.png","descripción":"","Nº_Apiario":"B18070-8","_Cant__Colmenas":33,"_Provincia":"BUENOS AIRES","_Departamento":"Chascomus","_Latitud":-35.7148,"_Longitud":-58.1927,"_Cuit":"2.02504e+10","_Razón_Social":"GONZALEZ CRISTIAN NICOLAS","_Prov__Productor":"BUENOS AIRES","_Depto__Productor":"Chascomus"}},{"type":"Feature","geometry":{"type":"Point","coordinates":[-57.995386,-35.46113,0]},"properties":{"description":{"@type":"html","value":"descripción: <br>Nº_Apiario: B18070-11<br>_Cant__Colmenas: 30<br>_Provincia: BUENOS AIRES<br>_Departamento: Chascomus<br>_Latitud: -35.4611<br>_Longitud: -57.9954<br>_Cuit: 2.02504e+10<br>_Razón_Social: GONZALEZ CRISTIAN NICOLAS<br>_Prov__Productor: BUENOS AIRES<br>_Depto__Productor: Chascomus"},"styleUrl":"#icon-1899-DB4436","icon-opacity":1,"icon-color":"#db4436","icon-scale":1,"icon-offset":[32,64],"icon-offset-units":["pixels","insetPixels"],"icon":"https://www.gstatic.com/mapspro/images/stock/503-wht-blank_maps.png","descripción":"","Nº_Apiario":"B18070-11","_Cant__Colmenas":30,"_Provincia":"BUENOS AIRES","_Departamento":"Chascomus","_Latitud":-35.4611,"_Longitud":-57.9954,"_Cuit":"2.02504e+10","_Razón_Social":"GONZALEZ CRISTIAN NICOLAS","_Prov__Productor":"BUENOS AIRES","_Depto__Productor":"Chascomus"}},{"type":"Feature","geometry":{"type":"Point","coordinates":[-58.174473,-35.686703,0]},"properties":{"description":{"@type":"html","value":"descripción: <br>Nº_Apiario: B18070-9<br>_Cant__Colmenas: 30<br>_Provincia: BUENOS AIRES<br>_Departamento: Chascomus<br>_Latitud: -35.6867<br>_Longitud: -58.1745<br>_Cuit: 2.02504e+10<br>_Razón_Social: GONZALEZ CRISTIAN NICOLAS<br>_Prov__Productor: BUENOS AIRES<br>_Depto__Productor: Chascomus"},"styleUrl":"#icon-1899-DB4436","icon-opacity":1,"icon-color":"#db4436","icon-scale":1,"icon-offset":[32,64],"icon-offset-units":["pixels","insetPixels"],"icon":"https://www.gstatic.com/mapspro/images/stock/503-wht-blank_maps.png","descripción":"","Nº_Apiario":"B18070-9","_Cant__Colmenas":30,"_Provincia":"BUENOS AIRES","_Departamento":"Chascomus","_Latitud":-35.6867,"_Longitud":-58.1745,"_Cuit":"2.02504e+10","_Razón_Social":"GONZALEZ CRISTIAN NICOLAS","_Prov__Productor":"BUENOS AIRES","_Depto__Productor":"Chascomus"}},{"type":"Feature","geometry":{"type":"Point","coordinates":[-57.855723,-35.431559,0]},"properties":{"description":{"@type":"html","value":"descripción: <br>Nº_Apiario: B4818-2<br>_Cant__Colmenas: 42<br>_Provincia: BUENOS AIRES<br>_Departamento: Chascomus<br>_Latitud: -35.4316<br>_Longitud: -57.8557<br>_Cuit: 2.02037e+10<br>_Razón_Social: ZUAZUBISCAR ROBERTO MARTIN<br>_Prov__Productor: BUENOS AIRES<br>_Depto__Productor: Chascomus"},"styleUrl":"#icon-1899-DB4436","icon-opacity":1,"icon-color":"#db4436","icon-scale":1,"icon-offset":[32,64],"icon-offset-units":["pixels","insetPixels"],"icon":"https://www.gstatic.com/mapspro/images/stock/503-wht-blank_maps.png","descripción":"","Nº_Apiario":"B4818-2","_Cant__Colmenas":42,"_Provincia":"BUENOS AIRES","_Departamento":"Chascomus","_Latitud":-35.4316,"_Longitud":-57.8557,"_Cuit":"2.02037e+10","_Razón_Social":"ZUAZUBISCAR ROBERTO MARTIN","_Prov__Productor":"BUENOS AIRES","_Depto__Productor":"Chascomus"}},{"type":"Feature","geometry":{"type":"Point","coordinates":[-58.17491,-35.79002,0]},"properties":{"description":{"@type":"html","value":"descripción: <br>Nº_Apiario: B4818-3<br>_Cant__Colmenas: 45<br>_Provincia: BUENOS AIRES<br>_Departamento: Chascomus<br>_Latitud: -35.79<br>_Longitud: -58.1749<br>_Cuit: 2.02037e+10<br>_Razón_Social: ZUAZUBISCAR ROBERTO MARTIN<br>_Prov__Productor: BUENOS AIRES<br>_Depto__Productor: Chascomus"},"styleUrl":"#icon-1899-DB4436","icon-opacity":1,"icon-color":"#db4436","icon-scale":1,"icon-offset":[32,64],"icon-offset-units":["pixels","insetPixels"],"icon":"https://www.gstatic.com/mapspro/images/stock/503-wht-blank_maps.png","descripción":"","Nº_Apiario":"B4818-3","_Cant__Colmenas":45,"_Provincia":"BUENOS AIRES","_Departamento":"Chascomus","_Latitud":-35.79,"_Longitud":-58.1749,"_Cuit":"2.02037e+10","_Razón_Social":"ZUAZUBISCAR ROBERTO MARTIN","_Prov__Productor":"BUENOS AIRES","_Depto__Productor":"Chascomus"}},{"type":"Feature","geometry":{"type":"Point","coordinates":[-58.274206,-35.60484,0]},"properties":{"description":{"@type":"html","value":"descripción: <br>Nº_Apiario: B4818-4<br>_Cant__Colmenas: 38<br>_Provincia: BUENOS AIRES<br>_Departamento: Chascomus<br>_Latitud: -35.6048<br>_Longitud: -58.2742<br>_Cuit: 2.02037e+10<br>_Razón_Social: ZUAZUBISCAR ROBERTO MARTIN<br>_Prov__Productor: BUENOS AIRES<br>_Depto__Productor: Chascomus"},"styleUrl":"#icon-1899-DB4436","icon-opacity":1,"icon-color":"#db4436","icon-scale":1,"icon-offset":[32,64],"icon-offset-units":["pixels","insetPixels"],"icon":"https://www.gstatic.com/mapspro/images/stock/503-wht-blank_maps.png","descripción":"","Nº_Apiario":"B4818-4","_Cant__Colmenas":38,"_Provincia":"BUENOS AIRES","_Departamento":"Chascomus","_Latitud":-35.6048,"_Longitud":-58.2742,"_Cuit":"2.02037e+10","_Razón_Social":"ZUAZUBISCAR ROBERTO MARTIN","_Prov__Productor":"BUENOS AIRES","_Depto__Productor":"Chascomus"}},{"type":"Feature","geometry":{"type":"Point","coordinates":[-58.093309,-35.447252,0]},"properties":{"description":{"@type":"html","value":"descripción: <br>Nº_Apiario: B4818-5<br>_Cant__Colmenas: 40<br>_Provincia: BUENOS AIRES<br>_Departamento: Chascomus<br>_Latitud: -35.4473<br>_Longitud: -58.0933<br>_Cuit: 2.02037e+10<br>_Razón_Social: ZUAZUBISCAR ROBERTO MARTIN<br>_Prov__Productor: BUENOS AIRES<br>_Depto__Productor: Chascomus"},"styleUrl":"#icon-1899-DB4436","icon-opacity":1,"icon-color":"#db4436","icon-scale":1,"icon-offset":[32,64],"icon-offset-units":["pixels","insetPixels"],"icon":"https://www.gstatic.com/mapspro/images/stock/503-wht-blank_maps.png","descripción":"","Nº_Apiario":"B4818-5","_Cant__Colmenas":40,"_Provincia":"BUENOS AIRES","_Departamento":"Chascomus","_Latitud":-35.4473,"_Longitud":-58.0933,"_Cuit":"2.02037e+10","_Razón_Social":"ZUAZUBISCAR ROBERTO MARTIN","_Prov__Productor":"BUENOS AIRES","_Depto__Productor":"Chascomus"}},{"type":"Feature","geometry":{"type":"Point","coordinates":[-58.15205,-35.462471,0]},"properties":{"description":{"@type":"html","value":"descripción: <br>Nº_Apiario: B4818-6<br>_Cant__Colmenas: 47<br>_Provincia: BUENOS AIRES<br>_Departamento: Chascomus<br>_Latitud: -35.4625<br>_Longitud: -58.1521<br>_Cuit: 2.02037e+10<br>_Razón_Social: ZUAZUBISCAR ROBERTO MARTIN<br>_Prov__Productor: BUENOS AIRES<br>_Depto__Productor: Chascomus"},"styleUrl":"#icon-1899-DB4436","icon-opacity":1,"icon-color":"#db4436","icon-scale":1,"icon-offset":[32,64],"icon-offset-units":["pixels","insetPixels"],"icon":"https://www.gstatic.com/mapspro/images/stock/503-wht-blank_maps.png","descripción":"","Nº_Apiario":"B4818-6","_Cant__Colmenas":47,"_Provincia":"BUENOS AIRES","_Departamento":"Chascomus","_Latitud":-35.4625,"_Longitud":-58.1521,"_Cuit":"2.02037e+10","_Razón_Social":"ZUAZUBISCAR ROBERTO MARTIN","_Prov__Productor":"BUENOS AIRES","_Depto__Productor":"Chascomus"}},{"type":"Feature","geometry":{"type":"Point","coordinates":[-58.086502,-35.714053,0]},"properties":{"description":{"@type":"html","value":"descripción: <br>Nº_Apiario: B4818-7<br>_Cant__Colmenas: 30<br>_Provincia: BUENOS AIRES<br>_Departamento: Chascomus<br>_Latitud: -35.7141<br>_Longitud: -58.0865<br>_Cuit: 2.02037e+10<br>_Razón_Social: ZUAZUBISCAR ROBERTO MARTIN<br>_Prov__Productor: BUENOS AIRES<br>_Depto__Productor: Chascomus"},"styleUrl":"#icon-1899-DB4436","icon-opacity":1,"icon-color":"#db4436","icon-scale":1,"icon-offset":[32,64],"icon-offset-units":["pixels","insetPixels"],"icon":"https://www.gstatic.com/mapspro/images/stock/503-wht-blank_maps.png","descripción":"","Nº_Apiario":"B4818-7","_Cant__Colmenas":30,"_Provincia":"BUENOS AIRES","_Departamento":"Chascomus","_Latitud":-35.7141,"_Longitud":-58.0865,"_Cuit":"2.02037e+10","_Razón_Social":"ZUAZUBISCAR ROBERTO MARTIN","_Prov__Productor":"BUENOS AIRES","_Depto__Productor":"Chascomus"}},{"type":"Feature","geometry":{"type":"Point","coordinates":[-57.681865,-35.50969,0]},"properties":{"description":{"@type":"html","value":"descripción: <br>Nº_Apiario: B4818-8<br>_Cant__Colmenas: 52<br>_Provincia: BUENOS AIRES<br>_Departamento: Chascomus<br>_Latitud: -35.5097<br>_Longitud: -57.6819<br>_Cuit: 2.02037e+10<br>_Razón_Social: ZUAZUBISCAR ROBERTO MARTIN<br>_Prov__Productor: BUENOS AIRES<br>_Depto__Productor: Chascomus"},"styleUrl":"#icon-1899-DB4436","icon-opacity":1,"icon-color":"#db4436","icon-scale":1,"icon-offset":[32,64],"icon-offset-units":["pixels","insetPixels"],"icon":"https://www.gstatic.com/mapspro/images/stock/503-wht-blank_maps.png","descripción":"","Nº_Apiario":"B4818-8","_Cant__Colmenas":52,"_Provincia":"BUENOS AIRES","_Departamento":"Chascomus","_Latitud":-35.5097,"_Longitud":-57.6819,"_Cuit":"2.02037e+10","_Razón_Social":"ZUAZUBISCAR ROBERTO MARTIN","_Prov__Productor":"BUENOS AIRES","_Depto__Productor":"Chascomus"}},{"type":"Feature","geometry":{"type":"Point","coordinates":[-57.374802,-35.740973,0]},"properties":{"description":{"@type":"html","value":"descripción: <br>Nº_Apiario: B4818-1<br>_Cant__Colmenas: 51<br>_Provincia: BUENOS AIRES<br>_Departamento: Chascomus<br>_Latitud: -35.741<br>_Longitud: -57.3748<br>_Cuit: 2.02037e+10<br>_Razón_Social: ZUAZUBISCAR ROBERTO MARTIN<br>_Prov__Productor: BUENOS AIRES<br>_Depto__Productor: Chascomus"},"styleUrl":"#icon-1899-DB4436","icon-opacity":1,"icon-color":"#db4436","icon-scale":1,"icon-offset":[32,64],"icon-offset-units":["pixels","insetPixels"],"icon":"https://www.gstatic.com/mapspro/images/stock/503-wht-blank_maps.png","descripción":"","Nº_Apiario":"B4818-1","_Cant__Colmenas":51,"_Provincia":"BUENOS AIRES","_Departamento":"Chascomus","_Latitud":-35.741,"_Longitud":-57.3748,"_Cuit":"2.02037e+10","_Razón_Social":"ZUAZUBISCAR ROBERTO MARTIN","_Prov__Productor":"BUENOS AIRES","_Depto__Productor":"Chascomus"}},{"type":"Feature","geometry":{"type":"Point","coordinates":[-58.17427,-35.441385,0]},"properties":{"description":{"@type":"html","value":"descripción: <br>Nº_Apiario: B15733-1<br>_Cant__Colmenas: 200<br>_Provincia: BUENOS AIRES<br>_Departamento: Chascomus<br>_Latitud: -35.4414<br>_Longitud: -58.1743<br>_Cuit: 2.0166e+10<br>_Razón_Social: CROCE JORGE ALBERTO<br>_Prov__Productor: CABA<br>_Depto__Productor: Ciudad Autónoma de Buenos Aires"},"styleUrl":"#icon-1899-DB4436","icon-opacity":1,"icon-color":"#db4436","icon-scale":1,"icon-offset":[32,64],"icon-offset-units":["pixels","insetPixels"],"icon":"https://www.gstatic.com/mapspro/images/stock/503-wht-blank_maps.png","descripción":"","Nº_Apiario":"B15733-1","_Cant__Colmenas":200,"_Provincia":"BUENOS AIRES","_Departamento":"Chascomus","_Latitud":-35.4414,"_Longitud":-58.1743,"_Cuit":"2.0166e+10","_Razón_Social":"CROCE JORGE ALBERTO","_Prov__Productor":"CABA","_Depto__Productor":"Ciudad Autónoma de Buenos Aires"}},{"type":"Feature","geometry":{"type":"Point","coordinates":[-57.640547,-35.613994,0]},"properties":{"description":{"@type":"html","value":"descripción: <br>Nº_Apiario: B18619-4<br>_Cant__Colmenas: 35<br>_Provincia: BUENOS AIRES<br>_Departamento: Chascomus<br>_Latitud: -35.614<br>_Longitud: -57.6405<br>_Cuit: 2.03049e+10<br>_Razón_Social: PIETRANTUONO LUCIANO EDGARDO<br>_Prov__Productor: BUENOS AIRES<br>_Depto__Productor: Chascomus"},"styleUrl":"#icon-1899-DB4436","icon-opacity":1,"icon-color":"#db4436","icon-scale":1,"icon-offset":[32,64],"icon-offset-units":["pixels","insetPixels"],"icon":"https://www.gstatic.com/mapspro/images/stock/503-wht-blank_maps.png","descripción":"","Nº_Apiario":"B18619-4","_Cant__Colmenas":35,"_Provincia":"BUENOS AIRES","_Departamento":"Chascomus","_Latitud":-35.614,"_Longitud":-57.6405,"_Cuit":"2.03049e+10","_Razón_Social":"PIETRANTUONO LUCIANO EDGARDO","_Prov__Productor":"BUENOS AIRES","_Depto__Productor":"Chascomus"}},{"type":"Feature","geometry":{"type":"Point","coordinates":[-57.667439,-35.63972,0]},"properties":{"description":{"@type":"html","value":"descripción: <br>Nº_Apiario: B18619-3<br>_Cant__Colmenas: 50<br>_Provincia: BUENOS AIRES<br>_Departamento: Chascomus<br>_Latitud: -35.6397<br>_Longitud: -57.6674<br>_Cuit: 2.03049e+10<br>_Razón_Social: PIETRANTUONO LUCIANO EDGARDO<br>_Prov__Productor: BUENOS AIRES<br>_Depto__Productor: Chascomus"},"styleUrl":"#icon-1899-DB4436","icon-opacity":1,"icon-color":"#db4436","icon-scale":1,"icon-offset":[32,64],"icon-offset-units":["pixels","insetPixels"],"icon":"https://www.gstatic.com/mapspro/images/stock/503-wht-blank_maps.png","descripción":"","Nº_Apiario":"B18619-3","_Cant__Colmenas":50,"_Provincia":"BUENOS AIRES","_Departamento":"Chascomus","_Latitud":-35.6397,"_Longitud":-57.6674,"_Cuit":"2.03049e+10","_Razón_Social":"PIETRANTUONO LUCIANO EDGARDO","_Prov__Productor":"BUENOS AIRES","_Depto__Productor":"Chascomus"}},{"type":"Feature","geometry":{"type":"Point","coordinates":[-57.68413,-35.622752,0]},"properties":{"description":{"@type":"html","value":"descripción: <br>Nº_Apiario: B18619-2<br>_Cant__Colmenas: 43<br>_Provincia: BUENOS AIRES<br>_Departamento: Chascomus<br>_Latitud: -35.6228<br>_Longitud: -57.6841<br>_Cuit: 2.03049e+10<br>_Razón_Social: PIETRANTUONO LUCIANO EDGARDO<br>_Prov__Productor: BUENOS AIRES<br>_Depto__Productor: Chascomus"},"styleUrl":"#icon-1899-DB4436","icon-opacity":1,"icon-color":"#db4436","icon-scale":1,"icon-offset":[32,64],"icon-offset-units":["pixels","insetPixels"],"icon":"https://www.gstatic.com/mapspro/images/stock/503-wht-blank_maps.png","descripción":"","Nº_Apiario":"B18619-2","_Cant__Colmenas":43,"_Provincia":"BUENOS AIRES","_Departamento":"Chascomus","_Latitud":-35.6228,"_Longitud":-57.6841,"_Cuit":"2.03049e+10","_Razón_Social":"PIETRANTUONO LUCIANO EDGARDO","_Prov__Productor":"BUENOS AIRES","_Depto__Productor":"Chascomus"}},{"type":"Feature","geometry":{"type":"Point","coordinates":[-57.952218,-35.525943,0]},"properties":{"description":{"@type":"html","value":"descripción: <br>Nº_Apiario: B18619-5<br>_Cant__Colmenas: 63<br>_Provincia: BUENOS AIRES<br>_Departamento: Chascomus<br>_Latitud: -35.5259<br>_Longitud: -57.9522<br>_Cuit: 2.03049e+10<br>_Razón_Social: PIETRANTUONO LUCIANO EDGARDO<br>_Prov__Productor: BUENOS AIRES<br>_Depto__Productor: Chascomus"},"styleUrl":"#icon-1899-DB4436","icon-opacity":1,"icon-color":"#db4436","icon-scale":1,"icon-offset":[32,64],"icon-offset-units":["pixels","insetPixels"],"icon":"https://www.gstatic.com/mapspro/images/stock/503-wht-blank_maps.png","descripción":"","Nº_Apiario":"B18619-5","_Cant__Colmenas":63,"_Provincia":"BUENOS AIRES","_Departamento":"Chascomus","_Latitud":-35.5259,"_Longitud":-57.9522,"_Cuit":"2.03049e+10","_Razón_Social":"PIETRANTUONO LUCIANO EDGARDO","_Prov__Productor":"BUENOS AIRES","_Depto__Productor":"Chascomus"}},{"type":"Feature","geometry":{"type":"Point","coordinates":[-57.779669,-35.637143,0]},"properties":{"description":{"@type":"html","value":"descripción: <br>Nº_Apiario: B18619-1<br>_Cant__Colmenas: 43<br>_Provincia: BUENOS AIRES<br>_Departamento: Chascomus<br>_Latitud: -35.6371<br>_Longitud: -57.7797<br>_Cuit: 2.03049e+10<br>_Razón_Social: PIETRANTUONO LUCIANO EDGARDO<br>_Prov__Productor: BUENOS AIRES<br>_Depto__Productor: Chascomus"},"styleUrl":"#icon-1899-DB4436","icon-opacity":1,"icon-color":"#db4436","icon-scale":1,"icon-offset":[32,64],"icon-offset-units":["pixels","insetPixels"],"icon":"https://www.gstatic.com/mapspro/images/stock/503-wht-blank_maps.png","descripción":"","Nº_Apiario":"B18619-1","_Cant__Colmenas":43,"_Provincia":"BUENOS AIRES","_Departamento":"Chascomus","_Latitud":-35.6371,"_Longitud":-57.7797,"_Cuit":"2.03049e+10","_Razón_Social":"PIETRANTUONO LUCIANO EDGARDO","_Prov__Productor":"BUENOS AIRES","_Depto__Productor":"Chascomus"}},{"type":"Feature","geometry":{"type":"Point","coordinates":[-57.574075,-35.788704,0]},"properties":{"description":{"@type":"html","value":"descripción: <br>Nº_Apiario: B50570-3<br>_Cant__Colmenas: 50<br>_Provincia: BUENOS AIRES<br>_Departamento: Chascomus<br>_Latitud: -35.7887<br>_Longitud: -57.5741<br>_Cuit: 2.03582e+10<br>_Razón_Social: ANDREANI CARLOS MARIANO<br>_Prov__Productor: BUENOS AIRES<br>_Depto__Productor: Chascomus"},"styleUrl":"#icon-1899-DB4436","icon-opacity":1,"icon-color":"#db4436","icon-scale":1,"icon-offset":[32,64],"icon-offset-units":["pixels","insetPixels"],"icon":"https://www.gstatic.com/mapspro/images/stock/503-wht-blank_maps.png","descripción":"","Nº_Apiario":"B50570-3","_Cant__Colmenas":50,"_Provincia":"BUENOS AIRES","_Departamento":"Chascomus","_Latitud":-35.7887,"_Longitud":-57.5741,"_Cuit":"2.03582e+10","_Razón_Social":"ANDREANI CARLOS MARIANO","_Prov__Productor":"BUENOS AIRES","_Depto__Productor":"Chascomus"}},{"type":"Feature","geometry":{"type":"Point","coordinates":[-57.995735,-35.551628,0]},"properties":{"description":{"@type":"html","value":"descripción: <br>Nº_Apiario: B50570-1<br>_Cant__Colmenas: 50<br>_Provincia: BUENOS AIRES<br>_Departamento: Chascomus<br>_Latitud: -35.5516<br>_Longitud: -57.9957<br>_Cuit: 2.03582e+10<br>_Razón_Social: ANDREANI CARLOS MARIANO<br>_Prov__Productor: BUENOS AIRES<br>_Depto__Productor: Chascomus"},"styleUrl":"#icon-1899-DB4436","icon-opacity":1,"icon-color":"#db4436","icon-scale":1,"icon-offset":[32,64],"icon-offset-units":["pixels","insetPixels"],"icon":"https://www.gstatic.com/mapspro/images/stock/503-wht-blank_maps.png","descripción":"","Nº_Apiario":"B50570-1","_Cant__Colmenas":50,"_Provincia":"BUENOS AIRES","_Departamento":"Chascomus","_Latitud":-35.5516,"_Longitud":-57.9957,"_Cuit":"2.03582e+10","_Razón_Social":"ANDREANI CARLOS MARIANO","_Prov__Productor":"BUENOS AIRES","_Depto__Productor":"Chascomus"}},{"type":"Feature","geometry":{"type":"Point","coordinates":[-58.188994,-35.644393,0]},"properties":{"description":{"@type":"html","value":"descripción: <br>Nº_Apiario: B50570-2<br>_Cant__Colmenas: 45<br>_Provincia: BUENOS AIRES<br>_Departamento: Chascomus<br>_Latitud: -35.6444<br>_Longitud: -58.189<br>_Cuit: 2.03582e+10<br>_Razón_Social: ANDREANI CARLOS MARIANO<br>_Prov__Productor: BUENOS AIRES<br>_Depto__Productor: Chascomus"},"styleUrl":"#icon-1899-DB4436","icon-opacity":1,"icon-color":"#db4436","icon-scale":1,"icon-offset":[32,64],"icon-offset-units":["pixels","insetPixels"],"icon":"https://www.gstatic.com/mapspro/images/stock/503-wht-blank_maps.png","descripción":"","Nº_Apiario":"B50570-2","_Cant__Colmenas":45,"_Provincia":"BUENOS AIRES","_Departamento":"Chascomus","_Latitud":-35.6444,"_Longitud":-58.189,"_Cuit":"2.03582e+10","_Razón_Social":"ANDREANI CARLOS MARIANO","_Prov__Productor":"BUENOS AIRES","_Depto__Productor":"Chascomus"}},{"type":"Feature","geometry":{"type":"Point","coordinates":[-57.834654,-35.505149,0]},"properties":{"description":{"@type":"html","value":"descripción: <br>Nº_Apiario: B50570-4<br>_Cant__Colmenas: 50<br>_Provincia: BUENOS AIRES<br>_Departamento: Chascomus<br>_Latitud: -35.5051<br>_Longitud: -57.8347<br>_Cuit: 2.03582e+10<br>_Razón_Social: ANDREANI CARLOS MARIANO<br>_Prov__Productor: BUENOS AIRES<br>_Depto__Productor: Chascomus"},"styleUrl":"#icon-1899-DB4436","icon-opacity":1,"icon-color":"#db4436","icon-scale":1,"icon-offset":[32,64],"icon-offset-units":["pixels","insetPixels"],"icon":"https://www.gstatic.com/mapspro/images/stock/503-wht-blank_maps.png","descripción":"","Nº_Apiario":"B50570-4","_Cant__Colmenas":50,"_Provincia":"BUENOS AIRES","_Departamento":"Chascomus","_Latitud":-35.5051,"_Longitud":-57.8347,"_Cuit":"2.03582e+10","_Razón_Social":"ANDREANI CARLOS MARIANO","_Prov__Productor":"BUENOS AIRES","_Depto__Productor":"Chascomus"}},{"type":"Feature","geometry":{"type":"Point","coordinates":[-57.825912,-35.498408,0]},"properties":{"description":{"@type":"html","value":"descripción: <br>Nº_Apiario: B50570-25<br>_Cant__Colmenas: 25<br>_Provincia: BUENOS AIRES<br>_Departamento: Chascomus<br>_Latitud: -35.4984<br>_Longitud: -57.8259<br>_Cuit: 2.03582e+10<br>_Razón_Social: ANDREANI CARLOS MARIANO<br>_Prov__Productor: BUENOS AIRES<br>_Depto__Productor: Chascomus"},"styleUrl":"#icon-1899-DB4436","icon-opacity":1,"icon-color":"#db4436","icon-scale":1,"icon-offset":[32,64],"icon-offset-units":["pixels","insetPixels"],"icon":"https://www.gstatic.com/mapspro/images/stock/503-wht-blank_maps.png","descripción":"","Nº_Apiario":"B50570-25","_Cant__Colmenas":25,"_Provincia":"BUENOS AIRES","_Departamento":"Chascomus","_Latitud":-35.4984,"_Longitud":-57.8259,"_Cuit":"2.03582e+10","_Razón_Social":"ANDREANI CARLOS MARIANO","_Prov__Productor":"BUENOS AIRES","_Depto__Productor":"Chascomus"}},{"type":"Feature","geometry":{"type":"Point","coordinates":[-57.846869,-35.606285,0]},"properties":{"description":{"@type":"html","value":"descripción: <br>Nº_Apiario: B50571-1<br>_Cant__Colmenas: 30<br>_Provincia: BUENOS AIRES<br>_Departamento: Chascomus<br>_Latitud: -35.6063<br>_Longitud: -57.8469<br>_Cuit: 2.02823e+10<br>_Razón_Social: SORIA FEDERICO DAMIAN<br>_Prov__Productor: BUENOS AIRES<br>_Depto__Productor: Chascomus"},"styleUrl":"#icon-1899-DB4436","icon-opacity":1,"icon-color":"#db4436","icon-scale":1,"icon-offset":[32,64],"icon-offset-units":["pixels","insetPixels"],"icon":"https://www.gstatic.com/mapspro/images/stock/503-wht-blank_maps.png","descripción":"","Nº_Apiario":"B50571-1","_Cant__Colmenas":30,"_Provincia":"BUENOS AIRES","_Departamento":"Chascomus","_Latitud":-35.6063,"_Longitud":-57.8469,"_Cuit":"2.02823e+10","_Razón_Social":"SORIA FEDERICO DAMIAN","_Prov__Productor":"BUENOS AIRES","_Depto__Productor":"Chascomus"}},{"type":"Feature","geometry":{"type":"Point","coordinates":[-57.813184,-35.600279,0]},"properties":{"description":{"@type":"html","value":"descripción: <br>Nº_Apiario: B50571-2<br>_Cant__Colmenas: 30<br>_Provincia: BUENOS AIRES<br>_Departamento: Chascomus<br>_Latitud: -35.6003<br>_Longitud: -57.8132<br>_Cuit: 2.02823e+10<br>_Razón_Social: SORIA FEDERICO DAMIAN<br>_Prov__Productor: BUENOS AIRES<br>_Depto__Productor: Chascomus"},"styleUrl":"#icon-1899-DB4436","icon-opacity":1,"icon-color":"#db4436","icon-scale":1,"icon-offset":[32,64],"icon-offset-units":["pixels","insetPixels"],"icon":"https://www.gstatic.com/mapspro/images/stock/503-wht-blank_maps.png","descripción":"","Nº_Apiario":"B50571-2","_Cant__Colmenas":30,"_Provincia":"BUENOS AIRES","_Departamento":"Chascomus","_Latitud":-35.6003,"_Longitud":-57.8132,"_Cuit":"2.02823e+10","_Razón_Social":"SORIA FEDERICO DAMIAN","_Prov__Productor":"BUENOS AIRES","_Depto__Productor":"Chascomus"}},{"type":"Feature","geometry":{"type":"Point","coordinates":[-57.924312,-35.44973,0]},"properties":{"description":{"@type":"html","value":"descripción: <br>Nº_Apiario: B17519-19<br>_Cant__Colmenas: 90<br>_Provincia: BUENOS AIRES<br>_Departamento: Chascomus<br>_Latitud: -35.4497<br>_Longitud: -57.9243<br>_Cuit: 2.02424e+10<br>_Razón_Social: NAVAZIO JUAN MARCELO<br>_Prov__Productor: BUENOS AIRES<br>_Depto__Productor: General Paz"},"styleUrl":"#icon-1899-DB4436","icon-opacity":1,"icon-color":"#db4436","icon-scale":1,"icon-offset":[32,64],"icon-offset-units":["pixels","insetPixels"],"icon":"https://www.gstatic.com/mapspro/images/stock/503-wht-blank_maps.png","descripción":"","Nº_Apiario":"B17519-19","_Cant__Colmenas":90,"_Provincia":"BUENOS AIRES","_Departamento":"Chascomus","_Latitud":-35.4497,"_Longitud":-57.9243,"_Cuit":"2.02424e+10","_Razón_Social":"NAVAZIO JUAN MARCELO","_Prov__Productor":"BUENOS AIRES","_Depto__Productor":"General Paz"}},{"type":"Feature","geometry":{"type":"Point","coordinates":[-57.948524,-35.457613,0]},"properties":{"description":{"@type":"html","value":"descripción: <br>Nº_Apiario: B17519-20<br>_Cant__Colmenas: 90<br>_Provincia: BUENOS AIRES<br>_Departamento: Chascomus<br>_Latitud: -35.4576<br>_Longitud: -57.9485<br>_Cuit: 2.02424e+10<br>_Razón_Social: NAVAZIO JUAN MARCELO<br>_Prov__Productor: BUENOS AIRES<br>_Depto__Productor: General Paz"},"styleUrl":"#icon-1899-DB4436","icon-opacity":1,"icon-color":"#db4436","icon-scale":1,"icon-offset":[32,64],"icon-offset-units":["pixels","insetPixels"],"icon":"https://www.gstatic.com/mapspro/images/stock/503-wht-blank_maps.png","descripción":"","Nº_Apiario":"B17519-20","_Cant__Colmenas":90,"_Provincia":"BUENOS AIRES","_Departamento":"Chascomus","_Latitud":-35.4576,"_Longitud":-57.9485,"_Cuit":"2.02424e+10","_Razón_Social":"NAVAZIO JUAN MARCELO","_Prov__Productor":"BUENOS AIRES","_Depto__Productor":"General Paz"}},{"type":"Feature","geometry":{"type":"Point","coordinates":[-57.972823,-35.455291,0]},"properties":{"description":{"@type":"html","value":"descripción: <br>Nº_Apiario: B17519-21<br>_Cant__Colmenas: 90<br>_Provincia: BUENOS AIRES<br>_Departamento: Chascomus<br>_Latitud: -35.4553<br>_Longitud: -57.9728<br>_Cuit: 2.02424e+10<br>_Razón_Social: NAVAZIO JUAN MARCELO<br>_Prov__Productor: BUENOS AIRES<br>_Depto__Productor: General Paz"},"styleUrl":"#icon-1899-DB4436","icon-opacity":1,"icon-color":"#db4436","icon-scale":1,"icon-offset":[32,64],"icon-offset-units":["pixels","insetPixels"],"icon":"https://www.gstatic.com/mapspro/images/stock/503-wht-blank_maps.png","descripción":"","Nº_Apiario":"B17519-21","_Cant__Colmenas":90,"_Provincia":"BUENOS AIRES","_Departamento":"Chascomus","_Latitud":-35.4553,"_Longitud":-57.9728,"_Cuit":"2.02424e+10","_Razón_Social":"NAVAZIO JUAN MARCELO","_Prov__Productor":"BUENOS AIRES","_Depto__Productor":"General Paz"}},{"type":"Feature","geometry":{"type":"Point","coordinates":[-58.097561,-35.583315,0]},"properties":{"description":{"@type":"html","value":"descripción: <br>Nº_Apiario: B17519-22<br>_Cant__Colmenas: 100<br>_Provincia: BUENOS AIRES<br>_Departamento: Chascomus<br>_Latitud: -35.5833<br>_Longitud: -58.0976<br>_Cuit: 2.02424e+10<br>_Razón_Social: NAVAZIO JUAN MARCELO<br>_Prov__Productor: BUENOS AIRES<br>_Depto__Productor: General Paz"},"styleUrl":"#icon-1899-DB4436","icon-opacity":1,"icon-color":"#db4436","icon-scale":1,"icon-offset":[32,64],"icon-offset-units":["pixels","insetPixels"],"icon":"https://www.gstatic.com/mapspro/images/stock/503-wht-blank_maps.png","descripción":"","Nº_Apiario":"B17519-22","_Cant__Colmenas":100,"_Provincia":"BUENOS AIRES","_Departamento":"Chascomus","_Latitud":-35.5833,"_Longitud":-58.0976,"_Cuit":"2.02424e+10","_Razón_Social":"NAVAZIO JUAN MARCELO","_Prov__Productor":"BUENOS AIRES","_Depto__Productor":"General Paz"}},{"type":"Feature","geometry":{"type":"Point","coordinates":[-58.077159,-35.594714,0]},"properties":{"description":{"@type":"html","value":"descripción: <br>Nº_Apiario: B17519-23<br>_Cant__Colmenas: 90<br>_Provincia: BUENOS AIRES<br>_Departamento: Chascomus<br>_Latitud: -35.5947<br>_Longitud: -58.0772<br>_Cuit: 2.02424e+10<br>_Razón_Social: NAVAZIO JUAN MARCELO<br>_Prov__Productor: BUENOS AIRES<br>_Depto__Productor: General Paz"},"styleUrl":"#icon-1899-DB4436","icon-opacity":1,"icon-color":"#db4436","icon-scale":1,"icon-offset":[32,64],"icon-offset-units":["pixels","insetPixels"],"icon":"https://www.gstatic.com/mapspro/images/stock/503-wht-blank_maps.png","descripción":"","Nº_Apiario":"B17519-23","_Cant__Colmenas":90,"_Provincia":"BUENOS AIRES","_Departamento":"Chascomus","_Latitud":-35.5947,"_Longitud":-58.0772,"_Cuit":"2.02424e+10","_Razón_Social":"NAVAZIO JUAN MARCELO","_Prov__Productor":"BUENOS AIRES","_Depto__Productor":"General Paz"}},{"type":"Feature","geometry":{"type":"Point","coordinates":[-57.99855,-35.556937,0]},"properties":{"description":{"@type":"html","value":"descripción: <br>Nº_Apiario: B17519-102018<br>_Cant__Colmenas: 2<br>_Provincia: BUENOS AIRES<br>_Departamento: Chascomus<br>_Latitud: -35.5569<br>_Longitud: -57.9986<br>_Cuit: 2.02424e+10<br>_Razón_Social: NAVAZIO JUAN MARCELO<br>_Prov__Productor: BUENOS AIRES<br>_Depto__Productor: General Paz"},"styleUrl":"#icon-1899-DB4436","icon-opacity":1,"icon-color":"#db4436","icon-scale":1,"icon-offset":[32,64],"icon-offset-units":["pixels","insetPixels"],"icon":"https://www.gstatic.com/mapspro/images/stock/503-wht-blank_maps.png","descripción":"","Nº_Apiario":"B17519-102018","_Cant__Colmenas":2,"_Provincia":"BUENOS AIRES","_Departamento":"Chascomus","_Latitud":-35.5569,"_Longitud":-57.9986,"_Cuit":"2.02424e+10","_Razón_Social":"NAVAZIO JUAN MARCELO","_Prov__Productor":"BUENOS AIRES","_Depto__Productor":"General Paz"}},{"type":"Feature","geometry":{"type":"Point","coordinates":[-58.016244,-35.650692,0]},"properties":{"description":{"@type":"html","value":"descripción: <br>Nº_Apiario: B50590-5<br>_Cant__Colmenas: 35<br>_Provincia: BUENOS AIRES<br>_Departamento: Chascomus<br>_Latitud: -35.6507<br>_Longitud: -58.0162<br>_Cuit: 2.02918e+10<br>_Razón_Social: MARTINEZ JULIAN ALBERTO<br>_Prov__Productor: BUENOS AIRES<br>_Depto__Productor: Chascomus"},"styleUrl":"#icon-1899-DB4436","icon-opacity":1,"icon-color":"#db4436","icon-scale":1,"icon-offset":[32,64],"icon-offset-units":["pixels","insetPixels"],"icon":"https://www.gstatic.com/mapspro/images/stock/503-wht-blank_maps.png","descripción":"","Nº_Apiario":"B50590-5","_Cant__Colmenas":35,"_Provincia":"BUENOS AIRES","_Departamento":"Chascomus","_Latitud":-35.6507,"_Longitud":-58.0162,"_Cuit":"2.02918e+10","_Razón_Social":"MARTINEZ JULIAN ALBERTO","_Prov__Productor":"BUENOS AIRES","_Depto__Productor":"Chascomus"}},{"type":"Feature","geometry":{"type":"Point","coordinates":[-58.001304,-35.722976,0]},"properties":{"description":{"@type":"html","value":"descripción: <br>Nº_Apiario: B50590-6<br>_Cant__Colmenas: 40<br>_Provincia: BUENOS AIRES<br>_Departamento: Chascomus<br>_Latitud: -35.723<br>_Longitud: -58.0013<br>_Cuit: 2.02918e+10<br>_Razón_Social: MARTINEZ JULIAN ALBERTO<br>_Prov__Productor: BUENOS AIRES<br>_Depto__Productor: Chascomus"},"styleUrl":"#icon-1899-DB4436","icon-opacity":1,"icon-color":"#db4436","icon-scale":1,"icon-offset":[32,64],"icon-offset-units":["pixels","insetPixels"],"icon":"https://www.gstatic.com/mapspro/images/stock/503-wht-blank_maps.png","descripción":"","Nº_Apiario":"B50590-6","_Cant__Colmenas":40,"_Provincia":"BUENOS AIRES","_Departamento":"Chascomus","_Latitud":-35.723,"_Longitud":-58.0013,"_Cuit":"2.02918e+10","_Razón_Social":"MARTINEZ JULIAN ALBERTO","_Prov__Productor":"BUENOS AIRES","_Depto__Productor":"Chascomus"}},{"type":"Feature","geometry":{"type":"Point","coordinates":[-57.983773,-35.674458,0]},"properties":{"description":{"@type":"html","value":"descripción: <br>Nº_Apiario: B50590-7<br>_Cant__Colmenas: 38<br>_Provincia: BUENOS AIRES<br>_Departamento: Chascomus<br>_Latitud: -35.6745<br>_Longitud: -57.9838<br>_Cuit: 2.02918e+10<br>_Razón_Social: MARTINEZ JULIAN ALBERTO<br>_Prov__Productor: BUENOS AIRES<br>_Depto__Productor: Chascomus"},"styleUrl":"#icon-1899-DB4436","icon-opacity":1,"icon-color":"#db4436","icon-scale":1,"icon-offset":[32,64],"icon-offset-units":["pixels","insetPixels"],"icon":"https://www.gstatic.com/mapspro/images/stock/503-wht-blank_maps.png","descripción":"","Nº_Apiario":"B50590-7","_Cant__Colmenas":38,"_Provincia":"BUENOS AIRES","_Departamento":"Chascomus","_Latitud":-35.6745,"_Longitud":-57.9838,"_Cuit":"2.02918e+10","_Razón_Social":"MARTINEZ JULIAN ALBERTO","_Prov__Productor":"BUENOS AIRES","_Depto__Productor":"Chascomus"}},{"type":"Feature","geometry":{"type":"Point","coordinates":[-57.846693,-35.606304,0]},"properties":{"description":{"@type":"html","value":"descripción: <br>Nº_Apiario: B50590-15<br>_Cant__Colmenas: 80<br>_Provincia: BUENOS AIRES<br>_Departamento: Chascomus<br>_Latitud: -35.6063<br>_Longitud: -57.8467<br>_Cuit: 2.02918e+10<br>_Razón_Social: MARTINEZ JULIAN ALBERTO<br>_Prov__Productor: BUENOS AIRES<br>_Depto__Productor: Chascomus"},"styleUrl":"#icon-1899-DB4436","icon-opacity":1,"icon-color":"#db4436","icon-scale":1,"icon-offset":[32,64],"icon-offset-units":["pixels","insetPixels"],"icon":"https://www.gstatic.com/mapspro/images/stock/503-wht-blank_maps.png","descripción":"","Nº_Apiario":"B50590-15","_Cant__Colmenas":80,"_Provincia":"BUENOS AIRES","_Departamento":"Chascomus","_Latitud":-35.6063,"_Longitud":-57.8467,"_Cuit":"2.02918e+10","_Razón_Social":"MARTINEZ JULIAN ALBERTO","_Prov__Productor":"BUENOS AIRES","_Depto__Productor":"Chascomus"}},{"type":"Feature","geometry":{"type":"Point","coordinates":[-57.813014,-35.600227,0]},"properties":{"description":{"@type":"html","value":"descripción: <br>Nº_Apiario: B50590-16<br>_Cant__Colmenas: 80<br>_Provincia: BUENOS AIRES<br>_Departamento: Chascomus<br>_Latitud: -35.6002<br>_Longitud: -57.813<br>_Cuit: 2.02918e+10<br>_Razón_Social: MARTINEZ JULIAN ALBERTO<br>_Prov__Productor: BUENOS AIRES<br>_Depto__Productor: Chascomus"},"styleUrl":"#icon-1899-DB4436","icon-opacity":1,"icon-color":"#db4436","icon-scale":1,"icon-offset":[32,64],"icon-offset-units":["pixels","insetPixels"],"icon":"https://www.gstatic.com/mapspro/images/stock/503-wht-blank_maps.png","descripción":"","Nº_Apiario":"B50590-16","_Cant__Colmenas":80,"_Provincia":"BUENOS AIRES","_Departamento":"Chascomus","_Latitud":-35.6002,"_Longitud":-57.813,"_Cuit":"2.02918e+10","_Razón_Social":"MARTINEZ JULIAN ALBERTO","_Prov__Productor":"BUENOS AIRES","_Depto__Productor":"Chascomus"}},{"type":"Feature","geometry":{"type":"Point","coordinates":[-58.108952,-35.505354,0]},"properties":{"description":{"@type":"html","value":"descripción: <br>Nº_Apiario: B707-1<br>_Cant__Colmenas: 50<br>_Provincia: BUENOS AIRES<br>_Departamento: Chascomus<br>_Latitud: -35.5054<br>_Longitud: -58.109<br>_Cuit: 2.02096e+10<br>_Razón_Social: SARENA FABIAN ORLANDO<br>_Prov__Productor: BUENOS AIRES<br>_Depto__Productor: Chascomus"},"styleUrl":"#icon-1899-DB4436","icon-opacity":1,"icon-color":"#db4436","icon-scale":1,"icon-offset":[32,64],"icon-offset-units":["pixels","insetPixels"],"icon":"https://www.gstatic.com/mapspro/images/stock/503-wht-blank_maps.png","descripción":"","Nº_Apiario":"B707-1","_Cant__Colmenas":50,"_Provincia":"BUENOS AIRES","_Departamento":"Chascomus","_Latitud":-35.5054,"_Longitud":-58.109,"_Cuit":"2.02096e+10","_Razón_Social":"SARENA FABIAN ORLANDO","_Prov__Productor":"BUENOS AIRES","_Depto__Productor":"Chascomus"}},{"type":"Feature","geometry":{"type":"Point","coordinates":[-58.124603,-35.508954,0]},"properties":{"description":{"@type":"html","value":"descripción: <br>Nº_Apiario: B707-2<br>_Cant__Colmenas: 40<br>_Provincia: BUENOS AIRES<br>_Departamento: Chascomus<br>_Latitud: -35.509<br>_Longitud: -58.1246<br>_Cuit: 2.02096e+10<br>_Razón_Social: SARENA FABIAN ORLANDO<br>_Prov__Productor: BUENOS AIRES<br>_Depto__Productor: Chascomus"},"styleUrl":"#icon-1899-DB4436","icon-opacity":1,"icon-color":"#db4436","icon-scale":1,"icon-offset":[32,64],"icon-offset-units":["pixels","insetPixels"],"icon":"https://www.gstatic.com/mapspro/images/stock/503-wht-blank_maps.png","descripción":"","Nº_Apiario":"B707-2","_Cant__Colmenas":40,"_Provincia":"BUENOS AIRES","_Departamento":"Chascomus","_Latitud":-35.509,"_Longitud":-58.1246,"_Cuit":"2.02096e+10","_Razón_Social":"SARENA FABIAN ORLANDO","_Prov__Productor":"BUENOS AIRES","_Depto__Productor":"Chascomus"}},{"type":"Feature","geometry":{"type":"Point","coordinates":[-58.057737,-35.512299,0]},"properties":{"description":{"@type":"html","value":"descripción: <br>Nº_Apiario: B707-3<br>_Cant__Colmenas: 50<br>_Provincia: BUENOS AIRES<br>_Departamento: Chascomus<br>_Latitud: -35.5123<br>_Longitud: -58.0577<br>_Cuit: 2.02096e+10<br>_Razón_Social: SARENA FABIAN ORLANDO<br>_Prov__Productor: BUENOS AIRES<br>_Depto__Productor: Chascomus"},"styleUrl":"#icon-1899-DB4436","icon-opacity":1,"icon-color":"#db4436","icon-scale":1,"icon-offset":[32,64],"icon-offset-units":["pixels","insetPixels"],"icon":"https://www.gstatic.com/mapspro/images/stock/503-wht-blank_maps.png","descripción":"","Nº_Apiario":"B707-3","_Cant__Colmenas":50,"_Provincia":"BUENOS AIRES","_Departamento":"Chascomus","_Latitud":-35.5123,"_Longitud":-58.0577,"_Cuit":"2.02096e+10","_Razón_Social":"SARENA FABIAN ORLANDO","_Prov__Productor":"BUENOS AIRES","_Depto__Productor":"Chascomus"}},{"type":"Feature","geometry":{"type":"Point","coordinates":[-57.478226,-35.636371,0]},"properties":{"description":{"@type":"html","value":"descripción: <br>Nº_Apiario: B707-7<br>_Cant__Colmenas: 50<br>_Provincia: BUENOS AIRES<br>_Departamento: Chascomus<br>_Latitud: -35.6364<br>_Longitud: -57.4782<br>_Cuit: 2.02096e+10<br>_Razón_Social: SARENA FABIAN ORLANDO<br>_Prov__Productor: BUENOS AIRES<br>_Depto__Productor: Chascomus"},"styleUrl":"#icon-1899-DB4436","icon-opacity":1,"icon-color":"#db4436","icon-scale":1,"icon-offset":[32,64],"icon-offset-units":["pixels","insetPixels"],"icon":"https://www.gstatic.com/mapspro/images/stock/503-wht-blank_maps.png","descripción":"","Nº_Apiario":"B707-7","_Cant__Colmenas":50,"_Provincia":"BUENOS AIRES","_Departamento":"Chascomus","_Latitud":-35.6364,"_Longitud":-57.4782,"_Cuit":"2.02096e+10","_Razón_Social":"SARENA FABIAN ORLANDO","_Prov__Productor":"BUENOS AIRES","_Depto__Productor":"Chascomus"}},{"type":"Feature","geometry":{"type":"Point","coordinates":[-57.524306,-35.528803,0]},"properties":{"description":{"@type":"html","value":"descripción: <br>Nº_Apiario: B707-9<br>_Cant__Colmenas: 40<br>_Provincia: BUENOS AIRES<br>_Departamento: Chascomus<br>_Latitud: -35.5288<br>_Longitud: -57.5243<br>_Cuit: 2.02096e+10<br>_Razón_Social: SARENA FABIAN ORLANDO<br>_Prov__Productor: BUENOS AIRES<br>_Depto__Productor: Chascomus"},"styleUrl":"#icon-1899-DB4436","icon-opacity":1,"icon-color":"#db4436","icon-scale":1,"icon-offset":[32,64],"icon-offset-units":["pixels","insetPixels"],"icon":"https://www.gstatic.com/mapspro/images/stock/503-wht-blank_maps.png","descripción":"","Nº_Apiario":"B707-9","_Cant__Colmenas":40,"_Provincia":"BUENOS AIRES","_Departamento":"Chascomus","_Latitud":-35.5288,"_Longitud":-57.5243,"_Cuit":"2.02096e+10","_Razón_Social":"SARENA FABIAN ORLANDO","_Prov__Productor":"BUENOS AIRES","_Depto__Productor":"Chascomus"}},{"type":"Feature","geometry":{"type":"Point","coordinates":[-57.742118,-35.52573,0]},"properties":{"description":{"@type":"html","value":"descripción: <br>Nº_Apiario: B707-11<br>_Cant__Colmenas: 50<br>_Provincia: BUENOS AIRES<br>_Departamento: Chascomus<br>_Latitud: -35.5257<br>_Longitud: -57.7421<br>_Cuit: 2.02096e+10<br>_Razón_Social: SARENA FABIAN ORLANDO<br>_Prov__Productor: BUENOS AIRES<br>_Depto__Productor: Chascomus"},"styleUrl":"#icon-1899-DB4436","icon-opacity":1,"icon-color":"#db4436","icon-scale":1,"icon-offset":[32,64],"icon-offset-units":["pixels","insetPixels"],"icon":"https://www.gstatic.com/mapspro/images/stock/503-wht-blank_maps.png","descripción":"","Nº_Apiario":"B707-11","_Cant__Colmenas":50,"_Provincia":"BUENOS AIRES","_Departamento":"Chascomus","_Latitud":-35.5257,"_Longitud":-57.7421,"_Cuit":"2.02096e+10","_Razón_Social":"SARENA FABIAN ORLANDO","_Prov__Productor":"BUENOS AIRES","_Depto__Productor":"Chascomus"}},{"type":"Feature","geometry":{"type":"Point","coordinates":[-57.716878,-35.728572,0]},"properties":{"description":{"@type":"html","value":"descripción: <br>Nº_Apiario: B707-13<br>_Cant__Colmenas: 50<br>_Provincia: BUENOS AIRES<br>_Departamento: Chascomus<br>_Latitud: -35.7286<br>_Longitud: -57.7169<br>_Cuit: 2.02096e+10<br>_Razón_Social: SARENA FABIAN ORLANDO<br>_Prov__Productor: BUENOS AIRES<br>_Depto__Productor: Chascomus"},"styleUrl":"#icon-1899-DB4436","icon-opacity":1,"icon-color":"#db4436","icon-scale":1,"icon-offset":[32,64],"icon-offset-units":["pixels","insetPixels"],"icon":"https://www.gstatic.com/mapspro/images/stock/503-wht-blank_maps.png","descripción":"","Nº_Apiario":"B707-13","_Cant__Colmenas":50,"_Provincia":"BUENOS AIRES","_Departamento":"Chascomus","_Latitud":-35.7286,"_Longitud":-57.7169,"_Cuit":"2.02096e+10","_Razón_Social":"SARENA FABIAN ORLANDO","_Prov__Productor":"BUENOS AIRES","_Depto__Productor":"Chascomus"}},{"type":"Feature","geometry":{"type":"Point","coordinates":[-57.650907,-35.719479,0]},"properties":{"description":{"@type":"html","value":"descripción: <br>Nº_Apiario: B707-16<br>_Cant__Colmenas: 60<br>_Provincia: BUENOS AIRES<br>_Departamento: Chascomus<br>_Latitud: -35.7195<br>_Longitud: -57.6509<br>_Cuit: 2.02096e+10<br>_Razón_Social: SARENA FABIAN ORLANDO<br>_Prov__Productor: BUENOS AIRES<br>_Depto__Productor: Chascomus"},"styleUrl":"#icon-1899-DB4436","icon-opacity":1,"icon-color":"#db4436","icon-scale":1,"icon-offset":[32,64],"icon-offset-units":["pixels","insetPixels"],"icon":"https://www.gstatic.com/mapspro/images/stock/503-wht-blank_maps.png","descripción":"","Nº_Apiario":"B707-16","_Cant__Colmenas":60,"_Provincia":"BUENOS AIRES","_Departamento":"Chascomus","_Latitud":-35.7195,"_Longitud":-57.6509,"_Cuit":"2.02096e+10","_Razón_Social":"SARENA FABIAN ORLANDO","_Prov__Productor":"BUENOS AIRES","_Depto__Productor":"Chascomus"}},{"type":"Feature","geometry":{"type":"Point","coordinates":[-57.564486,-35.618581,0]},"properties":{"description":{"@type":"html","value":"descripción: <br>Nº_Apiario: B707-6<br>_Cant__Colmenas: 40<br>_Provincia: BUENOS AIRES<br>_Departamento: Chascomus<br>_Latitud: -35.6186<br>_Longitud: -57.5645<br>_Cuit: 2.02096e+10<br>_Razón_Social: SARENA FABIAN ORLANDO<br>_Prov__Productor: BUENOS AIRES<br>_Depto__Productor: Chascomus"},"styleUrl":"#icon-1899-DB4436","icon-opacity":1,"icon-color":"#db4436","icon-scale":1,"icon-offset":[32,64],"icon-offset-units":["pixels","insetPixels"],"icon":"https://www.gstatic.com/mapspro/images/stock/503-wht-blank_maps.png","descripción":"","Nº_Apiario":"B707-6","_Cant__Colmenas":40,"_Provincia":"BUENOS AIRES","_Departamento":"Chascomus","_Latitud":-35.6186,"_Longitud":-57.5645,"_Cuit":"2.02096e+10","_Razón_Social":"SARENA FABIAN ORLANDO","_Prov__Productor":"BUENOS AIRES","_Depto__Productor":"Chascomus"}},{"type":"Feature","geometry":{"type":"Point","coordinates":[-57.649533,-35.537953,0]},"properties":{"description":{"@type":"html","value":"descripción: <br>Nº_Apiario: B707-10<br>_Cant__Colmenas: 50<br>_Provincia: BUENOS AIRES<br>_Departamento: Chascomus<br>_Latitud: -35.538<br>_Longitud: -57.6495<br>_Cuit: 2.02096e+10<br>_Razón_Social: SARENA FABIAN ORLANDO<br>_Prov__Productor: BUENOS AIRES<br>_Depto__Productor: Chascomus"},"styleUrl":"#icon-1899-DB4436","icon-opacity":1,"icon-color":"#db4436","icon-scale":1,"icon-offset":[32,64],"icon-offset-units":["pixels","insetPixels"],"icon":"https://www.gstatic.com/mapspro/images/stock/503-wht-blank_maps.png","descripción":"","Nº_Apiario":"B707-10","_Cant__Colmenas":50,"_Provincia":"BUENOS AIRES","_Departamento":"Chascomus","_Latitud":-35.538,"_Longitud":-57.6495,"_Cuit":"2.02096e+10","_Razón_Social":"SARENA FABIAN ORLANDO","_Prov__Productor":"BUENOS AIRES","_Depto__Productor":"Chascomus"}},{"type":"Feature","geometry":{"type":"Point","coordinates":[-57.400367,-35.731812,0]},"properties":{"description":{"@type":"html","value":"descripción: <br>Nº_Apiario: B707-5<br>_Cant__Colmenas: 40<br>_Provincia: BUENOS AIRES<br>_Departamento: Chascomus<br>_Latitud: -35.7318<br>_Longitud: -57.4004<br>_Cuit: 2.02096e+10<br>_Razón_Social: SARENA FABIAN ORLANDO<br>_Prov__Productor: BUENOS AIRES<br>_Depto__Productor: Chascomus"},"styleUrl":"#icon-1899-DB4436","icon-opacity":1,"icon-color":"#db4436","icon-scale":1,"icon-offset":[32,64],"icon-offset-units":["pixels","insetPixels"],"icon":"https://www.gstatic.com/mapspro/images/stock/503-wht-blank_maps.png","descripción":"","Nº_Apiario":"B707-5","_Cant__Colmenas":40,"_Provincia":"BUENOS AIRES","_Departamento":"Chascomus","_Latitud":-35.7318,"_Longitud":-57.4004,"_Cuit":"2.02096e+10","_Razón_Social":"SARENA FABIAN ORLANDO","_Prov__Productor":"BUENOS AIRES","_Depto__Productor":"Chascomus"}},{"type":"Feature","geometry":{"type":"Point","coordinates":[-58.085736,-35.498901,0]},"properties":{"description":{"@type":"html","value":"descripción: <br>Nº_Apiario: B707-4<br>_Cant__Colmenas: 40<br>_Provincia: BUENOS AIRES<br>_Departamento: Chascomus<br>_Latitud: -35.4989<br>_Longitud: -58.0857<br>_Cuit: 2.02096e+10<br>_Razón_Social: SARENA FABIAN ORLANDO<br>_Prov__Productor: BUENOS AIRES<br>_Depto__Productor: Chascomus"},"styleUrl":"#icon-1899-DB4436","icon-opacity":1,"icon-color":"#db4436","icon-scale":1,"icon-offset":[32,64],"icon-offset-units":["pixels","insetPixels"],"icon":"https://www.gstatic.com/mapspro/images/stock/503-wht-blank_maps.png","descripción":"","Nº_Apiario":"B707-4","_Cant__Colmenas":40,"_Provincia":"BUENOS AIRES","_Departamento":"Chascomus","_Latitud":-35.4989,"_Longitud":-58.0857,"_Cuit":"2.02096e+10","_Razón_Social":"SARENA FABIAN ORLANDO","_Prov__Productor":"BUENOS AIRES","_Depto__Productor":"Chascomus"}},{"type":"Feature","geometry":{"type":"Point","coordinates":[-57.524859,-35.601037,0]},"properties":{"description":{"@type":"html","value":"descripción: <br>Nº_Apiario: B707-8<br>_Cant__Colmenas: 40<br>_Provincia: BUENOS AIRES<br>_Departamento: Chascomus<br>_Latitud: -35.601<br>_Longitud: -57.5249<br>_Cuit: 2.02096e+10<br>_Razón_Social: SARENA FABIAN ORLANDO<br>_Prov__Productor: BUENOS AIRES<br>_Depto__Productor: Chascomus"},"styleUrl":"#icon-1899-DB4436","icon-opacity":1,"icon-color":"#db4436","icon-scale":1,"icon-offset":[32,64],"icon-offset-units":["pixels","insetPixels"],"icon":"https://www.gstatic.com/mapspro/images/stock/503-wht-blank_maps.png","descripción":"","Nº_Apiario":"B707-8","_Cant__Colmenas":40,"_Provincia":"BUENOS AIRES","_Departamento":"Chascomus","_Latitud":-35.601,"_Longitud":-57.5249,"_Cuit":"2.02096e+10","_Razón_Social":"SARENA FABIAN ORLANDO","_Prov__Productor":"BUENOS AIRES","_Depto__Productor":"Chascomus"}},{"type":"Feature","geometry":{"type":"Point","coordinates":[-57.662861,-35.758456,0]},"properties":{"description":{"@type":"html","value":"descripción: <br>Nº_Apiario: B707-15<br>_Cant__Colmenas: 50<br>_Provincia: BUENOS AIRES<br>_Departamento: Chascomus<br>_Latitud: -35.7585<br>_Longitud: -57.6629<br>_Cuit: 2.02096e+10<br>_Razón_Social: SARENA FABIAN ORLANDO<br>_Prov__Productor: BUENOS AIRES<br>_Depto__Productor: Chascomus"},"styleUrl":"#icon-1899-DB4436","icon-opacity":1,"icon-color":"#db4436","icon-scale":1,"icon-offset":[32,64],"icon-offset-units":["pixels","insetPixels"],"icon":"https://www.gstatic.com/mapspro/images/stock/503-wht-blank_maps.png","descripción":"","Nº_Apiario":"B707-15","_Cant__Colmenas":50,"_Provincia":"BUENOS AIRES","_Departamento":"Chascomus","_Latitud":-35.7585,"_Longitud":-57.6629,"_Cuit":"2.02096e+10","_Razón_Social":"SARENA FABIAN ORLANDO","_Prov__Productor":"BUENOS AIRES","_Depto__Productor":"Chascomus"}},{"type":"Feature","geometry":{"type":"Point","coordinates":[-57.712124,-35.759864,0]},"properties":{"description":{"@type":"html","value":"descripción: <br>Nº_Apiario: B707-14<br>_Cant__Colmenas: 40<br>_Provincia: BUENOS AIRES<br>_Departamento: Chascomus<br>_Latitud: -35.7599<br>_Longitud: -57.7121<br>_Cuit: 2.02096e+10<br>_Razón_Social: SARENA FABIAN ORLANDO<br>_Prov__Productor: BUENOS AIRES<br>_Depto__Productor: Chascomus"},"styleUrl":"#icon-1899-DB4436","icon-opacity":1,"icon-color":"#db4436","icon-scale":1,"icon-offset":[32,64],"icon-offset-units":["pixels","insetPixels"],"icon":"https://www.gstatic.com/mapspro/images/stock/503-wht-blank_maps.png","descripción":"","Nº_Apiario":"B707-14","_Cant__Colmenas":40,"_Provincia":"BUENOS AIRES","_Departamento":"Chascomus","_Latitud":-35.7599,"_Longitud":-57.7121,"_Cuit":"2.02096e+10","_Razón_Social":"SARENA FABIAN ORLANDO","_Prov__Productor":"BUENOS AIRES","_Depto__Productor":"Chascomus"}},{"type":"Feature","geometry":{"type":"Point","coordinates":[-57.799474,-35.533378,0]},"properties":{"description":{"@type":"html","value":"descripción: <br>Nº_Apiario: B707-12<br>_Cant__Colmenas: 50<br>_Provincia: BUENOS AIRES<br>_Departamento: Chascomus<br>_Latitud: -35.5334<br>_Longitud: -57.7995<br>_Cuit: 2.02096e+10<br>_Razón_Social: SARENA FABIAN ORLANDO<br>_Prov__Productor: BUENOS AIRES<br>_Depto__Productor: Chascomus"},"styleUrl":"#icon-1899-DB4436","icon-opacity":1,"icon-color":"#db4436","icon-scale":1,"icon-offset":[32,64],"icon-offset-units":["pixels","insetPixels"],"icon":"https://www.gstatic.com/mapspro/images/stock/503-wht-blank_maps.png","descripción":"","Nº_Apiario":"B707-12","_Cant__Colmenas":50,"_Provincia":"BUENOS AIRES","_Departamento":"Chascomus","_Latitud":-35.5334,"_Longitud":-57.7995,"_Cuit":"2.02096e+10","_Razón_Social":"SARENA FABIAN ORLANDO","_Prov__Productor":"BUENOS AIRES","_Depto__Productor":"Chascomus"}},{"type":"Feature","geometry":{"type":"Point","coordinates":[-57.72985,-35.739951,0]},"properties":{"description":{"@type":"html","value":"descripción: <br>Nº_Apiario: B707-1<br>_Cant__Colmenas: 40<br>_Provincia: BUENOS AIRES<br>_Departamento: Chascomus<br>_Latitud: -35.74<br>_Longitud: -57.7298<br>_Cuit: 2.02096e+10<br>_Razón_Social: SARENA FABIAN ORLANDO<br>_Prov__Productor: BUENOS AIRES<br>_Depto__Productor: Chascomus"},"styleUrl":"#icon-1899-DB4436","icon-opacity":1,"icon-color":"#db4436","icon-scale":1,"icon-offset":[32,64],"icon-offset-units":["pixels","insetPixels"],"icon":"https://www.gstatic.com/mapspro/images/stock/503-wht-blank_maps.png","descripción":"","Nº_Apiario":"B707-1","_Cant__Colmenas":40,"_Provincia":"BUENOS AIRES","_Departamento":"Chascomus","_Latitud":-35.74,"_Longitud":-57.7298,"_Cuit":"2.02096e+10","_Razón_Social":"SARENA FABIAN ORLANDO","_Prov__Productor":"BUENOS AIRES","_Depto__Productor":"Chascomus"}},{"type":"Feature","geometry":{"type":"Point","coordinates":[-57.671457,-35.749117,0]},"properties":{"description":{"@type":"html","value":"descripción: <br>Nº_Apiario: B707-2<br>_Cant__Colmenas: 40<br>_Provincia: BUENOS AIRES<br>_Departamento: Chascomus<br>_Latitud: -35.7491<br>_Longitud: -57.6715<br>_Cuit: 2.02096e+10<br>_Razón_Social: SARENA FABIAN ORLANDO<br>_Prov__Productor: BUENOS AIRES<br>_Depto__Productor: Chascomus"},"styleUrl":"#icon-1899-DB4436","icon-opacity":1,"icon-color":"#db4436","icon-scale":1,"icon-offset":[32,64],"icon-offset-units":["pixels","insetPixels"],"icon":"https://www.gstatic.com/mapspro/images/stock/503-wht-blank_maps.png","descripción":"","Nº_Apiario":"B707-2","_Cant__Colmenas":40,"_Provincia":"BUENOS AIRES","_Departamento":"Chascomus","_Latitud":-35.7491,"_Longitud":-57.6715,"_Cuit":"2.02096e+10","_Razón_Social":"SARENA FABIAN ORLANDO","_Prov__Productor":"BUENOS AIRES","_Depto__Productor":"Chascomus"}},{"type":"Feature","geometry":{"type":"Point","coordinates":[-57.613865,-35.715054,0]},"properties":{"description":{"@type":"html","value":"descripción: <br>Nº_Apiario: B707-3<br>_Cant__Colmenas: 70<br>_Provincia: BUENOS AIRES<br>_Departamento: Chascomus<br>_Latitud: -35.7151<br>_Longitud: -57.6139<br>_Cuit: 2.02096e+10<br>_Razón_Social: SARENA FABIAN ORLANDO<br>_Prov__Productor: BUENOS AIRES<br>_Depto__Productor: Chascomus"},"styleUrl":"#icon-1899-DB4436","icon-opacity":1,"icon-color":"#db4436","icon-scale":1,"icon-offset":[32,64],"icon-offset-units":["pixels","insetPixels"],"icon":"https://www.gstatic.com/mapspro/images/stock/503-wht-blank_maps.png","descripción":"","Nº_Apiario":"B707-3","_Cant__Colmenas":70,"_Provincia":"BUENOS AIRES","_Departamento":"Chascomus","_Latitud":-35.7151,"_Longitud":-57.6139,"_Cuit":"2.02096e+10","_Razón_Social":"SARENA FABIAN ORLANDO","_Prov__Productor":"BUENOS AIRES","_Depto__Productor":"Chascomus"}},{"type":"Feature","geometry":{"type":"Point","coordinates":[-57.590552,-35.73873,0]},"properties":{"description":{"@type":"html","value":"descripción: <br>Nº_Apiario: B707-4<br>_Cant__Colmenas: 40<br>_Provincia: BUENOS AIRES<br>_Departamento: Chascomus<br>_Latitud: -35.7387<br>_Longitud: -57.5906<br>_Cuit: 2.02096e+10<br>_Razón_Social: SARENA FABIAN ORLANDO<br>_Prov__Productor: BUENOS AIRES<br>_Depto__Productor: Chascomus"},"styleUrl":"#icon-1899-DB4436","icon-opacity":1,"icon-color":"#db4436","icon-scale":1,"icon-offset":[32,64],"icon-offset-units":["pixels","insetPixels"],"icon":"https://www.gstatic.com/mapspro/images/stock/503-wht-blank_maps.png","descripción":"","Nº_Apiario":"B707-4","_Cant__Colmenas":40,"_Provincia":"BUENOS AIRES","_Departamento":"Chascomus","_Latitud":-35.7387,"_Longitud":-57.5906,"_Cuit":"2.02096e+10","_Razón_Social":"SARENA FABIAN ORLANDO","_Prov__Productor":"BUENOS AIRES","_Depto__Productor":"Chascomus"}},{"type":"Feature","geometry":{"type":"Point","coordinates":[-57.748,-35.542296,0]},"properties":{"description":{"@type":"html","value":"descripción: <br>Nº_Apiario: B707-6<br>_Cant__Colmenas: 50<br>_Provincia: BUENOS AIRES<br>_Departamento: Chascomus<br>_Latitud: -35.5423<br>_Longitud: -57.748<br>_Cuit: 2.02096e+10<br>_Razón_Social: SARENA FABIAN ORLANDO<br>_Prov__Productor: BUENOS AIRES<br>_Depto__Productor: Chascomus"},"styleUrl":"#icon-1899-DB4436","icon-opacity":1,"icon-color":"#db4436","icon-scale":1,"icon-offset":[32,64],"icon-offset-units":["pixels","insetPixels"],"icon":"https://www.gstatic.com/mapspro/images/stock/503-wht-blank_maps.png","descripción":"","Nº_Apiario":"B707-6","_Cant__Colmenas":50,"_Provincia":"BUENOS AIRES","_Departamento":"Chascomus","_Latitud":-35.5423,"_Longitud":-57.748,"_Cuit":"2.02096e+10","_Razón_Social":"SARENA FABIAN ORLANDO","_Prov__Productor":"BUENOS AIRES","_Depto__Productor":"Chascomus"}},{"type":"Feature","geometry":{"type":"Point","coordinates":[-57.752948,-35.534382,0]},"properties":{"description":{"@type":"html","value":"descripción: <br>Nº_Apiario: B707-9<br>_Cant__Colmenas: 50<br>_Provincia: BUENOS AIRES<br>_Departamento: Chascomus<br>_Latitud: -35.5344<br>_Longitud: -57.7529<br>_Cuit: 2.02096e+10<br>_Razón_Social: SARENA FABIAN ORLANDO<br>_Prov__Productor: BUENOS AIRES<br>_Depto__Productor: Chascomus"},"styleUrl":"#icon-1899-DB4436","icon-opacity":1,"icon-color":"#db4436","icon-scale":1,"icon-offset":[32,64],"icon-offset-units":["pixels","insetPixels"],"icon":"https://www.gstatic.com/mapspro/images/stock/503-wht-blank_maps.png","descripción":"","Nº_Apiario":"B707-9","_Cant__Colmenas":50,"_Provincia":"BUENOS AIRES","_Departamento":"Chascomus","_Latitud":-35.5344,"_Longitud":-57.7529,"_Cuit":"2.02096e+10","_Razón_Social":"SARENA FABIAN ORLANDO","_Prov__Productor":"BUENOS AIRES","_Depto__Productor":"Chascomus"}},{"type":"Feature","geometry":{"type":"Point","coordinates":[-57.719225,-35.556241,0]},"properties":{"description":{"@type":"html","value":"descripción: <br>Nº_Apiario: B707-11<br>_Cant__Colmenas: 45<br>_Provincia: BUENOS AIRES<br>_Departamento: Chascomus<br>_Latitud: -35.5562<br>_Longitud: -57.7192<br>_Cuit: 2.02096e+10<br>_Razón_Social: SARENA FABIAN ORLANDO<br>_Prov__Productor: BUENOS AIRES<br>_Depto__Productor: Chascomus"},"styleUrl":"#icon-1899-DB4436","icon-opacity":1,"icon-color":"#db4436","icon-scale":1,"icon-offset":[32,64],"icon-offset-units":["pixels","insetPixels"],"icon":"https://www.gstatic.com/mapspro/images/stock/503-wht-blank_maps.png","descripción":"","Nº_Apiario":"B707-11","_Cant__Colmenas":45,"_Provincia":"BUENOS AIRES","_Departamento":"Chascomus","_Latitud":-35.5562,"_Longitud":-57.7192,"_Cuit":"2.02096e+10","_Razón_Social":"SARENA FABIAN ORLANDO","_Prov__Productor":"BUENOS AIRES","_Depto__Productor":"Chascomus"}},{"type":"Feature","geometry":{"type":"Point","coordinates":[-57.727824,-35.567122,0]},"properties":{"description":{"@type":"html","value":"descripción: <br>Nº_Apiario: B707-13<br>_Cant__Colmenas: 50<br>_Provincia: BUENOS AIRES<br>_Departamento: Chascomus<br>_Latitud: -35.5671<br>_Longitud: -57.7278<br>_Cuit: 2.02096e+10<br>_Razón_Social: SARENA FABIAN ORLANDO<br>_Prov__Productor: BUENOS AIRES<br>_Depto__Productor: Chascomus"},"styleUrl":"#icon-1899-DB4436","icon-opacity":1,"icon-color":"#db4436","icon-scale":1,"icon-offset":[32,64],"icon-offset-units":["pixels","insetPixels"],"icon":"https://www.gstatic.com/mapspro/images/stock/503-wht-blank_maps.png","descripción":"","Nº_Apiario":"B707-13","_Cant__Colmenas":50,"_Provincia":"BUENOS AIRES","_Departamento":"Chascomus","_Latitud":-35.5671,"_Longitud":-57.7278,"_Cuit":"2.02096e+10","_Razón_Social":"SARENA FABIAN ORLANDO","_Prov__Productor":"BUENOS AIRES","_Depto__Productor":"Chascomus"}},{"type":"Feature","geometry":{"type":"Point","coordinates":[-57.665619,-35.541625,0]},"properties":{"description":{"@type":"html","value":"descripción: <br>Nº_Apiario: B707-16<br>_Cant__Colmenas: 50<br>_Provincia: BUENOS AIRES<br>_Departamento: Chascomus<br>_Latitud: -35.5416<br>_Longitud: -57.6656<br>_Cuit: 2.02096e+10<br>_Razón_Social: SARENA FABIAN ORLANDO<br>_Prov__Productor: BUENOS AIRES<br>_Depto__Productor: Chascomus"},"styleUrl":"#icon-1899-DB4436","icon-opacity":1,"icon-color":"#db4436","icon-scale":1,"icon-offset":[32,64],"icon-offset-units":["pixels","insetPixels"],"icon":"https://www.gstatic.com/mapspro/images/stock/503-wht-blank_maps.png","descripción":"","Nº_Apiario":"B707-16","_Cant__Colmenas":50,"_Provincia":"BUENOS AIRES","_Departamento":"Chascomus","_Latitud":-35.5416,"_Longitud":-57.6656,"_Cuit":"2.02096e+10","_Razón_Social":"SARENA FABIAN ORLANDO","_Prov__Productor":"BUENOS AIRES","_Depto__Productor":"Chascomus"}},{"type":"Feature","geometry":{"type":"Point","coordinates":[-57.581997,-35.507283,0]},"properties":{"description":{"@type":"html","value":"descripción: <br>Nº_Apiario: B707-17<br>_Cant__Colmenas: 50<br>_Provincia: BUENOS AIRES<br>_Departamento: Chascomus<br>_Latitud: -35.5073<br>_Longitud: -57.582<br>_Cuit: 2.02096e+10<br>_Razón_Social: SARENA FABIAN ORLANDO<br>_Prov__Productor: BUENOS AIRES<br>_Depto__Productor: Chascomus"},"styleUrl":"#icon-1899-DB4436","icon-opacity":1,"icon-color":"#db4436","icon-scale":1,"icon-offset":[32,64],"icon-offset-units":["pixels","insetPixels"],"icon":"https://www.gstatic.com/mapspro/images/stock/503-wht-blank_maps.png","descripción":"","Nº_Apiario":"B707-17","_Cant__Colmenas":50,"_Provincia":"BUENOS AIRES","_Departamento":"Chascomus","_Latitud":-35.5073,"_Longitud":-57.582,"_Cuit":"2.02096e+10","_Razón_Social":"SARENA FABIAN ORLANDO","_Prov__Productor":"BUENOS AIRES","_Depto__Productor":"Chascomus"}},{"type":"Feature","geometry":{"type":"Point","coordinates":[-57.565966,-35.493143,0]},"properties":{"description":{"@type":"html","value":"descripción: <br>Nº_Apiario: B707-18<br>_Cant__Colmenas: 40<br>_Provincia: BUENOS AIRES<br>_Departamento: Chascomus<br>_Latitud: -35.4931<br>_Longitud: -57.566<br>_Cuit: 2.02096e+10<br>_Razón_Social: SARENA FABIAN ORLANDO<br>_Prov__Productor: BUENOS AIRES<br>_Depto__Productor: Chascomus"},"styleUrl":"#icon-1899-DB4436","icon-opacity":1,"icon-color":"#db4436","icon-scale":1,"icon-offset":[32,64],"icon-offset-units":["pixels","insetPixels"],"icon":"https://www.gstatic.com/mapspro/images/stock/503-wht-blank_maps.png","descripción":"","Nº_Apiario":"B707-18","_Cant__Colmenas":40,"_Provincia":"BUENOS AIRES","_Departamento":"Chascomus","_Latitud":-35.4931,"_Longitud":-57.566,"_Cuit":"2.02096e+10","_Razón_Social":"SARENA FABIAN ORLANDO","_Prov__Productor":"BUENOS AIRES","_Depto__Productor":"Chascomus"}},{"type":"Feature","geometry":{"type":"Point","coordinates":[-57.510959,-35.54787,0]},"properties":{"description":{"@type":"html","value":"descripción: <br>Nº_Apiario: B707-19<br>_Cant__Colmenas: 50<br>_Provincia: BUENOS AIRES<br>_Departamento: Chascomus<br>_Latitud: -35.5479<br>_Longitud: -57.511<br>_Cuit: 2.02096e+10<br>_Razón_Social: SARENA FABIAN ORLANDO<br>_Prov__Productor: BUENOS AIRES<br>_Depto__Productor: Chascomus"},"styleUrl":"#icon-1899-DB4436","icon-opacity":1,"icon-color":"#db4436","icon-scale":1,"icon-offset":[32,64],"icon-offset-units":["pixels","insetPixels"],"icon":"https://www.gstatic.com/mapspro/images/stock/503-wht-blank_maps.png","descripción":"","Nº_Apiario":"B707-19","_Cant__Colmenas":50,"_Provincia":"BUENOS AIRES","_Departamento":"Chascomus","_Latitud":-35.5479,"_Longitud":-57.511,"_Cuit":"2.02096e+10","_Razón_Social":"SARENA FABIAN ORLANDO","_Prov__Productor":"BUENOS AIRES","_Depto__Productor":"Chascomus"}},{"type":"Feature","geometry":{"type":"Point","coordinates":[-57.689046,-35.576786,0]},"properties":{"description":{"@type":"html","value":"descripción: <br>Nº_Apiario: B707-20<br>_Cant__Colmenas: 40<br>_Provincia: BUENOS AIRES<br>_Departamento: Chascomus<br>_Latitud: -35.5768<br>_Longitud: -57.689<br>_Cuit: 2.02096e+10<br>_Razón_Social: SARENA FABIAN ORLANDO<br>_Prov__Productor: BUENOS AIRES<br>_Depto__Productor: Chascomus"},"styleUrl":"#icon-1899-DB4436","icon-opacity":1,"icon-color":"#db4436","icon-scale":1,"icon-offset":[32,64],"icon-offset-units":["pixels","insetPixels"],"icon":"https://www.gstatic.com/mapspro/images/stock/503-wht-blank_maps.png","descripción":"","Nº_Apiario":"B707-20","_Cant__Colmenas":40,"_Provincia":"BUENOS AIRES","_Departamento":"Chascomus","_Latitud":-35.5768,"_Longitud":-57.689,"_Cuit":"2.02096e+10","_Razón_Social":"SARENA FABIAN ORLANDO","_Prov__Productor":"BUENOS AIRES","_Depto__Productor":"Chascomus"}},{"type":"Feature","geometry":{"type":"Point","coordinates":[-57.510178,-35.632184,0]},"properties":{"description":{"@type":"html","value":"descripción: <br>Nº_Apiario: B707-24<br>_Cant__Colmenas: 50<br>_Provincia: BUENOS AIRES<br>_Departamento: Chascomus<br>_Latitud: -35.6322<br>_Longitud: -57.5102<br>_Cuit: 2.02096e+10<br>_Razón_Social: SARENA FABIAN ORLANDO<br>_Prov__Productor: BUENOS AIRES<br>_Depto__Productor: Chascomus"},"styleUrl":"#icon-1899-DB4436","icon-opacity":1,"icon-color":"#db4436","icon-scale":1,"icon-offset":[32,64],"icon-offset-units":["pixels","insetPixels"],"icon":"https://www.gstatic.com/mapspro/images/stock/503-wht-blank_maps.png","descripción":"","Nº_Apiario":"B707-24","_Cant__Colmenas":50,"_Provincia":"BUENOS AIRES","_Departamento":"Chascomus","_Latitud":-35.6322,"_Longitud":-57.5102,"_Cuit":"2.02096e+10","_Razón_Social":"SARENA FABIAN ORLANDO","_Prov__Productor":"BUENOS AIRES","_Depto__Productor":"Chascomus"}},{"type":"Feature","geometry":{"type":"Point","coordinates":[-57.498593,-35.632306,0]},"properties":{"description":{"@type":"html","value":"descripción: <br>Nº_Apiario: B707-25<br>_Cant__Colmenas: 50<br>_Provincia: BUENOS AIRES<br>_Departamento: Chascomus<br>_Latitud: -35.6323<br>_Longitud: -57.4986<br>_Cuit: 2.02096e+10<br>_Razón_Social: SARENA FABIAN ORLANDO<br>_Prov__Productor: BUENOS AIRES<br>_Depto__Productor: Chascomus"},"styleUrl":"#icon-1899-DB4436","icon-opacity":1,"icon-color":"#db4436","icon-scale":1,"icon-offset":[32,64],"icon-offset-units":["pixels","insetPixels"],"icon":"https://www.gstatic.com/mapspro/images/stock/503-wht-blank_maps.png","descripción":"","Nº_Apiario":"B707-25","_Cant__Colmenas":50,"_Provincia":"BUENOS AIRES","_Departamento":"Chascomus","_Latitud":-35.6323,"_Longitud":-57.4986,"_Cuit":"2.02096e+10","_Razón_Social":"SARENA FABIAN ORLANDO","_Prov__Productor":"BUENOS AIRES","_Depto__Productor":"Chascomus"}},{"type":"Feature","geometry":{"type":"Point","coordinates":[-57.468627,-35.632479,0]},"properties":{"description":{"@type":"html","value":"descripción: <br>Nº_Apiario: B707-26<br>_Cant__Colmenas: 50<br>_Provincia: BUENOS AIRES<br>_Departamento: Chascomus<br>_Latitud: -35.6325<br>_Longitud: -57.4686<br>_Cuit: 2.02096e+10<br>_Razón_Social: SARENA FABIAN ORLANDO<br>_Prov__Productor: BUENOS AIRES<br>_Depto__Productor: Chascomus"},"styleUrl":"#icon-1899-DB4436","icon-opacity":1,"icon-color":"#db4436","icon-scale":1,"icon-offset":[32,64],"icon-offset-units":["pixels","insetPixels"],"icon":"https://www.gstatic.com/mapspro/images/stock/503-wht-blank_maps.png","descripción":"","Nº_Apiario":"B707-26","_Cant__Colmenas":50,"_Provincia":"BUENOS AIRES","_Departamento":"Chascomus","_Latitud":-35.6325,"_Longitud":-57.4686,"_Cuit":"2.02096e+10","_Razón_Social":"SARENA FABIAN ORLANDO","_Prov__Productor":"BUENOS AIRES","_Depto__Productor":"Chascomus"}},{"type":"Feature","geometry":{"type":"Point","coordinates":[-57.621617,-35.68941,0]},"properties":{"description":{"@type":"html","value":"descripción: <br>Nº_Apiario: B707-27<br>_Cant__Colmenas: 50<br>_Provincia: BUENOS AIRES<br>_Departamento: Chascomus<br>_Latitud: -35.6894<br>_Longitud: -57.6216<br>_Cuit: 2.02096e+10<br>_Razón_Social: SARENA FABIAN ORLANDO<br>_Prov__Productor: BUENOS AIRES<br>_Depto__Productor: Chascomus"},"styleUrl":"#icon-1899-DB4436","icon-opacity":1,"icon-color":"#db4436","icon-scale":1,"icon-offset":[32,64],"icon-offset-units":["pixels","insetPixels"],"icon":"https://www.gstatic.com/mapspro/images/stock/503-wht-blank_maps.png","descripción":"","Nº_Apiario":"B707-27","_Cant__Colmenas":50,"_Provincia":"BUENOS AIRES","_Departamento":"Chascomus","_Latitud":-35.6894,"_Longitud":-57.6216,"_Cuit":"2.02096e+10","_Razón_Social":"SARENA FABIAN ORLANDO","_Prov__Productor":"BUENOS AIRES","_Depto__Productor":"Chascomus"}},{"type":"Feature","geometry":{"type":"Point","coordinates":[-57.410991,-35.740134,0]},"properties":{"description":{"@type":"html","value":"descripción: <br>Nº_Apiario: B707-29<br>_Cant__Colmenas: 50<br>_Provincia: BUENOS AIRES<br>_Departamento: Chascomus<br>_Latitud: -35.7401<br>_Longitud: -57.411<br>_Cuit: 2.02096e+10<br>_Razón_Social: SARENA FABIAN ORLANDO<br>_Prov__Productor: BUENOS AIRES<br>_Depto__Productor: Chascomus"},"styleUrl":"#icon-1899-DB4436","icon-opacity":1,"icon-color":"#db4436","icon-scale":1,"icon-offset":[32,64],"icon-offset-units":["pixels","insetPixels"],"icon":"https://www.gstatic.com/mapspro/images/stock/503-wht-blank_maps.png","descripción":"","Nº_Apiario":"B707-29","_Cant__Colmenas":50,"_Provincia":"BUENOS AIRES","_Departamento":"Chascomus","_Latitud":-35.7401,"_Longitud":-57.411,"_Cuit":"2.02096e+10","_Razón_Social":"SARENA FABIAN ORLANDO","_Prov__Productor":"BUENOS AIRES","_Depto__Productor":"Chascomus"}},{"type":"Feature","geometry":{"type":"Point","coordinates":[-57.423789,-35.741755,0]},"properties":{"description":{"@type":"html","value":"descripción: <br>Nº_Apiario: B707-28<br>_Cant__Colmenas: 50<br>_Provincia: BUENOS AIRES<br>_Departamento: Chascomus<br>_Latitud: -35.7418<br>_Longitud: -57.4238<br>_Cuit: 2.02096e+10<br>_Razón_Social: SARENA FABIAN ORLANDO<br>_Prov__Productor: BUENOS AIRES<br>_Depto__Productor: Chascomus"},"styleUrl":"#icon-1899-DB4436","icon-opacity":1,"icon-color":"#db4436","icon-scale":1,"icon-offset":[32,64],"icon-offset-units":["pixels","insetPixels"],"icon":"https://www.gstatic.com/mapspro/images/stock/503-wht-blank_maps.png","descripción":"","Nº_Apiario":"B707-28","_Cant__Colmenas":50,"_Provincia":"BUENOS AIRES","_Departamento":"Chascomus","_Latitud":-35.7418,"_Longitud":-57.4238,"_Cuit":"2.02096e+10","_Razón_Social":"SARENA FABIAN ORLANDO","_Prov__Productor":"BUENOS AIRES","_Depto__Productor":"Chascomus"}},{"type":"Feature","geometry":{"type":"Point","coordinates":[-57.43236,-35.744385,0]},"properties":{"description":{"@type":"html","value":"descripción: <br>Nº_Apiario: B707-30<br>_Cant__Colmenas: 50<br>_Provincia: BUENOS AIRES<br>_Departamento: Chascomus<br>_Latitud: -35.7444<br>_Longitud: -57.4324<br>_Cuit: 2.02096e+10<br>_Razón_Social: SARENA FABIAN ORLANDO<br>_Prov__Productor: BUENOS AIRES<br>_Depto__Productor: Chascomus"},"styleUrl":"#icon-1899-DB4436","icon-opacity":1,"icon-color":"#db4436","icon-scale":1,"icon-offset":[32,64],"icon-offset-units":["pixels","insetPixels"],"icon":"https://www.gstatic.com/mapspro/images/stock/503-wht-blank_maps.png","descripción":"","Nº_Apiario":"B707-30","_Cant__Colmenas":50,"_Provincia":"BUENOS AIRES","_Departamento":"Chascomus","_Latitud":-35.7444,"_Longitud":-57.4324,"_Cuit":"2.02096e+10","_Razón_Social":"SARENA FABIAN ORLANDO","_Prov__Productor":"BUENOS AIRES","_Depto__Productor":"Chascomus"}},{"type":"Feature","geometry":{"type":"Point","coordinates":[-57.418664,-35.764013,0]},"properties":{"description":{"@type":"html","value":"descripción: <br>Nº_Apiario: B707-31<br>_Cant__Colmenas: 50<br>_Provincia: BUENOS AIRES<br>_Departamento: Chascomus<br>_Latitud: -35.764<br>_Longitud: -57.4187<br>_Cuit: 2.02096e+10<br>_Razón_Social: SARENA FABIAN ORLANDO<br>_Prov__Productor: BUENOS AIRES<br>_Depto__Productor: Chascomus"},"styleUrl":"#icon-1899-DB4436","icon-opacity":1,"icon-color":"#db4436","icon-scale":1,"icon-offset":[32,64],"icon-offset-units":["pixels","insetPixels"],"icon":"https://www.gstatic.com/mapspro/images/stock/503-wht-blank_maps.png","descripción":"","Nº_Apiario":"B707-31","_Cant__Colmenas":50,"_Provincia":"BUENOS AIRES","_Departamento":"Chascomus","_Latitud":-35.764,"_Longitud":-57.4187,"_Cuit":"2.02096e+10","_Razón_Social":"SARENA FABIAN ORLANDO","_Prov__Productor":"BUENOS AIRES","_Depto__Productor":"Chascomus"}},{"type":"Feature","geometry":{"type":"Point","coordinates":[-57.91048,-35.496386,0]},"properties":{"description":{"@type":"html","value":"descripción: <br>Nº_Apiario: B2238-1<br>_Cant__Colmenas: 100<br>_Provincia: BUENOS AIRES<br>_Departamento: Chascomus<br>_Latitud: -35.4964<br>_Longitud: -57.9105<br>_Cuit: 2.02662e+10<br>_Razón_Social: ATELA SERGIO ANDRES<br>_Prov__Productor: BUENOS AIRES<br>_Depto__Productor: Chascomus"},"styleUrl":"#icon-1899-DB4436","icon-opacity":1,"icon-color":"#db4436","icon-scale":1,"icon-offset":[32,64],"icon-offset-units":["pixels","insetPixels"],"icon":"https://www.gstatic.com/mapspro/images/stock/503-wht-blank_maps.png","descripción":"","Nº_Apiario":"B2238-1","_Cant__Colmenas":100,"_Provincia":"BUENOS AIRES","_Departamento":"Chascomus","_Latitud":-35.4964,"_Longitud":-57.9105,"_Cuit":"2.02662e+10","_Razón_Social":"ATELA SERGIO ANDRES","_Prov__Productor":"BUENOS AIRES","_Depto__Productor":"Chascomus"}},{"type":"Feature","geometry":{"type":"Point","coordinates":[-57.864861,-35.476171,0]},"properties":{"description":{"@type":"html","value":"descripción: <br>Nº_Apiario: B2238-2<br>_Cant__Colmenas: 50<br>_Provincia: BUENOS AIRES<br>_Departamento: Chascomus<br>_Latitud: -35.4762<br>_Longitud: -57.8649<br>_Cuit: 2.02662e+10<br>_Razón_Social: ATELA SERGIO ANDRES<br>_Prov__Productor: BUENOS AIRES<br>_Depto__Productor: Chascomus"},"styleUrl":"#icon-1899-DB4436","icon-opacity":1,"icon-color":"#db4436","icon-scale":1,"icon-offset":[32,64],"icon-offset-units":["pixels","insetPixels"],"icon":"https://www.gstatic.com/mapspro/images/stock/503-wht-blank_maps.png","descripción":"","Nº_Apiario":"B2238-2","_Cant__Colmenas":50,"_Provincia":"BUENOS AIRES","_Departamento":"Chascomus","_Latitud":-35.4762,"_Longitud":-57.8649,"_Cuit":"2.02662e+10","_Razón_Social":"ATELA SERGIO ANDRES","_Prov__Productor":"BUENOS AIRES","_Depto__Productor":"Chascomus"}},{"type":"Feature","geometry":{"type":"Point","coordinates":[-57.884988,-35.446406,0]},"properties":{"description":{"@type":"html","value":"descripción: <br>Nº_Apiario: B2238-3<br>_Cant__Colmenas: 50<br>_Provincia: BUENOS AIRES<br>_Departamento: Chascomus<br>_Latitud: -35.4464<br>_Longitud: -57.885<br>_Cuit: 2.02662e+10<br>_Razón_Social: ATELA SERGIO ANDRES<br>_Prov__Productor: BUENOS AIRES<br>_Depto__Productor: Chascomus"},"styleUrl":"#icon-1899-DB4436","icon-opacity":1,"icon-color":"#db4436","icon-scale":1,"icon-offset":[32,64],"icon-offset-units":["pixels","insetPixels"],"icon":"https://www.gstatic.com/mapspro/images/stock/503-wht-blank_maps.png","descripción":"","Nº_Apiario":"B2238-3","_Cant__Colmenas":50,"_Provincia":"BUENOS AIRES","_Departamento":"Chascomus","_Latitud":-35.4464,"_Longitud":-57.885,"_Cuit":"2.02662e+10","_Razón_Social":"ATELA SERGIO ANDRES","_Prov__Productor":"BUENOS AIRES","_Depto__Productor":"Chascomus"}},{"type":"Feature","geometry":{"type":"Point","coordinates":[-57.764632,-35.493346,0]},"properties":{"description":{"@type":"html","value":"descripción: <br>Nº_Apiario: B2238-4<br>_Cant__Colmenas: 40<br>_Provincia: BUENOS AIRES<br>_Departamento: Chascomus<br>_Latitud: -35.4933<br>_Longitud: -57.7646<br>_Cuit: 2.02662e+10<br>_Razón_Social: ATELA SERGIO ANDRES<br>_Prov__Productor: BUENOS AIRES<br>_Depto__Productor: Chascomus"},"styleUrl":"#icon-1899-DB4436","icon-opacity":1,"icon-color":"#db4436","icon-scale":1,"icon-offset":[32,64],"icon-offset-units":["pixels","insetPixels"],"icon":"https://www.gstatic.com/mapspro/images/stock/503-wht-blank_maps.png","descripción":"","Nº_Apiario":"B2238-4","_Cant__Colmenas":40,"_Provincia":"BUENOS AIRES","_Departamento":"Chascomus","_Latitud":-35.4933,"_Longitud":-57.7646,"_Cuit":"2.02662e+10","_Razón_Social":"ATELA SERGIO ANDRES","_Prov__Productor":"BUENOS AIRES","_Depto__Productor":"Chascomus"}},{"type":"Feature","geometry":{"type":"Point","coordinates":[-57.775855,-35.483212,0]},"properties":{"description":{"@type":"html","value":"descripción: <br>Nº_Apiario: B2238-5<br>_Cant__Colmenas: 40<br>_Provincia: BUENOS AIRES<br>_Departamento: Chascomus<br>_Latitud: -35.4832<br>_Longitud: -57.7759<br>_Cuit: 2.02662e+10<br>_Razón_Social: ATELA SERGIO ANDRES<br>_Prov__Productor: BUENOS AIRES<br>_Depto__Productor: Chascomus"},"styleUrl":"#icon-1899-DB4436","icon-opacity":1,"icon-color":"#db4436","icon-scale":1,"icon-offset":[32,64],"icon-offset-units":["pixels","insetPixels"],"icon":"https://www.gstatic.com/mapspro/images/stock/503-wht-blank_maps.png","descripción":"","Nº_Apiario":"B2238-5","_Cant__Colmenas":40,"_Provincia":"BUENOS AIRES","_Departamento":"Chascomus","_Latitud":-35.4832,"_Longitud":-57.7759,"_Cuit":"2.02662e+10","_Razón_Social":"ATELA SERGIO ANDRES","_Prov__Productor":"BUENOS AIRES","_Depto__Productor":"Chascomus"}},{"type":"Feature","geometry":{"type":"Point","coordinates":[-57.587842,-35.57189,0]},"properties":{"description":{"@type":"html","value":"descripción: <br>Nº_Apiario: B2238-12<br>_Cant__Colmenas: 30<br>_Provincia: BUENOS AIRES<br>_Departamento: Chascomus<br>_Latitud: -35.5719<br>_Longitud: -57.5878<br>_Cuit: 2.02662e+10<br>_Razón_Social: ATELA SERGIO ANDRES<br>_Prov__Productor: BUENOS AIRES<br>_Depto__Productor: Chascomus"},"styleUrl":"#icon-1899-DB4436","icon-opacity":1,"icon-color":"#db4436","icon-scale":1,"icon-offset":[32,64],"icon-offset-units":["pixels","insetPixels"],"icon":"https://www.gstatic.com/mapspro/images/stock/503-wht-blank_maps.png","descripción":"","Nº_Apiario":"B2238-12","_Cant__Colmenas":30,"_Provincia":"BUENOS AIRES","_Departamento":"Chascomus","_Latitud":-35.5719,"_Longitud":-57.5878,"_Cuit":"2.02662e+10","_Razón_Social":"ATELA SERGIO ANDRES","_Prov__Productor":"BUENOS AIRES","_Depto__Productor":"Chascomus"}},{"type":"Feature","geometry":{"type":"Point","coordinates":[-57.551708,-35.607417,0]},"properties":{"description":{"@type":"html","value":"descripción: <br>Nº_Apiario: B2238-13<br>_Cant__Colmenas: 30<br>_Provincia: BUENOS AIRES<br>_Departamento: Chascomus<br>_Latitud: -35.6074<br>_Longitud: -57.5517<br>_Cuit: 2.02662e+10<br>_Razón_Social: ATELA SERGIO ANDRES<br>_Prov__Productor: BUENOS AIRES<br>_Depto__Productor: Chascomus"},"styleUrl":"#icon-1899-DB4436","icon-opacity":1,"icon-color":"#db4436","icon-scale":1,"icon-offset":[32,64],"icon-offset-units":["pixels","insetPixels"],"icon":"https://www.gstatic.com/mapspro/images/stock/503-wht-blank_maps.png","descripción":"","Nº_Apiario":"B2238-13","_Cant__Colmenas":30,"_Provincia":"BUENOS AIRES","_Departamento":"Chascomus","_Latitud":-35.6074,"_Longitud":-57.5517,"_Cuit":"2.02662e+10","_Razón_Social":"ATELA SERGIO ANDRES","_Prov__Productor":"BUENOS AIRES","_Depto__Productor":"Chascomus"}},{"type":"Feature","geometry":{"type":"Point","coordinates":[-58.093986,-35.450881,0]},"properties":{"description":{"@type":"html","value":"descripción: <br>Nº_Apiario: B2238-14<br>_Cant__Colmenas: 30<br>_Provincia: BUENOS AIRES<br>_Departamento: Chascomus<br>_Latitud: -35.4509<br>_Longitud: -58.094<br>_Cuit: 2.02662e+10<br>_Razón_Social: ATELA SERGIO ANDRES<br>_Prov__Productor: BUENOS AIRES<br>_Depto__Productor: Chascomus"},"styleUrl":"#icon-1899-DB4436","icon-opacity":1,"icon-color":"#db4436","icon-scale":1,"icon-offset":[32,64],"icon-offset-units":["pixels","insetPixels"],"icon":"https://www.gstatic.com/mapspro/images/stock/503-wht-blank_maps.png","descripción":"","Nº_Apiario":"B2238-14","_Cant__Colmenas":30,"_Provincia":"BUENOS AIRES","_Departamento":"Chascomus","_Latitud":-35.4509,"_Longitud":-58.094,"_Cuit":"2.02662e+10","_Razón_Social":"ATELA SERGIO ANDRES","_Prov__Productor":"BUENOS AIRES","_Depto__Productor":"Chascomus"}},{"type":"Feature","geometry":{"type":"Point","coordinates":[-58.11098,-35.457314,0]},"properties":{"description":{"@type":"html","value":"descripción: <br>Nº_Apiario: B2238-15<br>_Cant__Colmenas: 30<br>_Provincia: BUENOS AIRES<br>_Departamento: Chascomus<br>_Latitud: -35.4573<br>_Longitud: -58.111<br>_Cuit: 2.02662e+10<br>_Razón_Social: ATELA SERGIO ANDRES<br>_Prov__Productor: BUENOS AIRES<br>_Depto__Productor: Chascomus"},"styleUrl":"#icon-1899-DB4436","icon-opacity":1,"icon-color":"#db4436","icon-scale":1,"icon-offset":[32,64],"icon-offset-units":["pixels","insetPixels"],"icon":"https://www.gstatic.com/mapspro/images/stock/503-wht-blank_maps.png","descripción":"","Nº_Apiario":"B2238-15","_Cant__Colmenas":30,"_Provincia":"BUENOS AIRES","_Departamento":"Chascomus","_Latitud":-35.4573,"_Longitud":-58.111,"_Cuit":"2.02662e+10","_Razón_Social":"ATELA SERGIO ANDRES","_Prov__Productor":"BUENOS AIRES","_Depto__Productor":"Chascomus"}},{"type":"Feature","geometry":{"type":"Point","coordinates":[-58.054332,-35.424308,0]},"properties":{"description":{"@type":"html","value":"descripción: <br>Nº_Apiario: B2238-16<br>_Cant__Colmenas: 20<br>_Provincia: BUENOS AIRES<br>_Departamento: Chascomus<br>_Latitud: -35.4243<br>_Longitud: -58.0543<br>_Cuit: 2.02662e+10<br>_Razón_Social: ATELA SERGIO ANDRES<br>_Prov__Productor: BUENOS AIRES<br>_Depto__Productor: Chascomus"},"styleUrl":"#icon-1899-DB4436","icon-opacity":1,"icon-color":"#db4436","icon-scale":1,"icon-offset":[32,64],"icon-offset-units":["pixels","insetPixels"],"icon":"https://www.gstatic.com/mapspro/images/stock/503-wht-blank_maps.png","descripción":"","Nº_Apiario":"B2238-16","_Cant__Colmenas":20,"_Provincia":"BUENOS AIRES","_Departamento":"Chascomus","_Latitud":-35.4243,"_Longitud":-58.0543,"_Cuit":"2.02662e+10","_Razón_Social":"ATELA SERGIO ANDRES","_Prov__Productor":"BUENOS AIRES","_Depto__Productor":"Chascomus"}},{"type":"Feature","geometry":{"type":"Point","coordinates":[-58.103213,-35.485029,0]},"properties":{"description":{"@type":"html","value":"descripción: <br>Nº_Apiario: B2238-17<br>_Cant__Colmenas: 20<br>_Provincia: BUENOS AIRES<br>_Departamento: Chascomus<br>_Latitud: -35.485<br>_Longitud: -58.1032<br>_Cuit: 2.02662e+10<br>_Razón_Social: ATELA SERGIO ANDRES<br>_Prov__Productor: BUENOS AIRES<br>_Depto__Productor: Chascomus"},"styleUrl":"#icon-1899-DB4436","icon-opacity":1,"icon-color":"#db4436","icon-scale":1,"icon-offset":[32,64],"icon-offset-units":["pixels","insetPixels"],"icon":"https://www.gstatic.com/mapspro/images/stock/503-wht-blank_maps.png","descripción":"","Nº_Apiario":"B2238-17","_Cant__Colmenas":20,"_Provincia":"BUENOS AIRES","_Departamento":"Chascomus","_Latitud":-35.485,"_Longitud":-58.1032,"_Cuit":"2.02662e+10","_Razón_Social":"ATELA SERGIO ANDRES","_Prov__Productor":"BUENOS AIRES","_Depto__Productor":"Chascomus"}},{"type":"Feature","geometry":{"type":"Point","coordinates":[-58.093085,-35.487406,0]},"properties":{"description":{"@type":"html","value":"descripción: <br>Nº_Apiario: B2238-18<br>_Cant__Colmenas: 20<br>_Provincia: BUENOS AIRES<br>_Departamento: Chascomus<br>_Latitud: -35.4874<br>_Longitud: -58.0931<br>_Cuit: 2.02662e+10<br>_Razón_Social: ATELA SERGIO ANDRES<br>_Prov__Productor: BUENOS AIRES<br>_Depto__Productor: Chascomus"},"styleUrl":"#icon-1899-DB4436","icon-opacity":1,"icon-color":"#db4436","icon-scale":1,"icon-offset":[32,64],"icon-offset-units":["pixels","insetPixels"],"icon":"https://www.gstatic.com/mapspro/images/stock/503-wht-blank_maps.png","descripción":"","Nº_Apiario":"B2238-18","_Cant__Colmenas":20,"_Provincia":"BUENOS AIRES","_Departamento":"Chascomus","_Latitud":-35.4874,"_Longitud":-58.0931,"_Cuit":"2.02662e+10","_Razón_Social":"ATELA SERGIO ANDRES","_Prov__Productor":"BUENOS AIRES","_Depto__Productor":"Chascomus"}},{"type":"Feature","geometry":{"type":"Point","coordinates":[-58.171663,-35.500159,0]},"properties":{"description":{"@type":"html","value":"descripción: <br>Nº_Apiario: B2238-19<br>_Cant__Colmenas: 20<br>_Provincia: BUENOS AIRES<br>_Departamento: Chascomus<br>_Latitud: -35.5002<br>_Longitud: -58.1717<br>_Cuit: 2.02662e+10<br>_Razón_Social: ATELA SERGIO ANDRES<br>_Prov__Productor: BUENOS AIRES<br>_Depto__Productor: Chascomus"},"styleUrl":"#icon-1899-DB4436","icon-opacity":1,"icon-color":"#db4436","icon-scale":1,"icon-offset":[32,64],"icon-offset-units":["pixels","insetPixels"],"icon":"https://www.gstatic.com/mapspro/images/stock/503-wht-blank_maps.png","descripción":"","Nº_Apiario":"B2238-19","_Cant__Colmenas":20,"_Provincia":"BUENOS AIRES","_Departamento":"Chascomus","_Latitud":-35.5002,"_Longitud":-58.1717,"_Cuit":"2.02662e+10","_Razón_Social":"ATELA SERGIO ANDRES","_Prov__Productor":"BUENOS AIRES","_Depto__Productor":"Chascomus"}},{"type":"Feature","geometry":{"type":"Point","coordinates":[-58.003079,-35.575374,0]},"properties":{"description":{"@type":"html","value":"descripción: <br>Nº_Apiario: B2238-13112018<br>_Cant__Colmenas: 1<br>_Provincia: BUENOS AIRES<br>_Departamento: Chascomus<br>_Latitud: -35.5754<br>_Longitud: -58.0031<br>_Cuit: 2.02662e+10<br>_Razón_Social: ATELA SERGIO ANDRES<br>_Prov__Productor: BUENOS AIRES<br>_Depto__Productor: Chascomus"},"styleUrl":"#icon-1899-DB4436","icon-opacity":1,"icon-color":"#db4436","icon-scale":1,"icon-offset":[32,64],"icon-offset-units":["pixels","insetPixels"],"icon":"https://www.gstatic.com/mapspro/images/stock/503-wht-blank_maps.png","descripción":"","Nº_Apiario":"B2238-13112018","_Cant__Colmenas":1,"_Provincia":"BUENOS AIRES","_Departamento":"Chascomus","_Latitud":-35.5754,"_Longitud":-58.0031,"_Cuit":"2.02662e+10","_Razón_Social":"ATELA SERGIO ANDRES","_Prov__Productor":"BUENOS AIRES","_Depto__Productor":"Chascomus"}},{"type":"Feature","geometry":{"type":"Point","coordinates":[-58.112354,-35.752885,0]},"properties":{"description":{"@type":"html","value":"descripción: <br>Nº_Apiario: B50605-3<br>_Cant__Colmenas: 60<br>_Provincia: BUENOS AIRES<br>_Departamento: Chascomus<br>_Latitud: -35.7529<br>_Longitud: -58.1124<br>_Cuit: 2.03184e+10<br>_Razón_Social: LANDA ANDRES DAVID<br>_Prov__Productor: BUENOS AIRES<br>_Depto__Productor: Chascomus"},"styleUrl":"#icon-1899-DB4436","icon-opacity":1,"icon-color":"#db4436","icon-scale":1,"icon-offset":[32,64],"icon-offset-units":["pixels","insetPixels"],"icon":"https://www.gstatic.com/mapspro/images/stock/503-wht-blank_maps.png","descripción":"","Nº_Apiario":"B50605-3","_Cant__Colmenas":60,"_Provincia":"BUENOS AIRES","_Departamento":"Chascomus","_Latitud":-35.7529,"_Longitud":-58.1124,"_Cuit":"2.03184e+10","_Razón_Social":"LANDA ANDRES DAVID","_Prov__Productor":"BUENOS AIRES","_Depto__Productor":"Chascomus"}},{"type":"Feature","geometry":{"type":"Point","coordinates":[-57.528794,-35.712553,0]},"properties":{"description":{"@type":"html","value":"descripción: <br>Nº_Apiario: B50605-5<br>_Cant__Colmenas: 50<br>_Provincia: BUENOS AIRES<br>_Departamento: Chascomus<br>_Latitud: -35.7126<br>_Longitud: -57.5288<br>_Cuit: 2.03184e+10<br>_Razón_Social: LANDA ANDRES DAVID<br>_Prov__Productor: BUENOS AIRES<br>_Depto__Productor: Chascomus"},"styleUrl":"#icon-1899-DB4436","icon-opacity":1,"icon-color":"#db4436","icon-scale":1,"icon-offset":[32,64],"icon-offset-units":["pixels","insetPixels"],"icon":"https://www.gstatic.com/mapspro/images/stock/503-wht-blank_maps.png","descripción":"","Nº_Apiario":"B50605-5","_Cant__Colmenas":50,"_Provincia":"BUENOS AIRES","_Departamento":"Chascomus","_Latitud":-35.7126,"_Longitud":-57.5288,"_Cuit":"2.03184e+10","_Razón_Social":"LANDA ANDRES DAVID","_Prov__Productor":"BUENOS AIRES","_Depto__Productor":"Chascomus"}},{"type":"Feature","geometry":{"type":"Point","coordinates":[-57.506046,-35.791239,0]},"properties":{"description":{"@type":"html","value":"descripción: <br>Nº_Apiario: B50605-1<br>_Cant__Colmenas: 200<br>_Provincia: BUENOS AIRES<br>_Departamento: Chascomus<br>_Latitud: -35.7912<br>_Longitud: -57.506<br>_Cuit: 2.03184e+10<br>_Razón_Social: LANDA ANDRES DAVID<br>_Prov__Productor: BUENOS AIRES<br>_Depto__Productor: Chascomus"},"styleUrl":"#icon-1899-DB4436","icon-opacity":1,"icon-color":"#db4436","icon-scale":1,"icon-offset":[32,64],"icon-offset-units":["pixels","insetPixels"],"icon":"https://www.gstatic.com/mapspro/images/stock/503-wht-blank_maps.png","descripción":"","Nº_Apiario":"B50605-1","_Cant__Colmenas":200,"_Provincia":"BUENOS AIRES","_Departamento":"Chascomus","_Latitud":-35.7912,"_Longitud":-57.506,"_Cuit":"2.03184e+10","_Razón_Social":"LANDA ANDRES DAVID","_Prov__Productor":"BUENOS AIRES","_Depto__Productor":"Chascomus"}},{"type":"Feature","geometry":{"type":"Point","coordinates":[-58.008488,-35.518849,0]},"properties":{"description":{"@type":"html","value":"descripción: <br>Nº_Apiario: B50606-6<br>_Cant__Colmenas: 60<br>_Provincia: BUENOS AIRES<br>_Departamento: Chascomus<br>_Latitud: -35.5188<br>_Longitud: -58.0085<br>_Cuit: 2.02853e+10<br>_Razón_Social: GOMEZ LUCIANO GASTON<br>_Prov__Productor: BUENOS AIRES<br>_Depto__Productor: General Paz"},"styleUrl":"#icon-1899-DB4436","icon-opacity":1,"icon-color":"#db4436","icon-scale":1,"icon-offset":[32,64],"icon-offset-units":["pixels","insetPixels"],"icon":"https://www.gstatic.com/mapspro/images/stock/503-wht-blank_maps.png","descripción":"","Nº_Apiario":"B50606-6","_Cant__Colmenas":60,"_Provincia":"BUENOS AIRES","_Departamento":"Chascomus","_Latitud":-35.5188,"_Longitud":-58.0085,"_Cuit":"2.02853e+10","_Razón_Social":"GOMEZ LUCIANO GASTON","_Prov__Productor":"BUENOS AIRES","_Depto__Productor":"General Paz"}},{"type":"Feature","geometry":{"type":"Point","coordinates":[-58.010848,-35.503268,0]},"properties":{"description":{"@type":"html","value":"descripción: <br>Nº_Apiario: B50606-7<br>_Cant__Colmenas: 30<br>_Provincia: BUENOS AIRES<br>_Departamento: Chascomus<br>_Latitud: -35.5033<br>_Longitud: -58.0108<br>_Cuit: 2.02853e+10<br>_Razón_Social: GOMEZ LUCIANO GASTON<br>_Prov__Productor: BUENOS AIRES<br>_Depto__Productor: General Paz"},"styleUrl":"#icon-1899-DB4436","icon-opacity":1,"icon-color":"#db4436","icon-scale":1,"icon-offset":[32,64],"icon-offset-units":["pixels","insetPixels"],"icon":"https://www.gstatic.com/mapspro/images/stock/503-wht-blank_maps.png","descripción":"","Nº_Apiario":"B50606-7","_Cant__Colmenas":30,"_Provincia":"BUENOS AIRES","_Departamento":"Chascomus","_Latitud":-35.5033,"_Longitud":-58.0108,"_Cuit":"2.02853e+10","_Razón_Social":"GOMEZ LUCIANO GASTON","_Prov__Productor":"BUENOS AIRES","_Depto__Productor":"General Paz"}},{"type":"Feature","geometry":{"type":"Point","coordinates":[-57.833849,-35.540398,0]},"properties":{"description":{"@type":"html","value":"descripción: <br>Nº_Apiario: B50606-8<br>_Cant__Colmenas: 40<br>_Provincia: BUENOS AIRES<br>_Departamento: Chascomus<br>_Latitud: -35.5404<br>_Longitud: -57.8338<br>_Cuit: 2.02853e+10<br>_Razón_Social: GOMEZ LUCIANO GASTON<br>_Prov__Productor: BUENOS AIRES<br>_Depto__Productor: General Paz"},"styleUrl":"#icon-1899-DB4436","icon-opacity":1,"icon-color":"#db4436","icon-scale":1,"icon-offset":[32,64],"icon-offset-units":["pixels","insetPixels"],"icon":"https://www.gstatic.com/mapspro/images/stock/503-wht-blank_maps.png","descripción":"","Nº_Apiario":"B50606-8","_Cant__Colmenas":40,"_Provincia":"BUENOS AIRES","_Departamento":"Chascomus","_Latitud":-35.5404,"_Longitud":-57.8338,"_Cuit":"2.02853e+10","_Razón_Social":"GOMEZ LUCIANO GASTON","_Prov__Productor":"BUENOS AIRES","_Depto__Productor":"General Paz"}},{"type":"Feature","geometry":{"type":"Point","coordinates":[-57.958953,-35.616279,0]},"properties":{"description":{"@type":"html","value":"descripción: <br>Nº_Apiario: B50607-1<br>_Cant__Colmenas: 100<br>_Provincia: BUENOS AIRES<br>_Departamento: Chascomus<br>_Latitud: -35.6163<br>_Longitud: -57.959<br>_Cuit: 2.72001e+10<br>_Razón_Social: IMBERTI ANDREA MARCELA<br>_Prov__Productor: BUENOS AIRES<br>_Depto__Productor: Chascomus"},"styleUrl":"#icon-1899-DB4436","icon-opacity":1,"icon-color":"#db4436","icon-scale":1,"icon-offset":[32,64],"icon-offset-units":["pixels","insetPixels"],"icon":"https://www.gstatic.com/mapspro/images/stock/503-wht-blank_maps.png","descripción":"","Nº_Apiario":"B50607-1","_Cant__Colmenas":100,"_Provincia":"BUENOS AIRES","_Departamento":"Chascomus","_Latitud":-35.6163,"_Longitud":-57.959,"_Cuit":"2.72001e+10","_Razón_Social":"IMBERTI ANDREA MARCELA","_Prov__Productor":"BUENOS AIRES","_Depto__Productor":"Chascomus"}},{"type":"Feature","geometry":{"type":"Point","coordinates":[-58.12462,-35.508838,0]},"properties":{"description":{"@type":"html","value":"descripción: <br>Nº_Apiario: B50607-1<br>_Cant__Colmenas: 35<br>_Provincia: BUENOS AIRES<br>_Departamento: Chascomus<br>_Latitud: -35.5088<br>_Longitud: -58.1246<br>_Cuit: 2.72001e+10<br>_Razón_Social: IMBERTI ANDREA MARCELA<br>_Prov__Productor: BUENOS AIRES<br>_Depto__Productor: Chascomus"},"styleUrl":"#icon-1899-DB4436","icon-opacity":1,"icon-color":"#db4436","icon-scale":1,"icon-offset":[32,64],"icon-offset-units":["pixels","insetPixels"],"icon":"https://www.gstatic.com/mapspro/images/stock/503-wht-blank_maps.png","descripción":"","Nº_Apiario":"B50607-1","_Cant__Colmenas":35,"_Provincia":"BUENOS AIRES","_Departamento":"Chascomus","_Latitud":-35.5088,"_Longitud":-58.1246,"_Cuit":"2.72001e+10","_Razón_Social":"IMBERTI ANDREA MARCELA","_Prov__Productor":"BUENOS AIRES","_Depto__Productor":"Chascomus"}},{"type":"Feature","geometry":{"type":"Point","coordinates":[-58.108271,-35.51776,0]},"properties":{"description":{"@type":"html","value":"descripción: <br>Nº_Apiario: B50607-2<br>_Cant__Colmenas: 35<br>_Provincia: BUENOS AIRES<br>_Departamento: Chascomus<br>_Latitud: -35.5178<br>_Longitud: -58.1083<br>_Cuit: 2.72001e+10<br>_Razón_Social: IMBERTI ANDREA MARCELA<br>_Prov__Productor: BUENOS AIRES<br>_Depto__Productor: Chascomus"},"styleUrl":"#icon-1899-DB4436","icon-opacity":1,"icon-color":"#db4436","icon-scale":1,"icon-offset":[32,64],"icon-offset-units":["pixels","insetPixels"],"icon":"https://www.gstatic.com/mapspro/images/stock/503-wht-blank_maps.png","descripción":"","Nº_Apiario":"B50607-2","_Cant__Colmenas":35,"_Provincia":"BUENOS AIRES","_Departamento":"Chascomus","_Latitud":-35.5178,"_Longitud":-58.1083,"_Cuit":"2.72001e+10","_Razón_Social":"IMBERTI ANDREA MARCELA","_Prov__Productor":"BUENOS AIRES","_Depto__Productor":"Chascomus"}},{"type":"Feature","geometry":{"type":"Point","coordinates":[-58.104517,-35.51554,0]},"properties":{"description":{"@type":"html","value":"descripción: <br>Nº_Apiario: B50607-3<br>_Cant__Colmenas: 35<br>_Provincia: BUENOS AIRES<br>_Departamento: Chascomus<br>_Latitud: -35.5155<br>_Longitud: -58.1045<br>_Cuit: 2.72001e+10<br>_Razón_Social: IMBERTI ANDREA MARCELA<br>_Prov__Productor: BUENOS AIRES<br>_Depto__Productor: Chascomus"},"styleUrl":"#icon-1899-DB4436","icon-opacity":1,"icon-color":"#db4436","icon-scale":1,"icon-offset":[32,64],"icon-offset-units":["pixels","insetPixels"],"icon":"https://www.gstatic.com/mapspro/images/stock/503-wht-blank_maps.png","descripción":"","Nº_Apiario":"B50607-3","_Cant__Colmenas":35,"_Provincia":"BUENOS AIRES","_Departamento":"Chascomus","_Latitud":-35.5155,"_Longitud":-58.1045,"_Cuit":"2.72001e+10","_Razón_Social":"IMBERTI ANDREA MARCELA","_Prov__Productor":"BUENOS AIRES","_Depto__Productor":"Chascomus"}},{"type":"Feature","geometry":{"type":"Point","coordinates":[-58.10901,-35.505363,0]},"properties":{"description":{"@type":"html","value":"descripción: <br>Nº_Apiario: B50607-4<br>_Cant__Colmenas: 30<br>_Provincia: BUENOS AIRES<br>_Departamento: Chascomus<br>_Latitud: -35.5054<br>_Longitud: -58.109<br>_Cuit: 2.72001e+10<br>_Razón_Social: IMBERTI ANDREA MARCELA<br>_Prov__Productor: BUENOS AIRES<br>_Depto__Productor: Chascomus"},"styleUrl":"#icon-1899-DB4436","icon-opacity":1,"icon-color":"#db4436","icon-scale":1,"icon-offset":[32,64],"icon-offset-units":["pixels","insetPixels"],"icon":"https://www.gstatic.com/mapspro/images/stock/503-wht-blank_maps.png","descripción":"","Nº_Apiario":"B50607-4","_Cant__Colmenas":30,"_Provincia":"BUENOS AIRES","_Departamento":"Chascomus","_Latitud":-35.5054,"_Longitud":-58.109,"_Cuit":"2.72001e+10","_Razón_Social":"IMBERTI ANDREA MARCELA","_Prov__Productor":"BUENOS AIRES","_Depto__Productor":"Chascomus"}},{"type":"Feature","geometry":{"type":"Point","coordinates":[-58.072539,-35.498689,0]},"properties":{"description":{"@type":"html","value":"descripción: <br>Nº_Apiario: B50607-5<br>_Cant__Colmenas: 30<br>_Provincia: BUENOS AIRES<br>_Departamento: Chascomus<br>_Latitud: -35.4987<br>_Longitud: -58.0725<br>_Cuit: 2.72001e+10<br>_Razón_Social: IMBERTI ANDREA MARCELA<br>_Prov__Productor: BUENOS AIRES<br>_Depto__Productor: Chascomus"},"styleUrl":"#icon-1899-DB4436","icon-opacity":1,"icon-color":"#db4436","icon-scale":1,"icon-offset":[32,64],"icon-offset-units":["pixels","insetPixels"],"icon":"https://www.gstatic.com/mapspro/images/stock/503-wht-blank_maps.png","descripción":"","Nº_Apiario":"B50607-5","_Cant__Colmenas":30,"_Provincia":"BUENOS AIRES","_Departamento":"Chascomus","_Latitud":-35.4987,"_Longitud":-58.0725,"_Cuit":"2.72001e+10","_Razón_Social":"IMBERTI ANDREA MARCELA","_Prov__Productor":"BUENOS AIRES","_Depto__Productor":"Chascomus"}},{"type":"Feature","geometry":{"type":"Point","coordinates":[-58.07836,-35.474096,0]},"properties":{"description":{"@type":"html","value":"descripción: <br>Nº_Apiario: B50607-6<br>_Cant__Colmenas: 25<br>_Provincia: BUENOS AIRES<br>_Departamento: Chascomus<br>_Latitud: -35.4741<br>_Longitud: -58.0784<br>_Cuit: 2.72001e+10<br>_Razón_Social: IMBERTI ANDREA MARCELA<br>_Prov__Productor: BUENOS AIRES<br>_Depto__Productor: Chascomus"},"styleUrl":"#icon-1899-DB4436","icon-opacity":1,"icon-color":"#db4436","icon-scale":1,"icon-offset":[32,64],"icon-offset-units":["pixels","insetPixels"],"icon":"https://www.gstatic.com/mapspro/images/stock/503-wht-blank_maps.png","descripción":"","Nº_Apiario":"B50607-6","_Cant__Colmenas":25,"_Provincia":"BUENOS AIRES","_Departamento":"Chascomus","_Latitud":-35.4741,"_Longitud":-58.0784,"_Cuit":"2.72001e+10","_Razón_Social":"IMBERTI ANDREA MARCELA","_Prov__Productor":"BUENOS AIRES","_Depto__Productor":"Chascomus"}},{"type":"Feature","geometry":{"type":"Point","coordinates":[-58.078706,-35.515243,0]},"properties":{"description":{"@type":"html","value":"descripción: <br>Nº_Apiario: B50607-7<br>_Cant__Colmenas: 25<br>_Provincia: BUENOS AIRES<br>_Departamento: Chascomus<br>_Latitud: -35.5152<br>_Longitud: -58.0787<br>_Cuit: 2.72001e+10<br>_Razón_Social: IMBERTI ANDREA MARCELA<br>_Prov__Productor: BUENOS AIRES<br>_Depto__Productor: Chascomus"},"styleUrl":"#icon-1899-DB4436","icon-opacity":1,"icon-color":"#db4436","icon-scale":1,"icon-offset":[32,64],"icon-offset-units":["pixels","insetPixels"],"icon":"https://www.gstatic.com/mapspro/images/stock/503-wht-blank_maps.png","descripción":"","Nº_Apiario":"B50607-7","_Cant__Colmenas":25,"_Provincia":"BUENOS AIRES","_Departamento":"Chascomus","_Latitud":-35.5152,"_Longitud":-58.0787,"_Cuit":"2.72001e+10","_Razón_Social":"IMBERTI ANDREA MARCELA","_Prov__Productor":"BUENOS AIRES","_Depto__Productor":"Chascomus"}},{"type":"Feature","geometry":{"type":"Point","coordinates":[-58.163337,-35.509242,0]},"properties":{"description":{"@type":"html","value":"descripción: <br>Nº_Apiario: B5150-2<br>_Cant__Colmenas: 50<br>_Provincia: BUENOS AIRES<br>_Departamento: Chascomus<br>_Latitud: -35.5092<br>_Longitud: -58.1633<br>_Cuit: 2.02144e+10<br>_Razón_Social: ASCHEMAGER ROBERTO CARLOS<br>_Prov__Productor: BUENOS AIRES<br>_Depto__Productor: General Paz"},"styleUrl":"#icon-1899-DB4436","icon-opacity":1,"icon-color":"#db4436","icon-scale":1,"icon-offset":[32,64],"icon-offset-units":["pixels","insetPixels"],"icon":"https://www.gstatic.com/mapspro/images/stock/503-wht-blank_maps.png","descripción":"","Nº_Apiario":"B5150-2","_Cant__Colmenas":50,"_Provincia":"BUENOS AIRES","_Departamento":"Chascomus","_Latitud":-35.5092,"_Longitud":-58.1633,"_Cuit":"2.02144e+10","_Razón_Social":"ASCHEMAGER ROBERTO CARLOS","_Prov__Productor":"BUENOS AIRES","_Depto__Productor":"General Paz"}},{"type":"Feature","geometry":{"type":"Point","coordinates":[-57.948624,-35.714435,0]},"properties":{"description":{"@type":"html","value":"descripción: <br>Nº_Apiario: B18281-1<br>_Cant__Colmenas: 50<br>_Provincia: BUENOS AIRES<br>_Departamento: Chascomus<br>_Latitud: -35.7144<br>_Longitud: -57.9486<br>_Cuit: 2.02455e+10<br>_Razón_Social: CURUCHET LUIS ALBERTO<br>_Prov__Productor: BUENOS AIRES<br>_Depto__Productor: Chascomus"},"styleUrl":"#icon-1899-DB4436","icon-opacity":1,"icon-color":"#db4436","icon-scale":1,"icon-offset":[32,64],"icon-offset-units":["pixels","insetPixels"],"icon":"https://www.gstatic.com/mapspro/images/stock/503-wht-blank_maps.png","descripción":"","Nº_Apiario":"B18281-1","_Cant__Colmenas":50,"_Provincia":"BUENOS AIRES","_Departamento":"Chascomus","_Latitud":-35.7144,"_Longitud":-57.9486,"_Cuit":"2.02455e+10","_Razón_Social":"CURUCHET LUIS ALBERTO","_Prov__Productor":"BUENOS AIRES","_Depto__Productor":"Chascomus"}},{"type":"Feature","geometry":{"type":"Point","coordinates":[-57.561315,-35.652978,0]},"properties":{"description":{"@type":"html","value":"descripción: <br>Nº_Apiario: B18281-2<br>_Cant__Colmenas: 50<br>_Provincia: BUENOS AIRES<br>_Departamento: Chascomus<br>_Latitud: -35.653<br>_Longitud: -57.5613<br>_Cuit: 2.02455e+10<br>_Razón_Social: CURUCHET LUIS ALBERTO<br>_Prov__Productor: BUENOS AIRES<br>_Depto__Productor: Chascomus"},"styleUrl":"#icon-1899-DB4436","icon-opacity":1,"icon-color":"#db4436","icon-scale":1,"icon-offset":[32,64],"icon-offset-units":["pixels","insetPixels"],"icon":"https://www.gstatic.com/mapspro/images/stock/503-wht-blank_maps.png","descripción":"","Nº_Apiario":"B18281-2","_Cant__Colmenas":50,"_Provincia":"BUENOS AIRES","_Departamento":"Chascomus","_Latitud":-35.653,"_Longitud":-57.5613,"_Cuit":"2.02455e+10","_Razón_Social":"CURUCHET LUIS ALBERTO","_Prov__Productor":"BUENOS AIRES","_Depto__Productor":"Chascomus"}},{"type":"Feature","geometry":{"type":"Point","coordinates":[-57.944366,-35.718599,0]},"properties":{"description":{"@type":"html","value":"descripción: <br>Nº_Apiario: B18281-3<br>_Cant__Colmenas: 30<br>_Provincia: BUENOS AIRES<br>_Departamento: Chascomus<br>_Latitud: -35.7186<br>_Longitud: -57.9444<br>_Cuit: 2.02455e+10<br>_Razón_Social: CURUCHET LUIS ALBERTO<br>_Prov__Productor: BUENOS AIRES<br>_Depto__Productor: Chascomus"},"styleUrl":"#icon-1899-DB4436","icon-opacity":1,"icon-color":"#db4436","icon-scale":1,"icon-offset":[32,64],"icon-offset-units":["pixels","insetPixels"],"icon":"https://www.gstatic.com/mapspro/images/stock/503-wht-blank_maps.png","descripción":"","Nº_Apiario":"B18281-3","_Cant__Colmenas":30,"_Provincia":"BUENOS AIRES","_Departamento":"Chascomus","_Latitud":-35.7186,"_Longitud":-57.9444,"_Cuit":"2.02455e+10","_Razón_Social":"CURUCHET LUIS ALBERTO","_Prov__Productor":"BUENOS AIRES","_Depto__Productor":"Chascomus"}},{"type":"Feature","geometry":{"type":"Point","coordinates":[-57.624744,-35.546646,0]},"properties":{"description":{"@type":"html","value":"descripción: <br>Nº_Apiario: B18281-4<br>_Cant__Colmenas: 40<br>_Provincia: BUENOS AIRES<br>_Departamento: Chascomus<br>_Latitud: -35.5466<br>_Longitud: -57.6247<br>_Cuit: 2.02455e+10<br>_Razón_Social: CURUCHET LUIS ALBERTO<br>_Prov__Productor: BUENOS AIRES<br>_Depto__Productor: Chascomus"},"styleUrl":"#icon-1899-DB4436","icon-opacity":1,"icon-color":"#db4436","icon-scale":1,"icon-offset":[32,64],"icon-offset-units":["pixels","insetPixels"],"icon":"https://www.gstatic.com/mapspro/images/stock/503-wht-blank_maps.png","descripción":"","Nº_Apiario":"B18281-4","_Cant__Colmenas":40,"_Provincia":"BUENOS AIRES","_Departamento":"Chascomus","_Latitud":-35.5466,"_Longitud":-57.6247,"_Cuit":"2.02455e+10","_Razón_Social":"CURUCHET LUIS ALBERTO","_Prov__Productor":"BUENOS AIRES","_Depto__Productor":"Chascomus"}},{"type":"Feature","geometry":{"type":"Point","coordinates":[-58.108941,-35.744174,0]},"properties":{"description":{"@type":"html","value":"descripción: <br>Nº_Apiario: B1059-2<br>_Cant__Colmenas: 55<br>_Provincia: BUENOS AIRES<br>_Departamento: Chascomus<br>_Latitud: -35.7442<br>_Longitud: -58.1089<br>_Cuit: 2.00522e+10<br>_Razón_Social: VASEJTL JUAN PABLO<br>_Prov__Productor: BUENOS AIRES<br>_Depto__Productor: Chascomus"},"styleUrl":"#icon-1899-DB4436","icon-opacity":1,"icon-color":"#db4436","icon-scale":1,"icon-offset":[32,64],"icon-offset-units":["pixels","insetPixels"],"icon":"https://www.gstatic.com/mapspro/images/stock/503-wht-blank_maps.png","descripción":"","Nº_Apiario":"B1059-2","_Cant__Colmenas":55,"_Provincia":"BUENOS AIRES","_Departamento":"Chascomus","_Latitud":-35.7442,"_Longitud":-58.1089,"_Cuit":"2.00522e+10","_Razón_Social":"VASEJTL JUAN PABLO","_Prov__Productor":"BUENOS AIRES","_Depto__Productor":"Chascomus"}},{"type":"Feature","geometry":{"type":"Point","coordinates":[-58.098646,-35.750582,0]},"properties":{"description":{"@type":"html","value":"descripción: <br>Nº_Apiario: B1059-3<br>_Cant__Colmenas: 60<br>_Provincia: BUENOS AIRES<br>_Departamento: Chascomus<br>_Latitud: -35.7506<br>_Longitud: -58.0986<br>_Cuit: 2.00522e+10<br>_Razón_Social: VASEJTL JUAN PABLO<br>_Prov__Productor: BUENOS AIRES<br>_Depto__Productor: Chascomus"},"styleUrl":"#icon-1899-DB4436","icon-opacity":1,"icon-color":"#db4436","icon-scale":1,"icon-offset":[32,64],"icon-offset-units":["pixels","insetPixels"],"icon":"https://www.gstatic.com/mapspro/images/stock/503-wht-blank_maps.png","descripción":"","Nº_Apiario":"B1059-3","_Cant__Colmenas":60,"_Provincia":"BUENOS AIRES","_Departamento":"Chascomus","_Latitud":-35.7506,"_Longitud":-58.0986,"_Cuit":"2.00522e+10","_Razón_Social":"VASEJTL JUAN PABLO","_Prov__Productor":"BUENOS AIRES","_Depto__Productor":"Chascomus"}},{"type":"Feature","geometry":{"type":"Point","coordinates":[-58.035502,-35.679463,0]},"properties":{"description":{"@type":"html","value":"descripción: <br>Nº_Apiario: B1059-2<br>_Cant__Colmenas: 20<br>_Provincia: BUENOS AIRES<br>_Departamento: Chascomus<br>_Latitud: -35.6795<br>_Longitud: -58.0355<br>_Cuit: 2.00522e+10<br>_Razón_Social: VASEJTL JUAN PABLO<br>_Prov__Productor: BUENOS AIRES<br>_Depto__Productor: Chascomus"},"styleUrl":"#icon-1899-DB4436","icon-opacity":1,"icon-color":"#db4436","icon-scale":1,"icon-offset":[32,64],"icon-offset-units":["pixels","insetPixels"],"icon":"https://www.gstatic.com/mapspro/images/stock/503-wht-blank_maps.png","descripción":"","Nº_Apiario":"B1059-2","_Cant__Colmenas":20,"_Provincia":"BUENOS AIRES","_Departamento":"Chascomus","_Latitud":-35.6795,"_Longitud":-58.0355,"_Cuit":"2.00522e+10","_Razón_Social":"VASEJTL JUAN PABLO","_Prov__Productor":"BUENOS AIRES","_Depto__Productor":"Chascomus"}},{"type":"Feature","geometry":{"type":"Point","coordinates":[-58.03852,-35.693186,0]},"properties":{"description":{"@type":"html","value":"descripción: <br>Nº_Apiario: B1059-1<br>_Cant__Colmenas: 25<br>_Provincia: BUENOS AIRES<br>_Departamento: Chascomus<br>_Latitud: -35.6932<br>_Longitud: -58.0385<br>_Cuit: 2.00522e+10<br>_Razón_Social: VASEJTL JUAN PABLO<br>_Prov__Productor: BUENOS AIRES<br>_Depto__Productor: Chascomus"},"styleUrl":"#icon-1899-DB4436","icon-opacity":1,"icon-color":"#db4436","icon-scale":1,"icon-offset":[32,64],"icon-offset-units":["pixels","insetPixels"],"icon":"https://www.gstatic.com/mapspro/images/stock/503-wht-blank_maps.png","descripción":"","Nº_Apiario":"B1059-1","_Cant__Colmenas":25,"_Provincia":"BUENOS AIRES","_Departamento":"Chascomus","_Latitud":-35.6932,"_Longitud":-58.0385,"_Cuit":"2.00522e+10","_Razón_Social":"VASEJTL JUAN PABLO","_Prov__Productor":"BUENOS AIRES","_Depto__Productor":"Chascomus"}},{"type":"Feature","geometry":{"type":"Point","coordinates":[-57.918517,-35.599494,0]},"properties":{"description":{"@type":"html","value":"descripción: <br>Nº_Apiario: B50641-2<br>_Cant__Colmenas: 30<br>_Provincia: BUENOS AIRES<br>_Departamento: Chascomus<br>_Latitud: -35.5995<br>_Longitud: -57.9185<br>_Cuit: 2.32301e+10<br>_Razón_Social: CORREFORTE ANDRES GUSTAVO<br>_Prov__Productor: BUENOS AIRES<br>_Depto__Productor: Chascomus"},"styleUrl":"#icon-1899-DB4436","icon-opacity":1,"icon-color":"#db4436","icon-scale":1,"icon-offset":[32,64],"icon-offset-units":["pixels","insetPixels"],"icon":"https://www.gstatic.com/mapspro/images/stock/503-wht-blank_maps.png","descripción":"","Nº_Apiario":"B50641-2","_Cant__Colmenas":30,"_Provincia":"BUENOS AIRES","_Departamento":"Chascomus","_Latitud":-35.5995,"_Longitud":-57.9185,"_Cuit":"2.32301e+10","_Razón_Social":"CORREFORTE ANDRES GUSTAVO","_Prov__Productor":"BUENOS AIRES","_Depto__Productor":"Chascomus"}},{"type":"Feature","geometry":{"type":"Point","coordinates":[-57.900712,-35.5867,0]},"properties":{"description":{"@type":"html","value":"descripción: <br>Nº_Apiario: B50641-1<br>_Cant__Colmenas: 30<br>_Provincia: BUENOS AIRES<br>_Departamento: Chascomus<br>_Latitud: -35.5867<br>_Longitud: -57.9007<br>_Cuit: 2.32301e+10<br>_Razón_Social: CORREFORTE ANDRES GUSTAVO<br>_Prov__Productor: BUENOS AIRES<br>_Depto__Productor: Chascomus"},"styleUrl":"#icon-1899-DB4436","icon-opacity":1,"icon-color":"#db4436","icon-scale":1,"icon-offset":[32,64],"icon-offset-units":["pixels","insetPixels"],"icon":"https://www.gstatic.com/mapspro/images/stock/503-wht-blank_maps.png","descripción":"","Nº_Apiario":"B50641-1","_Cant__Colmenas":30,"_Provincia":"BUENOS AIRES","_Departamento":"Chascomus","_Latitud":-35.5867,"_Longitud":-57.9007,"_Cuit":"2.32301e+10","_Razón_Social":"CORREFORTE ANDRES GUSTAVO","_Prov__Productor":"BUENOS AIRES","_Depto__Productor":"Chascomus"}},{"type":"Feature","geometry":{"type":"Point","coordinates":[-58.25764,-35.707728,0]},"properties":{"description":{"@type":"html","value":"descripción: <br>Nº_Apiario: B50641-6<br>_Cant__Colmenas: 30<br>_Provincia: BUENOS AIRES<br>_Departamento: Chascomus<br>_Latitud: -35.7077<br>_Longitud: -58.2576<br>_Cuit: 2.32301e+10<br>_Razón_Social: CORREFORTE ANDRES GUSTAVO<br>_Prov__Productor: BUENOS AIRES<br>_Depto__Productor: Chascomus"},"styleUrl":"#icon-1899-DB4436","icon-opacity":1,"icon-color":"#db4436","icon-scale":1,"icon-offset":[32,64],"icon-offset-units":["pixels","insetPixels"],"icon":"https://www.gstatic.com/mapspro/images/stock/503-wht-blank_maps.png","descripción":"","Nº_Apiario":"B50641-6","_Cant__Colmenas":30,"_Provincia":"BUENOS AIRES","_Departamento":"Chascomus","_Latitud":-35.7077,"_Longitud":-58.2576,"_Cuit":"2.32301e+10","_Razón_Social":"CORREFORTE ANDRES GUSTAVO","_Prov__Productor":"BUENOS AIRES","_Depto__Productor":"Chascomus"}},{"type":"Feature","geometry":{"type":"Point","coordinates":[-57.956405,-35.475612,0]},"properties":{"description":{"@type":"html","value":"descripción: <br>Nº_Apiario: B50680-1<br>_Cant__Colmenas: 70<br>_Provincia: BUENOS AIRES<br>_Departamento: Chascomus<br>_Latitud: -35.4756<br>_Longitud: -57.9564<br>_Cuit: 2.03368e+10<br>_Razón_Social: BARRI HERNAN JOSE<br>_Prov__Productor: BUENOS AIRES<br>_Depto__Productor: Chascomus"},"styleUrl":"#icon-1899-DB4436","icon-opacity":1,"icon-color":"#db4436","icon-scale":1,"icon-offset":[32,64],"icon-offset-units":["pixels","insetPixels"],"icon":"https://www.gstatic.com/mapspro/images/stock/503-wht-blank_maps.png","descripción":"","Nº_Apiario":"B50680-1","_Cant__Colmenas":70,"_Provincia":"BUENOS AIRES","_Departamento":"Chascomus","_Latitud":-35.4756,"_Longitud":-57.9564,"_Cuit":"2.03368e+10","_Razón_Social":"BARRI HERNAN JOSE","_Prov__Productor":"BUENOS AIRES","_Depto__Productor":"Chascomus"}},{"type":"Feature","geometry":{"type":"Point","coordinates":[-58.048863,-35.404483,0]},"properties":{"description":{"@type":"html","value":"descripción: <br>Nº_Apiario: B1752-2<br>_Cant__Colmenas: 60<br>_Provincia: BUENOS AIRES<br>_Departamento: Chascomus<br>_Latitud: -35.4045<br>_Longitud: -58.0489<br>_Cuit: 2.32392e+10<br>_Razón_Social: SALAS MARCELO DANIEL<br>_Prov__Productor: BUENOS AIRES<br>_Depto__Productor: Chascomus"},"styleUrl":"#icon-1899-DB4436","icon-opacity":1,"icon-color":"#db4436","icon-scale":1,"icon-offset":[32,64],"icon-offset-units":["pixels","insetPixels"],"icon":"https://www.gstatic.com/mapspro/images/stock/503-wht-blank_maps.png","descripción":"","Nº_Apiario":"B1752-2","_Cant__Colmenas":60,"_Provincia":"BUENOS AIRES","_Departamento":"Chascomus","_Latitud":-35.4045,"_Longitud":-58.0489,"_Cuit":"2.32392e+10","_Razón_Social":"SALAS MARCELO DANIEL","_Prov__Productor":"BUENOS AIRES","_Depto__Productor":"Chascomus"}},{"type":"Feature","geometry":{"type":"Point","coordinates":[-58.02855,-35.404995,0]},"properties":{"description":{"@type":"html","value":"descripción: <br>Nº_Apiario: B1752-3<br>_Cant__Colmenas: 50<br>_Provincia: BUENOS AIRES<br>_Departamento: Chascomus<br>_Latitud: -35.405<br>_Longitud: -58.0286<br>_Cuit: 2.32392e+10<br>_Razón_Social: SALAS MARCELO DANIEL<br>_Prov__Productor: BUENOS AIRES<br>_Depto__Productor: Chascomus"},"styleUrl":"#icon-1899-DB4436","icon-opacity":1,"icon-color":"#db4436","icon-scale":1,"icon-offset":[32,64],"icon-offset-units":["pixels","insetPixels"],"icon":"https://www.gstatic.com/mapspro/images/stock/503-wht-blank_maps.png","descripción":"","Nº_Apiario":"B1752-3","_Cant__Colmenas":50,"_Provincia":"BUENOS AIRES","_Departamento":"Chascomus","_Latitud":-35.405,"_Longitud":-58.0286,"_Cuit":"2.32392e+10","_Razón_Social":"SALAS MARCELO DANIEL","_Prov__Productor":"BUENOS AIRES","_Depto__Productor":"Chascomus"}},{"type":"Feature","geometry":{"type":"Point","coordinates":[-58.01588,-35.373802,0]},"properties":{"description":{"@type":"html","value":"descripción: <br>Nº_Apiario: B1752-4<br>_Cant__Colmenas: 55<br>_Provincia: BUENOS AIRES<br>_Departamento: Chascomus<br>_Latitud: -35.3738<br>_Longitud: -58.0159<br>_Cuit: 2.32392e+10<br>_Razón_Social: SALAS MARCELO DANIEL<br>_Prov__Productor: BUENOS AIRES<br>_Depto__Productor: Chascomus"},"styleUrl":"#icon-1899-DB4436","icon-opacity":1,"icon-color":"#db4436","icon-scale":1,"icon-offset":[32,64],"icon-offset-units":["pixels","insetPixels"],"icon":"https://www.gstatic.com/mapspro/images/stock/503-wht-blank_maps.png","descripción":"","Nº_Apiario":"B1752-4","_Cant__Colmenas":55,"_Provincia":"BUENOS AIRES","_Departamento":"Chascomus","_Latitud":-35.3738,"_Longitud":-58.0159,"_Cuit":"2.32392e+10","_Razón_Social":"SALAS MARCELO DANIEL","_Prov__Productor":"BUENOS AIRES","_Depto__Productor":"Chascomus"}},{"type":"Feature","geometry":{"type":"Point","coordinates":[-57.996962,-35.356701,0]},"properties":{"description":{"@type":"html","value":"descripción: <br>Nº_Apiario: B1752-5<br>_Cant__Colmenas: 48<br>_Provincia: BUENOS AIRES<br>_Departamento: Chascomus<br>_Latitud: -35.3567<br>_Longitud: -57.997<br>_Cuit: 2.32392e+10<br>_Razón_Social: SALAS MARCELO DANIEL<br>_Prov__Productor: BUENOS AIRES<br>_Depto__Productor: Chascomus"},"styleUrl":"#icon-1899-DB4436","icon-opacity":1,"icon-color":"#db4436","icon-scale":1,"icon-offset":[32,64],"icon-offset-units":["pixels","insetPixels"],"icon":"https://www.gstatic.com/mapspro/images/stock/503-wht-blank_maps.png","descripción":"","Nº_Apiario":"B1752-5","_Cant__Colmenas":48,"_Provincia":"BUENOS AIRES","_Departamento":"Chascomus","_Latitud":-35.3567,"_Longitud":-57.997,"_Cuit":"2.32392e+10","_Razón_Social":"SALAS MARCELO DANIEL","_Prov__Productor":"BUENOS AIRES","_Depto__Productor":"Chascomus"}},{"type":"Feature","geometry":{"type":"Point","coordinates":[-57.701854,-35.494892,0]},"properties":{"description":{"@type":"html","value":"descripción: <br>Nº_Apiario: B1752-6<br>_Cant__Colmenas: 90<br>_Provincia: BUENOS AIRES<br>_Departamento: Chascomus<br>_Latitud: -35.4949<br>_Longitud: -57.7019<br>_Cuit: 2.32392e+10<br>_Razón_Social: SALAS MARCELO DANIEL<br>_Prov__Productor: BUENOS AIRES<br>_Depto__Productor: Chascomus"},"styleUrl":"#icon-1899-DB4436","icon-opacity":1,"icon-color":"#db4436","icon-scale":1,"icon-offset":[32,64],"icon-offset-units":["pixels","insetPixels"],"icon":"https://www.gstatic.com/mapspro/images/stock/503-wht-blank_maps.png","descripción":"","Nº_Apiario":"B1752-6","_Cant__Colmenas":90,"_Provincia":"BUENOS AIRES","_Departamento":"Chascomus","_Latitud":-35.4949,"_Longitud":-57.7019,"_Cuit":"2.32392e+10","_Razón_Social":"SALAS MARCELO DANIEL","_Prov__Productor":"BUENOS AIRES","_Depto__Productor":"Chascomus"}},{"type":"Feature","geometry":{"type":"Point","coordinates":[-57.669327,-35.482915,0]},"properties":{"description":{"@type":"html","value":"descripción: <br>Nº_Apiario: B1752-7<br>_Cant__Colmenas: 80<br>_Provincia: BUENOS AIRES<br>_Departamento: Chascomus<br>_Latitud: -35.4829<br>_Longitud: -57.6693<br>_Cuit: 2.32392e+10<br>_Razón_Social: SALAS MARCELO DANIEL<br>_Prov__Productor: BUENOS AIRES<br>_Depto__Productor: Chascomus"},"styleUrl":"#icon-1899-DB4436","icon-opacity":1,"icon-color":"#db4436","icon-scale":1,"icon-offset":[32,64],"icon-offset-units":["pixels","insetPixels"],"icon":"https://www.gstatic.com/mapspro/images/stock/503-wht-blank_maps.png","descripción":"","Nº_Apiario":"B1752-7","_Cant__Colmenas":80,"_Provincia":"BUENOS AIRES","_Departamento":"Chascomus","_Latitud":-35.4829,"_Longitud":-57.6693,"_Cuit":"2.32392e+10","_Razón_Social":"SALAS MARCELO DANIEL","_Prov__Productor":"BUENOS AIRES","_Depto__Productor":"Chascomus"}},{"type":"Feature","geometry":{"type":"Point","coordinates":[-57.687687,-35.504954,0]},"properties":{"description":{"@type":"html","value":"descripción: <br>Nº_Apiario: B1752-8<br>_Cant__Colmenas: 60<br>_Provincia: BUENOS AIRES<br>_Departamento: Chascomus<br>_Latitud: -35.505<br>_Longitud: -57.6877<br>_Cuit: 2.32392e+10<br>_Razón_Social: SALAS MARCELO DANIEL<br>_Prov__Productor: BUENOS AIRES<br>_Depto__Productor: Chascomus"},"styleUrl":"#icon-1899-DB4436","icon-opacity":1,"icon-color":"#db4436","icon-scale":1,"icon-offset":[32,64],"icon-offset-units":["pixels","insetPixels"],"icon":"https://www.gstatic.com/mapspro/images/stock/503-wht-blank_maps.png","descripción":"","Nº_Apiario":"B1752-8","_Cant__Colmenas":60,"_Provincia":"BUENOS AIRES","_Departamento":"Chascomus","_Latitud":-35.505,"_Longitud":-57.6877,"_Cuit":"2.32392e+10","_Razón_Social":"SALAS MARCELO DANIEL","_Prov__Productor":"BUENOS AIRES","_Depto__Productor":"Chascomus"}},{"type":"Feature","geometry":{"type":"Point","coordinates":[-57.943677,-35.563149,0]},"properties":{"description":{"@type":"html","value":"descripción: <br>Nº_Apiario: B1752-9<br>_Cant__Colmenas: 60<br>_Provincia: BUENOS AIRES<br>_Departamento: Chascomus<br>_Latitud: -35.5631<br>_Longitud: -57.9437<br>_Cuit: 2.32392e+10<br>_Razón_Social: SALAS MARCELO DANIEL<br>_Prov__Productor: BUENOS AIRES<br>_Depto__Productor: Chascomus"},"styleUrl":"#icon-1899-DB4436","icon-opacity":1,"icon-color":"#db4436","icon-scale":1,"icon-offset":[32,64],"icon-offset-units":["pixels","insetPixels"],"icon":"https://www.gstatic.com/mapspro/images/stock/503-wht-blank_maps.png","descripción":"","Nº_Apiario":"B1752-9","_Cant__Colmenas":60,"_Provincia":"BUENOS AIRES","_Departamento":"Chascomus","_Latitud":-35.5631,"_Longitud":-57.9437,"_Cuit":"2.32392e+10","_Razón_Social":"SALAS MARCELO DANIEL","_Prov__Productor":"BUENOS AIRES","_Depto__Productor":"Chascomus"}},{"type":"Feature","geometry":{"type":"Point","coordinates":[-58.026772,-35.558078,0]},"properties":{"description":{"@type":"html","value":"descripción: <br>Nº_Apiario: B1752-10<br>_Cant__Colmenas: 250<br>_Provincia: BUENOS AIRES<br>_Departamento: Chascomus<br>_Latitud: -35.5581<br>_Longitud: -58.0268<br>_Cuit: 2.32392e+10<br>_Razón_Social: SALAS MARCELO DANIEL<br>_Prov__Productor: BUENOS AIRES<br>_Depto__Productor: Chascomus"},"styleUrl":"#icon-1899-DB4436","icon-opacity":1,"icon-color":"#db4436","icon-scale":1,"icon-offset":[32,64],"icon-offset-units":["pixels","insetPixels"],"icon":"https://www.gstatic.com/mapspro/images/stock/503-wht-blank_maps.png","descripción":"","Nº_Apiario":"B1752-10","_Cant__Colmenas":250,"_Provincia":"BUENOS AIRES","_Departamento":"Chascomus","_Latitud":-35.5581,"_Longitud":-58.0268,"_Cuit":"2.32392e+10","_Razón_Social":"SALAS MARCELO DANIEL","_Prov__Productor":"BUENOS AIRES","_Depto__Productor":"Chascomus"}},{"type":"Feature","geometry":{"type":"Point","coordinates":[-58.020748,-35.521761,0]},"properties":{"description":{"@type":"html","value":"descripción: <br>Nº_Apiario: B1752-11<br>_Cant__Colmenas: 100<br>_Provincia: BUENOS AIRES<br>_Departamento: Chascomus<br>_Latitud: -35.5218<br>_Longitud: -58.0207<br>_Cuit: 2.32392e+10<br>_Razón_Social: SALAS MARCELO DANIEL<br>_Prov__Productor: BUENOS AIRES<br>_Depto__Productor: Chascomus"},"styleUrl":"#icon-1899-DB4436","icon-opacity":1,"icon-color":"#db4436","icon-scale":1,"icon-offset":[32,64],"icon-offset-units":["pixels","insetPixels"],"icon":"https://www.gstatic.com/mapspro/images/stock/503-wht-blank_maps.png","descripción":"","Nº_Apiario":"B1752-11","_Cant__Colmenas":100,"_Provincia":"BUENOS AIRES","_Departamento":"Chascomus","_Latitud":-35.5218,"_Longitud":-58.0207,"_Cuit":"2.32392e+10","_Razón_Social":"SALAS MARCELO DANIEL","_Prov__Productor":"BUENOS AIRES","_Depto__Productor":"Chascomus"}},{"type":"Feature","geometry":{"type":"Point","coordinates":[-57.988457,-35.548741,0]},"properties":{"description":{"@type":"html","value":"descripción: <br>Nº_Apiario: B1752-12<br>_Cant__Colmenas: 80<br>_Provincia: BUENOS AIRES<br>_Departamento: Chascomus<br>_Latitud: -35.5487<br>_Longitud: -57.9885<br>_Cuit: 2.32392e+10<br>_Razón_Social: SALAS MARCELO DANIEL<br>_Prov__Productor: BUENOS AIRES<br>_Depto__Productor: Chascomus"},"styleUrl":"#icon-1899-DB4436","icon-opacity":1,"icon-color":"#db4436","icon-scale":1,"icon-offset":[32,64],"icon-offset-units":["pixels","insetPixels"],"icon":"https://www.gstatic.com/mapspro/images/stock/503-wht-blank_maps.png","descripción":"","Nº_Apiario":"B1752-12","_Cant__Colmenas":80,"_Provincia":"BUENOS AIRES","_Departamento":"Chascomus","_Latitud":-35.5487,"_Longitud":-57.9885,"_Cuit":"2.32392e+10","_Razón_Social":"SALAS MARCELO DANIEL","_Prov__Productor":"BUENOS AIRES","_Depto__Productor":"Chascomus"}},{"type":"Feature","geometry":{"type":"Point","coordinates":[-58.047802,-35.602905,0]},"properties":{"description":{"@type":"html","value":"descripción: <br>Nº_Apiario: B1752-14<br>_Cant__Colmenas: 50<br>_Provincia: BUENOS AIRES<br>_Departamento: Chascomus<br>_Latitud: -35.6029<br>_Longitud: -58.0478<br>_Cuit: 2.32392e+10<br>_Razón_Social: SALAS MARCELO DANIEL<br>_Prov__Productor: BUENOS AIRES<br>_Depto__Productor: Chascomus"},"styleUrl":"#icon-1899-DB4436","icon-opacity":1,"icon-color":"#db4436","icon-scale":1,"icon-offset":[32,64],"icon-offset-units":["pixels","insetPixels"],"icon":"https://www.gstatic.com/mapspro/images/stock/503-wht-blank_maps.png","descripción":"","Nº_Apiario":"B1752-14","_Cant__Colmenas":50,"_Provincia":"BUENOS AIRES","_Departamento":"Chascomus","_Latitud":-35.6029,"_Longitud":-58.0478,"_Cuit":"2.32392e+10","_Razón_Social":"SALAS MARCELO DANIEL","_Prov__Productor":"BUENOS AIRES","_Depto__Productor":"Chascomus"}},{"type":"Feature","geometry":{"type":"Point","coordinates":[-58.067347,-35.612437,0]},"properties":{"description":{"@type":"html","value":"descripción: <br>Nº_Apiario: B1752-15<br>_Cant__Colmenas: 60<br>_Provincia: BUENOS AIRES<br>_Departamento: Chascomus<br>_Latitud: -35.6124<br>_Longitud: -58.0673<br>_Cuit: 2.32392e+10<br>_Razón_Social: SALAS MARCELO DANIEL<br>_Prov__Productor: BUENOS AIRES<br>_Depto__Productor: Chascomus"},"styleUrl":"#icon-1899-DB4436","icon-opacity":1,"icon-color":"#db4436","icon-scale":1,"icon-offset":[32,64],"icon-offset-units":["pixels","insetPixels"],"icon":"https://www.gstatic.com/mapspro/images/stock/503-wht-blank_maps.png","descripción":"","Nº_Apiario":"B1752-15","_Cant__Colmenas":60,"_Provincia":"BUENOS AIRES","_Departamento":"Chascomus","_Latitud":-35.6124,"_Longitud":-58.0673,"_Cuit":"2.32392e+10","_Razón_Social":"SALAS MARCELO DANIEL","_Prov__Productor":"BUENOS AIRES","_Depto__Productor":"Chascomus"}},{"type":"Feature","geometry":{"type":"Point","coordinates":[-57.986842,-35.643201,0]},"properties":{"description":{"@type":"html","value":"descripción: <br>Nº_Apiario: B1752-17<br>_Cant__Colmenas: 40<br>_Provincia: BUENOS AIRES<br>_Departamento: Chascomus<br>_Latitud: -35.6432<br>_Longitud: -57.9868<br>_Cuit: 2.32392e+10<br>_Razón_Social: SALAS MARCELO DANIEL<br>_Prov__Productor: BUENOS AIRES<br>_Depto__Productor: Chascomus"},"styleUrl":"#icon-1899-DB4436","icon-opacity":1,"icon-color":"#db4436","icon-scale":1,"icon-offset":[32,64],"icon-offset-units":["pixels","insetPixels"],"icon":"https://www.gstatic.com/mapspro/images/stock/503-wht-blank_maps.png","descripción":"","Nº_Apiario":"B1752-17","_Cant__Colmenas":40,"_Provincia":"BUENOS AIRES","_Departamento":"Chascomus","_Latitud":-35.6432,"_Longitud":-57.9868,"_Cuit":"2.32392e+10","_Razón_Social":"SALAS MARCELO DANIEL","_Prov__Productor":"BUENOS AIRES","_Depto__Productor":"Chascomus"}},{"type":"Feature","geometry":{"type":"Point","coordinates":[-58.009686,-35.51846,0]},"properties":{"description":{"@type":"html","value":"descripción: <br>Nº_Apiario: B1752-18<br>_Cant__Colmenas: 65<br>_Provincia: BUENOS AIRES<br>_Departamento: Chascomus<br>_Latitud: -35.5185<br>_Longitud: -58.0097<br>_Cuit: 2.32392e+10<br>_Razón_Social: SALAS MARCELO DANIEL<br>_Prov__Productor: BUENOS AIRES<br>_Depto__Productor: Chascomus"},"styleUrl":"#icon-1899-DB4436","icon-opacity":1,"icon-color":"#db4436","icon-scale":1,"icon-offset":[32,64],"icon-offset-units":["pixels","insetPixels"],"icon":"https://www.gstatic.com/mapspro/images/stock/503-wht-blank_maps.png","descripción":"","Nº_Apiario":"B1752-18","_Cant__Colmenas":65,"_Provincia":"BUENOS AIRES","_Departamento":"Chascomus","_Latitud":-35.5185,"_Longitud":-58.0097,"_Cuit":"2.32392e+10","_Razón_Social":"SALAS MARCELO DANIEL","_Prov__Productor":"BUENOS AIRES","_Depto__Productor":"Chascomus"}},{"type":"Feature","geometry":{"type":"Point","coordinates":[-57.861145,-35.647819,0]},"properties":{"description":{"@type":"html","value":"descripción: <br>Nº_Apiario: B1752-19<br>_Cant__Colmenas: 40<br>_Provincia: BUENOS AIRES<br>_Departamento: Chascomus<br>_Latitud: -35.6478<br>_Longitud: -57.8611<br>_Cuit: 2.32392e+10<br>_Razón_Social: SALAS MARCELO DANIEL<br>_Prov__Productor: BUENOS AIRES<br>_Depto__Productor: Chascomus"},"styleUrl":"#icon-1899-DB4436","icon-opacity":1,"icon-color":"#db4436","icon-scale":1,"icon-offset":[32,64],"icon-offset-units":["pixels","insetPixels"],"icon":"https://www.gstatic.com/mapspro/images/stock/503-wht-blank_maps.png","descripción":"","Nº_Apiario":"B1752-19","_Cant__Colmenas":40,"_Provincia":"BUENOS AIRES","_Departamento":"Chascomus","_Latitud":-35.6478,"_Longitud":-57.8611,"_Cuit":"2.32392e+10","_Razón_Social":"SALAS MARCELO DANIEL","_Prov__Productor":"BUENOS AIRES","_Depto__Productor":"Chascomus"}},{"type":"Feature","geometry":{"type":"Point","coordinates":[-57.924722,-35.498683,0]},"properties":{"description":{"@type":"html","value":"descripción: <br>Nº_Apiario: B1752-20<br>_Cant__Colmenas: 60<br>_Provincia: BUENOS AIRES<br>_Departamento: Chascomus<br>_Latitud: -35.4987<br>_Longitud: -57.9247<br>_Cuit: 2.32392e+10<br>_Razón_Social: SALAS MARCELO DANIEL<br>_Prov__Productor: BUENOS AIRES<br>_Depto__Productor: Chascomus"},"styleUrl":"#icon-1899-DB4436","icon-opacity":1,"icon-color":"#db4436","icon-scale":1,"icon-offset":[32,64],"icon-offset-units":["pixels","insetPixels"],"icon":"https://www.gstatic.com/mapspro/images/stock/503-wht-blank_maps.png","descripción":"","Nº_Apiario":"B1752-20","_Cant__Colmenas":60,"_Provincia":"BUENOS AIRES","_Departamento":"Chascomus","_Latitud":-35.4987,"_Longitud":-57.9247,"_Cuit":"2.32392e+10","_Razón_Social":"SALAS MARCELO DANIEL","_Prov__Productor":"BUENOS AIRES","_Depto__Productor":"Chascomus"}},{"type":"Feature","geometry":{"type":"Point","coordinates":[-58.078058,-35.620332,0]},"properties":{"description":{"@type":"html","value":"descripción: <br>Nº_Apiario: B1752-31<br>_Cant__Colmenas: 60<br>_Provincia: BUENOS AIRES<br>_Departamento: Chascomus<br>_Latitud: -35.6203<br>_Longitud: -58.0781<br>_Cuit: 2.32392e+10<br>_Razón_Social: SALAS MARCELO DANIEL<br>_Prov__Productor: BUENOS AIRES<br>_Depto__Productor: Chascomus"},"styleUrl":"#icon-1899-DB4436","icon-opacity":1,"icon-color":"#db4436","icon-scale":1,"icon-offset":[32,64],"icon-offset-units":["pixels","insetPixels"],"icon":"https://www.gstatic.com/mapspro/images/stock/503-wht-blank_maps.png","descripción":"","Nº_Apiario":"B1752-31","_Cant__Colmenas":60,"_Provincia":"BUENOS AIRES","_Departamento":"Chascomus","_Latitud":-35.6203,"_Longitud":-58.0781,"_Cuit":"2.32392e+10","_Razón_Social":"SALAS MARCELO DANIEL","_Prov__Productor":"BUENOS AIRES","_Depto__Productor":"Chascomus"}},{"type":"Feature","geometry":{"type":"Point","coordinates":[-58.082035,-35.641522,0]},"properties":{"description":{"@type":"html","value":"descripción: <br>Nº_Apiario: B1752-32<br>_Cant__Colmenas: 50<br>_Provincia: BUENOS AIRES<br>_Departamento: Chascomus<br>_Latitud: -35.6415<br>_Longitud: -58.082<br>_Cuit: 2.32392e+10<br>_Razón_Social: SALAS MARCELO DANIEL<br>_Prov__Productor: BUENOS AIRES<br>_Depto__Productor: Chascomus"},"styleUrl":"#icon-1899-DB4436","icon-opacity":1,"icon-color":"#db4436","icon-scale":1,"icon-offset":[32,64],"icon-offset-units":["pixels","insetPixels"],"icon":"https://www.gstatic.com/mapspro/images/stock/503-wht-blank_maps.png","descripción":"","Nº_Apiario":"B1752-32","_Cant__Colmenas":50,"_Provincia":"BUENOS AIRES","_Departamento":"Chascomus","_Latitud":-35.6415,"_Longitud":-58.082,"_Cuit":"2.32392e+10","_Razón_Social":"SALAS MARCELO DANIEL","_Prov__Productor":"BUENOS AIRES","_Depto__Productor":"Chascomus"}},{"type":"Feature","geometry":{"type":"Point","coordinates":[-58.080997,-35.623938,0]},"properties":{"description":{"@type":"html","value":"descripción: <br>Nº_Apiario: B1752-33<br>_Cant__Colmenas: 50<br>_Provincia: BUENOS AIRES<br>_Departamento: Chascomus<br>_Latitud: -35.6239<br>_Longitud: -58.081<br>_Cuit: 2.32392e+10<br>_Razón_Social: SALAS MARCELO DANIEL<br>_Prov__Productor: BUENOS AIRES<br>_Depto__Productor: Chascomus"},"styleUrl":"#icon-1899-DB4436","icon-opacity":1,"icon-color":"#db4436","icon-scale":1,"icon-offset":[32,64],"icon-offset-units":["pixels","insetPixels"],"icon":"https://www.gstatic.com/mapspro/images/stock/503-wht-blank_maps.png","descripción":"","Nº_Apiario":"B1752-33","_Cant__Colmenas":50,"_Provincia":"BUENOS AIRES","_Departamento":"Chascomus","_Latitud":-35.6239,"_Longitud":-58.081,"_Cuit":"2.32392e+10","_Razón_Social":"SALAS MARCELO DANIEL","_Prov__Productor":"BUENOS AIRES","_Depto__Productor":"Chascomus"}},{"type":"Feature","geometry":{"type":"Point","coordinates":[-58.10479,-35.472445,0]},"properties":{"description":{"@type":"html","value":"descripción: <br>Nº_Apiario: B50709-10<br>_Cant__Colmenas: 40<br>_Provincia: BUENOS AIRES<br>_Departamento: Chascomus<br>_Latitud: -35.4724<br>_Longitud: -58.1048<br>_Cuit: 2.00521e+10<br>_Razón_Social: ECHANDI MANUEL MARIO<br>_Prov__Productor: BUENOS AIRES<br>_Depto__Productor: Chascomus"},"styleUrl":"#icon-1899-DB4436","icon-opacity":1,"icon-color":"#db4436","icon-scale":1,"icon-offset":[32,64],"icon-offset-units":["pixels","insetPixels"],"icon":"https://www.gstatic.com/mapspro/images/stock/503-wht-blank_maps.png","descripción":"","Nº_Apiario":"B50709-10","_Cant__Colmenas":40,"_Provincia":"BUENOS AIRES","_Departamento":"Chascomus","_Latitud":-35.4724,"_Longitud":-58.1048,"_Cuit":"2.00521e+10","_Razón_Social":"ECHANDI MANUEL MARIO","_Prov__Productor":"BUENOS AIRES","_Depto__Productor":"Chascomus"}},{"type":"Feature","geometry":{"type":"Point","coordinates":[-58.063462,-35.528502,0]},"properties":{"description":{"@type":"html","value":"descripción: <br>Nº_Apiario: B50709-11<br>_Cant__Colmenas: 38<br>_Provincia: BUENOS AIRES<br>_Departamento: Chascomus<br>_Latitud: -35.5285<br>_Longitud: -58.0635<br>_Cuit: 2.00521e+10<br>_Razón_Social: ECHANDI MANUEL MARIO<br>_Prov__Productor: BUENOS AIRES<br>_Depto__Productor: Chascomus"},"styleUrl":"#icon-1899-DB4436","icon-opacity":1,"icon-color":"#db4436","icon-scale":1,"icon-offset":[32,64],"icon-offset-units":["pixels","insetPixels"],"icon":"https://www.gstatic.com/mapspro/images/stock/503-wht-blank_maps.png","descripción":"","Nº_Apiario":"B50709-11","_Cant__Colmenas":38,"_Provincia":"BUENOS AIRES","_Departamento":"Chascomus","_Latitud":-35.5285,"_Longitud":-58.0635,"_Cuit":"2.00521e+10","_Razón_Social":"ECHANDI MANUEL MARIO","_Prov__Productor":"BUENOS AIRES","_Depto__Productor":"Chascomus"}},{"type":"Feature","geometry":{"type":"Point","coordinates":[-58.28413,-35.628305,0]},"properties":{"description":{"@type":"html","value":"descripción: <br>Nº_Apiario: B50709-12<br>_Cant__Colmenas: 30<br>_Provincia: BUENOS AIRES<br>_Departamento: Chascomus<br>_Latitud: -35.6283<br>_Longitud: -58.2841<br>_Cuit: 2.00521e+10<br>_Razón_Social: ECHANDI MANUEL MARIO<br>_Prov__Productor: BUENOS AIRES<br>_Depto__Productor: Chascomus"},"styleUrl":"#icon-1899-DB4436","icon-opacity":1,"icon-color":"#db4436","icon-scale":1,"icon-offset":[32,64],"icon-offset-units":["pixels","insetPixels"],"icon":"https://www.gstatic.com/mapspro/images/stock/503-wht-blank_maps.png","descripción":"","Nº_Apiario":"B50709-12","_Cant__Colmenas":30,"_Provincia":"BUENOS AIRES","_Departamento":"Chascomus","_Latitud":-35.6283,"_Longitud":-58.2841,"_Cuit":"2.00521e+10","_Razón_Social":"ECHANDI MANUEL MARIO","_Prov__Productor":"BUENOS AIRES","_Depto__Productor":"Chascomus"}},{"type":"Feature","geometry":{"type":"Point","coordinates":[-57.960422,-35.622116,0]},"properties":{"description":{"@type":"html","value":"descripción: <br>Nº_Apiario: B50709-1<br>_Cant__Colmenas: 40<br>_Provincia: BUENOS AIRES<br>_Departamento: Chascomus<br>_Latitud: -35.6221<br>_Longitud: -57.9604<br>_Cuit: 2.00521e+10<br>_Razón_Social: ECHANDI MANUEL MARIO<br>_Prov__Productor: BUENOS AIRES<br>_Depto__Productor: Chascomus"},"styleUrl":"#icon-1899-DB4436","icon-opacity":1,"icon-color":"#db4436","icon-scale":1,"icon-offset":[32,64],"icon-offset-units":["pixels","insetPixels"],"icon":"https://www.gstatic.com/mapspro/images/stock/503-wht-blank_maps.png","descripción":"","Nº_Apiario":"B50709-1","_Cant__Colmenas":40,"_Provincia":"BUENOS AIRES","_Departamento":"Chascomus","_Latitud":-35.6221,"_Longitud":-57.9604,"_Cuit":"2.00521e+10","_Razón_Social":"ECHANDI MANUEL MARIO","_Prov__Productor":"BUENOS AIRES","_Depto__Productor":"Chascomus"}},{"type":"Feature","geometry":{"type":"Point","coordinates":[-58.045395,-35.446628,0]},"properties":{"description":{"@type":"html","value":"descripción: <br>Nº_Apiario: B50709-2<br>_Cant__Colmenas: 20<br>_Provincia: BUENOS AIRES<br>_Departamento: Chascomus<br>_Latitud: -35.4466<br>_Longitud: -58.0454<br>_Cuit: 2.00521e+10<br>_Razón_Social: ECHANDI MANUEL MARIO<br>_Prov__Productor: BUENOS AIRES<br>_Depto__Productor: Chascomus"},"styleUrl":"#icon-1899-DB4436","icon-opacity":1,"icon-color":"#db4436","icon-scale":1,"icon-offset":[32,64],"icon-offset-units":["pixels","insetPixels"],"icon":"https://www.gstatic.com/mapspro/images/stock/503-wht-blank_maps.png","descripción":"","Nº_Apiario":"B50709-2","_Cant__Colmenas":20,"_Provincia":"BUENOS AIRES","_Departamento":"Chascomus","_Latitud":-35.4466,"_Longitud":-58.0454,"_Cuit":"2.00521e+10","_Razón_Social":"ECHANDI MANUEL MARIO","_Prov__Productor":"BUENOS AIRES","_Depto__Productor":"Chascomus"}},{"type":"Feature","geometry":{"type":"Point","coordinates":[-57.904828,-35.647965,0]},"properties":{"description":{"@type":"html","value":"descripción: <br>Nº_Apiario: B50709-3<br>_Cant__Colmenas: 25<br>_Provincia: BUENOS AIRES<br>_Departamento: Chascomus<br>_Latitud: -35.648<br>_Longitud: -57.9048<br>_Cuit: 2.00521e+10<br>_Razón_Social: ECHANDI MANUEL MARIO<br>_Prov__Productor: BUENOS AIRES<br>_Depto__Productor: Chascomus"},"styleUrl":"#icon-1899-DB4436","icon-opacity":1,"icon-color":"#db4436","icon-scale":1,"icon-offset":[32,64],"icon-offset-units":["pixels","insetPixels"],"icon":"https://www.gstatic.com/mapspro/images/stock/503-wht-blank_maps.png","descripción":"","Nº_Apiario":"B50709-3","_Cant__Colmenas":25,"_Provincia":"BUENOS AIRES","_Departamento":"Chascomus","_Latitud":-35.648,"_Longitud":-57.9048,"_Cuit":"2.00521e+10","_Razón_Social":"ECHANDI MANUEL MARIO","_Prov__Productor":"BUENOS AIRES","_Depto__Productor":"Chascomus"}},{"type":"Feature","geometry":{"type":"Point","coordinates":[-57.961609,-35.633468,0]},"properties":{"description":{"@type":"html","value":"descripción: <br>Nº_Apiario: B50709-4<br>_Cant__Colmenas: 100<br>_Provincia: BUENOS AIRES<br>_Departamento: Chascomus<br>_Latitud: -35.6335<br>_Longitud: -57.9616<br>_Cuit: 2.00521e+10<br>_Razón_Social: ECHANDI MANUEL MARIO<br>_Prov__Productor: BUENOS AIRES<br>_Depto__Productor: Chascomus"},"styleUrl":"#icon-1899-DB4436","icon-opacity":1,"icon-color":"#db4436","icon-scale":1,"icon-offset":[32,64],"icon-offset-units":["pixels","insetPixels"],"icon":"https://www.gstatic.com/mapspro/images/stock/503-wht-blank_maps.png","descripción":"","Nº_Apiario":"B50709-4","_Cant__Colmenas":100,"_Provincia":"BUENOS AIRES","_Departamento":"Chascomus","_Latitud":-35.6335,"_Longitud":-57.9616,"_Cuit":"2.00521e+10","_Razón_Social":"ECHANDI MANUEL MARIO","_Prov__Productor":"BUENOS AIRES","_Depto__Productor":"Chascomus"}},{"type":"Feature","geometry":{"type":"Point","coordinates":[-57.617102,-35.759405,0]},"properties":{"description":{"@type":"html","value":"descripción: <br>Nº_Apiario: B50709-5<br>_Cant__Colmenas: 45<br>_Provincia: BUENOS AIRES<br>_Departamento: Chascomus<br>_Latitud: -35.7594<br>_Longitud: -57.6171<br>_Cuit: 2.00521e+10<br>_Razón_Social: ECHANDI MANUEL MARIO<br>_Prov__Productor: BUENOS AIRES<br>_Depto__Productor: Chascomus"},"styleUrl":"#icon-1899-DB4436","icon-opacity":1,"icon-color":"#db4436","icon-scale":1,"icon-offset":[32,64],"icon-offset-units":["pixels","insetPixels"],"icon":"https://www.gstatic.com/mapspro/images/stock/503-wht-blank_maps.png","descripción":"","Nº_Apiario":"B50709-5","_Cant__Colmenas":45,"_Provincia":"BUENOS AIRES","_Departamento":"Chascomus","_Latitud":-35.7594,"_Longitud":-57.6171,"_Cuit":"2.00521e+10","_Razón_Social":"ECHANDI MANUEL MARIO","_Prov__Productor":"BUENOS AIRES","_Depto__Productor":"Chascomus"}},{"type":"Feature","geometry":{"type":"Point","coordinates":[-57.686386,-35.616817,0]},"properties":{"description":{"@type":"html","value":"descripción: <br>Nº_Apiario: B50709-6<br>_Cant__Colmenas: 25<br>_Provincia: BUENOS AIRES<br>_Departamento: Chascomus<br>_Latitud: -35.6168<br>_Longitud: -57.6864<br>_Cuit: 2.00521e+10<br>_Razón_Social: ECHANDI MANUEL MARIO<br>_Prov__Productor: BUENOS AIRES<br>_Depto__Productor: Chascomus"},"styleUrl":"#icon-1899-DB4436","icon-opacity":1,"icon-color":"#db4436","icon-scale":1,"icon-offset":[32,64],"icon-offset-units":["pixels","insetPixels"],"icon":"https://www.gstatic.com/mapspro/images/stock/503-wht-blank_maps.png","descripción":"","Nº_Apiario":"B50709-6","_Cant__Colmenas":25,"_Provincia":"BUENOS AIRES","_Departamento":"Chascomus","_Latitud":-35.6168,"_Longitud":-57.6864,"_Cuit":"2.00521e+10","_Razón_Social":"ECHANDI MANUEL MARIO","_Prov__Productor":"BUENOS AIRES","_Depto__Productor":"Chascomus"}},{"type":"Feature","geometry":{"type":"Point","coordinates":[-57.974453,-35.448318,0]},"properties":{"description":{"@type":"html","value":"descripción: <br>Nº_Apiario: B50709-8<br>_Cant__Colmenas: 24<br>_Provincia: BUENOS AIRES<br>_Departamento: Chascomus<br>_Latitud: -35.4483<br>_Longitud: -57.9745<br>_Cuit: 2.00521e+10<br>_Razón_Social: ECHANDI MANUEL MARIO<br>_Prov__Productor: BUENOS AIRES<br>_Depto__Productor: Chascomus"},"styleUrl":"#icon-1899-DB4436","icon-opacity":1,"icon-color":"#db4436","icon-scale":1,"icon-offset":[32,64],"icon-offset-units":["pixels","insetPixels"],"icon":"https://www.gstatic.com/mapspro/images/stock/503-wht-blank_maps.png","descripción":"","Nº_Apiario":"B50709-8","_Cant__Colmenas":24,"_Provincia":"BUENOS AIRES","_Departamento":"Chascomus","_Latitud":-35.4483,"_Longitud":-57.9745,"_Cuit":"2.00521e+10","_Razón_Social":"ECHANDI MANUEL MARIO","_Prov__Productor":"BUENOS AIRES","_Depto__Productor":"Chascomus"}},{"type":"Feature","geometry":{"type":"Point","coordinates":[-58.002119,-35.497352,0]},"properties":{"description":{"@type":"html","value":"descripción: <br>Nº_Apiario: B50709-9<br>_Cant__Colmenas: 30<br>_Provincia: BUENOS AIRES<br>_Departamento: Chascomus<br>_Latitud: -35.4974<br>_Longitud: -58.0021<br>_Cuit: 2.00521e+10<br>_Razón_Social: ECHANDI MANUEL MARIO<br>_Prov__Productor: BUENOS AIRES<br>_Depto__Productor: Chascomus"},"styleUrl":"#icon-1899-DB4436","icon-opacity":1,"icon-color":"#db4436","icon-scale":1,"icon-offset":[32,64],"icon-offset-units":["pixels","insetPixels"],"icon":"https://www.gstatic.com/mapspro/images/stock/503-wht-blank_maps.png","descripción":"","Nº_Apiario":"B50709-9","_Cant__Colmenas":30,"_Provincia":"BUENOS AIRES","_Departamento":"Chascomus","_Latitud":-35.4974,"_Longitud":-58.0021,"_Cuit":"2.00521e+10","_Razón_Social":"ECHANDI MANUEL MARIO","_Prov__Productor":"BUENOS AIRES","_Depto__Productor":"Chascomus"}},{"type":"Feature","geometry":{"type":"Point","coordinates":[-58.195905,-35.544867,0]},"properties":{"description":{"@type":"html","value":"descripción: <br>Nº_Apiario: B50749-1<br>_Cant__Colmenas: 40<br>_Provincia: BUENOS AIRES<br>_Departamento: Chascomus<br>_Latitud: -35.5449<br>_Longitud: -58.1959<br>_Cuit: 2.03541e+10<br>_Razón_Social: SARENA RODRIGO FABIAN<br>_Prov__Productor: BUENOS AIRES<br>_Depto__Productor: Chascomus"},"styleUrl":"#icon-1899-DB4436","icon-opacity":1,"icon-color":"#db4436","icon-scale":1,"icon-offset":[32,64],"icon-offset-units":["pixels","insetPixels"],"icon":"https://www.gstatic.com/mapspro/images/stock/503-wht-blank_maps.png","descripción":"","Nº_Apiario":"B50749-1","_Cant__Colmenas":40,"_Provincia":"BUENOS AIRES","_Departamento":"Chascomus","_Latitud":-35.5449,"_Longitud":-58.1959,"_Cuit":"2.03541e+10","_Razón_Social":"SARENA RODRIGO FABIAN","_Prov__Productor":"BUENOS AIRES","_Depto__Productor":"Chascomus"}},{"type":"Feature","geometry":{"type":"Point","coordinates":[-58.149058,-35.686335,0]},"properties":{"description":{"@type":"html","value":"descripción: <br>Nº_Apiario: B50749-2<br>_Cant__Colmenas: 40<br>_Provincia: BUENOS AIRES<br>_Departamento: Chascomus<br>_Latitud: -35.6863<br>_Longitud: -58.1491<br>_Cuit: 2.03541e+10<br>_Razón_Social: SARENA RODRIGO FABIAN<br>_Prov__Productor: BUENOS AIRES<br>_Depto__Productor: Chascomus"},"styleUrl":"#icon-1899-DB4436","icon-opacity":1,"icon-color":"#db4436","icon-scale":1,"icon-offset":[32,64],"icon-offset-units":["pixels","insetPixels"],"icon":"https://www.gstatic.com/mapspro/images/stock/503-wht-blank_maps.png","descripción":"","Nº_Apiario":"B50749-2","_Cant__Colmenas":40,"_Provincia":"BUENOS AIRES","_Departamento":"Chascomus","_Latitud":-35.6863,"_Longitud":-58.1491,"_Cuit":"2.03541e+10","_Razón_Social":"SARENA RODRIGO FABIAN","_Prov__Productor":"BUENOS AIRES","_Depto__Productor":"Chascomus"}},{"type":"Feature","geometry":{"type":"Point","coordinates":[-58.149058,-35.686335,0]},"properties":{"description":{"@type":"html","value":"descripción: <br>Nº_Apiario: B50749-3<br>_Cant__Colmenas: 40<br>_Provincia: BUENOS AIRES<br>_Departamento: Chascomus<br>_Latitud: -35.6863<br>_Longitud: -58.1491<br>_Cuit: 2.03541e+10<br>_Razón_Social: SARENA RODRIGO FABIAN<br>_Prov__Productor: BUENOS AIRES<br>_Depto__Productor: Chascomus"},"styleUrl":"#icon-1899-DB4436","icon-opacity":1,"icon-color":"#db4436","icon-scale":1,"icon-offset":[32,64],"icon-offset-units":["pixels","insetPixels"],"icon":"https://www.gstatic.com/mapspro/images/stock/503-wht-blank_maps.png","descripción":"","Nº_Apiario":"B50749-3","_Cant__Colmenas":40,"_Provincia":"BUENOS AIRES","_Departamento":"Chascomus","_Latitud":-35.6863,"_Longitud":-58.1491,"_Cuit":"2.03541e+10","_Razón_Social":"SARENA RODRIGO FABIAN","_Prov__Productor":"BUENOS AIRES","_Depto__Productor":"Chascomus"}},{"type":"Feature","geometry":{"type":"Point","coordinates":[-58.1656,-35.766698,0]},"properties":{"description":{"@type":"html","value":"descripción: <br>Nº_Apiario: B50749-4<br>_Cant__Colmenas: 40<br>_Provincia: BUENOS AIRES<br>_Departamento: Chascomus<br>_Latitud: -35.7667<br>_Longitud: -58.1656<br>_Cuit: 2.03541e+10<br>_Razón_Social: SARENA RODRIGO FABIAN<br>_Prov__Productor: BUENOS AIRES<br>_Depto__Productor: Chascomus"},"styleUrl":"#icon-1899-DB4436","icon-opacity":1,"icon-color":"#db4436","icon-scale":1,"icon-offset":[32,64],"icon-offset-units":["pixels","insetPixels"],"icon":"https://www.gstatic.com/mapspro/images/stock/503-wht-blank_maps.png","descripción":"","Nº_Apiario":"B50749-4","_Cant__Colmenas":40,"_Provincia":"BUENOS AIRES","_Departamento":"Chascomus","_Latitud":-35.7667,"_Longitud":-58.1656,"_Cuit":"2.03541e+10","_Razón_Social":"SARENA RODRIGO FABIAN","_Prov__Productor":"BUENOS AIRES","_Depto__Productor":"Chascomus"}},{"type":"Feature","geometry":{"type":"Point","coordinates":[-58.166725,-35.777525,0]},"properties":{"description":{"@type":"html","value":"descripción: <br>Nº_Apiario: B50749-5<br>_Cant__Colmenas: 40<br>_Provincia: BUENOS AIRES<br>_Departamento: Chascomus<br>_Latitud: -35.7775<br>_Longitud: -58.1667<br>_Cuit: 2.03541e+10<br>_Razón_Social: SARENA RODRIGO FABIAN<br>_Prov__Productor: BUENOS AIRES<br>_Depto__Productor: Chascomus"},"styleUrl":"#icon-1899-DB4436","icon-opacity":1,"icon-color":"#db4436","icon-scale":1,"icon-offset":[32,64],"icon-offset-units":["pixels","insetPixels"],"icon":"https://www.gstatic.com/mapspro/images/stock/503-wht-blank_maps.png","descripción":"","Nº_Apiario":"B50749-5","_Cant__Colmenas":40,"_Provincia":"BUENOS AIRES","_Departamento":"Chascomus","_Latitud":-35.7775,"_Longitud":-58.1667,"_Cuit":"2.03541e+10","_Razón_Social":"SARENA RODRIGO FABIAN","_Prov__Productor":"BUENOS AIRES","_Depto__Productor":"Chascomus"}},{"type":"Feature","geometry":{"type":"Point","coordinates":[-57.781857,-35.482518,0]},"properties":{"description":{"@type":"html","value":"descripción: <br>Nº_Apiario: B50749-1<br>_Cant__Colmenas: 50<br>_Provincia: BUENOS AIRES<br>_Departamento: Chascomus<br>_Latitud: -35.4825<br>_Longitud: -57.7819<br>_Cuit: 2.03541e+10<br>_Razón_Social: SARENA RODRIGO FABIAN<br>_Prov__Productor: BUENOS AIRES<br>_Depto__Productor: Chascomus"},"styleUrl":"#icon-1899-DB4436","icon-opacity":1,"icon-color":"#db4436","icon-scale":1,"icon-offset":[32,64],"icon-offset-units":["pixels","insetPixels"],"icon":"https://www.gstatic.com/mapspro/images/stock/503-wht-blank_maps.png","descripción":"","Nº_Apiario":"B50749-1","_Cant__Colmenas":50,"_Provincia":"BUENOS AIRES","_Departamento":"Chascomus","_Latitud":-35.4825,"_Longitud":-57.7819,"_Cuit":"2.03541e+10","_Razón_Social":"SARENA RODRIGO FABIAN","_Prov__Productor":"BUENOS AIRES","_Depto__Productor":"Chascomus"}},{"type":"Feature","geometry":{"type":"Point","coordinates":[-57.818131,-35.647969,0]},"properties":{"description":{"@type":"html","value":"descripción: <br>Nº_Apiario: B50749-4<br>_Cant__Colmenas: 35<br>_Provincia: BUENOS AIRES<br>_Departamento: Chascomus<br>_Latitud: -35.648<br>_Longitud: -57.8181<br>_Cuit: 2.03541e+10<br>_Razón_Social: SARENA RODRIGO FABIAN<br>_Prov__Productor: BUENOS AIRES<br>_Depto__Productor: Chascomus"},"styleUrl":"#icon-1899-DB4436","icon-opacity":1,"icon-color":"#db4436","icon-scale":1,"icon-offset":[32,64],"icon-offset-units":["pixels","insetPixels"],"icon":"https://www.gstatic.com/mapspro/images/stock/503-wht-blank_maps.png","descripción":"","Nº_Apiario":"B50749-4","_Cant__Colmenas":35,"_Provincia":"BUENOS AIRES","_Departamento":"Chascomus","_Latitud":-35.648,"_Longitud":-57.8181,"_Cuit":"2.03541e+10","_Razón_Social":"SARENA RODRIGO FABIAN","_Prov__Productor":"BUENOS AIRES","_Depto__Productor":"Chascomus"}},{"type":"Feature","geometry":{"type":"Point","coordinates":[-57.757412,-35.686904,0]},"properties":{"description":{"@type":"html","value":"descripción: <br>Nº_Apiario: B50749-5<br>_Cant__Colmenas: 40<br>_Provincia: BUENOS AIRES<br>_Departamento: Chascomus<br>_Latitud: -35.6869<br>_Longitud: -57.7574<br>_Cuit: 2.03541e+10<br>_Razón_Social: SARENA RODRIGO FABIAN<br>_Prov__Productor: BUENOS AIRES<br>_Depto__Productor: Chascomus"},"styleUrl":"#icon-1899-DB4436","icon-opacity":1,"icon-color":"#db4436","icon-scale":1,"icon-offset":[32,64],"icon-offset-units":["pixels","insetPixels"],"icon":"https://www.gstatic.com/mapspro/images/stock/503-wht-blank_maps.png","descripción":"","Nº_Apiario":"B50749-5","_Cant__Colmenas":40,"_Provincia":"BUENOS AIRES","_Departamento":"Chascomus","_Latitud":-35.6869,"_Longitud":-57.7574,"_Cuit":"2.03541e+10","_Razón_Social":"SARENA RODRIGO FABIAN","_Prov__Productor":"BUENOS AIRES","_Depto__Productor":"Chascomus"}},{"type":"Feature","geometry":{"type":"Point","coordinates":[-57.744485,-35.699347,0]},"properties":{"description":{"@type":"html","value":"descripción: <br>Nº_Apiario: B50749-6<br>_Cant__Colmenas: 35<br>_Provincia: BUENOS AIRES<br>_Departamento: Chascomus<br>_Latitud: -35.6993<br>_Longitud: -57.7445<br>_Cuit: 2.03541e+10<br>_Razón_Social: SARENA RODRIGO FABIAN<br>_Prov__Productor: BUENOS AIRES<br>_Depto__Productor: Chascomus"},"styleUrl":"#icon-1899-DB4436","icon-opacity":1,"icon-color":"#db4436","icon-scale":1,"icon-offset":[32,64],"icon-offset-units":["pixels","insetPixels"],"icon":"https://www.gstatic.com/mapspro/images/stock/503-wht-blank_maps.png","descripción":"","Nº_Apiario":"B50749-6","_Cant__Colmenas":35,"_Provincia":"BUENOS AIRES","_Departamento":"Chascomus","_Latitud":-35.6993,"_Longitud":-57.7445,"_Cuit":"2.03541e+10","_Razón_Social":"SARENA RODRIGO FABIAN","_Prov__Productor":"BUENOS AIRES","_Depto__Productor":"Chascomus"}},{"type":"Feature","geometry":{"type":"Point","coordinates":[-57.779689,-35.610277,0]},"properties":{"description":{"@type":"html","value":"descripción: <br>Nº_Apiario: B50749-7<br>_Cant__Colmenas: 35<br>_Provincia: BUENOS AIRES<br>_Departamento: Chascomus<br>_Latitud: -35.6103<br>_Longitud: -57.7797<br>_Cuit: 2.03541e+10<br>_Razón_Social: SARENA RODRIGO FABIAN<br>_Prov__Productor: BUENOS AIRES<br>_Depto__Productor: Chascomus"},"styleUrl":"#icon-1899-DB4436","icon-opacity":1,"icon-color":"#db4436","icon-scale":1,"icon-offset":[32,64],"icon-offset-units":["pixels","insetPixels"],"icon":"https://www.gstatic.com/mapspro/images/stock/503-wht-blank_maps.png","descripción":"","Nº_Apiario":"B50749-7","_Cant__Colmenas":35,"_Provincia":"BUENOS AIRES","_Departamento":"Chascomus","_Latitud":-35.6103,"_Longitud":-57.7797,"_Cuit":"2.03541e+10","_Razón_Social":"SARENA RODRIGO FABIAN","_Prov__Productor":"BUENOS AIRES","_Depto__Productor":"Chascomus"}},{"type":"Feature","geometry":{"type":"Point","coordinates":[-57.720928,-35.700708,0]},"properties":{"description":{"@type":"html","value":"descripción: <br>Nº_Apiario: B50749-8<br>_Cant__Colmenas: 40<br>_Provincia: BUENOS AIRES<br>_Departamento: Chascomus<br>_Latitud: -35.7007<br>_Longitud: -57.7209<br>_Cuit: 2.03541e+10<br>_Razón_Social: SARENA RODRIGO FABIAN<br>_Prov__Productor: BUENOS AIRES<br>_Depto__Productor: Chascomus"},"styleUrl":"#icon-1899-DB4436","icon-opacity":1,"icon-color":"#db4436","icon-scale":1,"icon-offset":[32,64],"icon-offset-units":["pixels","insetPixels"],"icon":"https://www.gstatic.com/mapspro/images/stock/503-wht-blank_maps.png","descripción":"","Nº_Apiario":"B50749-8","_Cant__Colmenas":40,"_Provincia":"BUENOS AIRES","_Departamento":"Chascomus","_Latitud":-35.7007,"_Longitud":-57.7209,"_Cuit":"2.03541e+10","_Razón_Social":"SARENA RODRIGO FABIAN","_Prov__Productor":"BUENOS AIRES","_Depto__Productor":"Chascomus"}},{"type":"Feature","geometry":{"type":"Point","coordinates":[-57.905769,-35.685553,0]},"properties":{"description":{"@type":"html","value":"descripción: <br>Nº_Apiario: B50749-12<br>_Cant__Colmenas: 40<br>_Provincia: BUENOS AIRES<br>_Departamento: Chascomus<br>_Latitud: -35.6856<br>_Longitud: -57.9058<br>_Cuit: 2.03541e+10<br>_Razón_Social: SARENA RODRIGO FABIAN<br>_Prov__Productor: BUENOS AIRES<br>_Depto__Productor: Chascomus"},"styleUrl":"#icon-1899-DB4436","icon-opacity":1,"icon-color":"#db4436","icon-scale":1,"icon-offset":[32,64],"icon-offset-units":["pixels","insetPixels"],"icon":"https://www.gstatic.com/mapspro/images/stock/503-wht-blank_maps.png","descripción":"","Nº_Apiario":"B50749-12","_Cant__Colmenas":40,"_Provincia":"BUENOS AIRES","_Departamento":"Chascomus","_Latitud":-35.6856,"_Longitud":-57.9058,"_Cuit":"2.03541e+10","_Razón_Social":"SARENA RODRIGO FABIAN","_Prov__Productor":"BUENOS AIRES","_Depto__Productor":"Chascomus"}},{"type":"Feature","geometry":{"type":"Point","coordinates":[-57.954454,-35.586794,0]},"properties":{"description":{"@type":"html","value":"descripción: <br>Nº_Apiario: B50749-13<br>_Cant__Colmenas: 35<br>_Provincia: BUENOS AIRES<br>_Departamento: Chascomus<br>_Latitud: -35.5868<br>_Longitud: -57.9545<br>_Cuit: 2.03541e+10<br>_Razón_Social: SARENA RODRIGO FABIAN<br>_Prov__Productor: BUENOS AIRES<br>_Depto__Productor: Chascomus"},"styleUrl":"#icon-1899-DB4436","icon-opacity":1,"icon-color":"#db4436","icon-scale":1,"icon-offset":[32,64],"icon-offset-units":["pixels","insetPixels"],"icon":"https://www.gstatic.com/mapspro/images/stock/503-wht-blank_maps.png","descripción":"","Nº_Apiario":"B50749-13","_Cant__Colmenas":35,"_Provincia":"BUENOS AIRES","_Departamento":"Chascomus","_Latitud":-35.5868,"_Longitud":-57.9545,"_Cuit":"2.03541e+10","_Razón_Social":"SARENA RODRIGO FABIAN","_Prov__Productor":"BUENOS AIRES","_Depto__Productor":"Chascomus"}},{"type":"Feature","geometry":{"type":"Point","coordinates":[-57.934826,-35.60599,0]},"properties":{"description":{"@type":"html","value":"descripción: <br>Nº_Apiario: B50749-14<br>_Cant__Colmenas: 35<br>_Provincia: BUENOS AIRES<br>_Departamento: Chascomus<br>_Latitud: -35.606<br>_Longitud: -57.9348<br>_Cuit: 2.03541e+10<br>_Razón_Social: SARENA RODRIGO FABIAN<br>_Prov__Productor: BUENOS AIRES<br>_Depto__Productor: Chascomus"},"styleUrl":"#icon-1899-DB4436","icon-opacity":1,"icon-color":"#db4436","icon-scale":1,"icon-offset":[32,64],"icon-offset-units":["pixels","insetPixels"],"icon":"https://www.gstatic.com/mapspro/images/stock/503-wht-blank_maps.png","descripción":"","Nº_Apiario":"B50749-14","_Cant__Colmenas":35,"_Provincia":"BUENOS AIRES","_Departamento":"Chascomus","_Latitud":-35.606,"_Longitud":-57.9348,"_Cuit":"2.03541e+10","_Razón_Social":"SARENA RODRIGO FABIAN","_Prov__Productor":"BUENOS AIRES","_Depto__Productor":"Chascomus"}},{"type":"Feature","geometry":{"type":"Point","coordinates":[-57.496798,-35.583277,0]},"properties":{"description":{"@type":"html","value":"descripción: <br>Nº_Apiario: B50767-1<br>_Cant__Colmenas: 34<br>_Provincia: BUENOS AIRES<br>_Departamento: Chascomus<br>_Latitud: -35.5833<br>_Longitud: -57.4968<br>_Cuit: 2.03228e+10<br>_Razón_Social: GARCIA JUAN MANUEL<br>_Prov__Productor: BUENOS AIRES<br>_Depto__Productor: Chascomus"},"styleUrl":"#icon-1899-DB4436","icon-opacity":1,"icon-color":"#db4436","icon-scale":1,"icon-offset":[32,64],"icon-offset-units":["pixels","insetPixels"],"icon":"https://www.gstatic.com/mapspro/images/stock/503-wht-blank_maps.png","descripción":"","Nº_Apiario":"B50767-1","_Cant__Colmenas":34,"_Provincia":"BUENOS AIRES","_Departamento":"Chascomus","_Latitud":-35.5833,"_Longitud":-57.4968,"_Cuit":"2.03228e+10","_Razón_Social":"GARCIA JUAN MANUEL","_Prov__Productor":"BUENOS AIRES","_Depto__Productor":"Chascomus"}},{"type":"Feature","geometry":{"type":"Point","coordinates":[-57.488744,-35.609929,0]},"properties":{"description":{"@type":"html","value":"descripción: <br>Nº_Apiario: B50767-2<br>_Cant__Colmenas: 28<br>_Provincia: BUENOS AIRES<br>_Departamento: Chascomus<br>_Latitud: -35.6099<br>_Longitud: -57.4887<br>_Cuit: 2.03228e+10<br>_Razón_Social: GARCIA JUAN MANUEL<br>_Prov__Productor: BUENOS AIRES<br>_Depto__Productor: Chascomus"},"styleUrl":"#icon-1899-DB4436","icon-opacity":1,"icon-color":"#db4436","icon-scale":1,"icon-offset":[32,64],"icon-offset-units":["pixels","insetPixels"],"icon":"https://www.gstatic.com/mapspro/images/stock/503-wht-blank_maps.png","descripción":"","Nº_Apiario":"B50767-2","_Cant__Colmenas":28,"_Provincia":"BUENOS AIRES","_Departamento":"Chascomus","_Latitud":-35.6099,"_Longitud":-57.4887,"_Cuit":"2.03228e+10","_Razón_Social":"GARCIA JUAN MANUEL","_Prov__Productor":"BUENOS AIRES","_Depto__Productor":"Chascomus"}},{"type":"Feature","geometry":{"type":"Point","coordinates":[-57.918443,-35.392566,0]},"properties":{"description":{"@type":"html","value":"descripción: <br>Nº_Apiario: B50767-4<br>_Cant__Colmenas: 26<br>_Provincia: BUENOS AIRES<br>_Departamento: Chascomus<br>_Latitud: -35.3926<br>_Longitud: -57.9184<br>_Cuit: 2.03228e+10<br>_Razón_Social: GARCIA JUAN MANUEL<br>_Prov__Productor: BUENOS AIRES<br>_Depto__Productor: Chascomus"},"styleUrl":"#icon-1899-DB4436","icon-opacity":1,"icon-color":"#db4436","icon-scale":1,"icon-offset":[32,64],"icon-offset-units":["pixels","insetPixels"],"icon":"https://www.gstatic.com/mapspro/images/stock/503-wht-blank_maps.png","descripción":"","Nº_Apiario":"B50767-4","_Cant__Colmenas":26,"_Provincia":"BUENOS AIRES","_Departamento":"Chascomus","_Latitud":-35.3926,"_Longitud":-57.9184,"_Cuit":"2.03228e+10","_Razón_Social":"GARCIA JUAN MANUEL","_Prov__Productor":"BUENOS AIRES","_Depto__Productor":"Chascomus"}},{"type":"Feature","geometry":{"type":"Point","coordinates":[-58.02046,-35.365648,0]},"properties":{"description":{"@type":"html","value":"descripción: <br>Nº_Apiario: B50767-5<br>_Cant__Colmenas: 30<br>_Provincia: BUENOS AIRES<br>_Departamento: Chascomus<br>_Latitud: -35.3656<br>_Longitud: -58.0205<br>_Cuit: 2.03228e+10<br>_Razón_Social: GARCIA JUAN MANUEL<br>_Prov__Productor: BUENOS AIRES<br>_Depto__Productor: Chascomus"},"styleUrl":"#icon-1899-DB4436","icon-opacity":1,"icon-color":"#db4436","icon-scale":1,"icon-offset":[32,64],"icon-offset-units":["pixels","insetPixels"],"icon":"https://www.gstatic.com/mapspro/images/stock/503-wht-blank_maps.png","descripción":"","Nº_Apiario":"B50767-5","_Cant__Colmenas":30,"_Provincia":"BUENOS AIRES","_Departamento":"Chascomus","_Latitud":-35.3656,"_Longitud":-58.0205,"_Cuit":"2.03228e+10","_Razón_Social":"GARCIA JUAN MANUEL","_Prov__Productor":"BUENOS AIRES","_Depto__Productor":"Chascomus"}},{"type":"Feature","geometry":{"type":"Point","coordinates":[-57.645808,-35.630793,0]},"properties":{"description":{"@type":"html","value":"descripción: <br>Nº_Apiario: B50767-6<br>_Cant__Colmenas: 30<br>_Provincia: BUENOS AIRES<br>_Departamento: Chascomus<br>_Latitud: -35.6308<br>_Longitud: -57.6458<br>_Cuit: 2.03228e+10<br>_Razón_Social: GARCIA JUAN MANUEL<br>_Prov__Productor: BUENOS AIRES<br>_Depto__Productor: Chascomus"},"styleUrl":"#icon-1899-DB4436","icon-opacity":1,"icon-color":"#db4436","icon-scale":1,"icon-offset":[32,64],"icon-offset-units":["pixels","insetPixels"],"icon":"https://www.gstatic.com/mapspro/images/stock/503-wht-blank_maps.png","descripción":"","Nº_Apiario":"B50767-6","_Cant__Colmenas":30,"_Provincia":"BUENOS AIRES","_Departamento":"Chascomus","_Latitud":-35.6308,"_Longitud":-57.6458,"_Cuit":"2.03228e+10","_Razón_Social":"GARCIA JUAN MANUEL","_Prov__Productor":"BUENOS AIRES","_Depto__Productor":"Chascomus"}},{"type":"Feature","geometry":{"type":"Point","coordinates":[-57.490736,-35.599744,0]},"properties":{"description":{"@type":"html","value":"descripción: <br>Nº_Apiario: B50767-7<br>_Cant__Colmenas: 28<br>_Provincia: BUENOS AIRES<br>_Departamento: Chascomus<br>_Latitud: -35.5997<br>_Longitud: -57.4907<br>_Cuit: 2.03228e+10<br>_Razón_Social: GARCIA JUAN MANUEL<br>_Prov__Productor: BUENOS AIRES<br>_Depto__Productor: Chascomus"},"styleUrl":"#icon-1899-DB4436","icon-opacity":1,"icon-color":"#db4436","icon-scale":1,"icon-offset":[32,64],"icon-offset-units":["pixels","insetPixels"],"icon":"https://www.gstatic.com/mapspro/images/stock/503-wht-blank_maps.png","descripción":"","Nº_Apiario":"B50767-7","_Cant__Colmenas":28,"_Provincia":"BUENOS AIRES","_Departamento":"Chascomus","_Latitud":-35.5997,"_Longitud":-57.4907,"_Cuit":"2.03228e+10","_Razón_Social":"GARCIA JUAN MANUEL","_Prov__Productor":"BUENOS AIRES","_Depto__Productor":"Chascomus"}},{"type":"Feature","geometry":{"type":"Point","coordinates":[-57.973141,-35.508826,0]},"properties":{"description":{"@type":"html","value":"descripción: <br>Nº_Apiario: B50767-8<br>_Cant__Colmenas: 33<br>_Provincia: BUENOS AIRES<br>_Departamento: Chascomus<br>_Latitud: -35.5088<br>_Longitud: -57.9731<br>_Cuit: 2.03228e+10<br>_Razón_Social: GARCIA JUAN MANUEL<br>_Prov__Productor: BUENOS AIRES<br>_Depto__Productor: Chascomus"},"styleUrl":"#icon-1899-DB4436","icon-opacity":1,"icon-color":"#db4436","icon-scale":1,"icon-offset":[32,64],"icon-offset-units":["pixels","insetPixels"],"icon":"https://www.gstatic.com/mapspro/images/stock/503-wht-blank_maps.png","descripción":"","Nº_Apiario":"B50767-8","_Cant__Colmenas":33,"_Provincia":"BUENOS AIRES","_Departamento":"Chascomus","_Latitud":-35.5088,"_Longitud":-57.9731,"_Cuit":"2.03228e+10","_Razón_Social":"GARCIA JUAN MANUEL","_Prov__Productor":"BUENOS AIRES","_Depto__Productor":"Chascomus"}},{"type":"Feature","geometry":{"type":"Point","coordinates":[-57.62224,-35.619228,0]},"properties":{"description":{"@type":"html","value":"descripción: <br>Nº_Apiario: B50767-10<br>_Cant__Colmenas: 15<br>_Provincia: BUENOS AIRES<br>_Departamento: Chascomus<br>_Latitud: -35.6192<br>_Longitud: -57.6222<br>_Cuit: 2.03228e+10<br>_Razón_Social: GARCIA JUAN MANUEL<br>_Prov__Productor: BUENOS AIRES<br>_Depto__Productor: Chascomus"},"styleUrl":"#icon-1899-DB4436","icon-opacity":1,"icon-color":"#db4436","icon-scale":1,"icon-offset":[32,64],"icon-offset-units":["pixels","insetPixels"],"icon":"https://www.gstatic.com/mapspro/images/stock/503-wht-blank_maps.png","descripción":"","Nº_Apiario":"B50767-10","_Cant__Colmenas":15,"_Provincia":"BUENOS AIRES","_Departamento":"Chascomus","_Latitud":-35.6192,"_Longitud":-57.6222,"_Cuit":"2.03228e+10","_Razón_Social":"GARCIA JUAN MANUEL","_Prov__Productor":"BUENOS AIRES","_Depto__Productor":"Chascomus"}},{"type":"Feature","geometry":{"type":"Point","coordinates":[-58.149021,-35.481407,0]},"properties":{"description":{"@type":"html","value":"descripción: <br>Nº_Apiario: B50767-9<br>_Cant__Colmenas: 27<br>_Provincia: BUENOS AIRES<br>_Departamento: Chascomus<br>_Latitud: -35.4814<br>_Longitud: -58.149<br>_Cuit: 2.03228e+10<br>_Razón_Social: GARCIA JUAN MANUEL<br>_Prov__Productor: BUENOS AIRES<br>_Depto__Productor: Chascomus"},"styleUrl":"#icon-1899-DB4436","icon-opacity":1,"icon-color":"#db4436","icon-scale":1,"icon-offset":[32,64],"icon-offset-units":["pixels","insetPixels"],"icon":"https://www.gstatic.com/mapspro/images/stock/503-wht-blank_maps.png","descripción":"","Nº_Apiario":"B50767-9","_Cant__Colmenas":27,"_Provincia":"BUENOS AIRES","_Departamento":"Chascomus","_Latitud":-35.4814,"_Longitud":-58.149,"_Cuit":"2.03228e+10","_Razón_Social":"GARCIA JUAN MANUEL","_Prov__Productor":"BUENOS AIRES","_Depto__Productor":"Chascomus"}},{"type":"Feature","geometry":{"type":"Point","coordinates":[-57.459675,-35.612509,0]},"properties":{"description":{"@type":"html","value":"descripción: <br>Nº_Apiario: B50767-3<br>_Cant__Colmenas: 32<br>_Provincia: BUENOS AIRES<br>_Departamento: Chascomus<br>_Latitud: -35.6125<br>_Longitud: -57.4597<br>_Cuit: 2.03228e+10<br>_Razón_Social: GARCIA JUAN MANUEL<br>_Prov__Productor: BUENOS AIRES<br>_Depto__Productor: Chascomus"},"styleUrl":"#icon-1899-DB4436","icon-opacity":1,"icon-color":"#db4436","icon-scale":1,"icon-offset":[32,64],"icon-offset-units":["pixels","insetPixels"],"icon":"https://www.gstatic.com/mapspro/images/stock/503-wht-blank_maps.png","descripción":"","Nº_Apiario":"B50767-3","_Cant__Colmenas":32,"_Provincia":"BUENOS AIRES","_Departamento":"Chascomus","_Latitud":-35.6125,"_Longitud":-57.4597,"_Cuit":"2.03228e+10","_Razón_Social":"GARCIA JUAN MANUEL","_Prov__Productor":"BUENOS AIRES","_Depto__Productor":"Chascomus"}},{"type":"Feature","geometry":{"type":"Point","coordinates":[-57.655624,-35.569538,0]},"properties":{"description":{"@type":"html","value":"descripción: <br>Nº_Apiario: B18202-2<br>_Cant__Colmenas: 30<br>_Provincia: BUENOS AIRES<br>_Departamento: Chascomus<br>_Latitud: -35.5695<br>_Longitud: -57.6556<br>_Cuit: 2.71452e+10<br>_Razón_Social: MELLADO MARTA ESTHER<br>_Prov__Productor: BUENOS AIRES<br>_Depto__Productor: Chascomus"},"styleUrl":"#icon-1899-DB4436","icon-opacity":1,"icon-color":"#db4436","icon-scale":1,"icon-offset":[32,64],"icon-offset-units":["pixels","insetPixels"],"icon":"https://www.gstatic.com/mapspro/images/stock/503-wht-blank_maps.png","descripción":"","Nº_Apiario":"B18202-2","_Cant__Colmenas":30,"_Provincia":"BUENOS AIRES","_Departamento":"Chascomus","_Latitud":-35.5695,"_Longitud":-57.6556,"_Cuit":"2.71452e+10","_Razón_Social":"MELLADO MARTA ESTHER","_Prov__Productor":"BUENOS AIRES","_Depto__Productor":"Chascomus"}},{"type":"Feature","geometry":{"type":"Point","coordinates":[-57.980546,-35.427445,0]},"properties":{"description":{"@type":"html","value":"descripción: <br>Nº_Apiario: B18202-5<br>_Cant__Colmenas: 50<br>_Provincia: BUENOS AIRES<br>_Departamento: Chascomus<br>_Latitud: -35.4274<br>_Longitud: -57.9805<br>_Cuit: 2.71452e+10<br>_Razón_Social: MELLADO MARTA ESTHER<br>_Prov__Productor: BUENOS AIRES<br>_Depto__Productor: Chascomus"},"styleUrl":"#icon-1899-DB4436","icon-opacity":1,"icon-color":"#db4436","icon-scale":1,"icon-offset":[32,64],"icon-offset-units":["pixels","insetPixels"],"icon":"https://www.gstatic.com/mapspro/images/stock/503-wht-blank_maps.png","descripción":"","Nº_Apiario":"B18202-5","_Cant__Colmenas":50,"_Provincia":"BUENOS AIRES","_Departamento":"Chascomus","_Latitud":-35.4274,"_Longitud":-57.9805,"_Cuit":"2.71452e+10","_Razón_Social":"MELLADO MARTA ESTHER","_Prov__Productor":"BUENOS AIRES","_Depto__Productor":"Chascomus"}},{"type":"Feature","geometry":{"type":"Point","coordinates":[-57.737415,-35.655722,0]},"properties":{"description":{"@type":"html","value":"descripción: <br>Nº_Apiario: B500-1<br>_Cant__Colmenas: 45<br>_Provincia: BUENOS AIRES<br>_Departamento: Chascomus<br>_Latitud: -35.6557<br>_Longitud: -57.7374<br>_Cuit: 2.01361e+10<br>_Razón_Social: SOMMER RUBEN ALFREDO<br>_Prov__Productor: BUENOS AIRES<br>_Depto__Productor: Chascomus"},"styleUrl":"#icon-1899-DB4436","icon-opacity":1,"icon-color":"#db4436","icon-scale":1,"icon-offset":[32,64],"icon-offset-units":["pixels","insetPixels"],"icon":"https://www.gstatic.com/mapspro/images/stock/503-wht-blank_maps.png","descripción":"","Nº_Apiario":"B500-1","_Cant__Colmenas":45,"_Provincia":"BUENOS AIRES","_Departamento":"Chascomus","_Latitud":-35.6557,"_Longitud":-57.7374,"_Cuit":"2.01361e+10","_Razón_Social":"SOMMER RUBEN ALFREDO","_Prov__Productor":"BUENOS AIRES","_Depto__Productor":"Chascomus"}},{"type":"Feature","geometry":{"type":"Point","coordinates":[-57.73296,-35.612467,0]},"properties":{"description":{"@type":"html","value":"descripción: <br>Nº_Apiario: B500-2<br>_Cant__Colmenas: 35<br>_Provincia: BUENOS AIRES<br>_Departamento: Chascomus<br>_Latitud: -35.6125<br>_Longitud: -57.733<br>_Cuit: 2.01361e+10<br>_Razón_Social: SOMMER RUBEN ALFREDO<br>_Prov__Productor: BUENOS AIRES<br>_Depto__Productor: Chascomus"},"styleUrl":"#icon-1899-DB4436","icon-opacity":1,"icon-color":"#db4436","icon-scale":1,"icon-offset":[32,64],"icon-offset-units":["pixels","insetPixels"],"icon":"https://www.gstatic.com/mapspro/images/stock/503-wht-blank_maps.png","descripción":"","Nº_Apiario":"B500-2","_Cant__Colmenas":35,"_Provincia":"BUENOS AIRES","_Departamento":"Chascomus","_Latitud":-35.6125,"_Longitud":-57.733,"_Cuit":"2.01361e+10","_Razón_Social":"SOMMER RUBEN ALFREDO","_Prov__Productor":"BUENOS AIRES","_Depto__Productor":"Chascomus"}},{"type":"Feature","geometry":{"type":"Point","coordinates":[-57.699773,-35.622033,0]},"properties":{"description":{"@type":"html","value":"descripción: <br>Nº_Apiario: B500-3<br>_Cant__Colmenas: 35<br>_Provincia: BUENOS AIRES<br>_Departamento: Chascomus<br>_Latitud: -35.622<br>_Longitud: -57.6998<br>_Cuit: 2.01361e+10<br>_Razón_Social: SOMMER RUBEN ALFREDO<br>_Prov__Productor: BUENOS AIRES<br>_Depto__Productor: Chascomus"},"styleUrl":"#icon-1899-DB4436","icon-opacity":1,"icon-color":"#db4436","icon-scale":1,"icon-offset":[32,64],"icon-offset-units":["pixels","insetPixels"],"icon":"https://www.gstatic.com/mapspro/images/stock/503-wht-blank_maps.png","descripción":"","Nº_Apiario":"B500-3","_Cant__Colmenas":35,"_Provincia":"BUENOS AIRES","_Departamento":"Chascomus","_Latitud":-35.622,"_Longitud":-57.6998,"_Cuit":"2.01361e+10","_Razón_Social":"SOMMER RUBEN ALFREDO","_Prov__Productor":"BUENOS AIRES","_Depto__Productor":"Chascomus"}},{"type":"Feature","geometry":{"type":"Point","coordinates":[-57.727614,-35.620973,0]},"properties":{"description":{"@type":"html","value":"descripción: <br>Nº_Apiario: B500-4<br>_Cant__Colmenas: 25<br>_Provincia: BUENOS AIRES<br>_Departamento: Chascomus<br>_Latitud: -35.621<br>_Longitud: -57.7276<br>_Cuit: 2.01361e+10<br>_Razón_Social: SOMMER RUBEN ALFREDO<br>_Prov__Productor: BUENOS AIRES<br>_Depto__Productor: Chascomus"},"styleUrl":"#icon-1899-DB4436","icon-opacity":1,"icon-color":"#db4436","icon-scale":1,"icon-offset":[32,64],"icon-offset-units":["pixels","insetPixels"],"icon":"https://www.gstatic.com/mapspro/images/stock/503-wht-blank_maps.png","descripción":"","Nº_Apiario":"B500-4","_Cant__Colmenas":25,"_Provincia":"BUENOS AIRES","_Departamento":"Chascomus","_Latitud":-35.621,"_Longitud":-57.7276,"_Cuit":"2.01361e+10","_Razón_Social":"SOMMER RUBEN ALFREDO","_Prov__Productor":"BUENOS AIRES","_Depto__Productor":"Chascomus"}},{"type":"Feature","geometry":{"type":"Point","coordinates":[-57.731329,-35.625907,0]},"properties":{"description":{"@type":"html","value":"descripción: <br>Nº_Apiario: B500-5<br>_Cant__Colmenas: 35<br>_Provincia: BUENOS AIRES<br>_Departamento: Chascomus<br>_Latitud: -35.6259<br>_Longitud: -57.7313<br>_Cuit: 2.01361e+10<br>_Razón_Social: SOMMER RUBEN ALFREDO<br>_Prov__Productor: BUENOS AIRES<br>_Depto__Productor: Chascomus"},"styleUrl":"#icon-1899-DB4436","icon-opacity":1,"icon-color":"#db4436","icon-scale":1,"icon-offset":[32,64],"icon-offset-units":["pixels","insetPixels"],"icon":"https://www.gstatic.com/mapspro/images/stock/503-wht-blank_maps.png","descripción":"","Nº_Apiario":"B500-5","_Cant__Colmenas":35,"_Provincia":"BUENOS AIRES","_Departamento":"Chascomus","_Latitud":-35.6259,"_Longitud":-57.7313,"_Cuit":"2.01361e+10","_Razón_Social":"SOMMER RUBEN ALFREDO","_Prov__Productor":"BUENOS AIRES","_Depto__Productor":"Chascomus"}},{"type":"Feature","geometry":{"type":"Point","coordinates":[-57.721311,-35.641123,0]},"properties":{"description":{"@type":"html","value":"descripción: <br>Nº_Apiario: B500-6<br>_Cant__Colmenas: 35<br>_Provincia: BUENOS AIRES<br>_Departamento: Chascomus<br>_Latitud: -35.6411<br>_Longitud: -57.7213<br>_Cuit: 2.01361e+10<br>_Razón_Social: SOMMER RUBEN ALFREDO<br>_Prov__Productor: BUENOS AIRES<br>_Depto__Productor: Chascomus"},"styleUrl":"#icon-1899-DB4436","icon-opacity":1,"icon-color":"#db4436","icon-scale":1,"icon-offset":[32,64],"icon-offset-units":["pixels","insetPixels"],"icon":"https://www.gstatic.com/mapspro/images/stock/503-wht-blank_maps.png","descripción":"","Nº_Apiario":"B500-6","_Cant__Colmenas":35,"_Provincia":"BUENOS AIRES","_Departamento":"Chascomus","_Latitud":-35.6411,"_Longitud":-57.7213,"_Cuit":"2.01361e+10","_Razón_Social":"SOMMER RUBEN ALFREDO","_Prov__Productor":"BUENOS AIRES","_Depto__Productor":"Chascomus"}},{"type":"Feature","geometry":{"type":"Point","coordinates":[-57.945265,-35.570653,0]},"properties":{"description":{"@type":"html","value":"descripción: <br>Nº_Apiario: B500-7<br>_Cant__Colmenas: 35<br>_Provincia: BUENOS AIRES<br>_Departamento: Chascomus<br>_Latitud: -35.5707<br>_Longitud: -57.9453<br>_Cuit: 2.01361e+10<br>_Razón_Social: SOMMER RUBEN ALFREDO<br>_Prov__Productor: BUENOS AIRES<br>_Depto__Productor: Chascomus"},"styleUrl":"#icon-1899-DB4436","icon-opacity":1,"icon-color":"#db4436","icon-scale":1,"icon-offset":[32,64],"icon-offset-units":["pixels","insetPixels"],"icon":"https://www.gstatic.com/mapspro/images/stock/503-wht-blank_maps.png","descripción":"","Nº_Apiario":"B500-7","_Cant__Colmenas":35,"_Provincia":"BUENOS AIRES","_Departamento":"Chascomus","_Latitud":-35.5707,"_Longitud":-57.9453,"_Cuit":"2.01361e+10","_Razón_Social":"SOMMER RUBEN ALFREDO","_Prov__Productor":"BUENOS AIRES","_Depto__Productor":"Chascomus"}},{"type":"Feature","geometry":{"type":"Point","coordinates":[-57.769671,-35.530431,0]},"properties":{"description":{"@type":"html","value":"descripción: <br>Nº_Apiario: B18825-9<br>_Cant__Colmenas: 40<br>_Provincia: BUENOS AIRES<br>_Departamento: Chascomus<br>_Latitud: -35.5304<br>_Longitud: -57.7697<br>_Cuit: 2.02927e+10<br>_Razón_Social: SILVERIO CLAUDIO GASTON<br>_Prov__Productor: BUENOS AIRES<br>_Depto__Productor: Lanus"},"styleUrl":"#icon-1899-DB4436","icon-opacity":1,"icon-color":"#db4436","icon-scale":1,"icon-offset":[32,64],"icon-offset-units":["pixels","insetPixels"],"icon":"https://www.gstatic.com/mapspro/images/stock/503-wht-blank_maps.png","descripción":"","Nº_Apiario":"B18825-9","_Cant__Colmenas":40,"_Provincia":"BUENOS AIRES","_Departamento":"Chascomus","_Latitud":-35.5304,"_Longitud":-57.7697,"_Cuit":"2.02927e+10","_Razón_Social":"SILVERIO CLAUDIO GASTON","_Prov__Productor":"BUENOS AIRES","_Depto__Productor":"Lanus"}},{"type":"Feature","geometry":{"type":"Point","coordinates":[-57.830993,-35.539394,0]},"properties":{"description":{"@type":"html","value":"descripción: <br>Nº_Apiario: B2031-1<br>_Cant__Colmenas: 45<br>_Provincia: BUENOS AIRES<br>_Departamento: Chascomus<br>_Latitud: -35.5394<br>_Longitud: -57.831<br>_Cuit: 2.02788e+10<br>_Razón_Social: CATALANO HECTOR JOSE<br>_Prov__Productor: BUENOS AIRES<br>_Depto__Productor: Chascomus"},"styleUrl":"#icon-1899-DB4436","icon-opacity":1,"icon-color":"#db4436","icon-scale":1,"icon-offset":[32,64],"icon-offset-units":["pixels","insetPixels"],"icon":"https://www.gstatic.com/mapspro/images/stock/503-wht-blank_maps.png","descripción":"","Nº_Apiario":"B2031-1","_Cant__Colmenas":45,"_Provincia":"BUENOS AIRES","_Departamento":"Chascomus","_Latitud":-35.5394,"_Longitud":-57.831,"_Cuit":"2.02788e+10","_Razón_Social":"CATALANO HECTOR JOSE","_Prov__Productor":"BUENOS AIRES","_Depto__Productor":"Chascomus"}},{"type":"Feature","geometry":{"type":"Point","coordinates":[-57.831777,-35.531484,0]},"properties":{"description":{"@type":"html","value":"descripción: <br>Nº_Apiario: B2031-2<br>_Cant__Colmenas: 40<br>_Provincia: BUENOS AIRES<br>_Departamento: Chascomus<br>_Latitud: -35.5315<br>_Longitud: -57.8318<br>_Cuit: 2.02788e+10<br>_Razón_Social: CATALANO HECTOR JOSE<br>_Prov__Productor: BUENOS AIRES<br>_Depto__Productor: Chascomus"},"styleUrl":"#icon-1899-DB4436","icon-opacity":1,"icon-color":"#db4436","icon-scale":1,"icon-offset":[32,64],"icon-offset-units":["pixels","insetPixels"],"icon":"https://www.gstatic.com/mapspro/images/stock/503-wht-blank_maps.png","descripción":"","Nº_Apiario":"B2031-2","_Cant__Colmenas":40,"_Provincia":"BUENOS AIRES","_Departamento":"Chascomus","_Latitud":-35.5315,"_Longitud":-57.8318,"_Cuit":"2.02788e+10","_Razón_Social":"CATALANO HECTOR JOSE","_Prov__Productor":"BUENOS AIRES","_Depto__Productor":"Chascomus"}},{"type":"Feature","geometry":{"type":"Point","coordinates":[-57.842102,-35.528192,0]},"properties":{"description":{"@type":"html","value":"descripción: <br>Nº_Apiario: B2031-3<br>_Cant__Colmenas: 45<br>_Provincia: BUENOS AIRES<br>_Departamento: Chascomus<br>_Latitud: -35.5282<br>_Longitud: -57.8421<br>_Cuit: 2.02788e+10<br>_Razón_Social: CATALANO HECTOR JOSE<br>_Prov__Productor: BUENOS AIRES<br>_Depto__Productor: Chascomus"},"styleUrl":"#icon-1899-DB4436","icon-opacity":1,"icon-color":"#db4436","icon-scale":1,"icon-offset":[32,64],"icon-offset-units":["pixels","insetPixels"],"icon":"https://www.gstatic.com/mapspro/images/stock/503-wht-blank_maps.png","descripción":"","Nº_Apiario":"B2031-3","_Cant__Colmenas":45,"_Provincia":"BUENOS AIRES","_Departamento":"Chascomus","_Latitud":-35.5282,"_Longitud":-57.8421,"_Cuit":"2.02788e+10","_Razón_Social":"CATALANO HECTOR JOSE","_Prov__Productor":"BUENOS AIRES","_Depto__Productor":"Chascomus"}},{"type":"Feature","geometry":{"type":"Point","coordinates":[-57.80966,-35.548551,0]},"properties":{"description":{"@type":"html","value":"descripción: <br>Nº_Apiario: B2031-4<br>_Cant__Colmenas: 40<br>_Provincia: BUENOS AIRES<br>_Departamento: Chascomus<br>_Latitud: -35.5486<br>_Longitud: -57.8097<br>_Cuit: 2.02788e+10<br>_Razón_Social: CATALANO HECTOR JOSE<br>_Prov__Productor: BUENOS AIRES<br>_Depto__Productor: Chascomus"},"styleUrl":"#icon-1899-DB4436","icon-opacity":1,"icon-color":"#db4436","icon-scale":1,"icon-offset":[32,64],"icon-offset-units":["pixels","insetPixels"],"icon":"https://www.gstatic.com/mapspro/images/stock/503-wht-blank_maps.png","descripción":"","Nº_Apiario":"B2031-4","_Cant__Colmenas":40,"_Provincia":"BUENOS AIRES","_Departamento":"Chascomus","_Latitud":-35.5486,"_Longitud":-57.8097,"_Cuit":"2.02788e+10","_Razón_Social":"CATALANO HECTOR JOSE","_Prov__Productor":"BUENOS AIRES","_Depto__Productor":"Chascomus"}},{"type":"Feature","geometry":{"type":"Point","coordinates":[-57.808778,-35.555691,0]},"properties":{"description":{"@type":"html","value":"descripción: <br>Nº_Apiario: B2031-5<br>_Cant__Colmenas: 40<br>_Provincia: BUENOS AIRES<br>_Departamento: Chascomus<br>_Latitud: -35.5557<br>_Longitud: -57.8088<br>_Cuit: 2.02788e+10<br>_Razón_Social: CATALANO HECTOR JOSE<br>_Prov__Productor: BUENOS AIRES<br>_Depto__Productor: Chascomus"},"styleUrl":"#icon-1899-DB4436","icon-opacity":1,"icon-color":"#db4436","icon-scale":1,"icon-offset":[32,64],"icon-offset-units":["pixels","insetPixels"],"icon":"https://www.gstatic.com/mapspro/images/stock/503-wht-blank_maps.png","descripción":"","Nº_Apiario":"B2031-5","_Cant__Colmenas":40,"_Provincia":"BUENOS AIRES","_Departamento":"Chascomus","_Latitud":-35.5557,"_Longitud":-57.8088,"_Cuit":"2.02788e+10","_Razón_Social":"CATALANO HECTOR JOSE","_Prov__Productor":"BUENOS AIRES","_Depto__Productor":"Chascomus"}},{"type":"Feature","geometry":{"type":"Point","coordinates":[-57.799152,-35.449452,0]},"properties":{"description":{"@type":"html","value":"descripción: <br>Nº_Apiario: B2031-6<br>_Cant__Colmenas: 45<br>_Provincia: BUENOS AIRES<br>_Departamento: Chascomus<br>_Latitud: -35.4495<br>_Longitud: -57.7992<br>_Cuit: 2.02788e+10<br>_Razón_Social: CATALANO HECTOR JOSE<br>_Prov__Productor: BUENOS AIRES<br>_Depto__Productor: Chascomus"},"styleUrl":"#icon-1899-DB4436","icon-opacity":1,"icon-color":"#db4436","icon-scale":1,"icon-offset":[32,64],"icon-offset-units":["pixels","insetPixels"],"icon":"https://www.gstatic.com/mapspro/images/stock/503-wht-blank_maps.png","descripción":"","Nº_Apiario":"B2031-6","_Cant__Colmenas":45,"_Provincia":"BUENOS AIRES","_Departamento":"Chascomus","_Latitud":-35.4495,"_Longitud":-57.7992,"_Cuit":"2.02788e+10","_Razón_Social":"CATALANO HECTOR JOSE","_Prov__Productor":"BUENOS AIRES","_Depto__Productor":"Chascomus"}},{"type":"Feature","geometry":{"type":"Point","coordinates":[-57.977149,-35.608522,0]},"properties":{"description":{"@type":"html","value":"descripción: <br>Nº_Apiario: B2031-7<br>_Cant__Colmenas: 40<br>_Provincia: BUENOS AIRES<br>_Departamento: Chascomus<br>_Latitud: -35.6085<br>_Longitud: -57.9771<br>_Cuit: 2.02788e+10<br>_Razón_Social: CATALANO HECTOR JOSE<br>_Prov__Productor: BUENOS AIRES<br>_Depto__Productor: Chascomus"},"styleUrl":"#icon-1899-DB4436","icon-opacity":1,"icon-color":"#db4436","icon-scale":1,"icon-offset":[32,64],"icon-offset-units":["pixels","insetPixels"],"icon":"https://www.gstatic.com/mapspro/images/stock/503-wht-blank_maps.png","descripción":"","Nº_Apiario":"B2031-7","_Cant__Colmenas":40,"_Provincia":"BUENOS AIRES","_Departamento":"Chascomus","_Latitud":-35.6085,"_Longitud":-57.9771,"_Cuit":"2.02788e+10","_Razón_Social":"CATALANO HECTOR JOSE","_Prov__Productor":"BUENOS AIRES","_Depto__Productor":"Chascomus"}},{"type":"Feature","geometry":{"type":"Point","coordinates":[-57.9053,-35.667181,0]},"properties":{"description":{"@type":"html","value":"descripción: <br>Nº_Apiario: B2031-8<br>_Cant__Colmenas: 40<br>_Provincia: BUENOS AIRES<br>_Departamento: Chascomus<br>_Latitud: -35.6672<br>_Longitud: -57.9053<br>_Cuit: 2.02788e+10<br>_Razón_Social: CATALANO HECTOR JOSE<br>_Prov__Productor: BUENOS AIRES<br>_Depto__Productor: Chascomus"},"styleUrl":"#icon-1899-DB4436","icon-opacity":1,"icon-color":"#db4436","icon-scale":1,"icon-offset":[32,64],"icon-offset-units":["pixels","insetPixels"],"icon":"https://www.gstatic.com/mapspro/images/stock/503-wht-blank_maps.png","descripción":"","Nº_Apiario":"B2031-8","_Cant__Colmenas":40,"_Provincia":"BUENOS AIRES","_Departamento":"Chascomus","_Latitud":-35.6672,"_Longitud":-57.9053,"_Cuit":"2.02788e+10","_Razón_Social":"CATALANO HECTOR JOSE","_Prov__Productor":"BUENOS AIRES","_Depto__Productor":"Chascomus"}},{"type":"Feature","geometry":{"type":"Point","coordinates":[-58.008764,-35.741923,0]},"properties":{"description":{"@type":"html","value":"descripción: <br>Nº_Apiario: B2031-10<br>_Cant__Colmenas: 40<br>_Provincia: BUENOS AIRES<br>_Departamento: Chascomus<br>_Latitud: -35.7419<br>_Longitud: -58.0088<br>_Cuit: 2.02788e+10<br>_Razón_Social: CATALANO HECTOR JOSE<br>_Prov__Productor: BUENOS AIRES<br>_Depto__Productor: Chascomus"},"styleUrl":"#icon-1899-DB4436","icon-opacity":1,"icon-color":"#db4436","icon-scale":1,"icon-offset":[32,64],"icon-offset-units":["pixels","insetPixels"],"icon":"https://www.gstatic.com/mapspro/images/stock/503-wht-blank_maps.png","descripción":"","Nº_Apiario":"B2031-10","_Cant__Colmenas":40,"_Provincia":"BUENOS AIRES","_Departamento":"Chascomus","_Latitud":-35.7419,"_Longitud":-58.0088,"_Cuit":"2.02788e+10","_Razón_Social":"CATALANO HECTOR JOSE","_Prov__Productor":"BUENOS AIRES","_Depto__Productor":"Chascomus"}},{"type":"Feature","geometry":{"type":"Point","coordinates":[-57.769702,-35.530378,0]},"properties":{"description":{"@type":"html","value":"descripción: <br>Nº_Apiario: B2031-13<br>_Cant__Colmenas: 45<br>_Provincia: BUENOS AIRES<br>_Departamento: Chascomus<br>_Latitud: -35.5304<br>_Longitud: -57.7697<br>_Cuit: 2.02788e+10<br>_Razón_Social: CATALANO HECTOR JOSE<br>_Prov__Productor: BUENOS AIRES<br>_Depto__Productor: Chascomus"},"styleUrl":"#icon-1899-DB4436","icon-opacity":1,"icon-color":"#db4436","icon-scale":1,"icon-offset":[32,64],"icon-offset-units":["pixels","insetPixels"],"icon":"https://www.gstatic.com/mapspro/images/stock/503-wht-blank_maps.png","descripción":"","Nº_Apiario":"B2031-13","_Cant__Colmenas":45,"_Provincia":"BUENOS AIRES","_Departamento":"Chascomus","_Latitud":-35.5304,"_Longitud":-57.7697,"_Cuit":"2.02788e+10","_Razón_Social":"CATALANO HECTOR JOSE","_Prov__Productor":"BUENOS AIRES","_Depto__Productor":"Chascomus"}},{"type":"Feature","geometry":{"type":"Point","coordinates":[-58.273312,-35.606335,0]},"properties":{"description":{"@type":"html","value":"descripción: <br>Nº_Apiario: B51260-15<br>_Cant__Colmenas: 75<br>_Provincia: BUENOS AIRES<br>_Departamento: Chascomus<br>_Latitud: -35.6063<br>_Longitud: -58.2733<br>_Cuit: 3.07091e+10<br>_Razón_Social: TAMIC SOCIEDAD ANONIMA<br>_Prov__Productor: BUENOS AIRES<br>_Depto__Productor: General Paz"},"styleUrl":"#icon-1899-DB4436","icon-opacity":1,"icon-color":"#db4436","icon-scale":1,"icon-offset":[32,64],"icon-offset-units":["pixels","insetPixels"],"icon":"https://www.gstatic.com/mapspro/images/stock/503-wht-blank_maps.png","descripción":"","Nº_Apiario":"B51260-15","_Cant__Colmenas":75,"_Provincia":"BUENOS AIRES","_Departamento":"Chascomus","_Latitud":-35.6063,"_Longitud":-58.2733,"_Cuit":"3.07091e+10","_Razón_Social":"TAMIC SOCIEDAD ANONIMA","_Prov__Productor":"BUENOS AIRES","_Depto__Productor":"General Paz"}},{"type":"Feature","geometry":{"type":"Point","coordinates":[-58.259274,-35.645838,0]},"properties":{"description":{"@type":"html","value":"descripción: <br>Nº_Apiario: B51260-14<br>_Cant__Colmenas: 85<br>_Provincia: BUENOS AIRES<br>_Departamento: Chascomus<br>_Latitud: -35.6458<br>_Longitud: -58.2593<br>_Cuit: 3.07091e+10<br>_Razón_Social: TAMIC SOCIEDAD ANONIMA<br>_Prov__Productor: BUENOS AIRES<br>_Depto__Productor: General Paz"},"styleUrl":"#icon-1899-DB4436","icon-opacity":1,"icon-color":"#db4436","icon-scale":1,"icon-offset":[32,64],"icon-offset-units":["pixels","insetPixels"],"icon":"https://www.gstatic.com/mapspro/images/stock/503-wht-blank_maps.png","descripción":"","Nº_Apiario":"B51260-14","_Cant__Colmenas":85,"_Provincia":"BUENOS AIRES","_Departamento":"Chascomus","_Latitud":-35.6458,"_Longitud":-58.2593,"_Cuit":"3.07091e+10","_Razón_Social":"TAMIC SOCIEDAD ANONIMA","_Prov__Productor":"BUENOS AIRES","_Depto__Productor":"General Paz"}},{"type":"Feature","geometry":{"type":"Point","coordinates":[-58.25708,-35.735139,0]},"properties":{"description":{"@type":"html","value":"descripción: <br>Nº_Apiario: B51260-12<br>_Cant__Colmenas: 90<br>_Provincia: BUENOS AIRES<br>_Departamento: Chascomus<br>_Latitud: -35.7351<br>_Longitud: -58.2571<br>_Cuit: 3.07091e+10<br>_Razón_Social: TAMIC SOCIEDAD ANONIMA<br>_Prov__Productor: BUENOS AIRES<br>_Depto__Productor: General Paz"},"styleUrl":"#icon-1899-DB4436","icon-opacity":1,"icon-color":"#db4436","icon-scale":1,"icon-offset":[32,64],"icon-offset-units":["pixels","insetPixels"],"icon":"https://www.gstatic.com/mapspro/images/stock/503-wht-blank_maps.png","descripción":"","Nº_Apiario":"B51260-12","_Cant__Colmenas":90,"_Provincia":"BUENOS AIRES","_Departamento":"Chascomus","_Latitud":-35.7351,"_Longitud":-58.2571,"_Cuit":"3.07091e+10","_Razón_Social":"TAMIC SOCIEDAD ANONIMA","_Prov__Productor":"BUENOS AIRES","_Depto__Productor":"General Paz"}},{"type":"Feature","geometry":{"type":"Point","coordinates":[-58.277851,-35.748758,0]},"properties":{"description":{"@type":"html","value":"descripción: <br>Nº_Apiario: B51260-11<br>_Cant__Colmenas: 95<br>_Provincia: BUENOS AIRES<br>_Departamento: Chascomus<br>_Latitud: -35.7488<br>_Longitud: -58.2779<br>_Cuit: 3.07091e+10<br>_Razón_Social: TAMIC SOCIEDAD ANONIMA<br>_Prov__Productor: BUENOS AIRES<br>_Depto__Productor: General Paz"},"styleUrl":"#icon-1899-DB4436","icon-opacity":1,"icon-color":"#db4436","icon-scale":1,"icon-offset":[32,64],"icon-offset-units":["pixels","insetPixels"],"icon":"https://www.gstatic.com/mapspro/images/stock/503-wht-blank_maps.png","descripción":"","Nº_Apiario":"B51260-11","_Cant__Colmenas":95,"_Provincia":"BUENOS AIRES","_Departamento":"Chascomus","_Latitud":-35.7488,"_Longitud":-58.2779,"_Cuit":"3.07091e+10","_Razón_Social":"TAMIC SOCIEDAD ANONIMA","_Prov__Productor":"BUENOS AIRES","_Depto__Productor":"General Paz"}},{"type":"Feature","geometry":{"type":"Point","coordinates":[-58.24188,-35.719455,0]},"properties":{"description":{"@type":"html","value":"descripción: <br>Nº_Apiario: B51260-10<br>_Cant__Colmenas: 75<br>_Provincia: BUENOS AIRES<br>_Departamento: Chascomus<br>_Latitud: -35.7195<br>_Longitud: -58.2419<br>_Cuit: 3.07091e+10<br>_Razón_Social: TAMIC SOCIEDAD ANONIMA<br>_Prov__Productor: BUENOS AIRES<br>_Depto__Productor: General Paz"},"styleUrl":"#icon-1899-DB4436","icon-opacity":1,"icon-color":"#db4436","icon-scale":1,"icon-offset":[32,64],"icon-offset-units":["pixels","insetPixels"],"icon":"https://www.gstatic.com/mapspro/images/stock/503-wht-blank_maps.png","descripción":"","Nº_Apiario":"B51260-10","_Cant__Colmenas":75,"_Provincia":"BUENOS AIRES","_Departamento":"Chascomus","_Latitud":-35.7195,"_Longitud":-58.2419,"_Cuit":"3.07091e+10","_Razón_Social":"TAMIC SOCIEDAD ANONIMA","_Prov__Productor":"BUENOS AIRES","_Depto__Productor":"General Paz"}},{"type":"Feature","geometry":{"type":"Point","coordinates":[-58.218049,-35.719879,0]},"properties":{"description":{"@type":"html","value":"descripción: <br>Nº_Apiario: B51260-9<br>_Cant__Colmenas: 70<br>_Provincia: BUENOS AIRES<br>_Departamento: Chascomus<br>_Latitud: -35.7199<br>_Longitud: -58.218<br>_Cuit: 3.07091e+10<br>_Razón_Social: TAMIC SOCIEDAD ANONIMA<br>_Prov__Productor: BUENOS AIRES<br>_Depto__Productor: General Paz"},"styleUrl":"#icon-1899-DB4436","icon-opacity":1,"icon-color":"#db4436","icon-scale":1,"icon-offset":[32,64],"icon-offset-units":["pixels","insetPixels"],"icon":"https://www.gstatic.com/mapspro/images/stock/503-wht-blank_maps.png","descripción":"","Nº_Apiario":"B51260-9","_Cant__Colmenas":70,"_Provincia":"BUENOS AIRES","_Departamento":"Chascomus","_Latitud":-35.7199,"_Longitud":-58.218,"_Cuit":"3.07091e+10","_Razón_Social":"TAMIC SOCIEDAD ANONIMA","_Prov__Productor":"BUENOS AIRES","_Depto__Productor":"General Paz"}},{"type":"Feature","geometry":{"type":"Point","coordinates":[-58.220745,-35.706708,0]},"properties":{"description":{"@type":"html","value":"descripción: <br>Nº_Apiario: B51260-8<br>_Cant__Colmenas: 81<br>_Provincia: BUENOS AIRES<br>_Departamento: Chascomus<br>_Latitud: -35.7067<br>_Longitud: -58.2207<br>_Cuit: 3.07091e+10<br>_Razón_Social: TAMIC SOCIEDAD ANONIMA<br>_Prov__Productor: BUENOS AIRES<br>_Depto__Productor: General Paz"},"styleUrl":"#icon-1899-DB4436","icon-opacity":1,"icon-color":"#db4436","icon-scale":1,"icon-offset":[32,64],"icon-offset-units":["pixels","insetPixels"],"icon":"https://www.gstatic.com/mapspro/images/stock/503-wht-blank_maps.png","descripción":"","Nº_Apiario":"B51260-8","_Cant__Colmenas":81,"_Provincia":"BUENOS AIRES","_Departamento":"Chascomus","_Latitud":-35.7067,"_Longitud":-58.2207,"_Cuit":"3.07091e+10","_Razón_Social":"TAMIC SOCIEDAD ANONIMA","_Prov__Productor":"BUENOS AIRES","_Depto__Productor":"General Paz"}},{"type":"Feature","geometry":{"type":"Point","coordinates":[-58.209699,-35.690946,0]},"properties":{"description":{"@type":"html","value":"descripción: <br>Nº_Apiario: B51260-7<br>_Cant__Colmenas: 90<br>_Provincia: BUENOS AIRES<br>_Departamento: Chascomus<br>_Latitud: -35.6909<br>_Longitud: -58.2097<br>_Cuit: 3.07091e+10<br>_Razón_Social: TAMIC SOCIEDAD ANONIMA<br>_Prov__Productor: BUENOS AIRES<br>_Depto__Productor: General Paz"},"styleUrl":"#icon-1899-DB4436","icon-opacity":1,"icon-color":"#db4436","icon-scale":1,"icon-offset":[32,64],"icon-offset-units":["pixels","insetPixels"],"icon":"https://www.gstatic.com/mapspro/images/stock/503-wht-blank_maps.png","descripción":"","Nº_Apiario":"B51260-7","_Cant__Colmenas":90,"_Provincia":"BUENOS AIRES","_Departamento":"Chascomus","_Latitud":-35.6909,"_Longitud":-58.2097,"_Cuit":"3.07091e+10","_Razón_Social":"TAMIC SOCIEDAD ANONIMA","_Prov__Productor":"BUENOS AIRES","_Depto__Productor":"General Paz"}},{"type":"Feature","geometry":{"type":"Point","coordinates":[-58.185567,-35.718085,0]},"properties":{"description":{"@type":"html","value":"descripción: <br>Nº_Apiario: B51260-6<br>_Cant__Colmenas: 75<br>_Provincia: BUENOS AIRES<br>_Departamento: Chascomus<br>_Latitud: -35.7181<br>_Longitud: -58.1856<br>_Cuit: 3.07091e+10<br>_Razón_Social: TAMIC SOCIEDAD ANONIMA<br>_Prov__Productor: BUENOS AIRES<br>_Depto__Productor: General Paz"},"styleUrl":"#icon-1899-DB4436","icon-opacity":1,"icon-color":"#db4436","icon-scale":1,"icon-offset":[32,64],"icon-offset-units":["pixels","insetPixels"],"icon":"https://www.gstatic.com/mapspro/images/stock/503-wht-blank_maps.png","descripción":"","Nº_Apiario":"B51260-6","_Cant__Colmenas":75,"_Provincia":"BUENOS AIRES","_Departamento":"Chascomus","_Latitud":-35.7181,"_Longitud":-58.1856,"_Cuit":"3.07091e+10","_Razón_Social":"TAMIC SOCIEDAD ANONIMA","_Prov__Productor":"BUENOS AIRES","_Depto__Productor":"General Paz"}},{"type":"Feature","geometry":{"type":"Point","coordinates":[-58.199036,-35.681326,0]},"properties":{"description":{"@type":"html","value":"descripción: <br>Nº_Apiario: B51260-5<br>_Cant__Colmenas: 70<br>_Provincia: BUENOS AIRES<br>_Departamento: Chascomus<br>_Latitud: -35.6813<br>_Longitud: -58.199<br>_Cuit: 3.07091e+10<br>_Razón_Social: TAMIC SOCIEDAD ANONIMA<br>_Prov__Productor: BUENOS AIRES<br>_Depto__Productor: General Paz"},"styleUrl":"#icon-1899-DB4436","icon-opacity":1,"icon-color":"#db4436","icon-scale":1,"icon-offset":[32,64],"icon-offset-units":["pixels","insetPixels"],"icon":"https://www.gstatic.com/mapspro/images/stock/503-wht-blank_maps.png","descripción":"","Nº_Apiario":"B51260-5","_Cant__Colmenas":70,"_Provincia":"BUENOS AIRES","_Departamento":"Chascomus","_Latitud":-35.6813,"_Longitud":-58.199,"_Cuit":"3.07091e+10","_Razón_Social":"TAMIC SOCIEDAD ANONIMA","_Prov__Productor":"BUENOS AIRES","_Depto__Productor":"General Paz"}},{"type":"Feature","geometry":{"type":"Point","coordinates":[-58.205866,-35.674031,0]},"properties":{"description":{"@type":"html","value":"descripción: <br>Nº_Apiario: B51260-4<br>_Cant__Colmenas: 80<br>_Provincia: BUENOS AIRES<br>_Departamento: Chascomus<br>_Latitud: -35.674<br>_Longitud: -58.2059<br>_Cuit: 3.07091e+10<br>_Razón_Social: TAMIC SOCIEDAD ANONIMA<br>_Prov__Productor: BUENOS AIRES<br>_Depto__Productor: General Paz"},"styleUrl":"#icon-1899-DB4436","icon-opacity":1,"icon-color":"#db4436","icon-scale":1,"icon-offset":[32,64],"icon-offset-units":["pixels","insetPixels"],"icon":"https://www.gstatic.com/mapspro/images/stock/503-wht-blank_maps.png","descripción":"","Nº_Apiario":"B51260-4","_Cant__Colmenas":80,"_Provincia":"BUENOS AIRES","_Departamento":"Chascomus","_Latitud":-35.674,"_Longitud":-58.2059,"_Cuit":"3.07091e+10","_Razón_Social":"TAMIC SOCIEDAD ANONIMA","_Prov__Productor":"BUENOS AIRES","_Depto__Productor":"General Paz"}},{"type":"Feature","geometry":{"type":"Point","coordinates":[-58.141279,-35.715576,0]},"properties":{"description":{"@type":"html","value":"descripción: <br>Nº_Apiario: B51260-3<br>_Cant__Colmenas: 70<br>_Provincia: BUENOS AIRES<br>_Departamento: Chascomus<br>_Latitud: -35.7156<br>_Longitud: -58.1413<br>_Cuit: 3.07091e+10<br>_Razón_Social: TAMIC SOCIEDAD ANONIMA<br>_Prov__Productor: BUENOS AIRES<br>_Depto__Productor: General Paz"},"styleUrl":"#icon-1899-DB4436","icon-opacity":1,"icon-color":"#db4436","icon-scale":1,"icon-offset":[32,64],"icon-offset-units":["pixels","insetPixels"],"icon":"https://www.gstatic.com/mapspro/images/stock/503-wht-blank_maps.png","descripción":"","Nº_Apiario":"B51260-3","_Cant__Colmenas":70,"_Provincia":"BUENOS AIRES","_Departamento":"Chascomus","_Latitud":-35.7156,"_Longitud":-58.1413,"_Cuit":"3.07091e+10","_Razón_Social":"TAMIC SOCIEDAD ANONIMA","_Prov__Productor":"BUENOS AIRES","_Depto__Productor":"General Paz"}},{"type":"Feature","geometry":{"type":"Point","coordinates":[-58.136293,-35.503569,0]},"properties":{"description":{"@type":"html","value":"descripción: <br>Nº_Apiario: B17393-2<br>_Cant__Colmenas: 30<br>_Provincia: BUENOS AIRES<br>_Departamento: Chascomus<br>_Latitud: -35.5036<br>_Longitud: -58.1363<br>_Cuit: 2.0115e+10<br>_Razón_Social: ILLODO ENRIQUE ANGEL<br>_Prov__Productor: BUENOS AIRES<br>_Depto__Productor: Chascomus"},"styleUrl":"#icon-1899-DB4436","icon-opacity":1,"icon-color":"#db4436","icon-scale":1,"icon-offset":[32,64],"icon-offset-units":["pixels","insetPixels"],"icon":"https://www.gstatic.com/mapspro/images/stock/503-wht-blank_maps.png","descripción":"","Nº_Apiario":"B17393-2","_Cant__Colmenas":30,"_Provincia":"BUENOS AIRES","_Departamento":"Chascomus","_Latitud":-35.5036,"_Longitud":-58.1363,"_Cuit":"2.0115e+10","_Razón_Social":"ILLODO ENRIQUE ANGEL","_Prov__Productor":"BUENOS AIRES","_Depto__Productor":"Chascomus"}},{"type":"Feature","geometry":{"type":"Point","coordinates":[-58.02049,-35.451744,0]},"properties":{"description":{"@type":"html","value":"descripción: <br>Nº_Apiario: B17393-3<br>_Cant__Colmenas: 30<br>_Provincia: BUENOS AIRES<br>_Departamento: Chascomus<br>_Latitud: -35.4517<br>_Longitud: -58.0205<br>_Cuit: 2.0115e+10<br>_Razón_Social: ILLODO ENRIQUE ANGEL<br>_Prov__Productor: BUENOS AIRES<br>_Depto__Productor: Chascomus"},"styleUrl":"#icon-1899-DB4436","icon-opacity":1,"icon-color":"#db4436","icon-scale":1,"icon-offset":[32,64],"icon-offset-units":["pixels","insetPixels"],"icon":"https://www.gstatic.com/mapspro/images/stock/503-wht-blank_maps.png","descripción":"","Nº_Apiario":"B17393-3","_Cant__Colmenas":30,"_Provincia":"BUENOS AIRES","_Departamento":"Chascomus","_Latitud":-35.4517,"_Longitud":-58.0205,"_Cuit":"2.0115e+10","_Razón_Social":"ILLODO ENRIQUE ANGEL","_Prov__Productor":"BUENOS AIRES","_Depto__Productor":"Chascomus"}},{"type":"Feature","geometry":{"type":"Point","coordinates":[-58.042908,-35.619124,0]},"properties":{"description":{"@type":"html","value":"descripción: <br>Nº_Apiario: B17393-4<br>_Cant__Colmenas: 20<br>_Provincia: BUENOS AIRES<br>_Departamento: Chascomus<br>_Latitud: -35.6191<br>_Longitud: -58.0429<br>_Cuit: 2.0115e+10<br>_Razón_Social: ILLODO ENRIQUE ANGEL<br>_Prov__Productor: BUENOS AIRES<br>_Depto__Productor: Chascomus"},"styleUrl":"#icon-1899-DB4436","icon-opacity":1,"icon-color":"#db4436","icon-scale":1,"icon-offset":[32,64],"icon-offset-units":["pixels","insetPixels"],"icon":"https://www.gstatic.com/mapspro/images/stock/503-wht-blank_maps.png","descripción":"","Nº_Apiario":"B17393-4","_Cant__Colmenas":20,"_Provincia":"BUENOS AIRES","_Departamento":"Chascomus","_Latitud":-35.6191,"_Longitud":-58.0429,"_Cuit":"2.0115e+10","_Razón_Social":"ILLODO ENRIQUE ANGEL","_Prov__Productor":"BUENOS AIRES","_Depto__Productor":"Chascomus"}},{"type":"Feature","geometry":{"type":"Point","coordinates":[-57.90143,-35.65995,0]},"properties":{"description":{"@type":"html","value":"descripción: <br>Nº_Apiario: B17393-5<br>_Cant__Colmenas: 30<br>_Provincia: BUENOS AIRES<br>_Departamento: Chascomus<br>_Latitud: -35.66<br>_Longitud: -57.9014<br>_Cuit: 2.0115e+10<br>_Razón_Social: ILLODO ENRIQUE ANGEL<br>_Prov__Productor: BUENOS AIRES<br>_Depto__Productor: Chascomus"},"styleUrl":"#icon-1899-DB4436","icon-opacity":1,"icon-color":"#db4436","icon-scale":1,"icon-offset":[32,64],"icon-offset-units":["pixels","insetPixels"],"icon":"https://www.gstatic.com/mapspro/images/stock/503-wht-blank_maps.png","descripción":"","Nº_Apiario":"B17393-5","_Cant__Colmenas":30,"_Provincia":"BUENOS AIRES","_Departamento":"Chascomus","_Latitud":-35.66,"_Longitud":-57.9014,"_Cuit":"2.0115e+10","_Razón_Social":"ILLODO ENRIQUE ANGEL","_Prov__Productor":"BUENOS AIRES","_Depto__Productor":"Chascomus"}},{"type":"Feature","geometry":{"type":"Point","coordinates":[-57.833969,-35.553101,0]},"properties":{"description":{"@type":"html","value":"descripción: <br>Nº_Apiario: B17393-7<br>_Cant__Colmenas: 30<br>_Provincia: BUENOS AIRES<br>_Departamento: Chascomus<br>_Latitud: -35.5531<br>_Longitud: -57.834<br>_Cuit: 2.0115e+10<br>_Razón_Social: ILLODO ENRIQUE ANGEL<br>_Prov__Productor: BUENOS AIRES<br>_Depto__Productor: Chascomus"},"styleUrl":"#icon-1899-DB4436","icon-opacity":1,"icon-color":"#db4436","icon-scale":1,"icon-offset":[32,64],"icon-offset-units":["pixels","insetPixels"],"icon":"https://www.gstatic.com/mapspro/images/stock/503-wht-blank_maps.png","descripción":"","Nº_Apiario":"B17393-7","_Cant__Colmenas":30,"_Provincia":"BUENOS AIRES","_Departamento":"Chascomus","_Latitud":-35.5531,"_Longitud":-57.834,"_Cuit":"2.0115e+10","_Razón_Social":"ILLODO ENRIQUE ANGEL","_Prov__Productor":"BUENOS AIRES","_Depto__Productor":"Chascomus"}},{"type":"Feature","geometry":{"type":"Point","coordinates":[-57.69723,-35.521309,0]},"properties":{"description":{"@type":"html","value":"descripción: <br>Nº_Apiario: B17393-8<br>_Cant__Colmenas: 30<br>_Provincia: BUENOS AIRES<br>_Departamento: Chascomus<br>_Latitud: -35.5213<br>_Longitud: -57.6972<br>_Cuit: 2.0115e+10<br>_Razón_Social: ILLODO ENRIQUE ANGEL<br>_Prov__Productor: BUENOS AIRES<br>_Depto__Productor: Chascomus"},"styleUrl":"#icon-1899-DB4436","icon-opacity":1,"icon-color":"#db4436","icon-scale":1,"icon-offset":[32,64],"icon-offset-units":["pixels","insetPixels"],"icon":"https://www.gstatic.com/mapspro/images/stock/503-wht-blank_maps.png","descripción":"","Nº_Apiario":"B17393-8","_Cant__Colmenas":30,"_Provincia":"BUENOS AIRES","_Departamento":"Chascomus","_Latitud":-35.5213,"_Longitud":-57.6972,"_Cuit":"2.0115e+10","_Razón_Social":"ILLODO ENRIQUE ANGEL","_Prov__Productor":"BUENOS AIRES","_Depto__Productor":"Chascomus"}},{"type":"Feature","geometry":{"type":"Point","coordinates":[-58.081896,-35.548613,0]},"properties":{"description":{"@type":"html","value":"descripción: <br>Nº_Apiario: B17393-1<br>_Cant__Colmenas: 31<br>_Provincia: BUENOS AIRES<br>_Departamento: Chascomus<br>_Latitud: -35.5486<br>_Longitud: -58.0819<br>_Cuit: 2.0115e+10<br>_Razón_Social: ILLODO ENRIQUE ANGEL<br>_Prov__Productor: BUENOS AIRES<br>_Depto__Productor: Chascomus"},"styleUrl":"#icon-1899-DB4436","icon-opacity":1,"icon-color":"#db4436","icon-scale":1,"icon-offset":[32,64],"icon-offset-units":["pixels","insetPixels"],"icon":"https://www.gstatic.com/mapspro/images/stock/503-wht-blank_maps.png","descripción":"","Nº_Apiario":"B17393-1","_Cant__Colmenas":31,"_Provincia":"BUENOS AIRES","_Departamento":"Chascomus","_Latitud":-35.5486,"_Longitud":-58.0819,"_Cuit":"2.0115e+10","_Razón_Social":"ILLODO ENRIQUE ANGEL","_Prov__Productor":"BUENOS AIRES","_Depto__Productor":"Chascomus"}},{"type":"Feature","geometry":{"type":"Point","coordinates":[-57.662914,-35.504992,0]},"properties":{"description":{"@type":"html","value":"descripción: <br>Nº_Apiario: B18874-6<br>_Cant__Colmenas: 30<br>_Provincia: BUENOS AIRES<br>_Departamento: Chascomus<br>_Latitud: -35.505<br>_Longitud: -57.6629<br>_Cuit: 2.03364e+10<br>_Razón_Social: ILLODO FEDERICO ANDRES<br>_Prov__Productor: BUENOS AIRES<br>_Depto__Productor: Chascomus"},"styleUrl":"#icon-1899-DB4436","icon-opacity":1,"icon-color":"#db4436","icon-scale":1,"icon-offset":[32,64],"icon-offset-units":["pixels","insetPixels"],"icon":"https://www.gstatic.com/mapspro/images/stock/503-wht-blank_maps.png","descripción":"","Nº_Apiario":"B18874-6","_Cant__Colmenas":30,"_Provincia":"BUENOS AIRES","_Departamento":"Chascomus","_Latitud":-35.505,"_Longitud":-57.6629,"_Cuit":"2.03364e+10","_Razón_Social":"ILLODO FEDERICO ANDRES","_Prov__Productor":"BUENOS AIRES","_Depto__Productor":"Chascomus"}},{"type":"Feature","geometry":{"type":"Point","coordinates":[-57.636563,-35.542077,0]},"properties":{"description":{"@type":"html","value":"descripción: <br>Nº_Apiario: B18874-7<br>_Cant__Colmenas: 30<br>_Provincia: BUENOS AIRES<br>_Departamento: Chascomus<br>_Latitud: -35.5421<br>_Longitud: -57.6366<br>_Cuit: 2.03364e+10<br>_Razón_Social: ILLODO FEDERICO ANDRES<br>_Prov__Productor: BUENOS AIRES<br>_Depto__Productor: Chascomus"},"styleUrl":"#icon-1899-DB4436","icon-opacity":1,"icon-color":"#db4436","icon-scale":1,"icon-offset":[32,64],"icon-offset-units":["pixels","insetPixels"],"icon":"https://www.gstatic.com/mapspro/images/stock/503-wht-blank_maps.png","descripción":"","Nº_Apiario":"B18874-7","_Cant__Colmenas":30,"_Provincia":"BUENOS AIRES","_Departamento":"Chascomus","_Latitud":-35.5421,"_Longitud":-57.6366,"_Cuit":"2.03364e+10","_Razón_Social":"ILLODO FEDERICO ANDRES","_Prov__Productor":"BUENOS AIRES","_Depto__Productor":"Chascomus"}},{"type":"Feature","geometry":{"type":"Point","coordinates":[-57.587264,-35.489486,0]},"properties":{"description":{"@type":"html","value":"descripción: <br>Nº_Apiario: B18874-8<br>_Cant__Colmenas: 30<br>_Provincia: BUENOS AIRES<br>_Departamento: Chascomus<br>_Latitud: -35.4895<br>_Longitud: -57.5873<br>_Cuit: 2.03364e+10<br>_Razón_Social: ILLODO FEDERICO ANDRES<br>_Prov__Productor: BUENOS AIRES<br>_Depto__Productor: Chascomus"},"styleUrl":"#icon-1899-DB4436","icon-opacity":1,"icon-color":"#db4436","icon-scale":1,"icon-offset":[32,64],"icon-offset-units":["pixels","insetPixels"],"icon":"https://www.gstatic.com/mapspro/images/stock/503-wht-blank_maps.png","descripción":"","Nº_Apiario":"B18874-8","_Cant__Colmenas":30,"_Provincia":"BUENOS AIRES","_Departamento":"Chascomus","_Latitud":-35.4895,"_Longitud":-57.5873,"_Cuit":"2.03364e+10","_Razón_Social":"ILLODO FEDERICO ANDRES","_Prov__Productor":"BUENOS AIRES","_Depto__Productor":"Chascomus"}},{"type":"Feature","geometry":{"type":"Point","coordinates":[-57.990431,-35.504491,0]},"properties":{"description":{"@type":"html","value":"descripción: <br>Nº_Apiario: B18874-9<br>_Cant__Colmenas: 15<br>_Provincia: BUENOS AIRES<br>_Departamento: Chascomus<br>_Latitud: -35.5045<br>_Longitud: -57.9904<br>_Cuit: 2.03364e+10<br>_Razón_Social: ILLODO FEDERICO ANDRES<br>_Prov__Productor: BUENOS AIRES<br>_Depto__Productor: Chascomus"},"styleUrl":"#icon-1899-DB4436","icon-opacity":1,"icon-color":"#db4436","icon-scale":1,"icon-offset":[32,64],"icon-offset-units":["pixels","insetPixels"],"icon":"https://www.gstatic.com/mapspro/images/stock/503-wht-blank_maps.png","descripción":"","Nº_Apiario":"B18874-9","_Cant__Colmenas":15,"_Provincia":"BUENOS AIRES","_Departamento":"Chascomus","_Latitud":-35.5045,"_Longitud":-57.9904,"_Cuit":"2.03364e+10","_Razón_Social":"ILLODO FEDERICO ANDRES","_Prov__Productor":"BUENOS AIRES","_Depto__Productor":"Chascomus"}},{"type":"Feature","geometry":{"type":"Point","coordinates":[-57.967906,-35.493235,0]},"properties":{"description":{"@type":"html","value":"descripción: <br>Nº_Apiario: B18874-10<br>_Cant__Colmenas: 15<br>_Provincia: BUENOS AIRES<br>_Departamento: Chascomus<br>_Latitud: -35.4932<br>_Longitud: -57.9679<br>_Cuit: 2.03364e+10<br>_Razón_Social: ILLODO FEDERICO ANDRES<br>_Prov__Productor: BUENOS AIRES<br>_Depto__Productor: Chascomus"},"styleUrl":"#icon-1899-DB4436","icon-opacity":1,"icon-color":"#db4436","icon-scale":1,"icon-offset":[32,64],"icon-offset-units":["pixels","insetPixels"],"icon":"https://www.gstatic.com/mapspro/images/stock/503-wht-blank_maps.png","descripción":"","Nº_Apiario":"B18874-10","_Cant__Colmenas":15,"_Provincia":"BUENOS AIRES","_Departamento":"Chascomus","_Latitud":-35.4932,"_Longitud":-57.9679,"_Cuit":"2.03364e+10","_Razón_Social":"ILLODO FEDERICO ANDRES","_Prov__Productor":"BUENOS AIRES","_Depto__Productor":"Chascomus"}},{"type":"Feature","geometry":{"type":"Point","coordinates":[-58.155363,-35.668613,0]},"properties":{"description":{"@type":"html","value":"descripción: <br>Nº_Apiario: B51081-1<br>_Cant__Colmenas: 100<br>_Provincia: BUENOS AIRES<br>_Departamento: Chascomus<br>_Latitud: -35.6686<br>_Longitud: -58.1554<br>_Cuit: 2.73327e+10<br>_Razón_Social: PALACIO ANA CLARA<br>_Prov__Productor: BUENOS AIRES<br>_Depto__Productor: Chascomus"},"styleUrl":"#icon-1899-DB4436","icon-opacity":1,"icon-color":"#db4436","icon-scale":1,"icon-offset":[32,64],"icon-offset-units":["pixels","insetPixels"],"icon":"https://www.gstatic.com/mapspro/images/stock/503-wht-blank_maps.png","descripción":"","Nº_Apiario":"B51081-1","_Cant__Colmenas":100,"_Provincia":"BUENOS AIRES","_Departamento":"Chascomus","_Latitud":-35.6686,"_Longitud":-58.1554,"_Cuit":"2.73327e+10","_Razón_Social":"PALACIO ANA CLARA","_Prov__Productor":"BUENOS AIRES","_Depto__Productor":"Chascomus"}},{"type":"Feature","geometry":{"type":"Point","coordinates":[-58.027296,-35.52757,0]},"properties":{"description":{"@type":"html","value":"descripción: <br>Nº_Apiario: B51081-3<br>_Cant__Colmenas: 50<br>_Provincia: BUENOS AIRES<br>_Departamento: Chascomus<br>_Latitud: -35.5276<br>_Longitud: -58.0273<br>_Cuit: 2.73327e+10<br>_Razón_Social: PALACIO ANA CLARA<br>_Prov__Productor: BUENOS AIRES<br>_Depto__Productor: Chascomus"},"styleUrl":"#icon-1899-DB4436","icon-opacity":1,"icon-color":"#db4436","icon-scale":1,"icon-offset":[32,64],"icon-offset-units":["pixels","insetPixels"],"icon":"https://www.gstatic.com/mapspro/images/stock/503-wht-blank_maps.png","descripción":"","Nº_Apiario":"B51081-3","_Cant__Colmenas":50,"_Provincia":"BUENOS AIRES","_Departamento":"Chascomus","_Latitud":-35.5276,"_Longitud":-58.0273,"_Cuit":"2.73327e+10","_Razón_Social":"PALACIO ANA CLARA","_Prov__Productor":"BUENOS AIRES","_Depto__Productor":"Chascomus"}},{"type":"Feature","geometry":{"type":"Point","coordinates":[-57.659787,-35.487945,0]},"properties":{"description":{"@type":"html","value":"descripción: <br>Nº_Apiario: B51081-4<br>_Cant__Colmenas: 70<br>_Provincia: BUENOS AIRES<br>_Departamento: Chascomus<br>_Latitud: -35.4879<br>_Longitud: -57.6598<br>_Cuit: 2.73327e+10<br>_Razón_Social: PALACIO ANA CLARA<br>_Prov__Productor: BUENOS AIRES<br>_Depto__Productor: Chascomus"},"styleUrl":"#icon-1899-DB4436","icon-opacity":1,"icon-color":"#db4436","icon-scale":1,"icon-offset":[32,64],"icon-offset-units":["pixels","insetPixels"],"icon":"https://www.gstatic.com/mapspro/images/stock/503-wht-blank_maps.png","descripción":"","Nº_Apiario":"B51081-4","_Cant__Colmenas":70,"_Provincia":"BUENOS AIRES","_Departamento":"Chascomus","_Latitud":-35.4879,"_Longitud":-57.6598,"_Cuit":"2.73327e+10","_Razón_Social":"PALACIO ANA CLARA","_Prov__Productor":"BUENOS AIRES","_Depto__Productor":"Chascomus"}},{"type":"Feature","geometry":{"type":"Point","coordinates":[-57.849512,-35.548295,0]},"properties":{"description":{"@type":"html","value":"descripción: <br>Nº_Apiario: B51081-5<br>_Cant__Colmenas: 85<br>_Provincia: BUENOS AIRES<br>_Departamento: Chascomus<br>_Latitud: -35.5483<br>_Longitud: -57.8495<br>_Cuit: 2.73327e+10<br>_Razón_Social: PALACIO ANA CLARA<br>_Prov__Productor: BUENOS AIRES<br>_Depto__Productor: Chascomus"},"styleUrl":"#icon-1899-DB4436","icon-opacity":1,"icon-color":"#db4436","icon-scale":1,"icon-offset":[32,64],"icon-offset-units":["pixels","insetPixels"],"icon":"https://www.gstatic.com/mapspro/images/stock/503-wht-blank_maps.png","descripción":"","Nº_Apiario":"B51081-5","_Cant__Colmenas":85,"_Provincia":"BUENOS AIRES","_Departamento":"Chascomus","_Latitud":-35.5483,"_Longitud":-57.8495,"_Cuit":"2.73327e+10","_Razón_Social":"PALACIO ANA CLARA","_Prov__Productor":"BUENOS AIRES","_Depto__Productor":"Chascomus"}},{"type":"Feature","geometry":{"type":"Point","coordinates":[-58.164214,-35.496938,0]},"properties":{"description":{"@type":"html","value":"descripción: <br>Nº_Apiario: B51081-2<br>_Cant__Colmenas: 97<br>_Provincia: BUENOS AIRES<br>_Departamento: Chascomus<br>_Latitud: -35.4969<br>_Longitud: -58.1642<br>_Cuit: 2.73327e+10<br>_Razón_Social: PALACIO ANA CLARA<br>_Prov__Productor: BUENOS AIRES<br>_Depto__Productor: Chascomus"},"styleUrl":"#icon-1899-DB4436","icon-opacity":1,"icon-color":"#db4436","icon-scale":1,"icon-offset":[32,64],"icon-offset-units":["pixels","insetPixels"],"icon":"https://www.gstatic.com/mapspro/images/stock/503-wht-blank_maps.png","descripción":"","Nº_Apiario":"B51081-2","_Cant__Colmenas":97,"_Provincia":"BUENOS AIRES","_Departamento":"Chascomus","_Latitud":-35.4969,"_Longitud":-58.1642,"_Cuit":"2.73327e+10","_Razón_Social":"PALACIO ANA CLARA","_Prov__Productor":"BUENOS AIRES","_Depto__Productor":"Chascomus"}},{"type":"Feature","geometry":{"type":"Point","coordinates":[-58.241426,-35.714199,0]},"properties":{"description":{"@type":"html","value":"descripción: <br>Nº_Apiario: B51190-1<br>_Cant__Colmenas: 81<br>_Provincia: BUENOS AIRES<br>_Departamento: Chascomus<br>_Latitud: -35.7142<br>_Longitud: -58.2414<br>_Cuit: 2.01722e+10<br>_Razón_Social: MARTINETTI MARCELO FABIAN<br>_Prov__Productor: BUENOS AIRES<br>_Depto__Productor: General Paz"},"styleUrl":"#icon-1899-DB4436","icon-opacity":1,"icon-color":"#db4436","icon-scale":1,"icon-offset":[32,64],"icon-offset-units":["pixels","insetPixels"],"icon":"https://www.gstatic.com/mapspro/images/stock/503-wht-blank_maps.png","descripción":"","Nº_Apiario":"B51190-1","_Cant__Colmenas":81,"_Provincia":"BUENOS AIRES","_Departamento":"Chascomus","_Latitud":-35.7142,"_Longitud":-58.2414,"_Cuit":"2.01722e+10","_Razón_Social":"MARTINETTI MARCELO FABIAN","_Prov__Productor":"BUENOS AIRES","_Depto__Productor":"General Paz"}},{"type":"Feature","geometry":{"type":"Point","coordinates":[-57.796998,-35.660722,0]},"properties":{"description":{"@type":"html","value":"descripción: <br>Nº_Apiario: B51208-2<br>_Cant__Colmenas: 50<br>_Provincia: BUENOS AIRES<br>_Departamento: Chascomus<br>_Latitud: -35.6607<br>_Longitud: -57.797<br>_Cuit: 2.09412e+10<br>_Razón_Social: URSI GENARO<br>_Prov__Productor: BUENOS AIRES<br>_Depto__Productor: Chascomus"},"styleUrl":"#icon-1899-DB4436","icon-opacity":1,"icon-color":"#db4436","icon-scale":1,"icon-offset":[32,64],"icon-offset-units":["pixels","insetPixels"],"icon":"https://www.gstatic.com/mapspro/images/stock/503-wht-blank_maps.png","descripción":"","Nº_Apiario":"B51208-2","_Cant__Colmenas":50,"_Provincia":"BUENOS AIRES","_Departamento":"Chascomus","_Latitud":-35.6607,"_Longitud":-57.797,"_Cuit":"2.09412e+10","_Razón_Social":"URSI GENARO","_Prov__Productor":"BUENOS AIRES","_Depto__Productor":"Chascomus"}},{"type":"Feature","geometry":{"type":"Point","coordinates":[-57.820242,-35.66676,0]},"properties":{"description":{"@type":"html","value":"descripción: <br>Nº_Apiario: B51208-3<br>_Cant__Colmenas: 50<br>_Provincia: BUENOS AIRES<br>_Departamento: Chascomus<br>_Latitud: -35.6668<br>_Longitud: -57.8202<br>_Cuit: 2.09412e+10<br>_Razón_Social: URSI GENARO<br>_Prov__Productor: BUENOS AIRES<br>_Depto__Productor: Chascomus"},"styleUrl":"#icon-1899-DB4436","icon-opacity":1,"icon-color":"#db4436","icon-scale":1,"icon-offset":[32,64],"icon-offset-units":["pixels","insetPixels"],"icon":"https://www.gstatic.com/mapspro/images/stock/503-wht-blank_maps.png","descripción":"","Nº_Apiario":"B51208-3","_Cant__Colmenas":50,"_Provincia":"BUENOS AIRES","_Departamento":"Chascomus","_Latitud":-35.6668,"_Longitud":-57.8202,"_Cuit":"2.09412e+10","_Razón_Social":"URSI GENARO","_Prov__Productor":"BUENOS AIRES","_Depto__Productor":"Chascomus"}},{"type":"Feature","geometry":{"type":"Point","coordinates":[-57.933257,-35.510046,0]},"properties":{"description":{"@type":"html","value":"descripción: <br>Nº_Apiario: B51208-4<br>_Cant__Colmenas: 50<br>_Provincia: BUENOS AIRES<br>_Departamento: Chascomus<br>_Latitud: -35.51<br>_Longitud: -57.9333<br>_Cuit: 2.09412e+10<br>_Razón_Social: URSI GENARO<br>_Prov__Productor: BUENOS AIRES<br>_Depto__Productor: Chascomus"},"styleUrl":"#icon-1899-DB4436","icon-opacity":1,"icon-color":"#db4436","icon-scale":1,"icon-offset":[32,64],"icon-offset-units":["pixels","insetPixels"],"icon":"https://www.gstatic.com/mapspro/images/stock/503-wht-blank_maps.png","descripción":"","Nº_Apiario":"B51208-4","_Cant__Colmenas":50,"_Provincia":"BUENOS AIRES","_Departamento":"Chascomus","_Latitud":-35.51,"_Longitud":-57.9333,"_Cuit":"2.09412e+10","_Razón_Social":"URSI GENARO","_Prov__Productor":"BUENOS AIRES","_Depto__Productor":"Chascomus"}},{"type":"Feature","geometry":{"type":"Point","coordinates":[-57.677866,-35.58613,0]},"properties":{"description":{"@type":"html","value":"descripción: <br>Nº_Apiario: B51208-1<br>_Cant__Colmenas: 50<br>_Provincia: BUENOS AIRES<br>_Departamento: Chascomus<br>_Latitud: -35.5861<br>_Longitud: -57.6779<br>_Cuit: 2.09412e+10<br>_Razón_Social: URSI GENARO<br>_Prov__Productor: BUENOS AIRES<br>_Depto__Productor: Chascomus"},"styleUrl":"#icon-1899-DB4436","icon-opacity":1,"icon-color":"#db4436","icon-scale":1,"icon-offset":[32,64],"icon-offset-units":["pixels","insetPixels"],"icon":"https://www.gstatic.com/mapspro/images/stock/503-wht-blank_maps.png","descripción":"","Nº_Apiario":"B51208-1","_Cant__Colmenas":50,"_Provincia":"BUENOS AIRES","_Departamento":"Chascomus","_Latitud":-35.5861,"_Longitud":-57.6779,"_Cuit":"2.09412e+10","_Razón_Social":"URSI GENARO","_Prov__Productor":"BUENOS AIRES","_Depto__Productor":"Chascomus"}},{"type":"Feature","geometry":{"type":"Point","coordinates":[-57.993293,-35.538141,0]},"properties":{"description":{"@type":"html","value":"descripción: <br>Nº_Apiario: B51222-4<br>_Cant__Colmenas: 50<br>_Provincia: BUENOS AIRES<br>_Departamento: Chascomus<br>_Latitud: -35.5381<br>_Longitud: -57.9933<br>_Cuit: 2.03687e+10<br>_Razón_Social: URSI CARLOS GENARO<br>_Prov__Productor: BUENOS AIRES<br>_Depto__Productor: Chascomus"},"styleUrl":"#icon-1899-DB4436","icon-opacity":1,"icon-color":"#db4436","icon-scale":1,"icon-offset":[32,64],"icon-offset-units":["pixels","insetPixels"],"icon":"https://www.gstatic.com/mapspro/images/stock/503-wht-blank_maps.png","descripción":"","Nº_Apiario":"B51222-4","_Cant__Colmenas":50,"_Provincia":"BUENOS AIRES","_Departamento":"Chascomus","_Latitud":-35.5381,"_Longitud":-57.9933,"_Cuit":"2.03687e+10","_Razón_Social":"URSI CARLOS GENARO","_Prov__Productor":"BUENOS AIRES","_Depto__Productor":"Chascomus"}},{"type":"Feature","geometry":{"type":"Point","coordinates":[-58.053434,-35.526651,0]},"properties":{"description":{"@type":"html","value":"descripción: <br>Nº_Apiario: B2209-1<br>_Cant__Colmenas: 40<br>_Provincia: BUENOS AIRES<br>_Departamento: Chascomus<br>_Latitud: -35.5267<br>_Longitud: -58.0534<br>_Cuit: 2.02427e+10<br>_Razón_Social: FERRARI JOSE LUIS<br>_Prov__Productor: BUENOS AIRES<br>_Depto__Productor: Chascomus"},"styleUrl":"#icon-1899-DB4436","icon-opacity":1,"icon-color":"#db4436","icon-scale":1,"icon-offset":[32,64],"icon-offset-units":["pixels","insetPixels"],"icon":"https://www.gstatic.com/mapspro/images/stock/503-wht-blank_maps.png","descripción":"","Nº_Apiario":"B2209-1","_Cant__Colmenas":40,"_Provincia":"BUENOS AIRES","_Departamento":"Chascomus","_Latitud":-35.5267,"_Longitud":-58.0534,"_Cuit":"2.02427e+10","_Razón_Social":"FERRARI JOSE LUIS","_Prov__Productor":"BUENOS AIRES","_Depto__Productor":"Chascomus"}},{"type":"Feature","geometry":{"type":"Point","coordinates":[-58.055065,-35.548302,0]},"properties":{"description":{"@type":"html","value":"descripción: <br>Nº_Apiario: B2209-2<br>_Cant__Colmenas: 40<br>_Provincia: BUENOS AIRES<br>_Departamento: Chascomus<br>_Latitud: -35.5483<br>_Longitud: -58.0551<br>_Cuit: 2.02427e+10<br>_Razón_Social: FERRARI JOSE LUIS<br>_Prov__Productor: BUENOS AIRES<br>_Depto__Productor: Chascomus"},"styleUrl":"#icon-1899-DB4436","icon-opacity":1,"icon-color":"#db4436","icon-scale":1,"icon-offset":[32,64],"icon-offset-units":["pixels","insetPixels"],"icon":"https://www.gstatic.com/mapspro/images/stock/503-wht-blank_maps.png","descripción":"","Nº_Apiario":"B2209-2","_Cant__Colmenas":40,"_Provincia":"BUENOS AIRES","_Departamento":"Chascomus","_Latitud":-35.5483,"_Longitud":-58.0551,"_Cuit":"2.02427e+10","_Razón_Social":"FERRARI JOSE LUIS","_Prov__Productor":"BUENOS AIRES","_Depto__Productor":"Chascomus"}},{"type":"Feature","geometry":{"type":"Point","coordinates":[-58.172718,-35.587194,0]},"properties":{"description":{"@type":"html","value":"descripción: <br>Nº_Apiario: B2209-3<br>_Cant__Colmenas: 30<br>_Provincia: BUENOS AIRES<br>_Departamento: Chascomus<br>_Latitud: -35.5872<br>_Longitud: -58.1727<br>_Cuit: 2.02427e+10<br>_Razón_Social: FERRARI JOSE LUIS<br>_Prov__Productor: BUENOS AIRES<br>_Depto__Productor: Chascomus"},"styleUrl":"#icon-1899-DB4436","icon-opacity":1,"icon-color":"#db4436","icon-scale":1,"icon-offset":[32,64],"icon-offset-units":["pixels","insetPixels"],"icon":"https://www.gstatic.com/mapspro/images/stock/503-wht-blank_maps.png","descripción":"","Nº_Apiario":"B2209-3","_Cant__Colmenas":30,"_Provincia":"BUENOS AIRES","_Departamento":"Chascomus","_Latitud":-35.5872,"_Longitud":-58.1727,"_Cuit":"2.02427e+10","_Razón_Social":"FERRARI JOSE LUIS","_Prov__Productor":"BUENOS AIRES","_Depto__Productor":"Chascomus"}},{"type":"Feature","geometry":{"type":"Point","coordinates":[-58.1558,-35.574047,0]},"properties":{"description":{"@type":"html","value":"descripción: <br>Nº_Apiario: B2209-4<br>_Cant__Colmenas: 40<br>_Provincia: BUENOS AIRES<br>_Departamento: Chascomus<br>_Latitud: -35.574<br>_Longitud: -58.1558<br>_Cuit: 2.02427e+10<br>_Razón_Social: FERRARI JOSE LUIS<br>_Prov__Productor: BUENOS AIRES<br>_Depto__Productor: Chascomus"},"styleUrl":"#icon-1899-DB4436","icon-opacity":1,"icon-color":"#db4436","icon-scale":1,"icon-offset":[32,64],"icon-offset-units":["pixels","insetPixels"],"icon":"https://www.gstatic.com/mapspro/images/stock/503-wht-blank_maps.png","descripción":"","Nº_Apiario":"B2209-4","_Cant__Colmenas":40,"_Provincia":"BUENOS AIRES","_Departamento":"Chascomus","_Latitud":-35.574,"_Longitud":-58.1558,"_Cuit":"2.02427e+10","_Razón_Social":"FERRARI JOSE LUIS","_Prov__Productor":"BUENOS AIRES","_Depto__Productor":"Chascomus"}},{"type":"Feature","geometry":{"type":"Point","coordinates":[-58.177931,-35.576081,0]},"properties":{"description":{"@type":"html","value":"descripción: <br>Nº_Apiario: B2209-5<br>_Cant__Colmenas: 30<br>_Provincia: BUENOS AIRES<br>_Departamento: Chascomus<br>_Latitud: -35.5761<br>_Longitud: -58.1779<br>_Cuit: 2.02427e+10<br>_Razón_Social: FERRARI JOSE LUIS<br>_Prov__Productor: BUENOS AIRES<br>_Depto__Productor: Chascomus"},"styleUrl":"#icon-1899-DB4436","icon-opacity":1,"icon-color":"#db4436","icon-scale":1,"icon-offset":[32,64],"icon-offset-units":["pixels","insetPixels"],"icon":"https://www.gstatic.com/mapspro/images/stock/503-wht-blank_maps.png","descripción":"","Nº_Apiario":"B2209-5","_Cant__Colmenas":30,"_Provincia":"BUENOS AIRES","_Departamento":"Chascomus","_Latitud":-35.5761,"_Longitud":-58.1779,"_Cuit":"2.02427e+10","_Razón_Social":"FERRARI JOSE LUIS","_Prov__Productor":"BUENOS AIRES","_Depto__Productor":"Chascomus"}},{"type":"Feature","geometry":{"type":"Point","coordinates":[-58.20228,-35.560216,0]},"properties":{"description":{"@type":"html","value":"descripción: <br>Nº_Apiario: B2209-6<br>_Cant__Colmenas: 40<br>_Provincia: BUENOS AIRES<br>_Departamento: Chascomus<br>_Latitud: -35.5602<br>_Longitud: -58.2023<br>_Cuit: 2.02427e+10<br>_Razón_Social: FERRARI JOSE LUIS<br>_Prov__Productor: BUENOS AIRES<br>_Depto__Productor: Chascomus"},"styleUrl":"#icon-1899-DB4436","icon-opacity":1,"icon-color":"#db4436","icon-scale":1,"icon-offset":[32,64],"icon-offset-units":["pixels","insetPixels"],"icon":"https://www.gstatic.com/mapspro/images/stock/503-wht-blank_maps.png","descripción":"","Nº_Apiario":"B2209-6","_Cant__Colmenas":40,"_Provincia":"BUENOS AIRES","_Departamento":"Chascomus","_Latitud":-35.5602,"_Longitud":-58.2023,"_Cuit":"2.02427e+10","_Razón_Social":"FERRARI JOSE LUIS","_Prov__Productor":"BUENOS AIRES","_Depto__Productor":"Chascomus"}},{"type":"Feature","geometry":{"type":"Point","coordinates":[-58.18232,-35.566783,0]},"properties":{"description":{"@type":"html","value":"descripción: <br>Nº_Apiario: B2209-7<br>_Cant__Colmenas: 30<br>_Provincia: BUENOS AIRES<br>_Departamento: Chascomus<br>_Latitud: -35.5668<br>_Longitud: -58.1823<br>_Cuit: 2.02427e+10<br>_Razón_Social: FERRARI JOSE LUIS<br>_Prov__Productor: BUENOS AIRES<br>_Depto__Productor: Chascomus"},"styleUrl":"#icon-1899-DB4436","icon-opacity":1,"icon-color":"#db4436","icon-scale":1,"icon-offset":[32,64],"icon-offset-units":["pixels","insetPixels"],"icon":"https://www.gstatic.com/mapspro/images/stock/503-wht-blank_maps.png","descripción":"","Nº_Apiario":"B2209-7","_Cant__Colmenas":30,"_Provincia":"BUENOS AIRES","_Departamento":"Chascomus","_Latitud":-35.5668,"_Longitud":-58.1823,"_Cuit":"2.02427e+10","_Razón_Social":"FERRARI JOSE LUIS","_Prov__Productor":"BUENOS AIRES","_Depto__Productor":"Chascomus"}},{"type":"Feature","geometry":{"type":"Point","coordinates":[-58.205794,-35.576404,0]},"properties":{"description":{"@type":"html","value":"descripción: <br>Nº_Apiario: B2209-8<br>_Cant__Colmenas: 40<br>_Provincia: BUENOS AIRES<br>_Departamento: Chascomus<br>_Latitud: -35.5764<br>_Longitud: -58.2058<br>_Cuit: 2.02427e+10<br>_Razón_Social: FERRARI JOSE LUIS<br>_Prov__Productor: BUENOS AIRES<br>_Depto__Productor: Chascomus"},"styleUrl":"#icon-1899-DB4436","icon-opacity":1,"icon-color":"#db4436","icon-scale":1,"icon-offset":[32,64],"icon-offset-units":["pixels","insetPixels"],"icon":"https://www.gstatic.com/mapspro/images/stock/503-wht-blank_maps.png","descripción":"","Nº_Apiario":"B2209-8","_Cant__Colmenas":40,"_Provincia":"BUENOS AIRES","_Departamento":"Chascomus","_Latitud":-35.5764,"_Longitud":-58.2058,"_Cuit":"2.02427e+10","_Razón_Social":"FERRARI JOSE LUIS","_Prov__Productor":"BUENOS AIRES","_Depto__Productor":"Chascomus"}},{"type":"Feature","geometry":{"type":"Point","coordinates":[-58.107805,-35.572451,0]},"properties":{"description":{"@type":"html","value":"descripción: <br>Nº_Apiario: B2209-9<br>_Cant__Colmenas: 40<br>_Provincia: BUENOS AIRES<br>_Departamento: Chascomus<br>_Latitud: -35.5725<br>_Longitud: -58.1078<br>_Cuit: 2.02427e+10<br>_Razón_Social: FERRARI JOSE LUIS<br>_Prov__Productor: BUENOS AIRES<br>_Depto__Productor: Chascomus"},"styleUrl":"#icon-1899-DB4436","icon-opacity":1,"icon-color":"#db4436","icon-scale":1,"icon-offset":[32,64],"icon-offset-units":["pixels","insetPixels"],"icon":"https://www.gstatic.com/mapspro/images/stock/503-wht-blank_maps.png","descripción":"","Nº_Apiario":"B2209-9","_Cant__Colmenas":40,"_Provincia":"BUENOS AIRES","_Departamento":"Chascomus","_Latitud":-35.5725,"_Longitud":-58.1078,"_Cuit":"2.02427e+10","_Razón_Social":"FERRARI JOSE LUIS","_Prov__Productor":"BUENOS AIRES","_Depto__Productor":"Chascomus"}},{"type":"Feature","geometry":{"type":"Point","coordinates":[-58.10729,-35.571133,0]},"properties":{"description":{"@type":"html","value":"descripción: <br>Nº_Apiario: B2209-10<br>_Cant__Colmenas: 40<br>_Provincia: BUENOS AIRES<br>_Departamento: Chascomus<br>_Latitud: -35.5711<br>_Longitud: -58.1073<br>_Cuit: 2.02427e+10<br>_Razón_Social: FERRARI JOSE LUIS<br>_Prov__Productor: BUENOS AIRES<br>_Depto__Productor: Chascomus"},"styleUrl":"#icon-1899-DB4436","icon-opacity":1,"icon-color":"#db4436","icon-scale":1,"icon-offset":[32,64],"icon-offset-units":["pixels","insetPixels"],"icon":"https://www.gstatic.com/mapspro/images/stock/503-wht-blank_maps.png","descripción":"","Nº_Apiario":"B2209-10","_Cant__Colmenas":40,"_Provincia":"BUENOS AIRES","_Departamento":"Chascomus","_Latitud":-35.5711,"_Longitud":-58.1073,"_Cuit":"2.02427e+10","_Razón_Social":"FERRARI JOSE LUIS","_Prov__Productor":"BUENOS AIRES","_Depto__Productor":"Chascomus"}},{"type":"Feature","geometry":{"type":"Point","coordinates":[-58.128637,-35.593543,0]},"properties":{"description":{"@type":"html","value":"descripción: <br>Nº_Apiario: B2209-11<br>_Cant__Colmenas: 40<br>_Provincia: BUENOS AIRES<br>_Departamento: Chascomus<br>_Latitud: -35.5935<br>_Longitud: -58.1286<br>_Cuit: 2.02427e+10<br>_Razón_Social: FERRARI JOSE LUIS<br>_Prov__Productor: BUENOS AIRES<br>_Depto__Productor: Chascomus"},"styleUrl":"#icon-1899-DB4436","icon-opacity":1,"icon-color":"#db4436","icon-scale":1,"icon-offset":[32,64],"icon-offset-units":["pixels","insetPixels"],"icon":"https://www.gstatic.com/mapspro/images/stock/503-wht-blank_maps.png","descripción":"","Nº_Apiario":"B2209-11","_Cant__Colmenas":40,"_Provincia":"BUENOS AIRES","_Departamento":"Chascomus","_Latitud":-35.5935,"_Longitud":-58.1286,"_Cuit":"2.02427e+10","_Razón_Social":"FERRARI JOSE LUIS","_Prov__Productor":"BUENOS AIRES","_Depto__Productor":"Chascomus"}},{"type":"Feature","geometry":{"type":"Point","coordinates":[-58.144165,-35.599656,0]},"properties":{"description":{"@type":"html","value":"descripción: <br>Nº_Apiario: B2209-12<br>_Cant__Colmenas: 40<br>_Provincia: BUENOS AIRES<br>_Departamento: Chascomus<br>_Latitud: -35.5997<br>_Longitud: -58.1442<br>_Cuit: 2.02427e+10<br>_Razón_Social: FERRARI JOSE LUIS<br>_Prov__Productor: BUENOS AIRES<br>_Depto__Productor: Chascomus"},"styleUrl":"#icon-1899-DB4436","icon-opacity":1,"icon-color":"#db4436","icon-scale":1,"icon-offset":[32,64],"icon-offset-units":["pixels","insetPixels"],"icon":"https://www.gstatic.com/mapspro/images/stock/503-wht-blank_maps.png","descripción":"","Nº_Apiario":"B2209-12","_Cant__Colmenas":40,"_Provincia":"BUENOS AIRES","_Departamento":"Chascomus","_Latitud":-35.5997,"_Longitud":-58.1442,"_Cuit":"2.02427e+10","_Razón_Social":"FERRARI JOSE LUIS","_Prov__Productor":"BUENOS AIRES","_Depto__Productor":"Chascomus"}},{"type":"Feature","geometry":{"type":"Point","coordinates":[-58.158851,-35.608691,0]},"properties":{"description":{"@type":"html","value":"descripción: <br>Nº_Apiario: B2209-13<br>_Cant__Colmenas: 30<br>_Provincia: BUENOS AIRES<br>_Departamento: Chascomus<br>_Latitud: -35.6087<br>_Longitud: -58.1589<br>_Cuit: 2.02427e+10<br>_Razón_Social: FERRARI JOSE LUIS<br>_Prov__Productor: BUENOS AIRES<br>_Depto__Productor: Chascomus"},"styleUrl":"#icon-1899-DB4436","icon-opacity":1,"icon-color":"#db4436","icon-scale":1,"icon-offset":[32,64],"icon-offset-units":["pixels","insetPixels"],"icon":"https://www.gstatic.com/mapspro/images/stock/503-wht-blank_maps.png","descripción":"","Nº_Apiario":"B2209-13","_Cant__Colmenas":30,"_Provincia":"BUENOS AIRES","_Departamento":"Chascomus","_Latitud":-35.6087,"_Longitud":-58.1589,"_Cuit":"2.02427e+10","_Razón_Social":"FERRARI JOSE LUIS","_Prov__Productor":"BUENOS AIRES","_Depto__Productor":"Chascomus"}},{"type":"Feature","geometry":{"type":"Point","coordinates":[-58.166506,-35.598398,0]},"properties":{"description":{"@type":"html","value":"descripción: <br>Nº_Apiario: B2209-14<br>_Cant__Colmenas: 40<br>_Provincia: BUENOS AIRES<br>_Departamento: Chascomus<br>_Latitud: -35.5984<br>_Longitud: -58.1665<br>_Cuit: 2.02427e+10<br>_Razón_Social: FERRARI JOSE LUIS<br>_Prov__Productor: BUENOS AIRES<br>_Depto__Productor: Chascomus"},"styleUrl":"#icon-1899-DB4436","icon-opacity":1,"icon-color":"#db4436","icon-scale":1,"icon-offset":[32,64],"icon-offset-units":["pixels","insetPixels"],"icon":"https://www.gstatic.com/mapspro/images/stock/503-wht-blank_maps.png","descripción":"","Nº_Apiario":"B2209-14","_Cant__Colmenas":40,"_Provincia":"BUENOS AIRES","_Departamento":"Chascomus","_Latitud":-35.5984,"_Longitud":-58.1665,"_Cuit":"2.02427e+10","_Razón_Social":"FERRARI JOSE LUIS","_Prov__Productor":"BUENOS AIRES","_Depto__Productor":"Chascomus"}},{"type":"Feature","geometry":{"type":"Point","coordinates":[-58.161549,-35.624524,0]},"properties":{"description":{"@type":"html","value":"descripción: <br>Nº_Apiario: B2209-15<br>_Cant__Colmenas: 40<br>_Provincia: BUENOS AIRES<br>_Departamento: Chascomus<br>_Latitud: -35.6245<br>_Longitud: -58.1615<br>_Cuit: 2.02427e+10<br>_Razón_Social: FERRARI JOSE LUIS<br>_Prov__Productor: BUENOS AIRES<br>_Depto__Productor: Chascomus"},"styleUrl":"#icon-1899-DB4436","icon-opacity":1,"icon-color":"#db4436","icon-scale":1,"icon-offset":[32,64],"icon-offset-units":["pixels","insetPixels"],"icon":"https://www.gstatic.com/mapspro/images/stock/503-wht-blank_maps.png","descripción":"","Nº_Apiario":"B2209-15","_Cant__Colmenas":40,"_Provincia":"BUENOS AIRES","_Departamento":"Chascomus","_Latitud":-35.6245,"_Longitud":-58.1615,"_Cuit":"2.02427e+10","_Razón_Social":"FERRARI JOSE LUIS","_Prov__Productor":"BUENOS AIRES","_Depto__Productor":"Chascomus"}},{"type":"Feature","geometry":{"type":"Point","coordinates":[-58.198142,-35.609189,0]},"properties":{"description":{"@type":"html","value":"descripción: <br>Nº_Apiario: B2209-16<br>_Cant__Colmenas: 40<br>_Provincia: BUENOS AIRES<br>_Departamento: Chascomus<br>_Latitud: -35.6092<br>_Longitud: -58.1981<br>_Cuit: 2.02427e+10<br>_Razón_Social: FERRARI JOSE LUIS<br>_Prov__Productor: BUENOS AIRES<br>_Depto__Productor: Chascomus"},"styleUrl":"#icon-1899-DB4436","icon-opacity":1,"icon-color":"#db4436","icon-scale":1,"icon-offset":[32,64],"icon-offset-units":["pixels","insetPixels"],"icon":"https://www.gstatic.com/mapspro/images/stock/503-wht-blank_maps.png","descripción":"","Nº_Apiario":"B2209-16","_Cant__Colmenas":40,"_Provincia":"BUENOS AIRES","_Departamento":"Chascomus","_Latitud":-35.6092,"_Longitud":-58.1981,"_Cuit":"2.02427e+10","_Razón_Social":"FERRARI JOSE LUIS","_Prov__Productor":"BUENOS AIRES","_Depto__Productor":"Chascomus"}},{"type":"Feature","geometry":{"type":"Point","coordinates":[-58.202143,-35.602311,0]},"properties":{"description":{"@type":"html","value":"descripción: <br>Nº_Apiario: B2209-17<br>_Cant__Colmenas: 30<br>_Provincia: BUENOS AIRES<br>_Departamento: Chascomus<br>_Latitud: -35.6023<br>_Longitud: -58.2021<br>_Cuit: 2.02427e+10<br>_Razón_Social: FERRARI JOSE LUIS<br>_Prov__Productor: BUENOS AIRES<br>_Depto__Productor: Chascomus"},"styleUrl":"#icon-1899-DB4436","icon-opacity":1,"icon-color":"#db4436","icon-scale":1,"icon-offset":[32,64],"icon-offset-units":["pixels","insetPixels"],"icon":"https://www.gstatic.com/mapspro/images/stock/503-wht-blank_maps.png","descripción":"","Nº_Apiario":"B2209-17","_Cant__Colmenas":30,"_Provincia":"BUENOS AIRES","_Departamento":"Chascomus","_Latitud":-35.6023,"_Longitud":-58.2021,"_Cuit":"2.02427e+10","_Razón_Social":"FERRARI JOSE LUIS","_Prov__Productor":"BUENOS AIRES","_Depto__Productor":"Chascomus"}},{"type":"Feature","geometry":{"type":"Point","coordinates":[-58.199407,-35.591391,0]},"properties":{"description":{"@type":"html","value":"descripción: <br>Nº_Apiario: B2209-18<br>_Cant__Colmenas: 40<br>_Provincia: BUENOS AIRES<br>_Departamento: Chascomus<br>_Latitud: -35.5914<br>_Longitud: -58.1994<br>_Cuit: 2.02427e+10<br>_Razón_Social: FERRARI JOSE LUIS<br>_Prov__Productor: BUENOS AIRES<br>_Depto__Productor: Chascomus"},"styleUrl":"#icon-1899-DB4436","icon-opacity":1,"icon-color":"#db4436","icon-scale":1,"icon-offset":[32,64],"icon-offset-units":["pixels","insetPixels"],"icon":"https://www.gstatic.com/mapspro/images/stock/503-wht-blank_maps.png","descripción":"","Nº_Apiario":"B2209-18","_Cant__Colmenas":40,"_Provincia":"BUENOS AIRES","_Departamento":"Chascomus","_Latitud":-35.5914,"_Longitud":-58.1994,"_Cuit":"2.02427e+10","_Razón_Social":"FERRARI JOSE LUIS","_Prov__Productor":"BUENOS AIRES","_Depto__Productor":"Chascomus"}},{"type":"Feature","geometry":{"type":"Point","coordinates":[-58.22551,-35.59037,0]},"properties":{"description":{"@type":"html","value":"descripción: <br>Nº_Apiario: B2209-19<br>_Cant__Colmenas: 40<br>_Provincia: BUENOS AIRES<br>_Departamento: Chascomus<br>_Latitud: -35.5904<br>_Longitud: -58.2255<br>_Cuit: 2.02427e+10<br>_Razón_Social: FERRARI JOSE LUIS<br>_Prov__Productor: BUENOS AIRES<br>_Depto__Productor: Chascomus"},"styleUrl":"#icon-1899-DB4436","icon-opacity":1,"icon-color":"#db4436","icon-scale":1,"icon-offset":[32,64],"icon-offset-units":["pixels","insetPixels"],"icon":"https://www.gstatic.com/mapspro/images/stock/503-wht-blank_maps.png","descripción":"","Nº_Apiario":"B2209-19","_Cant__Colmenas":40,"_Provincia":"BUENOS AIRES","_Departamento":"Chascomus","_Latitud":-35.5904,"_Longitud":-58.2255,"_Cuit":"2.02427e+10","_Razón_Social":"FERRARI JOSE LUIS","_Prov__Productor":"BUENOS AIRES","_Depto__Productor":"Chascomus"}},{"type":"Feature","geometry":{"type":"Point","coordinates":[-58.324397,-35.64518,0]},"properties":{"description":{"@type":"html","value":"descripción: <br>Nº_Apiario: B2209-20<br>_Cant__Colmenas: 40<br>_Provincia: BUENOS AIRES<br>_Departamento: Chascomus<br>_Latitud: -35.6452<br>_Longitud: -58.3244<br>_Cuit: 2.02427e+10<br>_Razón_Social: FERRARI JOSE LUIS<br>_Prov__Productor: BUENOS AIRES<br>_Depto__Productor: Chascomus"},"styleUrl":"#icon-1899-DB4436","icon-opacity":1,"icon-color":"#db4436","icon-scale":1,"icon-offset":[32,64],"icon-offset-units":["pixels","insetPixels"],"icon":"https://www.gstatic.com/mapspro/images/stock/503-wht-blank_maps.png","descripción":"","Nº_Apiario":"B2209-20","_Cant__Colmenas":40,"_Provincia":"BUENOS AIRES","_Departamento":"Chascomus","_Latitud":-35.6452,"_Longitud":-58.3244,"_Cuit":"2.02427e+10","_Razón_Social":"FERRARI JOSE LUIS","_Prov__Productor":"BUENOS AIRES","_Depto__Productor":"Chascomus"}},{"type":"Feature","geometry":{"type":"Point","coordinates":[-58.028355,-35.590763,0]},"properties":{"description":{"@type":"html","value":"descripción: <br>Nº_Apiario: B2209-24<br>_Cant__Colmenas: 1<br>_Provincia: BUENOS AIRES<br>_Departamento: Chascomus<br>_Latitud: -35.5908<br>_Longitud: -58.0284<br>_Cuit: 2.02427e+10<br>_Razón_Social: FERRARI JOSE LUIS<br>_Prov__Productor: BUENOS AIRES<br>_Depto__Productor: Chascomus"},"styleUrl":"#icon-1899-DB4436","icon-opacity":1,"icon-color":"#db4436","icon-scale":1,"icon-offset":[32,64],"icon-offset-units":["pixels","insetPixels"],"icon":"https://www.gstatic.com/mapspro/images/stock/503-wht-blank_maps.png","descripción":"","Nº_Apiario":"B2209-24","_Cant__Colmenas":1,"_Provincia":"BUENOS AIRES","_Departamento":"Chascomus","_Latitud":-35.5908,"_Longitud":-58.0284,"_Cuit":"2.02427e+10","_Razón_Social":"FERRARI JOSE LUIS","_Prov__Productor":"BUENOS AIRES","_Depto__Productor":"Chascomus"}},{"type":"Feature","geometry":{"type":"Point","coordinates":[-57.741725,-35.523253,0]},"properties":{"description":{"@type":"html","value":"descripción: <br>Nº_Apiario: B51305-26<br>_Cant__Colmenas: 40<br>_Provincia: BUENOS AIRES<br>_Departamento: Chascomus<br>_Latitud: -35.5233<br>_Longitud: -57.7417<br>_Cuit: 2.72714e+10<br>_Razón_Social: CHAPPA CONSTANZA SOLEDAD<br>_Prov__Productor: BUENOS AIRES<br>_Depto__Productor: Chascomus"},"styleUrl":"#icon-1899-DB4436","icon-opacity":1,"icon-color":"#db4436","icon-scale":1,"icon-offset":[32,64],"icon-offset-units":["pixels","insetPixels"],"icon":"https://www.gstatic.com/mapspro/images/stock/503-wht-blank_maps.png","descripción":"","Nº_Apiario":"B51305-26","_Cant__Colmenas":40,"_Provincia":"BUENOS AIRES","_Departamento":"Chascomus","_Latitud":-35.5233,"_Longitud":-57.7417,"_Cuit":"2.72714e+10","_Razón_Social":"CHAPPA CONSTANZA SOLEDAD","_Prov__Productor":"BUENOS AIRES","_Depto__Productor":"Chascomus"}},{"type":"Feature","geometry":{"type":"Point","coordinates":[-57.764096,-35.505485,0]},"properties":{"description":{"@type":"html","value":"descripción: <br>Nº_Apiario: B51305-27<br>_Cant__Colmenas: 40<br>_Provincia: BUENOS AIRES<br>_Departamento: Chascomus<br>_Latitud: -35.5055<br>_Longitud: -57.7641<br>_Cuit: 2.72714e+10<br>_Razón_Social: CHAPPA CONSTANZA SOLEDAD<br>_Prov__Productor: BUENOS AIRES<br>_Depto__Productor: Chascomus"},"styleUrl":"#icon-1899-DB4436","icon-opacity":1,"icon-color":"#db4436","icon-scale":1,"icon-offset":[32,64],"icon-offset-units":["pixels","insetPixels"],"icon":"https://www.gstatic.com/mapspro/images/stock/503-wht-blank_maps.png","descripción":"","Nº_Apiario":"B51305-27","_Cant__Colmenas":40,"_Provincia":"BUENOS AIRES","_Departamento":"Chascomus","_Latitud":-35.5055,"_Longitud":-57.7641,"_Cuit":"2.72714e+10","_Razón_Social":"CHAPPA CONSTANZA SOLEDAD","_Prov__Productor":"BUENOS AIRES","_Depto__Productor":"Chascomus"}},{"type":"Feature","geometry":{"type":"Point","coordinates":[-57.74928,-35.493146,0]},"properties":{"description":{"@type":"html","value":"descripción: <br>Nº_Apiario: B51305-28<br>_Cant__Colmenas: 40<br>_Provincia: BUENOS AIRES<br>_Departamento: Chascomus<br>_Latitud: -35.4931<br>_Longitud: -57.7493<br>_Cuit: 2.72714e+10<br>_Razón_Social: CHAPPA CONSTANZA SOLEDAD<br>_Prov__Productor: BUENOS AIRES<br>_Depto__Productor: Chascomus"},"styleUrl":"#icon-1899-DB4436","icon-opacity":1,"icon-color":"#db4436","icon-scale":1,"icon-offset":[32,64],"icon-offset-units":["pixels","insetPixels"],"icon":"https://www.gstatic.com/mapspro/images/stock/503-wht-blank_maps.png","descripción":"","Nº_Apiario":"B51305-28","_Cant__Colmenas":40,"_Provincia":"BUENOS AIRES","_Departamento":"Chascomus","_Latitud":-35.4931,"_Longitud":-57.7493,"_Cuit":"2.72714e+10","_Razón_Social":"CHAPPA CONSTANZA SOLEDAD","_Prov__Productor":"BUENOS AIRES","_Depto__Productor":"Chascomus"}},{"type":"Feature","geometry":{"type":"Point","coordinates":[-57.655703,-35.643435,0]},"properties":{"description":{"@type":"html","value":"descripción: <br>Nº_Apiario: B51305-29<br>_Cant__Colmenas: 40<br>_Provincia: BUENOS AIRES<br>_Departamento: Chascomus<br>_Latitud: -35.6434<br>_Longitud: -57.6557<br>_Cuit: 2.72714e+10<br>_Razón_Social: CHAPPA CONSTANZA SOLEDAD<br>_Prov__Productor: BUENOS AIRES<br>_Depto__Productor: Chascomus"},"styleUrl":"#icon-1899-DB4436","icon-opacity":1,"icon-color":"#db4436","icon-scale":1,"icon-offset":[32,64],"icon-offset-units":["pixels","insetPixels"],"icon":"https://www.gstatic.com/mapspro/images/stock/503-wht-blank_maps.png","descripción":"","Nº_Apiario":"B51305-29","_Cant__Colmenas":40,"_Provincia":"BUENOS AIRES","_Departamento":"Chascomus","_Latitud":-35.6434,"_Longitud":-57.6557,"_Cuit":"2.72714e+10","_Razón_Social":"CHAPPA CONSTANZA SOLEDAD","_Prov__Productor":"BUENOS AIRES","_Depto__Productor":"Chascomus"}},{"type":"Feature","geometry":{"type":"Point","coordinates":[-57.658362,-35.659603,0]},"properties":{"description":{"@type":"html","value":"descripción: <br>Nº_Apiario: B51305-30<br>_Cant__Colmenas: 40<br>_Provincia: BUENOS AIRES<br>_Departamento: Chascomus<br>_Latitud: -35.6596<br>_Longitud: -57.6584<br>_Cuit: 2.72714e+10<br>_Razón_Social: CHAPPA CONSTANZA SOLEDAD<br>_Prov__Productor: BUENOS AIRES<br>_Depto__Productor: Chascomus"},"styleUrl":"#icon-1899-DB4436","icon-opacity":1,"icon-color":"#db4436","icon-scale":1,"icon-offset":[32,64],"icon-offset-units":["pixels","insetPixels"],"icon":"https://www.gstatic.com/mapspro/images/stock/503-wht-blank_maps.png","descripción":"","Nº_Apiario":"B51305-30","_Cant__Colmenas":40,"_Provincia":"BUENOS AIRES","_Departamento":"Chascomus","_Latitud":-35.6596,"_Longitud":-57.6584,"_Cuit":"2.72714e+10","_Razón_Social":"CHAPPA CONSTANZA SOLEDAD","_Prov__Productor":"BUENOS AIRES","_Depto__Productor":"Chascomus"}},{"type":"Feature","geometry":{"type":"Point","coordinates":[-57.60782,-35.609189,0]},"properties":{"description":{"@type":"html","value":"descripción: <br>Nº_Apiario: B51305-31<br>_Cant__Colmenas: 40<br>_Provincia: BUENOS AIRES<br>_Departamento: Chascomus<br>_Latitud: -35.6092<br>_Longitud: -57.6078<br>_Cuit: 2.72714e+10<br>_Razón_Social: CHAPPA CONSTANZA SOLEDAD<br>_Prov__Productor: BUENOS AIRES<br>_Depto__Productor: Chascomus"},"styleUrl":"#icon-1899-DB4436","icon-opacity":1,"icon-color":"#db4436","icon-scale":1,"icon-offset":[32,64],"icon-offset-units":["pixels","insetPixels"],"icon":"https://www.gstatic.com/mapspro/images/stock/503-wht-blank_maps.png","descripción":"","Nº_Apiario":"B51305-31","_Cant__Colmenas":40,"_Provincia":"BUENOS AIRES","_Departamento":"Chascomus","_Latitud":-35.6092,"_Longitud":-57.6078,"_Cuit":"2.72714e+10","_Razón_Social":"CHAPPA CONSTANZA SOLEDAD","_Prov__Productor":"BUENOS AIRES","_Depto__Productor":"Chascomus"}},{"type":"Feature","geometry":{"type":"Point","coordinates":[-57.58416,-35.621112,0]},"properties":{"description":{"@type":"html","value":"descripción: <br>Nº_Apiario: B51305-32<br>_Cant__Colmenas: 30<br>_Provincia: BUENOS AIRES<br>_Departamento: Chascomus<br>_Latitud: -35.6211<br>_Longitud: -57.5842<br>_Cuit: 2.72714e+10<br>_Razón_Social: CHAPPA CONSTANZA SOLEDAD<br>_Prov__Productor: BUENOS AIRES<br>_Depto__Productor: Chascomus"},"styleUrl":"#icon-1899-DB4436","icon-opacity":1,"icon-color":"#db4436","icon-scale":1,"icon-offset":[32,64],"icon-offset-units":["pixels","insetPixels"],"icon":"https://www.gstatic.com/mapspro/images/stock/503-wht-blank_maps.png","descripción":"","Nº_Apiario":"B51305-32","_Cant__Colmenas":30,"_Provincia":"BUENOS AIRES","_Departamento":"Chascomus","_Latitud":-35.6211,"_Longitud":-57.5842,"_Cuit":"2.72714e+10","_Razón_Social":"CHAPPA CONSTANZA SOLEDAD","_Prov__Productor":"BUENOS AIRES","_Depto__Productor":"Chascomus"}},{"type":"Feature","geometry":{"type":"Point","coordinates":[-57.627377,-35.749112,0]},"properties":{"description":{"@type":"html","value":"descripción: <br>Nº_Apiario: B51305-33<br>_Cant__Colmenas: 50<br>_Provincia: BUENOS AIRES<br>_Departamento: Chascomus<br>_Latitud: -35.7491<br>_Longitud: -57.6274<br>_Cuit: 2.72714e+10<br>_Razón_Social: CHAPPA CONSTANZA SOLEDAD<br>_Prov__Productor: BUENOS AIRES<br>_Depto__Productor: Chascomus"},"styleUrl":"#icon-1899-DB4436","icon-opacity":1,"icon-color":"#db4436","icon-scale":1,"icon-offset":[32,64],"icon-offset-units":["pixels","insetPixels"],"icon":"https://www.gstatic.com/mapspro/images/stock/503-wht-blank_maps.png","descripción":"","Nº_Apiario":"B51305-33","_Cant__Colmenas":50,"_Provincia":"BUENOS AIRES","_Departamento":"Chascomus","_Latitud":-35.7491,"_Longitud":-57.6274,"_Cuit":"2.72714e+10","_Razón_Social":"CHAPPA CONSTANZA SOLEDAD","_Prov__Productor":"BUENOS AIRES","_Depto__Productor":"Chascomus"}},{"type":"Feature","geometry":{"type":"Point","coordinates":[-57.642887,-35.757443,0]},"properties":{"description":{"@type":"html","value":"descripción: <br>Nº_Apiario: B51305-34<br>_Cant__Colmenas: 50<br>_Provincia: BUENOS AIRES<br>_Departamento: Chascomus<br>_Latitud: -35.7574<br>_Longitud: -57.6429<br>_Cuit: 2.72714e+10<br>_Razón_Social: CHAPPA CONSTANZA SOLEDAD<br>_Prov__Productor: BUENOS AIRES<br>_Depto__Productor: Chascomus"},"styleUrl":"#icon-1899-DB4436","icon-opacity":1,"icon-color":"#db4436","icon-scale":1,"icon-offset":[32,64],"icon-offset-units":["pixels","insetPixels"],"icon":"https://www.gstatic.com/mapspro/images/stock/503-wht-blank_maps.png","descripción":"","Nº_Apiario":"B51305-34","_Cant__Colmenas":50,"_Provincia":"BUENOS AIRES","_Departamento":"Chascomus","_Latitud":-35.7574,"_Longitud":-57.6429,"_Cuit":"2.72714e+10","_Razón_Social":"CHAPPA CONSTANZA SOLEDAD","_Prov__Productor":"BUENOS AIRES","_Depto__Productor":"Chascomus"}},{"type":"Feature","geometry":{"type":"Point","coordinates":[-57.638901,-35.748859,0]},"properties":{"description":{"@type":"html","value":"descripción: <br>Nº_Apiario: B51305-35<br>_Cant__Colmenas: 40<br>_Provincia: BUENOS AIRES<br>_Departamento: Chascomus<br>_Latitud: -35.7489<br>_Longitud: -57.6389<br>_Cuit: 2.72714e+10<br>_Razón_Social: CHAPPA CONSTANZA SOLEDAD<br>_Prov__Productor: BUENOS AIRES<br>_Depto__Productor: Chascomus"},"styleUrl":"#icon-1899-DB4436","icon-opacity":1,"icon-color":"#db4436","icon-scale":1,"icon-offset":[32,64],"icon-offset-units":["pixels","insetPixels"],"icon":"https://www.gstatic.com/mapspro/images/stock/503-wht-blank_maps.png","descripción":"","Nº_Apiario":"B51305-35","_Cant__Colmenas":40,"_Provincia":"BUENOS AIRES","_Departamento":"Chascomus","_Latitud":-35.7489,"_Longitud":-57.6389,"_Cuit":"2.72714e+10","_Razón_Social":"CHAPPA CONSTANZA SOLEDAD","_Prov__Productor":"BUENOS AIRES","_Depto__Productor":"Chascomus"}},{"type":"Feature","geometry":{"type":"Point","coordinates":[-57.623886,-35.727462,0]},"properties":{"description":{"@type":"html","value":"descripción: <br>Nº_Apiario: B51305-36<br>_Cant__Colmenas: 50<br>_Provincia: BUENOS AIRES<br>_Departamento: Chascomus<br>_Latitud: -35.7275<br>_Longitud: -57.6239<br>_Cuit: 2.72714e+10<br>_Razón_Social: CHAPPA CONSTANZA SOLEDAD<br>_Prov__Productor: BUENOS AIRES<br>_Depto__Productor: Chascomus"},"styleUrl":"#icon-1899-DB4436","icon-opacity":1,"icon-color":"#db4436","icon-scale":1,"icon-offset":[32,64],"icon-offset-units":["pixels","insetPixels"],"icon":"https://www.gstatic.com/mapspro/images/stock/503-wht-blank_maps.png","descripción":"","Nº_Apiario":"B51305-36","_Cant__Colmenas":50,"_Provincia":"BUENOS AIRES","_Departamento":"Chascomus","_Latitud":-35.7275,"_Longitud":-57.6239,"_Cuit":"2.72714e+10","_Razón_Social":"CHAPPA CONSTANZA SOLEDAD","_Prov__Productor":"BUENOS AIRES","_Depto__Productor":"Chascomus"}},{"type":"Feature","geometry":{"type":"Point","coordinates":[-57.596931,-35.751175,0]},"properties":{"description":{"@type":"html","value":"descripción: <br>Nº_Apiario: B51305-37<br>_Cant__Colmenas: 40<br>_Provincia: BUENOS AIRES<br>_Departamento: Chascomus<br>_Latitud: -35.7512<br>_Longitud: -57.5969<br>_Cuit: 2.72714e+10<br>_Razón_Social: CHAPPA CONSTANZA SOLEDAD<br>_Prov__Productor: BUENOS AIRES<br>_Depto__Productor: Chascomus"},"styleUrl":"#icon-1899-DB4436","icon-opacity":1,"icon-color":"#db4436","icon-scale":1,"icon-offset":[32,64],"icon-offset-units":["pixels","insetPixels"],"icon":"https://www.gstatic.com/mapspro/images/stock/503-wht-blank_maps.png","descripción":"","Nº_Apiario":"B51305-37","_Cant__Colmenas":40,"_Provincia":"BUENOS AIRES","_Departamento":"Chascomus","_Latitud":-35.7512,"_Longitud":-57.5969,"_Cuit":"2.72714e+10","_Razón_Social":"CHAPPA CONSTANZA SOLEDAD","_Prov__Productor":"BUENOS AIRES","_Depto__Productor":"Chascomus"}},{"type":"Feature","geometry":{"type":"Point","coordinates":[-57.612125,-35.754972,0]},"properties":{"description":{"@type":"html","value":"descripción: <br>Nº_Apiario: B51305-38<br>_Cant__Colmenas: 40<br>_Provincia: BUENOS AIRES<br>_Departamento: Chascomus<br>_Latitud: -35.755<br>_Longitud: -57.6121<br>_Cuit: 2.72714e+10<br>_Razón_Social: CHAPPA CONSTANZA SOLEDAD<br>_Prov__Productor: BUENOS AIRES<br>_Depto__Productor: Chascomus"},"styleUrl":"#icon-1899-DB4436","icon-opacity":1,"icon-color":"#db4436","icon-scale":1,"icon-offset":[32,64],"icon-offset-units":["pixels","insetPixels"],"icon":"https://www.gstatic.com/mapspro/images/stock/503-wht-blank_maps.png","descripción":"","Nº_Apiario":"B51305-38","_Cant__Colmenas":40,"_Provincia":"BUENOS AIRES","_Departamento":"Chascomus","_Latitud":-35.755,"_Longitud":-57.6121,"_Cuit":"2.72714e+10","_Razón_Social":"CHAPPA CONSTANZA SOLEDAD","_Prov__Productor":"BUENOS AIRES","_Depto__Productor":"Chascomus"}},{"type":"Feature","geometry":{"type":"Point","coordinates":[-58.074217,-35.712544,0]},"properties":{"description":{"@type":"html","value":"descripción: <br>Nº_Apiario: B51305-39<br>_Cant__Colmenas: 40<br>_Provincia: BUENOS AIRES<br>_Departamento: Chascomus<br>_Latitud: -35.7125<br>_Longitud: -58.0742<br>_Cuit: 2.72714e+10<br>_Razón_Social: CHAPPA CONSTANZA SOLEDAD<br>_Prov__Productor: BUENOS AIRES<br>_Depto__Productor: Chascomus"},"styleUrl":"#icon-1899-DB4436","icon-opacity":1,"icon-color":"#db4436","icon-scale":1,"icon-offset":[32,64],"icon-offset-units":["pixels","insetPixels"],"icon":"https://www.gstatic.com/mapspro/images/stock/503-wht-blank_maps.png","descripción":"","Nº_Apiario":"B51305-39","_Cant__Colmenas":40,"_Provincia":"BUENOS AIRES","_Departamento":"Chascomus","_Latitud":-35.7125,"_Longitud":-58.0742,"_Cuit":"2.72714e+10","_Razón_Social":"CHAPPA CONSTANZA SOLEDAD","_Prov__Productor":"BUENOS AIRES","_Depto__Productor":"Chascomus"}},{"type":"Feature","geometry":{"type":"Point","coordinates":[-58.059403,-35.711155,0]},"properties":{"description":{"@type":"html","value":"descripción: <br>Nº_Apiario: B51305-40<br>_Cant__Colmenas: 40<br>_Provincia: BUENOS AIRES<br>_Departamento: Chascomus<br>_Latitud: -35.7112<br>_Longitud: -58.0594<br>_Cuit: 2.72714e+10<br>_Razón_Social: CHAPPA CONSTANZA SOLEDAD<br>_Prov__Productor: BUENOS AIRES<br>_Depto__Productor: Chascomus"},"styleUrl":"#icon-1899-DB4436","icon-opacity":1,"icon-color":"#db4436","icon-scale":1,"icon-offset":[32,64],"icon-offset-units":["pixels","insetPixels"],"icon":"https://www.gstatic.com/mapspro/images/stock/503-wht-blank_maps.png","descripción":"","Nº_Apiario":"B51305-40","_Cant__Colmenas":40,"_Provincia":"BUENOS AIRES","_Departamento":"Chascomus","_Latitud":-35.7112,"_Longitud":-58.0594,"_Cuit":"2.72714e+10","_Razón_Social":"CHAPPA CONSTANZA SOLEDAD","_Prov__Productor":"BUENOS AIRES","_Depto__Productor":"Chascomus"}},{"type":"Feature","geometry":{"type":"Point","coordinates":[-58.091913,-35.705379,0]},"properties":{"description":{"@type":"html","value":"descripción: <br>Nº_Apiario: B51305-41<br>_Cant__Colmenas: 40<br>_Provincia: BUENOS AIRES<br>_Departamento: Chascomus<br>_Latitud: -35.7054<br>_Longitud: -58.0919<br>_Cuit: 2.72714e+10<br>_Razón_Social: CHAPPA CONSTANZA SOLEDAD<br>_Prov__Productor: BUENOS AIRES<br>_Depto__Productor: Chascomus"},"styleUrl":"#icon-1899-DB4436","icon-opacity":1,"icon-color":"#db4436","icon-scale":1,"icon-offset":[32,64],"icon-offset-units":["pixels","insetPixels"],"icon":"https://www.gstatic.com/mapspro/images/stock/503-wht-blank_maps.png","descripción":"","Nº_Apiario":"B51305-41","_Cant__Colmenas":40,"_Provincia":"BUENOS AIRES","_Departamento":"Chascomus","_Latitud":-35.7054,"_Longitud":-58.0919,"_Cuit":"2.72714e+10","_Razón_Social":"CHAPPA CONSTANZA SOLEDAD","_Prov__Productor":"BUENOS AIRES","_Depto__Productor":"Chascomus"}},{"type":"Feature","geometry":{"type":"Point","coordinates":[-58.097238,-35.690036,0]},"properties":{"description":{"@type":"html","value":"descripción: <br>Nº_Apiario: B51305-42<br>_Cant__Colmenas: 50<br>_Provincia: BUENOS AIRES<br>_Departamento: Chascomus<br>_Latitud: -35.69<br>_Longitud: -58.0972<br>_Cuit: 2.72714e+10<br>_Razón_Social: CHAPPA CONSTANZA SOLEDAD<br>_Prov__Productor: BUENOS AIRES<br>_Depto__Productor: Chascomus"},"styleUrl":"#icon-1899-DB4436","icon-opacity":1,"icon-color":"#db4436","icon-scale":1,"icon-offset":[32,64],"icon-offset-units":["pixels","insetPixels"],"icon":"https://www.gstatic.com/mapspro/images/stock/503-wht-blank_maps.png","descripción":"","Nº_Apiario":"B51305-42","_Cant__Colmenas":50,"_Provincia":"BUENOS AIRES","_Departamento":"Chascomus","_Latitud":-35.69,"_Longitud":-58.0972,"_Cuit":"2.72714e+10","_Razón_Social":"CHAPPA CONSTANZA SOLEDAD","_Prov__Productor":"BUENOS AIRES","_Depto__Productor":"Chascomus"}},{"type":"Feature","geometry":{"type":"Point","coordinates":[-57.997925,-35.636176,0]},"properties":{"description":{"@type":"html","value":"descripción: <br>Nº_Apiario: B51305-45<br>_Cant__Colmenas: 40<br>_Provincia: BUENOS AIRES<br>_Departamento: Chascomus<br>_Latitud: -35.6362<br>_Longitud: -57.9979<br>_Cuit: 2.72714e+10<br>_Razón_Social: CHAPPA CONSTANZA SOLEDAD<br>_Prov__Productor: BUENOS AIRES<br>_Depto__Productor: Chascomus"},"styleUrl":"#icon-1899-DB4436","icon-opacity":1,"icon-color":"#db4436","icon-scale":1,"icon-offset":[32,64],"icon-offset-units":["pixels","insetPixels"],"icon":"https://www.gstatic.com/mapspro/images/stock/503-wht-blank_maps.png","descripción":"","Nº_Apiario":"B51305-45","_Cant__Colmenas":40,"_Provincia":"BUENOS AIRES","_Departamento":"Chascomus","_Latitud":-35.6362,"_Longitud":-57.9979,"_Cuit":"2.72714e+10","_Razón_Social":"CHAPPA CONSTANZA SOLEDAD","_Prov__Productor":"BUENOS AIRES","_Depto__Productor":"Chascomus"}},{"type":"Feature","geometry":{"type":"Point","coordinates":[-57.975904,-35.634511,0]},"properties":{"description":{"@type":"html","value":"descripción: <br>Nº_Apiario: B51305-46<br>_Cant__Colmenas: 51<br>_Provincia: BUENOS AIRES<br>_Departamento: Chascomus<br>_Latitud: -35.6345<br>_Longitud: -57.9759<br>_Cuit: 2.72714e+10<br>_Razón_Social: CHAPPA CONSTANZA SOLEDAD<br>_Prov__Productor: BUENOS AIRES<br>_Depto__Productor: Chascomus"},"styleUrl":"#icon-1899-DB4436","icon-opacity":1,"icon-color":"#db4436","icon-scale":1,"icon-offset":[32,64],"icon-offset-units":["pixels","insetPixels"],"icon":"https://www.gstatic.com/mapspro/images/stock/503-wht-blank_maps.png","descripción":"","Nº_Apiario":"B51305-46","_Cant__Colmenas":51,"_Provincia":"BUENOS AIRES","_Departamento":"Chascomus","_Latitud":-35.6345,"_Longitud":-57.9759,"_Cuit":"2.72714e+10","_Razón_Social":"CHAPPA CONSTANZA SOLEDAD","_Prov__Productor":"BUENOS AIRES","_Depto__Productor":"Chascomus"}},{"type":"Feature","geometry":{"type":"Point","coordinates":[-58.085452,-35.770268,0]},"properties":{"description":{"@type":"html","value":"descripción: <br>Nº_Apiario: B51304-43<br>_Cant__Colmenas: 30<br>_Provincia: BUENOS AIRES<br>_Departamento: Chascomus<br>_Latitud: -35.7703<br>_Longitud: -58.0855<br>_Cuit: 2.73451e+10<br>_Razón_Social: RAISING LUZ MARIA ANGELICA<br>_Prov__Productor: BUENOS AIRES<br>_Depto__Productor: Chascomus"},"styleUrl":"#icon-1899-DB4436","icon-opacity":1,"icon-color":"#db4436","icon-scale":1,"icon-offset":[32,64],"icon-offset-units":["pixels","insetPixels"],"icon":"https://www.gstatic.com/mapspro/images/stock/503-wht-blank_maps.png","descripción":"","Nº_Apiario":"B51304-43","_Cant__Colmenas":30,"_Provincia":"BUENOS AIRES","_Departamento":"Chascomus","_Latitud":-35.7703,"_Longitud":-58.0855,"_Cuit":"2.73451e+10","_Razón_Social":"RAISING LUZ MARIA ANGELICA","_Prov__Productor":"BUENOS AIRES","_Depto__Productor":"Chascomus"}},{"type":"Feature","geometry":{"type":"Point","coordinates":[-58.092324,-35.777688,0]},"properties":{"description":{"@type":"html","value":"descripción: <br>Nº_Apiario: B51304-44<br>_Cant__Colmenas: 30<br>_Provincia: BUENOS AIRES<br>_Departamento: Chascomus<br>_Latitud: -35.7777<br>_Longitud: -58.0923<br>_Cuit: 2.73451e+10<br>_Razón_Social: RAISING LUZ MARIA ANGELICA<br>_Prov__Productor: BUENOS AIRES<br>_Depto__Productor: Chascomus"},"styleUrl":"#icon-1899-DB4436","icon-opacity":1,"icon-color":"#db4436","icon-scale":1,"icon-offset":[32,64],"icon-offset-units":["pixels","insetPixels"],"icon":"https://www.gstatic.com/mapspro/images/stock/503-wht-blank_maps.png","descripción":"","Nº_Apiario":"B51304-44","_Cant__Colmenas":30,"_Provincia":"BUENOS AIRES","_Departamento":"Chascomus","_Latitud":-35.7777,"_Longitud":-58.0923,"_Cuit":"2.73451e+10","_Razón_Social":"RAISING LUZ MARIA ANGELICA","_Prov__Productor":"BUENOS AIRES","_Depto__Productor":"Chascomus"}},{"type":"Feature","geometry":{"type":"Point","coordinates":[-57.821342,-35.709879,0]},"properties":{"description":{"@type":"html","value":"descripción: <br>Nº_Apiario: B17395-4<br>_Cant__Colmenas: 40<br>_Provincia: BUENOS AIRES<br>_Departamento: Chascomus<br>_Latitud: -35.7099<br>_Longitud: -57.8213<br>_Cuit: 2.03108e+10<br>_Razón_Social: HORNOS ALFREDO AGUSTIN<br>_Prov__Productor: BUENOS AIRES<br>_Depto__Productor: Chascomus"},"styleUrl":"#icon-1899-DB4436","icon-opacity":1,"icon-color":"#db4436","icon-scale":1,"icon-offset":[32,64],"icon-offset-units":["pixels","insetPixels"],"icon":"https://www.gstatic.com/mapspro/images/stock/503-wht-blank_maps.png","descripción":"","Nº_Apiario":"B17395-4","_Cant__Colmenas":40,"_Provincia":"BUENOS AIRES","_Departamento":"Chascomus","_Latitud":-35.7099,"_Longitud":-57.8213,"_Cuit":"2.03108e+10","_Razón_Social":"HORNOS ALFREDO AGUSTIN","_Prov__Productor":"BUENOS AIRES","_Depto__Productor":"Chascomus"}},{"type":"Feature","geometry":{"type":"Point","coordinates":[-58.037455,-35.501587,0]},"properties":{"description":{"@type":"html","value":"descripción: <br>Nº_Apiario: B17395-5<br>_Cant__Colmenas: 30<br>_Provincia: BUENOS AIRES<br>_Departamento: Chascomus<br>_Latitud: -35.5016<br>_Longitud: -58.0375<br>_Cuit: 2.03108e+10<br>_Razón_Social: HORNOS ALFREDO AGUSTIN<br>_Prov__Productor: BUENOS AIRES<br>_Depto__Productor: Chascomus"},"styleUrl":"#icon-1899-DB4436","icon-opacity":1,"icon-color":"#db4436","icon-scale":1,"icon-offset":[32,64],"icon-offset-units":["pixels","insetPixels"],"icon":"https://www.gstatic.com/mapspro/images/stock/503-wht-blank_maps.png","descripción":"","Nº_Apiario":"B17395-5","_Cant__Colmenas":30,"_Provincia":"BUENOS AIRES","_Departamento":"Chascomus","_Latitud":-35.5016,"_Longitud":-58.0375,"_Cuit":"2.03108e+10","_Razón_Social":"HORNOS ALFREDO AGUSTIN","_Prov__Productor":"BUENOS AIRES","_Depto__Productor":"Chascomus"}},{"type":"Feature","geometry":{"type":"Point","coordinates":[-58.148272,-35.45375,0]},"properties":{"description":{"@type":"html","value":"descripción: <br>Nº_Apiario: B17395-6<br>_Cant__Colmenas: 50<br>_Provincia: BUENOS AIRES<br>_Departamento: Chascomus<br>_Latitud: -35.4537<br>_Longitud: -58.1483<br>_Cuit: 2.03108e+10<br>_Razón_Social: HORNOS ALFREDO AGUSTIN<br>_Prov__Productor: BUENOS AIRES<br>_Depto__Productor: Chascomus"},"styleUrl":"#icon-1899-DB4436","icon-opacity":1,"icon-color":"#db4436","icon-scale":1,"icon-offset":[32,64],"icon-offset-units":["pixels","insetPixels"],"icon":"https://www.gstatic.com/mapspro/images/stock/503-wht-blank_maps.png","descripción":"","Nº_Apiario":"B17395-6","_Cant__Colmenas":50,"_Provincia":"BUENOS AIRES","_Departamento":"Chascomus","_Latitud":-35.4537,"_Longitud":-58.1483,"_Cuit":"2.03108e+10","_Razón_Social":"HORNOS ALFREDO AGUSTIN","_Prov__Productor":"BUENOS AIRES","_Depto__Productor":"Chascomus"}},{"type":"Feature","geometry":{"type":"Point","coordinates":[-58.143424,-35.450516,0]},"properties":{"description":{"@type":"html","value":"descripción: <br>Nº_Apiario: B17395-7<br>_Cant__Colmenas: 40<br>_Provincia: BUENOS AIRES<br>_Departamento: Chascomus<br>_Latitud: -35.4505<br>_Longitud: -58.1434<br>_Cuit: 2.03108e+10<br>_Razón_Social: HORNOS ALFREDO AGUSTIN<br>_Prov__Productor: BUENOS AIRES<br>_Depto__Productor: Chascomus"},"styleUrl":"#icon-1899-DB4436","icon-opacity":1,"icon-color":"#db4436","icon-scale":1,"icon-offset":[32,64],"icon-offset-units":["pixels","insetPixels"],"icon":"https://www.gstatic.com/mapspro/images/stock/503-wht-blank_maps.png","descripción":"","Nº_Apiario":"B17395-7","_Cant__Colmenas":40,"_Provincia":"BUENOS AIRES","_Departamento":"Chascomus","_Latitud":-35.4505,"_Longitud":-58.1434,"_Cuit":"2.03108e+10","_Razón_Social":"HORNOS ALFREDO AGUSTIN","_Prov__Productor":"BUENOS AIRES","_Depto__Productor":"Chascomus"}},{"type":"Feature","geometry":{"type":"Point","coordinates":[-58.134668,-35.475953,0]},"properties":{"description":{"@type":"html","value":"descripción: <br>Nº_Apiario: B17395-8<br>_Cant__Colmenas: 40<br>_Provincia: BUENOS AIRES<br>_Departamento: Chascomus<br>_Latitud: -35.476<br>_Longitud: -58.1347<br>_Cuit: 2.03108e+10<br>_Razón_Social: HORNOS ALFREDO AGUSTIN<br>_Prov__Productor: BUENOS AIRES<br>_Depto__Productor: Chascomus"},"styleUrl":"#icon-1899-DB4436","icon-opacity":1,"icon-color":"#db4436","icon-scale":1,"icon-offset":[32,64],"icon-offset-units":["pixels","insetPixels"],"icon":"https://www.gstatic.com/mapspro/images/stock/503-wht-blank_maps.png","descripción":"","Nº_Apiario":"B17395-8","_Cant__Colmenas":40,"_Provincia":"BUENOS AIRES","_Departamento":"Chascomus","_Latitud":-35.476,"_Longitud":-58.1347,"_Cuit":"2.03108e+10","_Razón_Social":"HORNOS ALFREDO AGUSTIN","_Prov__Productor":"BUENOS AIRES","_Depto__Productor":"Chascomus"}},{"type":"Feature","geometry":{"type":"Point","coordinates":[-58.131925,-35.466503,0]},"properties":{"description":{"@type":"html","value":"descripción: <br>Nº_Apiario: B17395-9<br>_Cant__Colmenas: 30<br>_Provincia: BUENOS AIRES<br>_Departamento: Chascomus<br>_Latitud: -35.4665<br>_Longitud: -58.1319<br>_Cuit: 2.03108e+10<br>_Razón_Social: HORNOS ALFREDO AGUSTIN<br>_Prov__Productor: BUENOS AIRES<br>_Depto__Productor: Chascomus"},"styleUrl":"#icon-1899-DB4436","icon-opacity":1,"icon-color":"#db4436","icon-scale":1,"icon-offset":[32,64],"icon-offset-units":["pixels","insetPixels"],"icon":"https://www.gstatic.com/mapspro/images/stock/503-wht-blank_maps.png","descripción":"","Nº_Apiario":"B17395-9","_Cant__Colmenas":30,"_Provincia":"BUENOS AIRES","_Departamento":"Chascomus","_Latitud":-35.4665,"_Longitud":-58.1319,"_Cuit":"2.03108e+10","_Razón_Social":"HORNOS ALFREDO AGUSTIN","_Prov__Productor":"BUENOS AIRES","_Depto__Productor":"Chascomus"}},{"type":"Feature","geometry":{"type":"Point","coordinates":[-58.141645,-35.459693,0]},"properties":{"description":{"@type":"html","value":"descripción: <br>Nº_Apiario: B17395-11<br>_Cant__Colmenas: 50<br>_Provincia: BUENOS AIRES<br>_Departamento: Chascomus<br>_Latitud: -35.4597<br>_Longitud: -58.1416<br>_Cuit: 2.03108e+10<br>_Razón_Social: HORNOS ALFREDO AGUSTIN<br>_Prov__Productor: BUENOS AIRES<br>_Depto__Productor: Chascomus"},"styleUrl":"#icon-1899-DB4436","icon-opacity":1,"icon-color":"#db4436","icon-scale":1,"icon-offset":[32,64],"icon-offset-units":["pixels","insetPixels"],"icon":"https://www.gstatic.com/mapspro/images/stock/503-wht-blank_maps.png","descripción":"","Nº_Apiario":"B17395-11","_Cant__Colmenas":50,"_Provincia":"BUENOS AIRES","_Departamento":"Chascomus","_Latitud":-35.4597,"_Longitud":-58.1416,"_Cuit":"2.03108e+10","_Razón_Social":"HORNOS ALFREDO AGUSTIN","_Prov__Productor":"BUENOS AIRES","_Depto__Productor":"Chascomus"}},{"type":"Feature","geometry":{"type":"Point","coordinates":[-58.153226,-35.452678,0]},"properties":{"description":{"@type":"html","value":"descripción: <br>Nº_Apiario: B17395-12<br>_Cant__Colmenas: 40<br>_Provincia: BUENOS AIRES<br>_Departamento: Chascomus<br>_Latitud: -35.4527<br>_Longitud: -58.1532<br>_Cuit: 2.03108e+10<br>_Razón_Social: HORNOS ALFREDO AGUSTIN<br>_Prov__Productor: BUENOS AIRES<br>_Depto__Productor: Chascomus"},"styleUrl":"#icon-1899-DB4436","icon-opacity":1,"icon-color":"#db4436","icon-scale":1,"icon-offset":[32,64],"icon-offset-units":["pixels","insetPixels"],"icon":"https://www.gstatic.com/mapspro/images/stock/503-wht-blank_maps.png","descripción":"","Nº_Apiario":"B17395-12","_Cant__Colmenas":40,"_Provincia":"BUENOS AIRES","_Departamento":"Chascomus","_Latitud":-35.4527,"_Longitud":-58.1532,"_Cuit":"2.03108e+10","_Razón_Social":"HORNOS ALFREDO AGUSTIN","_Prov__Productor":"BUENOS AIRES","_Depto__Productor":"Chascomus"}},{"type":"Feature","geometry":{"type":"Point","coordinates":[-57.726107,-35.72621,0]},"properties":{"description":{"@type":"html","value":"descripción: <br>Nº_Apiario: B17395-13<br>_Cant__Colmenas: 40<br>_Provincia: BUENOS AIRES<br>_Departamento: Chascomus<br>_Latitud: -35.7262<br>_Longitud: -57.7261<br>_Cuit: 2.03108e+10<br>_Razón_Social: HORNOS ALFREDO AGUSTIN<br>_Prov__Productor: BUENOS AIRES<br>_Depto__Productor: Chascomus"},"styleUrl":"#icon-1899-DB4436","icon-opacity":1,"icon-color":"#db4436","icon-scale":1,"icon-offset":[32,64],"icon-offset-units":["pixels","insetPixels"],"icon":"https://www.gstatic.com/mapspro/images/stock/503-wht-blank_maps.png","descripción":"","Nº_Apiario":"B17395-13","_Cant__Colmenas":40,"_Provincia":"BUENOS AIRES","_Departamento":"Chascomus","_Latitud":-35.7262,"_Longitud":-57.7261,"_Cuit":"2.03108e+10","_Razón_Social":"HORNOS ALFREDO AGUSTIN","_Prov__Productor":"BUENOS AIRES","_Depto__Productor":"Chascomus"}},{"type":"Feature","geometry":{"type":"Point","coordinates":[-58.116745,-35.497391,0]},"properties":{"description":{"@type":"html","value":"descripción: <br>Nº_Apiario: B17395-14<br>_Cant__Colmenas: 40<br>_Provincia: BUENOS AIRES<br>_Departamento: Chascomus<br>_Latitud: -35.4974<br>_Longitud: -58.1167<br>_Cuit: 2.03108e+10<br>_Razón_Social: HORNOS ALFREDO AGUSTIN<br>_Prov__Productor: BUENOS AIRES<br>_Depto__Productor: Chascomus"},"styleUrl":"#icon-1899-DB4436","icon-opacity":1,"icon-color":"#db4436","icon-scale":1,"icon-offset":[32,64],"icon-offset-units":["pixels","insetPixels"],"icon":"https://www.gstatic.com/mapspro/images/stock/503-wht-blank_maps.png","descripción":"","Nº_Apiario":"B17395-14","_Cant__Colmenas":40,"_Provincia":"BUENOS AIRES","_Departamento":"Chascomus","_Latitud":-35.4974,"_Longitud":-58.1167,"_Cuit":"2.03108e+10","_Razón_Social":"HORNOS ALFREDO AGUSTIN","_Prov__Productor":"BUENOS AIRES","_Depto__Productor":"Chascomus"}},{"type":"Feature","geometry":{"type":"Point","coordinates":[-57.96903,-35.584165,0]},"properties":{"description":{"@type":"html","value":"descripción: <br>Nº_Apiario: B17395-17<br>_Cant__Colmenas: 20<br>_Provincia: BUENOS AIRES<br>_Departamento: Chascomus<br>_Latitud: -35.5842<br>_Longitud: -57.969<br>_Cuit: 2.03108e+10<br>_Razón_Social: HORNOS ALFREDO AGUSTIN<br>_Prov__Productor: BUENOS AIRES<br>_Depto__Productor: Chascomus"},"styleUrl":"#icon-1899-DB4436","icon-opacity":1,"icon-color":"#db4436","icon-scale":1,"icon-offset":[32,64],"icon-offset-units":["pixels","insetPixels"],"icon":"https://www.gstatic.com/mapspro/images/stock/503-wht-blank_maps.png","descripción":"","Nº_Apiario":"B17395-17","_Cant__Colmenas":20,"_Provincia":"BUENOS AIRES","_Departamento":"Chascomus","_Latitud":-35.5842,"_Longitud":-57.969,"_Cuit":"2.03108e+10","_Razón_Social":"HORNOS ALFREDO AGUSTIN","_Prov__Productor":"BUENOS AIRES","_Depto__Productor":"Chascomus"}},{"type":"Feature","geometry":{"type":"Point","coordinates":[-58.1802,-35.53265,0]},"properties":{"description":{"@type":"html","value":"descripción: <br>Nº_Apiario: B448-10<br>_Cant__Colmenas: 40<br>_Provincia: BUENOS AIRES<br>_Departamento: Chascomus<br>_Latitud: -35.5326<br>_Longitud: -58.1802<br>_Cuit: 2.0259e+10<br>_Razón_Social: RAMAL JORGE ALEJANDRO<br>_Prov__Productor: BUENOS AIRES<br>_Depto__Productor: Brandsen"},"styleUrl":"#icon-1899-DB4436","icon-opacity":1,"icon-color":"#db4436","icon-scale":1,"icon-offset":[32,64],"icon-offset-units":["pixels","insetPixels"],"icon":"https://www.gstatic.com/mapspro/images/stock/503-wht-blank_maps.png","descripción":"","Nº_Apiario":"B448-10","_Cant__Colmenas":40,"_Provincia":"BUENOS AIRES","_Departamento":"Chascomus","_Latitud":-35.5326,"_Longitud":-58.1802,"_Cuit":"2.0259e+10","_Razón_Social":"RAMAL JORGE ALEJANDRO","_Prov__Productor":"BUENOS AIRES","_Depto__Productor":"Brandsen"}},{"type":"Feature","geometry":{"type":"Point","coordinates":[-58.1818,-35.44019,0]},"properties":{"description":{"@type":"html","value":"descripción: <br>Nº_Apiario: B448-11<br>_Cant__Colmenas: 40<br>_Provincia: BUENOS AIRES<br>_Departamento: Chascomus<br>_Latitud: -35.4402<br>_Longitud: -58.1818<br>_Cuit: 2.0259e+10<br>_Razón_Social: RAMAL JORGE ALEJANDRO<br>_Prov__Productor: BUENOS AIRES<br>_Depto__Productor: Brandsen"},"styleUrl":"#icon-1899-DB4436","icon-opacity":1,"icon-color":"#db4436","icon-scale":1,"icon-offset":[32,64],"icon-offset-units":["pixels","insetPixels"],"icon":"https://www.gstatic.com/mapspro/images/stock/503-wht-blank_maps.png","descripción":"","Nº_Apiario":"B448-11","_Cant__Colmenas":40,"_Provincia":"BUENOS AIRES","_Departamento":"Chascomus","_Latitud":-35.4402,"_Longitud":-58.1818,"_Cuit":"2.0259e+10","_Razón_Social":"RAMAL JORGE ALEJANDRO","_Prov__Productor":"BUENOS AIRES","_Depto__Productor":"Brandsen"}},{"type":"Feature","geometry":{"type":"Point","coordinates":[-58.1126,-35.665,0]},"properties":{"description":{"@type":"html","value":"descripción: <br>Nº_Apiario: B448-12<br>_Cant__Colmenas: 50<br>_Provincia: BUENOS AIRES<br>_Departamento: Chascomus<br>_Latitud: -35.665<br>_Longitud: -58.1126<br>_Cuit: 2.0259e+10<br>_Razón_Social: RAMAL JORGE ALEJANDRO<br>_Prov__Productor: BUENOS AIRES<br>_Depto__Productor: Brandsen"},"styleUrl":"#icon-1899-DB4436","icon-opacity":1,"icon-color":"#db4436","icon-scale":1,"icon-offset":[32,64],"icon-offset-units":["pixels","insetPixels"],"icon":"https://www.gstatic.com/mapspro/images/stock/503-wht-blank_maps.png","descripción":"","Nº_Apiario":"B448-12","_Cant__Colmenas":50,"_Provincia":"BUENOS AIRES","_Departamento":"Chascomus","_Latitud":-35.665,"_Longitud":-58.1126,"_Cuit":"2.0259e+10","_Razón_Social":"RAMAL JORGE ALEJANDRO","_Prov__Productor":"BUENOS AIRES","_Depto__Productor":"Brandsen"}},{"type":"Feature","geometry":{"type":"Point","coordinates":[-58.2032,-35.675,0]},"properties":{"description":{"@type":"html","value":"descripción: <br>Nº_Apiario: B448-16<br>_Cant__Colmenas: 50<br>_Provincia: BUENOS AIRES<br>_Departamento: Chascomus<br>_Latitud: -35.675<br>_Longitud: -58.2032<br>_Cuit: 2.0259e+10<br>_Razón_Social: RAMAL JORGE ALEJANDRO<br>_Prov__Productor: BUENOS AIRES<br>_Depto__Productor: Brandsen"},"styleUrl":"#icon-1899-DB4436","icon-opacity":1,"icon-color":"#db4436","icon-scale":1,"icon-offset":[32,64],"icon-offset-units":["pixels","insetPixels"],"icon":"https://www.gstatic.com/mapspro/images/stock/503-wht-blank_maps.png","descripción":"","Nº_Apiario":"B448-16","_Cant__Colmenas":50,"_Provincia":"BUENOS AIRES","_Departamento":"Chascomus","_Latitud":-35.675,"_Longitud":-58.2032,"_Cuit":"2.0259e+10","_Razón_Social":"RAMAL JORGE ALEJANDRO","_Prov__Productor":"BUENOS AIRES","_Depto__Productor":"Brandsen"}},{"type":"Feature","geometry":{"type":"Point","coordinates":[-58.2084,-35.719,0]},"properties":{"description":{"@type":"html","value":"descripción: <br>Nº_Apiario: B448-17<br>_Cant__Colmenas: 38<br>_Provincia: BUENOS AIRES<br>_Departamento: Chascomus<br>_Latitud: -35.719<br>_Longitud: -58.2084<br>_Cuit: 2.0259e+10<br>_Razón_Social: RAMAL JORGE ALEJANDRO<br>_Prov__Productor: BUENOS AIRES<br>_Depto__Productor: Brandsen"},"styleUrl":"#icon-1899-DB4436","icon-opacity":1,"icon-color":"#db4436","icon-scale":1,"icon-offset":[32,64],"icon-offset-units":["pixels","insetPixels"],"icon":"https://www.gstatic.com/mapspro/images/stock/503-wht-blank_maps.png","descripción":"","Nº_Apiario":"B448-17","_Cant__Colmenas":38,"_Provincia":"BUENOS AIRES","_Departamento":"Chascomus","_Latitud":-35.719,"_Longitud":-58.2084,"_Cuit":"2.0259e+10","_Razón_Social":"RAMAL JORGE ALEJANDRO","_Prov__Productor":"BUENOS AIRES","_Depto__Productor":"Brandsen"}},{"type":"Feature","geometry":{"type":"Point","coordinates":[-58.029534,-35.47884,0]},"properties":{"description":{"@type":"html","value":"descripción: <br>Nº_Apiario: B51581-1<br>_Cant__Colmenas: 10<br>_Provincia: BUENOS AIRES<br>_Departamento: Chascomus<br>_Latitud: -35.4788<br>_Longitud: -58.0295<br>_Cuit: 2.02301e+10<br>_Razón_Social: ROSALES DOMINGO ARNALDO<br>_Prov__Productor: BUENOS AIRES<br>_Depto__Productor: Chascomus"},"styleUrl":"#icon-1899-DB4436","icon-opacity":1,"icon-color":"#db4436","icon-scale":1,"icon-offset":[32,64],"icon-offset-units":["pixels","insetPixels"],"icon":"https://www.gstatic.com/mapspro/images/stock/503-wht-blank_maps.png","descripción":"","Nº_Apiario":"B51581-1","_Cant__Colmenas":10,"_Provincia":"BUENOS AIRES","_Departamento":"Chascomus","_Latitud":-35.4788,"_Longitud":-58.0295,"_Cuit":"2.02301e+10","_Razón_Social":"ROSALES DOMINGO ARNALDO","_Prov__Productor":"BUENOS AIRES","_Depto__Productor":"Chascomus"}},{"type":"Feature","geometry":{"type":"Point","coordinates":[-58.066201,-35.513106,0]},"properties":{"description":{"@type":"html","value":"descripción: <br>Nº_Apiario: B51581-2<br>_Cant__Colmenas: 20<br>_Provincia: BUENOS AIRES<br>_Departamento: Chascomus<br>_Latitud: -35.5131<br>_Longitud: -58.0662<br>_Cuit: 2.02301e+10<br>_Razón_Social: ROSALES DOMINGO ARNALDO<br>_Prov__Productor: BUENOS AIRES<br>_Depto__Productor: Chascomus"},"styleUrl":"#icon-1899-DB4436","icon-opacity":1,"icon-color":"#db4436","icon-scale":1,"icon-offset":[32,64],"icon-offset-units":["pixels","insetPixels"],"icon":"https://www.gstatic.com/mapspro/images/stock/503-wht-blank_maps.png","descripción":"","Nº_Apiario":"B51581-2","_Cant__Colmenas":20,"_Provincia":"BUENOS AIRES","_Departamento":"Chascomus","_Latitud":-35.5131,"_Longitud":-58.0662,"_Cuit":"2.02301e+10","_Razón_Social":"ROSALES DOMINGO ARNALDO","_Prov__Productor":"BUENOS AIRES","_Depto__Productor":"Chascomus"}},{"type":"Feature","geometry":{"type":"Point","coordinates":[-58.148728,-35.653762,0]},"properties":{"description":{"@type":"html","value":"descripción: <br>Nº_Apiario: B51581-3<br>_Cant__Colmenas: 17<br>_Provincia: BUENOS AIRES<br>_Departamento: Chascomus<br>_Latitud: -35.6538<br>_Longitud: -58.1487<br>_Cuit: 2.02301e+10<br>_Razón_Social: ROSALES DOMINGO ARNALDO<br>_Prov__Productor: BUENOS AIRES<br>_Depto__Productor: Chascomus"},"styleUrl":"#icon-1899-DB4436","icon-opacity":1,"icon-color":"#db4436","icon-scale":1,"icon-offset":[32,64],"icon-offset-units":["pixels","insetPixels"],"icon":"https://www.gstatic.com/mapspro/images/stock/503-wht-blank_maps.png","descripción":"","Nº_Apiario":"B51581-3","_Cant__Colmenas":17,"_Provincia":"BUENOS AIRES","_Departamento":"Chascomus","_Latitud":-35.6538,"_Longitud":-58.1487,"_Cuit":"2.02301e+10","_Razón_Social":"ROSALES DOMINGO ARNALDO","_Prov__Productor":"BUENOS AIRES","_Depto__Productor":"Chascomus"}},{"type":"Feature","geometry":{"type":"Point","coordinates":[-58.146821,-35.775462,0]},"properties":{"description":{"@type":"html","value":"descripción: <br>Nº_Apiario: B51581-4<br>_Cant__Colmenas: 20<br>_Provincia: BUENOS AIRES<br>_Departamento: Chascomus<br>_Latitud: -35.7755<br>_Longitud: -58.1468<br>_Cuit: 2.02301e+10<br>_Razón_Social: ROSALES DOMINGO ARNALDO<br>_Prov__Productor: BUENOS AIRES<br>_Depto__Productor: Chascomus"},"styleUrl":"#icon-1899-DB4436","icon-opacity":1,"icon-color":"#db4436","icon-scale":1,"icon-offset":[32,64],"icon-offset-units":["pixels","insetPixels"],"icon":"https://www.gstatic.com/mapspro/images/stock/503-wht-blank_maps.png","descripción":"","Nº_Apiario":"B51581-4","_Cant__Colmenas":20,"_Provincia":"BUENOS AIRES","_Departamento":"Chascomus","_Latitud":-35.7755,"_Longitud":-58.1468,"_Cuit":"2.02301e+10","_Razón_Social":"ROSALES DOMINGO ARNALDO","_Prov__Productor":"BUENOS AIRES","_Depto__Productor":"Chascomus"}},{"type":"Feature","geometry":{"type":"Point","coordinates":[-58.07321,-35.550668,0]},"properties":{"description":{"@type":"html","value":"descripción: <br>Nº_Apiario: B51632-1<br>_Cant__Colmenas: 20<br>_Provincia: BUENOS AIRES<br>_Departamento: Chascomus<br>_Latitud: -35.5507<br>_Longitud: -58.0732<br>_Cuit: 2.03284e+10<br>_Razón_Social: MOJA PABLO JOAQUIN<br>_Prov__Productor: BUENOS AIRES<br>_Depto__Productor: Chascomus"},"styleUrl":"#icon-1899-DB4436","icon-opacity":1,"icon-color":"#db4436","icon-scale":1,"icon-offset":[32,64],"icon-offset-units":["pixels","insetPixels"],"icon":"https://www.gstatic.com/mapspro/images/stock/503-wht-blank_maps.png","descripción":"","Nº_Apiario":"B51632-1","_Cant__Colmenas":20,"_Provincia":"BUENOS AIRES","_Departamento":"Chascomus","_Latitud":-35.5507,"_Longitud":-58.0732,"_Cuit":"2.03284e+10","_Razón_Social":"MOJA PABLO JOAQUIN","_Prov__Productor":"BUENOS AIRES","_Depto__Productor":"Chascomus"}},{"type":"Feature","geometry":{"type":"Point","coordinates":[-58.101775,-35.423209,0]},"properties":{"description":{"@type":"html","value":"descripción: <br>Nº_Apiario: B51632-2<br>_Cant__Colmenas: 25<br>_Provincia: BUENOS AIRES<br>_Departamento: Chascomus<br>_Latitud: -35.4232<br>_Longitud: -58.1018<br>_Cuit: 2.03284e+10<br>_Razón_Social: MOJA PABLO JOAQUIN<br>_Prov__Productor: BUENOS AIRES<br>_Depto__Productor: Chascomus"},"styleUrl":"#icon-1899-DB4436","icon-opacity":1,"icon-color":"#db4436","icon-scale":1,"icon-offset":[32,64],"icon-offset-units":["pixels","insetPixels"],"icon":"https://www.gstatic.com/mapspro/images/stock/503-wht-blank_maps.png","descripción":"","Nº_Apiario":"B51632-2","_Cant__Colmenas":25,"_Provincia":"BUENOS AIRES","_Departamento":"Chascomus","_Latitud":-35.4232,"_Longitud":-58.1018,"_Cuit":"2.03284e+10","_Razón_Social":"MOJA PABLO JOAQUIN","_Prov__Productor":"BUENOS AIRES","_Depto__Productor":"Chascomus"}},{"type":"Feature","geometry":{"type":"Point","coordinates":[-57.547878,-35.796766,0]},"properties":{"description":{"@type":"html","value":"descripción: <br>Nº_Apiario: B51632-3<br>_Cant__Colmenas: 50<br>_Provincia: BUENOS AIRES<br>_Departamento: Chascomus<br>_Latitud: -35.7968<br>_Longitud: -57.5479<br>_Cuit: 2.03284e+10<br>_Razón_Social: MOJA PABLO JOAQUIN<br>_Prov__Productor: BUENOS AIRES<br>_Depto__Productor: Chascomus"},"styleUrl":"#icon-1899-DB4436","icon-opacity":1,"icon-color":"#db4436","icon-scale":1,"icon-offset":[32,64],"icon-offset-units":["pixels","insetPixels"],"icon":"https://www.gstatic.com/mapspro/images/stock/503-wht-blank_maps.png","descripción":"","Nº_Apiario":"B51632-3","_Cant__Colmenas":50,"_Provincia":"BUENOS AIRES","_Departamento":"Chascomus","_Latitud":-35.7968,"_Longitud":-57.5479,"_Cuit":"2.03284e+10","_Razón_Social":"MOJA PABLO JOAQUIN","_Prov__Productor":"BUENOS AIRES","_Depto__Productor":"Chascomus"}},{"type":"Feature","geometry":{"type":"Point","coordinates":[-57.981072,-35.365753,0]},"properties":{"description":{"@type":"html","value":"descripción: <br>Nº_Apiario: B51632-2<br>_Cant__Colmenas: 30<br>_Provincia: BUENOS AIRES<br>_Departamento: Chascomus<br>_Latitud: -35.3658<br>_Longitud: -57.9811<br>_Cuit: 2.03284e+10<br>_Razón_Social: MOJA PABLO JOAQUIN<br>_Prov__Productor: BUENOS AIRES<br>_Depto__Productor: Chascomus"},"styleUrl":"#icon-1899-DB4436","icon-opacity":1,"icon-color":"#db4436","icon-scale":1,"icon-offset":[32,64],"icon-offset-units":["pixels","insetPixels"],"icon":"https://www.gstatic.com/mapspro/images/stock/503-wht-blank_maps.png","descripción":"","Nº_Apiario":"B51632-2","_Cant__Colmenas":30,"_Provincia":"BUENOS AIRES","_Departamento":"Chascomus","_Latitud":-35.3658,"_Longitud":-57.9811,"_Cuit":"2.03284e+10","_Razón_Social":"MOJA PABLO JOAQUIN","_Prov__Productor":"BUENOS AIRES","_Depto__Productor":"Chascomus"}},{"type":"Feature","geometry":{"type":"Point","coordinates":[-57.96501,-35.629768,0]},"properties":{"description":{"@type":"html","value":"descripción: <br>Nº_Apiario: B51632-5<br>_Cant__Colmenas: 22<br>_Provincia: BUENOS AIRES<br>_Departamento: Chascomus<br>_Latitud: -35.6298<br>_Longitud: -57.965<br>_Cuit: 2.03284e+10<br>_Razón_Social: MOJA PABLO JOAQUIN<br>_Prov__Productor: BUENOS AIRES<br>_Depto__Productor: Chascomus"},"styleUrl":"#icon-1899-DB4436","icon-opacity":1,"icon-color":"#db4436","icon-scale":1,"icon-offset":[32,64],"icon-offset-units":["pixels","insetPixels"],"icon":"https://www.gstatic.com/mapspro/images/stock/503-wht-blank_maps.png","descripción":"","Nº_Apiario":"B51632-5","_Cant__Colmenas":22,"_Provincia":"BUENOS AIRES","_Departamento":"Chascomus","_Latitud":-35.6298,"_Longitud":-57.965,"_Cuit":"2.03284e+10","_Razón_Social":"MOJA PABLO JOAQUIN","_Prov__Productor":"BUENOS AIRES","_Depto__Productor":"Chascomus"}},{"type":"Feature","geometry":{"type":"Point","coordinates":[-58.121528,-35.732981,0]},"properties":{"description":{"@type":"html","value":"descripción: <br>Nº_Apiario: B51632-6<br>_Cant__Colmenas: 30<br>_Provincia: BUENOS AIRES<br>_Departamento: Chascomus<br>_Latitud: -35.733<br>_Longitud: -58.1215<br>_Cuit: 2.03284e+10<br>_Razón_Social: MOJA PABLO JOAQUIN<br>_Prov__Productor: BUENOS AIRES<br>_Depto__Productor: Chascomus"},"styleUrl":"#icon-1899-DB4436","icon-opacity":1,"icon-color":"#db4436","icon-scale":1,"icon-offset":[32,64],"icon-offset-units":["pixels","insetPixels"],"icon":"https://www.gstatic.com/mapspro/images/stock/503-wht-blank_maps.png","descripción":"","Nº_Apiario":"B51632-6","_Cant__Colmenas":30,"_Provincia":"BUENOS AIRES","_Departamento":"Chascomus","_Latitud":-35.733,"_Longitud":-58.1215,"_Cuit":"2.03284e+10","_Razón_Social":"MOJA PABLO JOAQUIN","_Prov__Productor":"BUENOS AIRES","_Depto__Productor":"Chascomus"}},{"type":"Feature","geometry":{"type":"Point","coordinates":[-57.93654,-35.495437,0]},"properties":{"description":{"@type":"html","value":"descripción: <br>Nº_Apiario: B4763-2<br>_Cant__Colmenas: 40<br>_Provincia: BUENOS AIRES<br>_Departamento: Chascomus<br>_Latitud: -35.4954<br>_Longitud: -57.9365<br>_Cuit: 2.01618e+10<br>_Razón_Social: ASSIRIO ROBERTO JESUS<br>_Prov__Productor: BUENOS AIRES<br>_Depto__Productor: Chascomus"},"styleUrl":"#icon-1899-DB4436","icon-opacity":1,"icon-color":"#db4436","icon-scale":1,"icon-offset":[32,64],"icon-offset-units":["pixels","insetPixels"],"icon":"https://www.gstatic.com/mapspro/images/stock/503-wht-blank_maps.png","descripción":"","Nº_Apiario":"B4763-2","_Cant__Colmenas":40,"_Provincia":"BUENOS AIRES","_Departamento":"Chascomus","_Latitud":-35.4954,"_Longitud":-57.9365,"_Cuit":"2.01618e+10","_Razón_Social":"ASSIRIO ROBERTO JESUS","_Prov__Productor":"BUENOS AIRES","_Depto__Productor":"Chascomus"}},{"type":"Feature","geometry":{"type":"Point","coordinates":[-57.873095,-35.507096,0]},"properties":{"description":{"@type":"html","value":"descripción: <br>Nº_Apiario: B4763-3<br>_Cant__Colmenas: 40<br>_Provincia: BUENOS AIRES<br>_Departamento: Chascomus<br>_Latitud: -35.5071<br>_Longitud: -57.8731<br>_Cuit: 2.01618e+10<br>_Razón_Social: ASSIRIO ROBERTO JESUS<br>_Prov__Productor: BUENOS AIRES<br>_Depto__Productor: Chascomus"},"styleUrl":"#icon-1899-DB4436","icon-opacity":1,"icon-color":"#db4436","icon-scale":1,"icon-offset":[32,64],"icon-offset-units":["pixels","insetPixels"],"icon":"https://www.gstatic.com/mapspro/images/stock/503-wht-blank_maps.png","descripción":"","Nº_Apiario":"B4763-3","_Cant__Colmenas":40,"_Provincia":"BUENOS AIRES","_Departamento":"Chascomus","_Latitud":-35.5071,"_Longitud":-57.8731,"_Cuit":"2.01618e+10","_Razón_Social":"ASSIRIO ROBERTO JESUS","_Prov__Productor":"BUENOS AIRES","_Depto__Productor":"Chascomus"}},{"type":"Feature","geometry":{"type":"Point","coordinates":[-57.854652,-35.436442,0]},"properties":{"description":{"@type":"html","value":"descripción: <br>Nº_Apiario: B4763-4<br>_Cant__Colmenas: 40<br>_Provincia: BUENOS AIRES<br>_Departamento: Chascomus<br>_Latitud: -35.4364<br>_Longitud: -57.8547<br>_Cuit: 2.01618e+10<br>_Razón_Social: ASSIRIO ROBERTO JESUS<br>_Prov__Productor: BUENOS AIRES<br>_Depto__Productor: Chascomus"},"styleUrl":"#icon-1899-DB4436","icon-opacity":1,"icon-color":"#db4436","icon-scale":1,"icon-offset":[32,64],"icon-offset-units":["pixels","insetPixels"],"icon":"https://www.gstatic.com/mapspro/images/stock/503-wht-blank_maps.png","descripción":"","Nº_Apiario":"B4763-4","_Cant__Colmenas":40,"_Provincia":"BUENOS AIRES","_Departamento":"Chascomus","_Latitud":-35.4364,"_Longitud":-57.8547,"_Cuit":"2.01618e+10","_Razón_Social":"ASSIRIO ROBERTO JESUS","_Prov__Productor":"BUENOS AIRES","_Depto__Productor":"Chascomus"}},{"type":"Feature","geometry":{"type":"Point","coordinates":[-58.023629,-35.487337,0]},"properties":{"description":{"@type":"html","value":"descripción: <br>Nº_Apiario: B4763-10<br>_Cant__Colmenas: 40<br>_Provincia: BUENOS AIRES<br>_Departamento: Chascomus<br>_Latitud: -35.4873<br>_Longitud: -58.0236<br>_Cuit: 2.01618e+10<br>_Razón_Social: ASSIRIO ROBERTO JESUS<br>_Prov__Productor: BUENOS AIRES<br>_Depto__Productor: Chascomus"},"styleUrl":"#icon-1899-DB4436","icon-opacity":1,"icon-color":"#db4436","icon-scale":1,"icon-offset":[32,64],"icon-offset-units":["pixels","insetPixels"],"icon":"https://www.gstatic.com/mapspro/images/stock/503-wht-blank_maps.png","descripción":"","Nº_Apiario":"B4763-10","_Cant__Colmenas":40,"_Provincia":"BUENOS AIRES","_Departamento":"Chascomus","_Latitud":-35.4873,"_Longitud":-58.0236,"_Cuit":"2.01618e+10","_Razón_Social":"ASSIRIO ROBERTO JESUS","_Prov__Productor":"BUENOS AIRES","_Depto__Productor":"Chascomus"}},{"type":"Feature","geometry":{"type":"Point","coordinates":[-58.068114,-35.462117,0]},"properties":{"description":{"@type":"html","value":"descripción: <br>Nº_Apiario: B4763-11<br>_Cant__Colmenas: 40<br>_Provincia: BUENOS AIRES<br>_Departamento: Chascomus<br>_Latitud: -35.4621<br>_Longitud: -58.0681<br>_Cuit: 2.01618e+10<br>_Razón_Social: ASSIRIO ROBERTO JESUS<br>_Prov__Productor: BUENOS AIRES<br>_Depto__Productor: Chascomus"},"styleUrl":"#icon-1899-DB4436","icon-opacity":1,"icon-color":"#db4436","icon-scale":1,"icon-offset":[32,64],"icon-offset-units":["pixels","insetPixels"],"icon":"https://www.gstatic.com/mapspro/images/stock/503-wht-blank_maps.png","descripción":"","Nº_Apiario":"B4763-11","_Cant__Colmenas":40,"_Provincia":"BUENOS AIRES","_Departamento":"Chascomus","_Latitud":-35.4621,"_Longitud":-58.0681,"_Cuit":"2.01618e+10","_Razón_Social":"ASSIRIO ROBERTO JESUS","_Prov__Productor":"BUENOS AIRES","_Depto__Productor":"Chascomus"}},{"type":"Feature","geometry":{"type":"Point","coordinates":[-57.722078,-35.521429,0]},"properties":{"description":{"@type":"html","value":"descripción: <br>Nº_Apiario: B4763-13<br>_Cant__Colmenas: 40<br>_Provincia: BUENOS AIRES<br>_Departamento: Chascomus<br>_Latitud: -35.5214<br>_Longitud: -57.7221<br>_Cuit: 2.01618e+10<br>_Razón_Social: ASSIRIO ROBERTO JESUS<br>_Prov__Productor: BUENOS AIRES<br>_Depto__Productor: Chascomus"},"styleUrl":"#icon-1899-DB4436","icon-opacity":1,"icon-color":"#db4436","icon-scale":1,"icon-offset":[32,64],"icon-offset-units":["pixels","insetPixels"],"icon":"https://www.gstatic.com/mapspro/images/stock/503-wht-blank_maps.png","descripción":"","Nº_Apiario":"B4763-13","_Cant__Colmenas":40,"_Provincia":"BUENOS AIRES","_Departamento":"Chascomus","_Latitud":-35.5214,"_Longitud":-57.7221,"_Cuit":"2.01618e+10","_Razón_Social":"ASSIRIO ROBERTO JESUS","_Prov__Productor":"BUENOS AIRES","_Depto__Productor":"Chascomus"}},{"type":"Feature","geometry":{"type":"Point","coordinates":[-57.733537,-35.503613,0]},"properties":{"description":{"@type":"html","value":"descripción: <br>Nº_Apiario: B4763-14<br>_Cant__Colmenas: 40<br>_Provincia: BUENOS AIRES<br>_Departamento: Chascomus<br>_Latitud: -35.5036<br>_Longitud: -57.7335<br>_Cuit: 2.01618e+10<br>_Razón_Social: ASSIRIO ROBERTO JESUS<br>_Prov__Productor: BUENOS AIRES<br>_Depto__Productor: Chascomus"},"styleUrl":"#icon-1899-DB4436","icon-opacity":1,"icon-color":"#db4436","icon-scale":1,"icon-offset":[32,64],"icon-offset-units":["pixels","insetPixels"],"icon":"https://www.gstatic.com/mapspro/images/stock/503-wht-blank_maps.png","descripción":"","Nº_Apiario":"B4763-14","_Cant__Colmenas":40,"_Provincia":"BUENOS AIRES","_Departamento":"Chascomus","_Latitud":-35.5036,"_Longitud":-57.7335,"_Cuit":"2.01618e+10","_Razón_Social":"ASSIRIO ROBERTO JESUS","_Prov__Productor":"BUENOS AIRES","_Depto__Productor":"Chascomus"}},{"type":"Feature","geometry":{"type":"Point","coordinates":[-57.679037,-35.523975,0]},"properties":{"description":{"@type":"html","value":"descripción: <br>Nº_Apiario: B4763-15<br>_Cant__Colmenas: 40<br>_Provincia: BUENOS AIRES<br>_Departamento: Chascomus<br>_Latitud: -35.524<br>_Longitud: -57.679<br>_Cuit: 2.01618e+10<br>_Razón_Social: ASSIRIO ROBERTO JESUS<br>_Prov__Productor: BUENOS AIRES<br>_Depto__Productor: Chascomus"},"styleUrl":"#icon-1899-DB4436","icon-opacity":1,"icon-color":"#db4436","icon-scale":1,"icon-offset":[32,64],"icon-offset-units":["pixels","insetPixels"],"icon":"https://www.gstatic.com/mapspro/images/stock/503-wht-blank_maps.png","descripción":"","Nº_Apiario":"B4763-15","_Cant__Colmenas":40,"_Provincia":"BUENOS AIRES","_Departamento":"Chascomus","_Latitud":-35.524,"_Longitud":-57.679,"_Cuit":"2.01618e+10","_Razón_Social":"ASSIRIO ROBERTO JESUS","_Prov__Productor":"BUENOS AIRES","_Depto__Productor":"Chascomus"}},{"type":"Feature","geometry":{"type":"Point","coordinates":[-57.593807,-35.541364,0]},"properties":{"description":{"@type":"html","value":"descripción: <br>Nº_Apiario: B4763-16<br>_Cant__Colmenas: 40<br>_Provincia: BUENOS AIRES<br>_Departamento: Chascomus<br>_Latitud: -35.5414<br>_Longitud: -57.5938<br>_Cuit: 2.01618e+10<br>_Razón_Social: ASSIRIO ROBERTO JESUS<br>_Prov__Productor: BUENOS AIRES<br>_Depto__Productor: Chascomus"},"styleUrl":"#icon-1899-DB4436","icon-opacity":1,"icon-color":"#db4436","icon-scale":1,"icon-offset":[32,64],"icon-offset-units":["pixels","insetPixels"],"icon":"https://www.gstatic.com/mapspro/images/stock/503-wht-blank_maps.png","descripción":"","Nº_Apiario":"B4763-16","_Cant__Colmenas":40,"_Provincia":"BUENOS AIRES","_Departamento":"Chascomus","_Latitud":-35.5414,"_Longitud":-57.5938,"_Cuit":"2.01618e+10","_Razón_Social":"ASSIRIO ROBERTO JESUS","_Prov__Productor":"BUENOS AIRES","_Depto__Productor":"Chascomus"}},{"type":"Feature","geometry":{"type":"Point","coordinates":[-57.611813,-35.520578,0]},"properties":{"description":{"@type":"html","value":"descripción: <br>Nº_Apiario: B4763-17<br>_Cant__Colmenas: 40<br>_Provincia: BUENOS AIRES<br>_Departamento: Chascomus<br>_Latitud: -35.5206<br>_Longitud: -57.6118<br>_Cuit: 2.01618e+10<br>_Razón_Social: ASSIRIO ROBERTO JESUS<br>_Prov__Productor: BUENOS AIRES<br>_Depto__Productor: Chascomus"},"styleUrl":"#icon-1899-DB4436","icon-opacity":1,"icon-color":"#db4436","icon-scale":1,"icon-offset":[32,64],"icon-offset-units":["pixels","insetPixels"],"icon":"https://www.gstatic.com/mapspro/images/stock/503-wht-blank_maps.png","descripción":"","Nº_Apiario":"B4763-17","_Cant__Colmenas":40,"_Provincia":"BUENOS AIRES","_Departamento":"Chascomus","_Latitud":-35.5206,"_Longitud":-57.6118,"_Cuit":"2.01618e+10","_Razón_Social":"ASSIRIO ROBERTO JESUS","_Prov__Productor":"BUENOS AIRES","_Depto__Productor":"Chascomus"}},{"type":"Feature","geometry":{"type":"Point","coordinates":[-57.597643,-35.516882,0]},"properties":{"description":{"@type":"html","value":"descripción: <br>Nº_Apiario: B4763-18<br>_Cant__Colmenas: 40<br>_Provincia: BUENOS AIRES<br>_Departamento: Chascomus<br>_Latitud: -35.5169<br>_Longitud: -57.5976<br>_Cuit: 2.01618e+10<br>_Razón_Social: ASSIRIO ROBERTO JESUS<br>_Prov__Productor: BUENOS AIRES<br>_Depto__Productor: Chascomus"},"styleUrl":"#icon-1899-DB4436","icon-opacity":1,"icon-color":"#db4436","icon-scale":1,"icon-offset":[32,64],"icon-offset-units":["pixels","insetPixels"],"icon":"https://www.gstatic.com/mapspro/images/stock/503-wht-blank_maps.png","descripción":"","Nº_Apiario":"B4763-18","_Cant__Colmenas":40,"_Provincia":"BUENOS AIRES","_Departamento":"Chascomus","_Latitud":-35.5169,"_Longitud":-57.5976,"_Cuit":"2.01618e+10","_Razón_Social":"ASSIRIO ROBERTO JESUS","_Prov__Productor":"BUENOS AIRES","_Depto__Productor":"Chascomus"}},{"type":"Feature","geometry":{"type":"Point","coordinates":[-57.96644,-35.525664,0]},"properties":{"description":{"@type":"html","value":"descripción: <br>Nº_Apiario: B4763-1<br>_Cant__Colmenas: 31<br>_Provincia: BUENOS AIRES<br>_Departamento: Chascomus<br>_Latitud: -35.5257<br>_Longitud: -57.9664<br>_Cuit: 2.01618e+10<br>_Razón_Social: ASSIRIO ROBERTO JESUS<br>_Prov__Productor: BUENOS AIRES<br>_Depto__Productor: Chascomus"},"styleUrl":"#icon-1899-DB4436","icon-opacity":1,"icon-color":"#db4436","icon-scale":1,"icon-offset":[32,64],"icon-offset-units":["pixels","insetPixels"],"icon":"https://www.gstatic.com/mapspro/images/stock/503-wht-blank_maps.png","descripción":"","Nº_Apiario":"B4763-1","_Cant__Colmenas":31,"_Provincia":"BUENOS AIRES","_Departamento":"Chascomus","_Latitud":-35.5257,"_Longitud":-57.9664,"_Cuit":"2.01618e+10","_Razón_Social":"ASSIRIO ROBERTO JESUS","_Prov__Productor":"BUENOS AIRES","_Depto__Productor":"Chascomus"}},{"type":"Feature","geometry":{"type":"Point","coordinates":[-57.525877,-35.498473,0]},"properties":{"description":{"@type":"html","value":"descripción: <br>Nº_Apiario: B51690-2<br>_Cant__Colmenas: 60<br>_Provincia: BUENOS AIRES<br>_Departamento: Chascomus<br>_Latitud: -35.4985<br>_Longitud: -57.5259<br>_Cuit: 2.71693e+10<br>_Razón_Social: BUÑIRIGO ADRIANA INES<br>_Prov__Productor: BUENOS AIRES<br>_Depto__Productor: Chascomus"},"styleUrl":"#icon-1899-DB4436","icon-opacity":1,"icon-color":"#db4436","icon-scale":1,"icon-offset":[32,64],"icon-offset-units":["pixels","insetPixels"],"icon":"https://www.gstatic.com/mapspro/images/stock/503-wht-blank_maps.png","descripción":"","Nº_Apiario":"B51690-2","_Cant__Colmenas":60,"_Provincia":"BUENOS AIRES","_Departamento":"Chascomus","_Latitud":-35.4985,"_Longitud":-57.5259,"_Cuit":"2.71693e+10","_Razón_Social":"BUÑIRIGO ADRIANA INES","_Prov__Productor":"BUENOS AIRES","_Depto__Productor":"Chascomus"}},{"type":"Feature","geometry":{"type":"Point","coordinates":[-57.548745,-35.586427,0]},"properties":{"description":{"@type":"html","value":"descripción: <br>Nº_Apiario: B51690-3<br>_Cant__Colmenas: 60<br>_Provincia: BUENOS AIRES<br>_Departamento: Chascomus<br>_Latitud: -35.5864<br>_Longitud: -57.5487<br>_Cuit: 2.71693e+10<br>_Razón_Social: BUÑIRIGO ADRIANA INES<br>_Prov__Productor: BUENOS AIRES<br>_Depto__Productor: Chascomus"},"styleUrl":"#icon-1899-DB4436","icon-opacity":1,"icon-color":"#db4436","icon-scale":1,"icon-offset":[32,64],"icon-offset-units":["pixels","insetPixels"],"icon":"https://www.gstatic.com/mapspro/images/stock/503-wht-blank_maps.png","descripción":"","Nº_Apiario":"B51690-3","_Cant__Colmenas":60,"_Provincia":"BUENOS AIRES","_Departamento":"Chascomus","_Latitud":-35.5864,"_Longitud":-57.5487,"_Cuit":"2.71693e+10","_Razón_Social":"BUÑIRIGO ADRIANA INES","_Prov__Productor":"BUENOS AIRES","_Depto__Productor":"Chascomus"}},{"type":"Feature","geometry":{"type":"Point","coordinates":[-57.568516,-35.599514,0]},"properties":{"description":{"@type":"html","value":"descripción: <br>Nº_Apiario: B51690-4<br>_Cant__Colmenas: 40<br>_Provincia: BUENOS AIRES<br>_Departamento: Chascomus<br>_Latitud: -35.5995<br>_Longitud: -57.5685<br>_Cuit: 2.71693e+10<br>_Razón_Social: BUÑIRIGO ADRIANA INES<br>_Prov__Productor: BUENOS AIRES<br>_Depto__Productor: Chascomus"},"styleUrl":"#icon-1899-DB4436","icon-opacity":1,"icon-color":"#db4436","icon-scale":1,"icon-offset":[32,64],"icon-offset-units":["pixels","insetPixels"],"icon":"https://www.gstatic.com/mapspro/images/stock/503-wht-blank_maps.png","descripción":"","Nº_Apiario":"B51690-4","_Cant__Colmenas":40,"_Provincia":"BUENOS AIRES","_Departamento":"Chascomus","_Latitud":-35.5995,"_Longitud":-57.5685,"_Cuit":"2.71693e+10","_Razón_Social":"BUÑIRIGO ADRIANA INES","_Prov__Productor":"BUENOS AIRES","_Depto__Productor":"Chascomus"}},{"type":"Feature","geometry":{"type":"Point","coordinates":[-57.567725,-35.611148,0]},"properties":{"description":{"@type":"html","value":"descripción: <br>Nº_Apiario: B51690-5<br>_Cant__Colmenas: 30<br>_Provincia: BUENOS AIRES<br>_Departamento: Chascomus<br>_Latitud: -35.6111<br>_Longitud: -57.5677<br>_Cuit: 2.71693e+10<br>_Razón_Social: BUÑIRIGO ADRIANA INES<br>_Prov__Productor: BUENOS AIRES<br>_Depto__Productor: Chascomus"},"styleUrl":"#icon-1899-DB4436","icon-opacity":1,"icon-color":"#db4436","icon-scale":1,"icon-offset":[32,64],"icon-offset-units":["pixels","insetPixels"],"icon":"https://www.gstatic.com/mapspro/images/stock/503-wht-blank_maps.png","descripción":"","Nº_Apiario":"B51690-5","_Cant__Colmenas":30,"_Provincia":"BUENOS AIRES","_Departamento":"Chascomus","_Latitud":-35.6111,"_Longitud":-57.5677,"_Cuit":"2.71693e+10","_Razón_Social":"BUÑIRIGO ADRIANA INES","_Prov__Productor":"BUENOS AIRES","_Depto__Productor":"Chascomus"}},{"type":"Feature","geometry":{"type":"Point","coordinates":[-57.544255,-35.600072,0]},"properties":{"description":{"@type":"html","value":"descripción: <br>Nº_Apiario: B51690-6<br>_Cant__Colmenas: 20<br>_Provincia: BUENOS AIRES<br>_Departamento: Chascomus<br>_Latitud: -35.6001<br>_Longitud: -57.5443<br>_Cuit: 2.71693e+10<br>_Razón_Social: BUÑIRIGO ADRIANA INES<br>_Prov__Productor: BUENOS AIRES<br>_Depto__Productor: Chascomus"},"styleUrl":"#icon-1899-DB4436","icon-opacity":1,"icon-color":"#db4436","icon-scale":1,"icon-offset":[32,64],"icon-offset-units":["pixels","insetPixels"],"icon":"https://www.gstatic.com/mapspro/images/stock/503-wht-blank_maps.png","descripción":"","Nº_Apiario":"B51690-6","_Cant__Colmenas":20,"_Provincia":"BUENOS AIRES","_Departamento":"Chascomus","_Latitud":-35.6001,"_Longitud":-57.5443,"_Cuit":"2.71693e+10","_Razón_Social":"BUÑIRIGO ADRIANA INES","_Prov__Productor":"BUENOS AIRES","_Depto__Productor":"Chascomus"}},{"type":"Feature","geometry":{"type":"Point","coordinates":[-57.555633,-35.605799,0]},"properties":{"description":{"@type":"html","value":"descripción: <br>Nº_Apiario: B51690-7<br>_Cant__Colmenas: 30<br>_Provincia: BUENOS AIRES<br>_Departamento: Chascomus<br>_Latitud: -35.6058<br>_Longitud: -57.5556<br>_Cuit: 2.71693e+10<br>_Razón_Social: BUÑIRIGO ADRIANA INES<br>_Prov__Productor: BUENOS AIRES<br>_Depto__Productor: Chascomus"},"styleUrl":"#icon-1899-DB4436","icon-opacity":1,"icon-color":"#db4436","icon-scale":1,"icon-offset":[32,64],"icon-offset-units":["pixels","insetPixels"],"icon":"https://www.gstatic.com/mapspro/images/stock/503-wht-blank_maps.png","descripción":"","Nº_Apiario":"B51690-7","_Cant__Colmenas":30,"_Provincia":"BUENOS AIRES","_Departamento":"Chascomus","_Latitud":-35.6058,"_Longitud":-57.5556,"_Cuit":"2.71693e+10","_Razón_Social":"BUÑIRIGO ADRIANA INES","_Prov__Productor":"BUENOS AIRES","_Depto__Productor":"Chascomus"}},{"type":"Feature","geometry":{"type":"Point","coordinates":[-57.645399,-35.642128,0]},"properties":{"description":{"@type":"html","value":"descripción: <br>Nº_Apiario: B51690-8<br>_Cant__Colmenas: 40<br>_Provincia: BUENOS AIRES<br>_Departamento: Chascomus<br>_Latitud: -35.6421<br>_Longitud: -57.6454<br>_Cuit: 2.71693e+10<br>_Razón_Social: BUÑIRIGO ADRIANA INES<br>_Prov__Productor: BUENOS AIRES<br>_Depto__Productor: Chascomus"},"styleUrl":"#icon-1899-DB4436","icon-opacity":1,"icon-color":"#db4436","icon-scale":1,"icon-offset":[32,64],"icon-offset-units":["pixels","insetPixels"],"icon":"https://www.gstatic.com/mapspro/images/stock/503-wht-blank_maps.png","descripción":"","Nº_Apiario":"B51690-8","_Cant__Colmenas":40,"_Provincia":"BUENOS AIRES","_Departamento":"Chascomus","_Latitud":-35.6421,"_Longitud":-57.6454,"_Cuit":"2.71693e+10","_Razón_Social":"BUÑIRIGO ADRIANA INES","_Prov__Productor":"BUENOS AIRES","_Depto__Productor":"Chascomus"}},{"type":"Feature","geometry":{"type":"Point","coordinates":[-57.620431,-35.670798,0]},"properties":{"description":{"@type":"html","value":"descripción: <br>Nº_Apiario: B51690-9<br>_Cant__Colmenas: 40<br>_Provincia: BUENOS AIRES<br>_Departamento: Chascomus<br>_Latitud: -35.6708<br>_Longitud: -57.6204<br>_Cuit: 2.71693e+10<br>_Razón_Social: BUÑIRIGO ADRIANA INES<br>_Prov__Productor: BUENOS AIRES<br>_Depto__Productor: Chascomus"},"styleUrl":"#icon-1899-DB4436","icon-opacity":1,"icon-color":"#db4436","icon-scale":1,"icon-offset":[32,64],"icon-offset-units":["pixels","insetPixels"],"icon":"https://www.gstatic.com/mapspro/images/stock/503-wht-blank_maps.png","descripción":"","Nº_Apiario":"B51690-9","_Cant__Colmenas":40,"_Provincia":"BUENOS AIRES","_Departamento":"Chascomus","_Latitud":-35.6708,"_Longitud":-57.6204,"_Cuit":"2.71693e+10","_Razón_Social":"BUÑIRIGO ADRIANA INES","_Prov__Productor":"BUENOS AIRES","_Depto__Productor":"Chascomus"}},{"type":"Feature","geometry":{"type":"Point","coordinates":[-57.594732,-35.654408,0]},"properties":{"description":{"@type":"html","value":"descripción: <br>Nº_Apiario: B51690-10<br>_Cant__Colmenas: 40<br>_Provincia: BUENOS AIRES<br>_Departamento: Chascomus<br>_Latitud: -35.6544<br>_Longitud: -57.5947<br>_Cuit: 2.71693e+10<br>_Razón_Social: BUÑIRIGO ADRIANA INES<br>_Prov__Productor: BUENOS AIRES<br>_Depto__Productor: Chascomus"},"styleUrl":"#icon-1899-DB4436","icon-opacity":1,"icon-color":"#db4436","icon-scale":1,"icon-offset":[32,64],"icon-offset-units":["pixels","insetPixels"],"icon":"https://www.gstatic.com/mapspro/images/stock/503-wht-blank_maps.png","descripción":"","Nº_Apiario":"B51690-10","_Cant__Colmenas":40,"_Provincia":"BUENOS AIRES","_Departamento":"Chascomus","_Latitud":-35.6544,"_Longitud":-57.5947,"_Cuit":"2.71693e+10","_Razón_Social":"BUÑIRIGO ADRIANA INES","_Prov__Productor":"BUENOS AIRES","_Depto__Productor":"Chascomus"}},{"type":"Feature","geometry":{"type":"Point","coordinates":[-57.392982,-35.727969,0]},"properties":{"description":{"@type":"html","value":"descripción: <br>Nº_Apiario: B51690-11<br>_Cant__Colmenas: 60<br>_Provincia: BUENOS AIRES<br>_Departamento: Chascomus<br>_Latitud: -35.728<br>_Longitud: -57.393<br>_Cuit: 2.71693e+10<br>_Razón_Social: BUÑIRIGO ADRIANA INES<br>_Prov__Productor: BUENOS AIRES<br>_Depto__Productor: Chascomus"},"styleUrl":"#icon-1899-DB4436","icon-opacity":1,"icon-color":"#db4436","icon-scale":1,"icon-offset":[32,64],"icon-offset-units":["pixels","insetPixels"],"icon":"https://www.gstatic.com/mapspro/images/stock/503-wht-blank_maps.png","descripción":"","Nº_Apiario":"B51690-11","_Cant__Colmenas":60,"_Provincia":"BUENOS AIRES","_Departamento":"Chascomus","_Latitud":-35.728,"_Longitud":-57.393,"_Cuit":"2.71693e+10","_Razón_Social":"BUÑIRIGO ADRIANA INES","_Prov__Productor":"BUENOS AIRES","_Depto__Productor":"Chascomus"}},{"type":"Feature","geometry":{"type":"Point","coordinates":[-57.448222,-35.749871,0]},"properties":{"description":{"@type":"html","value":"descripción: <br>Nº_Apiario: B51690-12<br>_Cant__Colmenas: 50<br>_Provincia: BUENOS AIRES<br>_Departamento: Chascomus<br>_Latitud: -35.7499<br>_Longitud: -57.4482<br>_Cuit: 2.71693e+10<br>_Razón_Social: BUÑIRIGO ADRIANA INES<br>_Prov__Productor: BUENOS AIRES<br>_Depto__Productor: Chascomus"},"styleUrl":"#icon-1899-DB4436","icon-opacity":1,"icon-color":"#db4436","icon-scale":1,"icon-offset":[32,64],"icon-offset-units":["pixels","insetPixels"],"icon":"https://www.gstatic.com/mapspro/images/stock/503-wht-blank_maps.png","descripción":"","Nº_Apiario":"B51690-12","_Cant__Colmenas":50,"_Provincia":"BUENOS AIRES","_Departamento":"Chascomus","_Latitud":-35.7499,"_Longitud":-57.4482,"_Cuit":"2.71693e+10","_Razón_Social":"BUÑIRIGO ADRIANA INES","_Prov__Productor":"BUENOS AIRES","_Depto__Productor":"Chascomus"}},{"type":"Feature","geometry":{"type":"Point","coordinates":[-57.465522,-35.740146,0]},"properties":{"description":{"@type":"html","value":"descripción: <br>Nº_Apiario: B51690-13<br>_Cant__Colmenas: 60<br>_Provincia: BUENOS AIRES<br>_Departamento: Chascomus<br>_Latitud: -35.7401<br>_Longitud: -57.4655<br>_Cuit: 2.71693e+10<br>_Razón_Social: BUÑIRIGO ADRIANA INES<br>_Prov__Productor: BUENOS AIRES<br>_Depto__Productor: Chascomus"},"styleUrl":"#icon-1899-DB4436","icon-opacity":1,"icon-color":"#db4436","icon-scale":1,"icon-offset":[32,64],"icon-offset-units":["pixels","insetPixels"],"icon":"https://www.gstatic.com/mapspro/images/stock/503-wht-blank_maps.png","descripción":"","Nº_Apiario":"B51690-13","_Cant__Colmenas":60,"_Provincia":"BUENOS AIRES","_Departamento":"Chascomus","_Latitud":-35.7401,"_Longitud":-57.4655,"_Cuit":"2.71693e+10","_Razón_Social":"BUÑIRIGO ADRIANA INES","_Prov__Productor":"BUENOS AIRES","_Depto__Productor":"Chascomus"}},{"type":"Feature","geometry":{"type":"Point","coordinates":[-57.668321,-35.676378,0]},"properties":{"description":{"@type":"html","value":"descripción: <br>Nº_Apiario: B51690-14<br>_Cant__Colmenas: 40<br>_Provincia: BUENOS AIRES<br>_Departamento: Chascomus<br>_Latitud: -35.6764<br>_Longitud: -57.6683<br>_Cuit: 2.71693e+10<br>_Razón_Social: BUÑIRIGO ADRIANA INES<br>_Prov__Productor: BUENOS AIRES<br>_Depto__Productor: Chascomus"},"styleUrl":"#icon-1899-DB4436","icon-opacity":1,"icon-color":"#db4436","icon-scale":1,"icon-offset":[32,64],"icon-offset-units":["pixels","insetPixels"],"icon":"https://www.gstatic.com/mapspro/images/stock/503-wht-blank_maps.png","descripción":"","Nº_Apiario":"B51690-14","_Cant__Colmenas":40,"_Provincia":"BUENOS AIRES","_Departamento":"Chascomus","_Latitud":-35.6764,"_Longitud":-57.6683,"_Cuit":"2.71693e+10","_Razón_Social":"BUÑIRIGO ADRIANA INES","_Prov__Productor":"BUENOS AIRES","_Depto__Productor":"Chascomus"}},{"type":"Feature","geometry":{"type":"Point","coordinates":[-57.519003,-35.524612,0]},"properties":{"description":{"@type":"html","value":"descripción: <br>Nº_Apiario: B51690-1<br>_Cant__Colmenas: 55<br>_Provincia: BUENOS AIRES<br>_Departamento: Chascomus<br>_Latitud: -35.5246<br>_Longitud: -57.519<br>_Cuit: 2.71693e+10<br>_Razón_Social: BUÑIRIGO ADRIANA INES<br>_Prov__Productor: BUENOS AIRES<br>_Depto__Productor: Chascomus"},"styleUrl":"#icon-1899-DB4436","icon-opacity":1,"icon-color":"#db4436","icon-scale":1,"icon-offset":[32,64],"icon-offset-units":["pixels","insetPixels"],"icon":"https://www.gstatic.com/mapspro/images/stock/503-wht-blank_maps.png","descripción":"","Nº_Apiario":"B51690-1","_Cant__Colmenas":55,"_Provincia":"BUENOS AIRES","_Departamento":"Chascomus","_Latitud":-35.5246,"_Longitud":-57.519,"_Cuit":"2.71693e+10","_Razón_Social":"BUÑIRIGO ADRIANA INES","_Prov__Productor":"BUENOS AIRES","_Depto__Productor":"Chascomus"}},{"type":"Feature","geometry":{"type":"Point","coordinates":[-58.349068,-35.67099,0]},"properties":{"description":{"@type":"html","value":"descripción: <br>Nº_Apiario: #17704-7<br>_Cant__Colmenas: 60<br>_Provincia: BUENOS AIRES<br>_Departamento: Chascomus<br>_Latitud: -35.671<br>_Longitud: -58.3491<br>_Cuit: 2.02378e+10<br>_Razón_Social: ROMANELLI MAURICIO ESTEBAN<br>_Prov__Productor: BUENOS AIRES<br>_Depto__Productor: Lobos"},"styleUrl":"#icon-1899-DB4436","icon-opacity":1,"icon-color":"#db4436","icon-scale":1,"icon-offset":[32,64],"icon-offset-units":["pixels","insetPixels"],"icon":"https://www.gstatic.com/mapspro/images/stock/503-wht-blank_maps.png","descripción":"","Nº_Apiario":"#17704-7","_Cant__Colmenas":60,"_Provincia":"BUENOS AIRES","_Departamento":"Chascomus","_Latitud":-35.671,"_Longitud":-58.3491,"_Cuit":"2.02378e+10","_Razón_Social":"ROMANELLI MAURICIO ESTEBAN","_Prov__Productor":"BUENOS AIRES","_Depto__Productor":"Lobos"}},{"type":"Feature","geometry":{"type":"Point","coordinates":[-58.323009,-35.688127,0]},"properties":{"description":{"@type":"html","value":"descripción: <br>Nº_Apiario: #17704-8<br>_Cant__Colmenas: 60<br>_Provincia: BUENOS AIRES<br>_Departamento: Chascomus<br>_Latitud: -35.6881<br>_Longitud: -58.323<br>_Cuit: 2.02378e+10<br>_Razón_Social: ROMANELLI MAURICIO ESTEBAN<br>_Prov__Productor: BUENOS AIRES<br>_Depto__Productor: Lobos"},"styleUrl":"#icon-1899-DB4436","icon-opacity":1,"icon-color":"#db4436","icon-scale":1,"icon-offset":[32,64],"icon-offset-units":["pixels","insetPixels"],"icon":"https://www.gstatic.com/mapspro/images/stock/503-wht-blank_maps.png","descripción":"","Nº_Apiario":"#17704-8","_Cant__Colmenas":60,"_Provincia":"BUENOS AIRES","_Departamento":"Chascomus","_Latitud":-35.6881,"_Longitud":-58.323,"_Cuit":"2.02378e+10","_Razón_Social":"ROMANELLI MAURICIO ESTEBAN","_Prov__Productor":"BUENOS AIRES","_Depto__Productor":"Lobos"}},{"type":"Feature","geometry":{"type":"Point","coordinates":[-57.706442,-35.694743,0]},"properties":{"description":{"@type":"html","value":"descripción: <br>Nº_Apiario: B18079-1<br>_Cant__Colmenas: 40<br>_Provincia: BUENOS AIRES<br>_Departamento: Chascomus<br>_Latitud: -35.6947<br>_Longitud: -57.7064<br>_Cuit: 2.03169e+10<br>_Razón_Social: ASSIRIO PABLO JESUS<br>_Prov__Productor: BUENOS AIRES<br>_Depto__Productor: Chascomus"},"styleUrl":"#icon-1899-DB4436","icon-opacity":1,"icon-color":"#db4436","icon-scale":1,"icon-offset":[32,64],"icon-offset-units":["pixels","insetPixels"],"icon":"https://www.gstatic.com/mapspro/images/stock/503-wht-blank_maps.png","descripción":"","Nº_Apiario":"B18079-1","_Cant__Colmenas":40,"_Provincia":"BUENOS AIRES","_Departamento":"Chascomus","_Latitud":-35.6947,"_Longitud":-57.7064,"_Cuit":"2.03169e+10","_Razón_Social":"ASSIRIO PABLO JESUS","_Prov__Productor":"BUENOS AIRES","_Depto__Productor":"Chascomus"}},{"type":"Feature","geometry":{"type":"Point","coordinates":[-58.137453,-35.564277,0]},"properties":{"description":{"@type":"html","value":"descripción: <br>Nº_Apiario: B18079-3<br>_Cant__Colmenas: 40<br>_Provincia: BUENOS AIRES<br>_Departamento: Chascomus<br>_Latitud: -35.5643<br>_Longitud: -58.1375<br>_Cuit: 2.03169e+10<br>_Razón_Social: ASSIRIO PABLO JESUS<br>_Prov__Productor: BUENOS AIRES<br>_Depto__Productor: Chascomus"},"styleUrl":"#icon-1899-DB4436","icon-opacity":1,"icon-color":"#db4436","icon-scale":1,"icon-offset":[32,64],"icon-offset-units":["pixels","insetPixels"],"icon":"https://www.gstatic.com/mapspro/images/stock/503-wht-blank_maps.png","descripción":"","Nº_Apiario":"B18079-3","_Cant__Colmenas":40,"_Provincia":"BUENOS AIRES","_Departamento":"Chascomus","_Latitud":-35.5643,"_Longitud":-58.1375,"_Cuit":"2.03169e+10","_Razón_Social":"ASSIRIO PABLO JESUS","_Prov__Productor":"BUENOS AIRES","_Depto__Productor":"Chascomus"}},{"type":"Feature","geometry":{"type":"Point","coordinates":[-58.140087,-35.575831,0]},"properties":{"description":{"@type":"html","value":"descripción: <br>Nº_Apiario: B18079-4<br>_Cant__Colmenas: 40<br>_Provincia: BUENOS AIRES<br>_Departamento: Chascomus<br>_Latitud: -35.5758<br>_Longitud: -58.1401<br>_Cuit: 2.03169e+10<br>_Razón_Social: ASSIRIO PABLO JESUS<br>_Prov__Productor: BUENOS AIRES<br>_Depto__Productor: Chascomus"},"styleUrl":"#icon-1899-DB4436","icon-opacity":1,"icon-color":"#db4436","icon-scale":1,"icon-offset":[32,64],"icon-offset-units":["pixels","insetPixels"],"icon":"https://www.gstatic.com/mapspro/images/stock/503-wht-blank_maps.png","descripción":"","Nº_Apiario":"B18079-4","_Cant__Colmenas":40,"_Provincia":"BUENOS AIRES","_Departamento":"Chascomus","_Latitud":-35.5758,"_Longitud":-58.1401,"_Cuit":"2.03169e+10","_Razón_Social":"ASSIRIO PABLO JESUS","_Prov__Productor":"BUENOS AIRES","_Depto__Productor":"Chascomus"}},{"type":"Feature","geometry":{"type":"Point","coordinates":[-58.045842,-35.629081,0]},"properties":{"description":{"@type":"html","value":"descripción: <br>Nº_Apiario: B18079-5<br>_Cant__Colmenas: 40<br>_Provincia: BUENOS AIRES<br>_Departamento: Chascomus<br>_Latitud: -35.6291<br>_Longitud: -58.0458<br>_Cuit: 2.03169e+10<br>_Razón_Social: ASSIRIO PABLO JESUS<br>_Prov__Productor: BUENOS AIRES<br>_Depto__Productor: Chascomus"},"styleUrl":"#icon-1899-DB4436","icon-opacity":1,"icon-color":"#db4436","icon-scale":1,"icon-offset":[32,64],"icon-offset-units":["pixels","insetPixels"],"icon":"https://www.gstatic.com/mapspro/images/stock/503-wht-blank_maps.png","descripción":"","Nº_Apiario":"B18079-5","_Cant__Colmenas":40,"_Provincia":"BUENOS AIRES","_Departamento":"Chascomus","_Latitud":-35.6291,"_Longitud":-58.0458,"_Cuit":"2.03169e+10","_Razón_Social":"ASSIRIO PABLO JESUS","_Prov__Productor":"BUENOS AIRES","_Depto__Productor":"Chascomus"}},{"type":"Feature","geometry":{"type":"Point","coordinates":[-58.052379,-35.689745,0]},"properties":{"description":{"@type":"html","value":"descripción: <br>Nº_Apiario: B18079-6<br>_Cant__Colmenas: 40<br>_Provincia: BUENOS AIRES<br>_Departamento: Chascomus<br>_Latitud: -35.6897<br>_Longitud: -58.0524<br>_Cuit: 2.03169e+10<br>_Razón_Social: ASSIRIO PABLO JESUS<br>_Prov__Productor: BUENOS AIRES<br>_Depto__Productor: Chascomus"},"styleUrl":"#icon-1899-DB4436","icon-opacity":1,"icon-color":"#db4436","icon-scale":1,"icon-offset":[32,64],"icon-offset-units":["pixels","insetPixels"],"icon":"https://www.gstatic.com/mapspro/images/stock/503-wht-blank_maps.png","descripción":"","Nº_Apiario":"B18079-6","_Cant__Colmenas":40,"_Provincia":"BUENOS AIRES","_Departamento":"Chascomus","_Latitud":-35.6897,"_Longitud":-58.0524,"_Cuit":"2.03169e+10","_Razón_Social":"ASSIRIO PABLO JESUS","_Prov__Productor":"BUENOS AIRES","_Depto__Productor":"Chascomus"}},{"type":"Feature","geometry":{"type":"Point","coordinates":[-58.067473,-35.670286,0]},"properties":{"description":{"@type":"html","value":"descripción: <br>Nº_Apiario: B18079-7<br>_Cant__Colmenas: 40<br>_Provincia: BUENOS AIRES<br>_Departamento: Chascomus<br>_Latitud: -35.6703<br>_Longitud: -58.0675<br>_Cuit: 2.03169e+10<br>_Razón_Social: ASSIRIO PABLO JESUS<br>_Prov__Productor: BUENOS AIRES<br>_Depto__Productor: Chascomus"},"styleUrl":"#icon-1899-DB4436","icon-opacity":1,"icon-color":"#db4436","icon-scale":1,"icon-offset":[32,64],"icon-offset-units":["pixels","insetPixels"],"icon":"https://www.gstatic.com/mapspro/images/stock/503-wht-blank_maps.png","descripción":"","Nº_Apiario":"B18079-7","_Cant__Colmenas":40,"_Provincia":"BUENOS AIRES","_Departamento":"Chascomus","_Latitud":-35.6703,"_Longitud":-58.0675,"_Cuit":"2.03169e+10","_Razón_Social":"ASSIRIO PABLO JESUS","_Prov__Productor":"BUENOS AIRES","_Depto__Productor":"Chascomus"}},{"type":"Feature","geometry":{"type":"Point","coordinates":[-58.082704,-35.666413,0]},"properties":{"description":{"@type":"html","value":"descripción: <br>Nº_Apiario: B18079-8<br>_Cant__Colmenas: 40<br>_Provincia: BUENOS AIRES<br>_Departamento: Chascomus<br>_Latitud: -35.6664<br>_Longitud: -58.0827<br>_Cuit: 2.03169e+10<br>_Razón_Social: ASSIRIO PABLO JESUS<br>_Prov__Productor: BUENOS AIRES<br>_Depto__Productor: Chascomus"},"styleUrl":"#icon-1899-DB4436","icon-opacity":1,"icon-color":"#db4436","icon-scale":1,"icon-offset":[32,64],"icon-offset-units":["pixels","insetPixels"],"icon":"https://www.gstatic.com/mapspro/images/stock/503-wht-blank_maps.png","descripción":"","Nº_Apiario":"B18079-8","_Cant__Colmenas":40,"_Provincia":"BUENOS AIRES","_Departamento":"Chascomus","_Latitud":-35.6664,"_Longitud":-58.0827,"_Cuit":"2.03169e+10","_Razón_Social":"ASSIRIO PABLO JESUS","_Prov__Productor":"BUENOS AIRES","_Depto__Productor":"Chascomus"}},{"type":"Feature","geometry":{"type":"Point","coordinates":[-58.078979,-35.737109,0]},"properties":{"description":{"@type":"html","value":"descripción: <br>Nº_Apiario: B18079-9<br>_Cant__Colmenas: 30<br>_Provincia: BUENOS AIRES<br>_Departamento: Chascomus<br>_Latitud: -35.7371<br>_Longitud: -58.079<br>_Cuit: 2.03169e+10<br>_Razón_Social: ASSIRIO PABLO JESUS<br>_Prov__Productor: BUENOS AIRES<br>_Depto__Productor: Chascomus"},"styleUrl":"#icon-1899-DB4436","icon-opacity":1,"icon-color":"#db4436","icon-scale":1,"icon-offset":[32,64],"icon-offset-units":["pixels","insetPixels"],"icon":"https://www.gstatic.com/mapspro/images/stock/503-wht-blank_maps.png","descripción":"","Nº_Apiario":"B18079-9","_Cant__Colmenas":30,"_Provincia":"BUENOS AIRES","_Departamento":"Chascomus","_Latitud":-35.7371,"_Longitud":-58.079,"_Cuit":"2.03169e+10","_Razón_Social":"ASSIRIO PABLO JESUS","_Prov__Productor":"BUENOS AIRES","_Depto__Productor":"Chascomus"}},{"type":"Feature","geometry":{"type":"Point","coordinates":[-58.215798,-35.550079,0]},"properties":{"description":{"@type":"html","value":"descripción: <br>Nº_Apiario: B18079-13<br>_Cant__Colmenas: 30<br>_Provincia: BUENOS AIRES<br>_Departamento: Chascomus<br>_Latitud: -35.5501<br>_Longitud: -58.2158<br>_Cuit: 2.03169e+10<br>_Razón_Social: ASSIRIO PABLO JESUS<br>_Prov__Productor: BUENOS AIRES<br>_Depto__Productor: Chascomus"},"styleUrl":"#icon-1899-DB4436","icon-opacity":1,"icon-color":"#db4436","icon-scale":1,"icon-offset":[32,64],"icon-offset-units":["pixels","insetPixels"],"icon":"https://www.gstatic.com/mapspro/images/stock/503-wht-blank_maps.png","descripción":"","Nº_Apiario":"B18079-13","_Cant__Colmenas":30,"_Provincia":"BUENOS AIRES","_Departamento":"Chascomus","_Latitud":-35.5501,"_Longitud":-58.2158,"_Cuit":"2.03169e+10","_Razón_Social":"ASSIRIO PABLO JESUS","_Prov__Productor":"BUENOS AIRES","_Depto__Productor":"Chascomus"}},{"type":"Feature","geometry":{"type":"Point","coordinates":[-57.651235,-35.625856,0]},"properties":{"description":{"@type":"html","value":"descripción: <br>Nº_Apiario: B18079-17<br>_Cant__Colmenas: 40<br>_Provincia: BUENOS AIRES<br>_Departamento: Chascomus<br>_Latitud: -35.6259<br>_Longitud: -57.6512<br>_Cuit: 2.03169e+10<br>_Razón_Social: ASSIRIO PABLO JESUS<br>_Prov__Productor: BUENOS AIRES<br>_Depto__Productor: Chascomus"},"styleUrl":"#icon-1899-DB4436","icon-opacity":1,"icon-color":"#db4436","icon-scale":1,"icon-offset":[32,64],"icon-offset-units":["pixels","insetPixels"],"icon":"https://www.gstatic.com/mapspro/images/stock/503-wht-blank_maps.png","descripción":"","Nº_Apiario":"B18079-17","_Cant__Colmenas":40,"_Provincia":"BUENOS AIRES","_Departamento":"Chascomus","_Latitud":-35.6259,"_Longitud":-57.6512,"_Cuit":"2.03169e+10","_Razón_Social":"ASSIRIO PABLO JESUS","_Prov__Productor":"BUENOS AIRES","_Depto__Productor":"Chascomus"}},{"type":"Feature","geometry":{"type":"Point","coordinates":[-58.378152,-35.827269,0]},"properties":{"description":{"@type":"html","value":"descripción: <br>Nº_Apiario: #31-1<br>_Cant__Colmenas: 100<br>_Provincia: BUENOS AIRES<br>_Departamento: Chascomus<br>_Latitud: -35.8273<br>_Longitud: -58.3782<br>_Cuit: 2.09321e+10<br>_Razón_Social: HENRIQUES GOMES AURELIO<br>_Prov__Productor: BUENOS AIRES<br>_Depto__Productor: General Belgrano"},"styleUrl":"#icon-1899-DB4436","icon-opacity":1,"icon-color":"#db4436","icon-scale":1,"icon-offset":[32,64],"icon-offset-units":["pixels","insetPixels"],"icon":"https://www.gstatic.com/mapspro/images/stock/503-wht-blank_maps.png","descripción":"","Nº_Apiario":"#31-1","_Cant__Colmenas":100,"_Provincia":"BUENOS AIRES","_Departamento":"Chascomus","_Latitud":-35.8273,"_Longitud":-58.3782,"_Cuit":"2.09321e+10","_Razón_Social":"HENRIQUES GOMES AURELIO","_Prov__Productor":"BUENOS AIRES","_Depto__Productor":"General Belgrano"}},{"type":"Feature","geometry":{"type":"Point","coordinates":[-57.874005,-35.623031,0]},"properties":{"description":{"@type":"html","value":"descripción: <br>Nº_Apiario: B18551-9<br>_Cant__Colmenas: 52<br>_Provincia: BUENOS AIRES<br>_Departamento: Chascomus<br>_Latitud: -35.623<br>_Longitud: -57.874<br>_Cuit: 2.02482e+10<br>_Razón_Social: SALAYETA ALBERTO CONRADO<br>_Prov__Productor: BUENOS AIRES<br>_Depto__Productor: General Belgrano"},"styleUrl":"#icon-1899-DB4436","icon-opacity":1,"icon-color":"#db4436","icon-scale":1,"icon-offset":[32,64],"icon-offset-units":["pixels","insetPixels"],"icon":"https://www.gstatic.com/mapspro/images/stock/503-wht-blank_maps.png","descripción":"","Nº_Apiario":"B18551-9","_Cant__Colmenas":52,"_Provincia":"BUENOS AIRES","_Departamento":"Chascomus","_Latitud":-35.623,"_Longitud":-57.874,"_Cuit":"2.02482e+10","_Razón_Social":"SALAYETA ALBERTO CONRADO","_Prov__Productor":"BUENOS AIRES","_Depto__Productor":"General Belgrano"}},{"type":"Feature","geometry":{"type":"Point","coordinates":[-57.953014,-35.6926,0]},"properties":{"description":{"@type":"html","value":"descripción: <br>Nº_Apiario: B4901-3<br>_Cant__Colmenas: 21<br>_Provincia: BUENOS AIRES<br>_Departamento: Chascomus<br>_Latitud: -35.6926<br>_Longitud: -57.953<br>_Cuit: 2.01291e+10<br>_Razón_Social: NAGODE CARLOS MARTIN<br>_Prov__Productor: BUENOS AIRES<br>_Depto__Productor: Chascomus"},"styleUrl":"#icon-1899-DB4436","icon-opacity":1,"icon-color":"#db4436","icon-scale":1,"icon-offset":[32,64],"icon-offset-units":["pixels","insetPixels"],"icon":"https://www.gstatic.com/mapspro/images/stock/503-wht-blank_maps.png","descripción":"","Nº_Apiario":"B4901-3","_Cant__Colmenas":21,"_Provincia":"BUENOS AIRES","_Departamento":"Chascomus","_Latitud":-35.6926,"_Longitud":-57.953,"_Cuit":"2.01291e+10","_Razón_Social":"NAGODE CARLOS MARTIN","_Prov__Productor":"BUENOS AIRES","_Depto__Productor":"Chascomus"}},{"type":"Feature","geometry":{"type":"Point","coordinates":[-58.0784,-35.7538,0]},"properties":{"description":{"@type":"html","value":"descripción: <br>Nº_Apiario: B4901-4<br>_Cant__Colmenas: 15<br>_Provincia: BUENOS AIRES<br>_Departamento: Chascomus<br>_Latitud: -35.7538<br>_Longitud: -58.0784<br>_Cuit: 2.01291e+10<br>_Razón_Social: NAGODE CARLOS MARTIN<br>_Prov__Productor: BUENOS AIRES<br>_Depto__Productor: Chascomus"},"styleUrl":"#icon-1899-DB4436","icon-opacity":1,"icon-color":"#db4436","icon-scale":1,"icon-offset":[32,64],"icon-offset-units":["pixels","insetPixels"],"icon":"https://www.gstatic.com/mapspro/images/stock/503-wht-blank_maps.png","descripción":"","Nº_Apiario":"B4901-4","_Cant__Colmenas":15,"_Provincia":"BUENOS AIRES","_Departamento":"Chascomus","_Latitud":-35.7538,"_Longitud":-58.0784,"_Cuit":"2.01291e+10","_Razón_Social":"NAGODE CARLOS MARTIN","_Prov__Productor":"BUENOS AIRES","_Depto__Productor":"Chascomus"}},{"type":"Feature","geometry":{"type":"Point","coordinates":[-57.6058,-35.4832,0]},"properties":{"description":{"@type":"html","value":"descripción: <br>Nº_Apiario: B4901-5<br>_Cant__Colmenas: 22<br>_Provincia: BUENOS AIRES<br>_Departamento: Chascomus<br>_Latitud: -35.4832<br>_Longitud: -57.6058<br>_Cuit: 2.01291e+10<br>_Razón_Social: NAGODE CARLOS MARTIN<br>_Prov__Productor: BUENOS AIRES<br>_Depto__Productor: Chascomus"},"styleUrl":"#icon-1899-DB4436","icon-opacity":1,"icon-color":"#db4436","icon-scale":1,"icon-offset":[32,64],"icon-offset-units":["pixels","insetPixels"],"icon":"https://www.gstatic.com/mapspro/images/stock/503-wht-blank_maps.png","descripción":"","Nº_Apiario":"B4901-5","_Cant__Colmenas":22,"_Provincia":"BUENOS AIRES","_Departamento":"Chascomus","_Latitud":-35.4832,"_Longitud":-57.6058,"_Cuit":"2.01291e+10","_Razón_Social":"NAGODE CARLOS MARTIN","_Prov__Productor":"BUENOS AIRES","_Depto__Productor":"Chascomus"}},{"type":"Feature","geometry":{"type":"Point","coordinates":[-57.7223,-35.6416,0]},"properties":{"description":{"@type":"html","value":"descripción: <br>Nº_Apiario: B4901-1<br>_Cant__Colmenas: 18<br>_Provincia: BUENOS AIRES<br>_Departamento: Chascomus<br>_Latitud: -35.6416<br>_Longitud: -57.7223<br>_Cuit: 2.01291e+10<br>_Razón_Social: NAGODE CARLOS MARTIN<br>_Prov__Productor: BUENOS AIRES<br>_Depto__Productor: Chascomus"},"styleUrl":"#icon-1899-DB4436","icon-opacity":1,"icon-color":"#db4436","icon-scale":1,"icon-offset":[32,64],"icon-offset-units":["pixels","insetPixels"],"icon":"https://www.gstatic.com/mapspro/images/stock/503-wht-blank_maps.png","descripción":"","Nº_Apiario":"B4901-1","_Cant__Colmenas":18,"_Provincia":"BUENOS AIRES","_Departamento":"Chascomus","_Latitud":-35.6416,"_Longitud":-57.7223,"_Cuit":"2.01291e+10","_Razón_Social":"NAGODE CARLOS MARTIN","_Prov__Productor":"BUENOS AIRES","_Depto__Productor":"Chascomus"}},{"type":"Feature","geometry":{"type":"Point","coordinates":[-57.405345,-35.722266,0]},"properties":{"description":{"@type":"html","value":"descripción: <br>Nº_Apiario: B4933-36<br>_Cant__Colmenas: 63<br>_Provincia: BUENOS AIRES<br>_Departamento: Chascomus<br>_Latitud: -35.7223<br>_Longitud: -57.4053<br>_Cuit: 2.02509e+10<br>_Razón_Social: MARGUELICH MARCELO GUSTAVO<br>_Prov__Productor: BUENOS AIRES<br>_Depto__Productor: Punta Indio"},"styleUrl":"#icon-1899-DB4436","icon-opacity":1,"icon-color":"#db4436","icon-scale":1,"icon-offset":[32,64],"icon-offset-units":["pixels","insetPixels"],"icon":"https://www.gstatic.com/mapspro/images/stock/503-wht-blank_maps.png","descripción":"","Nº_Apiario":"B4933-36","_Cant__Colmenas":63,"_Provincia":"BUENOS AIRES","_Departamento":"Chascomus","_Latitud":-35.7223,"_Longitud":-57.4053,"_Cuit":"2.02509e+10","_Razón_Social":"MARGUELICH MARCELO GUSTAVO","_Prov__Productor":"BUENOS AIRES","_Depto__Productor":"Punta Indio"}},{"type":"Feature","geometry":{"type":"Point","coordinates":[-57.674424,-35.732927,0]},"properties":{"description":{"@type":"html","value":"descripción: <br>Nº_Apiario: B4933-37<br>_Cant__Colmenas: 88<br>_Provincia: BUENOS AIRES<br>_Departamento: Chascomus<br>_Latitud: -35.7329<br>_Longitud: -57.6744<br>_Cuit: 2.02509e+10<br>_Razón_Social: MARGUELICH MARCELO GUSTAVO<br>_Prov__Productor: BUENOS AIRES<br>_Depto__Productor: Punta Indio"},"styleUrl":"#icon-1899-DB4436","icon-opacity":1,"icon-color":"#db4436","icon-scale":1,"icon-offset":[32,64],"icon-offset-units":["pixels","insetPixels"],"icon":"https://www.gstatic.com/mapspro/images/stock/503-wht-blank_maps.png","descripción":"","Nº_Apiario":"B4933-37","_Cant__Colmenas":88,"_Provincia":"BUENOS AIRES","_Departamento":"Chascomus","_Latitud":-35.7329,"_Longitud":-57.6744,"_Cuit":"2.02509e+10","_Razón_Social":"MARGUELICH MARCELO GUSTAVO","_Prov__Productor":"BUENOS AIRES","_Depto__Productor":"Punta Indio"}},{"type":"Feature","geometry":{"type":"Point","coordinates":[-57.638332,-35.666919,0]},"properties":{"description":{"@type":"html","value":"descripción: <br>Nº_Apiario: B53024-1<br>_Cant__Colmenas: 38<br>_Provincia: BUENOS AIRES<br>_Departamento: Chascomus<br>_Latitud: -35.6669<br>_Longitud: -57.6383<br>_Cuit: 2.02853e+10<br>_Razón_Social: HAEDO JUAN JOSE<br>_Prov__Productor: BUENOS AIRES<br>_Depto__Productor: Chascomus"},"styleUrl":"#icon-1899-DB4436","icon-opacity":1,"icon-color":"#db4436","icon-scale":1,"icon-offset":[32,64],"icon-offset-units":["pixels","insetPixels"],"icon":"https://www.gstatic.com/mapspro/images/stock/503-wht-blank_maps.png","descripción":"","Nº_Apiario":"B53024-1","_Cant__Colmenas":38,"_Provincia":"BUENOS AIRES","_Departamento":"Chascomus","_Latitud":-35.6669,"_Longitud":-57.6383,"_Cuit":"2.02853e+10","_Razón_Social":"HAEDO JUAN JOSE","_Prov__Productor":"BUENOS AIRES","_Depto__Productor":"Chascomus"}},{"type":"Feature","geometry":{"type":"Point","coordinates":[-57.640178,-35.675108,0]},"properties":{"description":{"@type":"html","value":"descripción: <br>Nº_Apiario: B53024-2<br>_Cant__Colmenas: 38<br>_Provincia: BUENOS AIRES<br>_Departamento: Chascomus<br>_Latitud: -35.6751<br>_Longitud: -57.6402<br>_Cuit: 2.02853e+10<br>_Razón_Social: HAEDO JUAN JOSE<br>_Prov__Productor: BUENOS AIRES<br>_Depto__Productor: Chascomus"},"styleUrl":"#icon-1899-DB4436","icon-opacity":1,"icon-color":"#db4436","icon-scale":1,"icon-offset":[32,64],"icon-offset-units":["pixels","insetPixels"],"icon":"https://www.gstatic.com/mapspro/images/stock/503-wht-blank_maps.png","descripción":"","Nº_Apiario":"B53024-2","_Cant__Colmenas":38,"_Provincia":"BUENOS AIRES","_Departamento":"Chascomus","_Latitud":-35.6751,"_Longitud":-57.6402,"_Cuit":"2.02853e+10","_Razón_Social":"HAEDO JUAN JOSE","_Prov__Productor":"BUENOS AIRES","_Depto__Productor":"Chascomus"}},{"type":"Feature","geometry":{"type":"Point","coordinates":[-58.183168,-35.629783,0]},"properties":{"description":{"@type":"html","value":"descripción: <br>Nº_Apiario: B53104-5<br>_Cant__Colmenas: 30<br>_Provincia: BUENOS AIRES<br>_Departamento: Chascomus<br>_Latitud: -35.6298<br>_Longitud: -58.1832<br>_Cuit: 2.73013e+10<br>_Razón_Social: PIÑERO ANABELA FERNANDA<br>_Prov__Productor: BUENOS AIRES<br>_Depto__Productor: Chascomus"},"styleUrl":"#icon-1899-DB4436","icon-opacity":1,"icon-color":"#db4436","icon-scale":1,"icon-offset":[32,64],"icon-offset-units":["pixels","insetPixels"],"icon":"https://www.gstatic.com/mapspro/images/stock/503-wht-blank_maps.png","descripción":"","Nº_Apiario":"B53104-5","_Cant__Colmenas":30,"_Provincia":"BUENOS AIRES","_Departamento":"Chascomus","_Latitud":-35.6298,"_Longitud":-58.1832,"_Cuit":"2.73013e+10","_Razón_Social":"PIÑERO ANABELA FERNANDA","_Prov__Productor":"BUENOS AIRES","_Depto__Productor":"Chascomus"}},{"type":"Feature","geometry":{"type":"Point","coordinates":[-57.996541,-35.372698,0]},"properties":{"description":{"@type":"html","value":"descripción: <br>Nº_Apiario: B53104-6<br>_Cant__Colmenas: 31<br>_Provincia: BUENOS AIRES<br>_Departamento: Chascomus<br>_Latitud: -35.3727<br>_Longitud: -57.9965<br>_Cuit: 2.73013e+10<br>_Razón_Social: PIÑERO ANABELA FERNANDA<br>_Prov__Productor: BUENOS AIRES<br>_Depto__Productor: Chascomus"},"styleUrl":"#icon-1899-DB4436","icon-opacity":1,"icon-color":"#db4436","icon-scale":1,"icon-offset":[32,64],"icon-offset-units":["pixels","insetPixels"],"icon":"https://www.gstatic.com/mapspro/images/stock/503-wht-blank_maps.png","descripción":"","Nº_Apiario":"B53104-6","_Cant__Colmenas":31,"_Provincia":"BUENOS AIRES","_Departamento":"Chascomus","_Latitud":-35.3727,"_Longitud":-57.9965,"_Cuit":"2.73013e+10","_Razón_Social":"PIÑERO ANABELA FERNANDA","_Prov__Productor":"BUENOS AIRES","_Depto__Productor":"Chascomus"}},{"type":"Feature","geometry":{"type":"Point","coordinates":[-58.122199,-35.780358,0]},"properties":{"description":{"@type":"html","value":"descripción: <br>Nº_Apiario: B18203-1<br>_Cant__Colmenas: 25<br>_Provincia: BUENOS AIRES<br>_Departamento: Chascomus<br>_Latitud: -35.7804<br>_Longitud: -58.1222<br>_Cuit: 2.03184e+10<br>_Razón_Social: FORTI ESTEBAN SEBASTIAN<br>_Prov__Productor: BUENOS AIRES<br>_Depto__Productor: Chascomus"},"styleUrl":"#icon-1899-DB4436","icon-opacity":1,"icon-color":"#db4436","icon-scale":1,"icon-offset":[32,64],"icon-offset-units":["pixels","insetPixels"],"icon":"https://www.gstatic.com/mapspro/images/stock/503-wht-blank_maps.png","descripción":"","Nº_Apiario":"B18203-1","_Cant__Colmenas":25,"_Provincia":"BUENOS AIRES","_Departamento":"Chascomus","_Latitud":-35.7804,"_Longitud":-58.1222,"_Cuit":"2.03184e+10","_Razón_Social":"FORTI ESTEBAN SEBASTIAN","_Prov__Productor":"BUENOS AIRES","_Depto__Productor":"Chascomus"}},{"type":"Feature","geometry":{"type":"Point","coordinates":[-57.788043,-35.69529,0]},"properties":{"description":{"@type":"html","value":"descripción: <br>Nº_Apiario: B18203-2<br>_Cant__Colmenas: 25<br>_Provincia: BUENOS AIRES<br>_Departamento: Chascomus<br>_Latitud: -35.6953<br>_Longitud: -57.788<br>_Cuit: 2.03184e+10<br>_Razón_Social: FORTI ESTEBAN SEBASTIAN<br>_Prov__Productor: BUENOS AIRES<br>_Depto__Productor: Chascomus"},"styleUrl":"#icon-1899-DB4436","icon-opacity":1,"icon-color":"#db4436","icon-scale":1,"icon-offset":[32,64],"icon-offset-units":["pixels","insetPixels"],"icon":"https://www.gstatic.com/mapspro/images/stock/503-wht-blank_maps.png","descripción":"","Nº_Apiario":"B18203-2","_Cant__Colmenas":25,"_Provincia":"BUENOS AIRES","_Departamento":"Chascomus","_Latitud":-35.6953,"_Longitud":-57.788,"_Cuit":"2.03184e+10","_Razón_Social":"FORTI ESTEBAN SEBASTIAN","_Prov__Productor":"BUENOS AIRES","_Depto__Productor":"Chascomus"}},{"type":"Feature","geometry":{"type":"Point","coordinates":[-57.565524,-35.786542,0]},"properties":{"description":{"@type":"html","value":"descripción: <br>Nº_Apiario: B18203-3<br>_Cant__Colmenas: 35<br>_Provincia: BUENOS AIRES<br>_Departamento: Chascomus<br>_Latitud: -35.7865<br>_Longitud: -57.5655<br>_Cuit: 2.03184e+10<br>_Razón_Social: FORTI ESTEBAN SEBASTIAN<br>_Prov__Productor: BUENOS AIRES<br>_Depto__Productor: Chascomus"},"styleUrl":"#icon-1899-DB4436","icon-opacity":1,"icon-color":"#db4436","icon-scale":1,"icon-offset":[32,64],"icon-offset-units":["pixels","insetPixels"],"icon":"https://www.gstatic.com/mapspro/images/stock/503-wht-blank_maps.png","descripción":"","Nº_Apiario":"B18203-3","_Cant__Colmenas":35,"_Provincia":"BUENOS AIRES","_Departamento":"Chascomus","_Latitud":-35.7865,"_Longitud":-57.5655,"_Cuit":"2.03184e+10","_Razón_Social":"FORTI ESTEBAN SEBASTIAN","_Prov__Productor":"BUENOS AIRES","_Depto__Productor":"Chascomus"}},{"type":"Feature","geometry":{"type":"Point","coordinates":[-57.720716,-35.731943,0]},"properties":{"description":{"@type":"html","value":"descripción: <br>Nº_Apiario: B18203-4<br>_Cant__Colmenas: 28<br>_Provincia: BUENOS AIRES<br>_Departamento: Chascomus<br>_Latitud: -35.7319<br>_Longitud: -57.7207<br>_Cuit: 2.03184e+10<br>_Razón_Social: FORTI ESTEBAN SEBASTIAN<br>_Prov__Productor: BUENOS AIRES<br>_Depto__Productor: Chascomus"},"styleUrl":"#icon-1899-DB4436","icon-opacity":1,"icon-color":"#db4436","icon-scale":1,"icon-offset":[32,64],"icon-offset-units":["pixels","insetPixels"],"icon":"https://www.gstatic.com/mapspro/images/stock/503-wht-blank_maps.png","descripción":"","Nº_Apiario":"B18203-4","_Cant__Colmenas":28,"_Provincia":"BUENOS AIRES","_Departamento":"Chascomus","_Latitud":-35.7319,"_Longitud":-57.7207,"_Cuit":"2.03184e+10","_Razón_Social":"FORTI ESTEBAN SEBASTIAN","_Prov__Productor":"BUENOS AIRES","_Depto__Productor":"Chascomus"}},{"type":"Feature","geometry":{"type":"Point","coordinates":[-57.777917,-35.662443,0]},"properties":{"description":{"@type":"html","value":"descripción: <br>Nº_Apiario: B18203-5<br>_Cant__Colmenas: 20<br>_Provincia: BUENOS AIRES<br>_Departamento: Chascomus<br>_Latitud: -35.6624<br>_Longitud: -57.7779<br>_Cuit: 2.03184e+10<br>_Razón_Social: FORTI ESTEBAN SEBASTIAN<br>_Prov__Productor: BUENOS AIRES<br>_Depto__Productor: Chascomus"},"styleUrl":"#icon-1899-DB4436","icon-opacity":1,"icon-color":"#db4436","icon-scale":1,"icon-offset":[32,64],"icon-offset-units":["pixels","insetPixels"],"icon":"https://www.gstatic.com/mapspro/images/stock/503-wht-blank_maps.png","descripción":"","Nº_Apiario":"B18203-5","_Cant__Colmenas":20,"_Provincia":"BUENOS AIRES","_Departamento":"Chascomus","_Latitud":-35.6624,"_Longitud":-57.7779,"_Cuit":"2.03184e+10","_Razón_Social":"FORTI ESTEBAN SEBASTIAN","_Prov__Productor":"BUENOS AIRES","_Depto__Productor":"Chascomus"}},{"type":"Feature","geometry":{"type":"Point","coordinates":[-57.816332,-35.697031,0]},"properties":{"description":{"@type":"html","value":"descripción: <br>Nº_Apiario: B18203-6<br>_Cant__Colmenas: 17<br>_Provincia: BUENOS AIRES<br>_Departamento: Chascomus<br>_Latitud: -35.697<br>_Longitud: -57.8163<br>_Cuit: 2.03184e+10<br>_Razón_Social: FORTI ESTEBAN SEBASTIAN<br>_Prov__Productor: BUENOS AIRES<br>_Depto__Productor: Chascomus"},"styleUrl":"#icon-1899-DB4436","icon-opacity":1,"icon-color":"#db4436","icon-scale":1,"icon-offset":[32,64],"icon-offset-units":["pixels","insetPixels"],"icon":"https://www.gstatic.com/mapspro/images/stock/503-wht-blank_maps.png","descripción":"","Nº_Apiario":"B18203-6","_Cant__Colmenas":17,"_Provincia":"BUENOS AIRES","_Departamento":"Chascomus","_Latitud":-35.697,"_Longitud":-57.8163,"_Cuit":"2.03184e+10","_Razón_Social":"FORTI ESTEBAN SEBASTIAN","_Prov__Productor":"BUENOS AIRES","_Depto__Productor":"Chascomus"}},{"type":"Feature","geometry":{"type":"Point","coordinates":[-57.715148,-35.616122,0]},"properties":{"description":{"@type":"html","value":"descripción: <br>Nº_Apiario: B18203-7<br>_Cant__Colmenas: 28<br>_Provincia: BUENOS AIRES<br>_Departamento: Chascomus<br>_Latitud: -35.6161<br>_Longitud: -57.7151<br>_Cuit: 2.03184e+10<br>_Razón_Social: FORTI ESTEBAN SEBASTIAN<br>_Prov__Productor: BUENOS AIRES<br>_Depto__Productor: Chascomus"},"styleUrl":"#icon-1899-DB4436","icon-opacity":1,"icon-color":"#db4436","icon-scale":1,"icon-offset":[32,64],"icon-offset-units":["pixels","insetPixels"],"icon":"https://www.gstatic.com/mapspro/images/stock/503-wht-blank_maps.png","descripción":"","Nº_Apiario":"B18203-7","_Cant__Colmenas":28,"_Provincia":"BUENOS AIRES","_Departamento":"Chascomus","_Latitud":-35.6161,"_Longitud":-57.7151,"_Cuit":"2.03184e+10","_Razón_Social":"FORTI ESTEBAN SEBASTIAN","_Prov__Productor":"BUENOS AIRES","_Depto__Productor":"Chascomus"}},{"type":"Feature","geometry":{"type":"Point","coordinates":[-58.023897,-35.526729,0]},"properties":{"description":{"@type":"html","value":"descripción: <br>Nº_Apiario: B18203-10<br>_Cant__Colmenas: 12<br>_Provincia: BUENOS AIRES<br>_Departamento: Chascomus<br>_Latitud: -35.5267<br>_Longitud: -58.0239<br>_Cuit: 2.03184e+10<br>_Razón_Social: FORTI ESTEBAN SEBASTIAN<br>_Prov__Productor: BUENOS AIRES<br>_Depto__Productor: Chascomus"},"styleUrl":"#icon-1899-DB4436","icon-opacity":1,"icon-color":"#db4436","icon-scale":1,"icon-offset":[32,64],"icon-offset-units":["pixels","insetPixels"],"icon":"https://www.gstatic.com/mapspro/images/stock/503-wht-blank_maps.png","descripción":"","Nº_Apiario":"B18203-10","_Cant__Colmenas":12,"_Provincia":"BUENOS AIRES","_Departamento":"Chascomus","_Latitud":-35.5267,"_Longitud":-58.0239,"_Cuit":"2.03184e+10","_Razón_Social":"FORTI ESTEBAN SEBASTIAN","_Prov__Productor":"BUENOS AIRES","_Depto__Productor":"Chascomus"}},{"type":"Feature","geometry":{"type":"Point","coordinates":[-57.655453,-35.603982,0]},"properties":{"description":{"@type":"html","value":"descripción: <br>Nº_Apiario: B18203-8<br>_Cant__Colmenas: 31<br>_Provincia: BUENOS AIRES<br>_Departamento: Chascomus<br>_Latitud: -35.604<br>_Longitud: -57.6555<br>_Cuit: 2.03184e+10<br>_Razón_Social: FORTI ESTEBAN SEBASTIAN<br>_Prov__Productor: BUENOS AIRES<br>_Depto__Productor: Chascomus"},"styleUrl":"#icon-1899-DB4436","icon-opacity":1,"icon-color":"#db4436","icon-scale":1,"icon-offset":[32,64],"icon-offset-units":["pixels","insetPixels"],"icon":"https://www.gstatic.com/mapspro/images/stock/503-wht-blank_maps.png","descripción":"","Nº_Apiario":"B18203-8","_Cant__Colmenas":31,"_Provincia":"BUENOS AIRES","_Departamento":"Chascomus","_Latitud":-35.604,"_Longitud":-57.6555,"_Cuit":"2.03184e+10","_Razón_Social":"FORTI ESTEBAN SEBASTIAN","_Prov__Productor":"BUENOS AIRES","_Depto__Productor":"Chascomus"}},{"type":"Feature","geometry":{"type":"Point","coordinates":[-57.845764,-35.559043,0]},"properties":{"description":{"@type":"html","value":"descripción: <br>Nº_Apiario: B53166-1<br>_Cant__Colmenas: 70<br>_Provincia: BUENOS AIRES<br>_Departamento: Chascomus<br>_Latitud: -35.559<br>_Longitud: -57.8458<br>_Cuit: 2.73621e+10<br>_Razón_Social: SARENA YESICA MARCELA<br>_Prov__Productor: BUENOS AIRES<br>_Depto__Productor: Chascomus"},"styleUrl":"#icon-1899-DB4436","icon-opacity":1,"icon-color":"#db4436","icon-scale":1,"icon-offset":[32,64],"icon-offset-units":["pixels","insetPixels"],"icon":"https://www.gstatic.com/mapspro/images/stock/503-wht-blank_maps.png","descripción":"","Nº_Apiario":"B53166-1","_Cant__Colmenas":70,"_Provincia":"BUENOS AIRES","_Departamento":"Chascomus","_Latitud":-35.559,"_Longitud":-57.8458,"_Cuit":"2.73621e+10","_Razón_Social":"SARENA YESICA MARCELA","_Prov__Productor":"BUENOS AIRES","_Depto__Productor":"Chascomus"}},{"type":"Feature","geometry":{"type":"Point","coordinates":[-58.064545,-35.503911,0]},"properties":{"description":{"@type":"html","value":"descripción: <br>Nº_Apiario: B53166-1<br>_Cant__Colmenas: 40<br>_Provincia: BUENOS AIRES<br>_Departamento: Chascomus<br>_Latitud: -35.5039<br>_Longitud: -58.0645<br>_Cuit: 2.73621e+10<br>_Razón_Social: SARENA YESICA MARCELA<br>_Prov__Productor: BUENOS AIRES<br>_Depto__Productor: Chascomus"},"styleUrl":"#icon-1899-DB4436","icon-opacity":1,"icon-color":"#db4436","icon-scale":1,"icon-offset":[32,64],"icon-offset-units":["pixels","insetPixels"],"icon":"https://www.gstatic.com/mapspro/images/stock/503-wht-blank_maps.png","descripción":"","Nº_Apiario":"B53166-1","_Cant__Colmenas":40,"_Provincia":"BUENOS AIRES","_Departamento":"Chascomus","_Latitud":-35.5039,"_Longitud":-58.0645,"_Cuit":"2.73621e+10","_Razón_Social":"SARENA YESICA MARCELA","_Prov__Productor":"BUENOS AIRES","_Depto__Productor":"Chascomus"}},{"type":"Feature","geometry":{"type":"Point","coordinates":[-58.195944,-35.544876,0]},"properties":{"description":{"@type":"html","value":"descripción: <br>Nº_Apiario: B53166-3<br>_Cant__Colmenas: 40<br>_Provincia: BUENOS AIRES<br>_Departamento: Chascomus<br>_Latitud: -35.5449<br>_Longitud: -58.1959<br>_Cuit: 2.73621e+10<br>_Razón_Social: SARENA YESICA MARCELA<br>_Prov__Productor: BUENOS AIRES<br>_Depto__Productor: Chascomus"},"styleUrl":"#icon-1899-DB4436","icon-opacity":1,"icon-color":"#db4436","icon-scale":1,"icon-offset":[32,64],"icon-offset-units":["pixels","insetPixels"],"icon":"https://www.gstatic.com/mapspro/images/stock/503-wht-blank_maps.png","descripción":"","Nº_Apiario":"B53166-3","_Cant__Colmenas":40,"_Provincia":"BUENOS AIRES","_Departamento":"Chascomus","_Latitud":-35.5449,"_Longitud":-58.1959,"_Cuit":"2.73621e+10","_Razón_Social":"SARENA YESICA MARCELA","_Prov__Productor":"BUENOS AIRES","_Depto__Productor":"Chascomus"}},{"type":"Feature","geometry":{"type":"Point","coordinates":[-58.175062,-35.729944,0]},"properties":{"description":{"@type":"html","value":"descripción: <br>Nº_Apiario: B53166-4<br>_Cant__Colmenas: 60<br>_Provincia: BUENOS AIRES<br>_Departamento: Chascomus<br>_Latitud: -35.7299<br>_Longitud: -58.1751<br>_Cuit: 2.73621e+10<br>_Razón_Social: SARENA YESICA MARCELA<br>_Prov__Productor: BUENOS AIRES<br>_Depto__Productor: Chascomus"},"styleUrl":"#icon-1899-DB4436","icon-opacity":1,"icon-color":"#db4436","icon-scale":1,"icon-offset":[32,64],"icon-offset-units":["pixels","insetPixels"],"icon":"https://www.gstatic.com/mapspro/images/stock/503-wht-blank_maps.png","descripción":"","Nº_Apiario":"B53166-4","_Cant__Colmenas":60,"_Provincia":"BUENOS AIRES","_Departamento":"Chascomus","_Latitud":-35.7299,"_Longitud":-58.1751,"_Cuit":"2.73621e+10","_Razón_Social":"SARENA YESICA MARCELA","_Prov__Productor":"BUENOS AIRES","_Depto__Productor":"Chascomus"}},{"type":"Feature","geometry":{"type":"Point","coordinates":[-58.149078,-35.686342,0]},"properties":{"description":{"@type":"html","value":"descripción: <br>Nº_Apiario: B53166-5<br>_Cant__Colmenas: 40<br>_Provincia: BUENOS AIRES<br>_Departamento: Chascomus<br>_Latitud: -35.6863<br>_Longitud: -58.1491<br>_Cuit: 2.73621e+10<br>_Razón_Social: SARENA YESICA MARCELA<br>_Prov__Productor: BUENOS AIRES<br>_Depto__Productor: Chascomus"},"styleUrl":"#icon-1899-DB4436","icon-opacity":1,"icon-color":"#db4436","icon-scale":1,"icon-offset":[32,64],"icon-offset-units":["pixels","insetPixels"],"icon":"https://www.gstatic.com/mapspro/images/stock/503-wht-blank_maps.png","descripción":"","Nº_Apiario":"B53166-5","_Cant__Colmenas":40,"_Provincia":"BUENOS AIRES","_Departamento":"Chascomus","_Latitud":-35.6863,"_Longitud":-58.1491,"_Cuit":"2.73621e+10","_Razón_Social":"SARENA YESICA MARCELA","_Prov__Productor":"BUENOS AIRES","_Depto__Productor":"Chascomus"}},{"type":"Feature","geometry":{"type":"Point","coordinates":[-58.008328,-35.64657,0]},"properties":{"description":{"@type":"html","value":"descripción: <br>Nº_Apiario: B53166-6<br>_Cant__Colmenas: 40<br>_Provincia: BUENOS AIRES<br>_Departamento: Chascomus<br>_Latitud: -35.6466<br>_Longitud: -58.0083<br>_Cuit: 2.73621e+10<br>_Razón_Social: SARENA YESICA MARCELA<br>_Prov__Productor: BUENOS AIRES<br>_Depto__Productor: Chascomus"},"styleUrl":"#icon-1899-DB4436","icon-opacity":1,"icon-color":"#db4436","icon-scale":1,"icon-offset":[32,64],"icon-offset-units":["pixels","insetPixels"],"icon":"https://www.gstatic.com/mapspro/images/stock/503-wht-blank_maps.png","descripción":"","Nº_Apiario":"B53166-6","_Cant__Colmenas":40,"_Provincia":"BUENOS AIRES","_Departamento":"Chascomus","_Latitud":-35.6466,"_Longitud":-58.0083,"_Cuit":"2.73621e+10","_Razón_Social":"SARENA YESICA MARCELA","_Prov__Productor":"BUENOS AIRES","_Depto__Productor":"Chascomus"}},{"type":"Feature","geometry":{"type":"Point","coordinates":[-58.166728,-35.777531,0]},"properties":{"description":{"@type":"html","value":"descripción: <br>Nº_Apiario: B53166-7<br>_Cant__Colmenas: 40<br>_Provincia: BUENOS AIRES<br>_Departamento: Chascomus<br>_Latitud: -35.7775<br>_Longitud: -58.1667<br>_Cuit: 2.73621e+10<br>_Razón_Social: SARENA YESICA MARCELA<br>_Prov__Productor: BUENOS AIRES<br>_Depto__Productor: Chascomus"},"styleUrl":"#icon-1899-DB4436","icon-opacity":1,"icon-color":"#db4436","icon-scale":1,"icon-offset":[32,64],"icon-offset-units":["pixels","insetPixels"],"icon":"https://www.gstatic.com/mapspro/images/stock/503-wht-blank_maps.png","descripción":"","Nº_Apiario":"B53166-7","_Cant__Colmenas":40,"_Provincia":"BUENOS AIRES","_Departamento":"Chascomus","_Latitud":-35.7775,"_Longitud":-58.1667,"_Cuit":"2.73621e+10","_Razón_Social":"SARENA YESICA MARCELA","_Prov__Productor":"BUENOS AIRES","_Depto__Productor":"Chascomus"}},{"type":"Feature","geometry":{"type":"Point","coordinates":[-58.165163,-35.766859,0]},"properties":{"description":{"@type":"html","value":"descripción: <br>Nº_Apiario: B53166-6<br>_Cant__Colmenas: 40<br>_Provincia: BUENOS AIRES<br>_Departamento: Chascomus<br>_Latitud: -35.7669<br>_Longitud: -58.1652<br>_Cuit: 2.73621e+10<br>_Razón_Social: SARENA YESICA MARCELA<br>_Prov__Productor: BUENOS AIRES<br>_Depto__Productor: Chascomus"},"styleUrl":"#icon-1899-DB4436","icon-opacity":1,"icon-color":"#db4436","icon-scale":1,"icon-offset":[32,64],"icon-offset-units":["pixels","insetPixels"],"icon":"https://www.gstatic.com/mapspro/images/stock/503-wht-blank_maps.png","descripción":"","Nº_Apiario":"B53166-6","_Cant__Colmenas":40,"_Provincia":"BUENOS AIRES","_Departamento":"Chascomus","_Latitud":-35.7669,"_Longitud":-58.1652,"_Cuit":"2.73621e+10","_Razón_Social":"SARENA YESICA MARCELA","_Prov__Productor":"BUENOS AIRES","_Depto__Productor":"Chascomus"}},{"type":"Feature","geometry":{"type":"Point","coordinates":[-58.165539,-35.835528,0]},"properties":{"description":{"@type":"html","value":"descripción: <br>Nº_Apiario: B53166-8<br>_Cant__Colmenas: 40<br>_Provincia: BUENOS AIRES<br>_Departamento: Chascomus<br>_Latitud: -35.8355<br>_Longitud: -58.1655<br>_Cuit: 2.73621e+10<br>_Razón_Social: SARENA YESICA MARCELA<br>_Prov__Productor: BUENOS AIRES<br>_Depto__Productor: Chascomus"},"styleUrl":"#icon-1899-DB4436","icon-opacity":1,"icon-color":"#db4436","icon-scale":1,"icon-offset":[32,64],"icon-offset-units":["pixels","insetPixels"],"icon":"https://www.gstatic.com/mapspro/images/stock/503-wht-blank_maps.png","descripción":"","Nº_Apiario":"B53166-8","_Cant__Colmenas":40,"_Provincia":"BUENOS AIRES","_Departamento":"Chascomus","_Latitud":-35.8355,"_Longitud":-58.1655,"_Cuit":"2.73621e+10","_Razón_Social":"SARENA YESICA MARCELA","_Prov__Productor":"BUENOS AIRES","_Depto__Productor":"Chascomus"}},{"type":"Feature","geometry":{"type":"Point","coordinates":[-58.178601,-35.826171,0]},"properties":{"description":{"@type":"html","value":"descripción: <br>Nº_Apiario: B53166-9<br>_Cant__Colmenas: 40<br>_Provincia: BUENOS AIRES<br>_Departamento: Chascomus<br>_Latitud: -35.8262<br>_Longitud: -58.1786<br>_Cuit: 2.73621e+10<br>_Razón_Social: SARENA YESICA MARCELA<br>_Prov__Productor: BUENOS AIRES<br>_Depto__Productor: Chascomus"},"styleUrl":"#icon-1899-DB4436","icon-opacity":1,"icon-color":"#db4436","icon-scale":1,"icon-offset":[32,64],"icon-offset-units":["pixels","insetPixels"],"icon":"https://www.gstatic.com/mapspro/images/stock/503-wht-blank_maps.png","descripción":"","Nº_Apiario":"B53166-9","_Cant__Colmenas":40,"_Provincia":"BUENOS AIRES","_Departamento":"Chascomus","_Latitud":-35.8262,"_Longitud":-58.1786,"_Cuit":"2.73621e+10","_Razón_Social":"SARENA YESICA MARCELA","_Prov__Productor":"BUENOS AIRES","_Depto__Productor":"Chascomus"}},{"type":"Feature","geometry":{"type":"Point","coordinates":[-57.78746,-35.619172,0]},"properties":{"description":{"@type":"html","value":"descripción: <br>Nº_Apiario: B16325-7<br>_Cant__Colmenas: 46<br>_Provincia: BUENOS AIRES<br>_Departamento: Chascomus<br>_Latitud: -35.6192<br>_Longitud: -57.7875<br>_Cuit: 2.01627e+10<br>_Razón_Social: MARTINEZ JAVIER FRANCISCO<br>_Prov__Productor: BUENOS AIRES<br>_Depto__Productor: Chascomus"},"styleUrl":"#icon-1899-DB4436","icon-opacity":1,"icon-color":"#db4436","icon-scale":1,"icon-offset":[32,64],"icon-offset-units":["pixels","insetPixels"],"icon":"https://www.gstatic.com/mapspro/images/stock/503-wht-blank_maps.png","descripción":"","Nº_Apiario":"B16325-7","_Cant__Colmenas":46,"_Provincia":"BUENOS AIRES","_Departamento":"Chascomus","_Latitud":-35.6192,"_Longitud":-57.7875,"_Cuit":"2.01627e+10","_Razón_Social":"MARTINEZ JAVIER FRANCISCO","_Prov__Productor":"BUENOS AIRES","_Depto__Productor":"Chascomus"}},{"type":"Feature","geometry":{"type":"Point","coordinates":[-58.054935,-35.363962,0]},"properties":{"description":{"@type":"html","value":"descripción: <br>Nº_Apiario: B639-7<br>_Cant__Colmenas: 40<br>_Provincia: BUENOS AIRES<br>_Departamento: Chascomus<br>_Latitud: -35.364<br>_Longitud: -58.0549<br>_Cuit: 3.0648e+10<br>_Razón_Social: BALISA RICARDO JORGE Y BALISA HECTOR<br>_Prov__Productor: BUENOS AIRES<br>_Depto__Productor: Brandsen"},"styleUrl":"#icon-1899-DB4436","icon-opacity":1,"icon-color":"#db4436","icon-scale":1,"icon-offset":[32,64],"icon-offset-units":["pixels","insetPixels"],"icon":"https://www.gstatic.com/mapspro/images/stock/503-wht-blank_maps.png","descripción":"","Nº_Apiario":"B639-7","_Cant__Colmenas":40,"_Provincia":"BUENOS AIRES","_Departamento":"Chascomus","_Latitud":-35.364,"_Longitud":-58.0549,"_Cuit":"3.0648e+10","_Razón_Social":"BALISA RICARDO JORGE Y BALISA HECTOR","_Prov__Productor":"BUENOS AIRES","_Depto__Productor":"Brandsen"}},{"type":"Feature","geometry":{"type":"Point","coordinates":[-58.045184,-35.370075,0]},"properties":{"description":{"@type":"html","value":"descripción: <br>Nº_Apiario: B639-8<br>_Cant__Colmenas: 30<br>_Provincia: BUENOS AIRES<br>_Departamento: Chascomus<br>_Latitud: -35.3701<br>_Longitud: -58.0452<br>_Cuit: 3.0648e+10<br>_Razón_Social: BALISA RICARDO JORGE Y BALISA HECTOR<br>_Prov__Productor: BUENOS AIRES<br>_Depto__Productor: Brandsen"},"styleUrl":"#icon-1899-DB4436","icon-opacity":1,"icon-color":"#db4436","icon-scale":1,"icon-offset":[32,64],"icon-offset-units":["pixels","insetPixels"],"icon":"https://www.gstatic.com/mapspro/images/stock/503-wht-blank_maps.png","descripción":"","Nº_Apiario":"B639-8","_Cant__Colmenas":30,"_Provincia":"BUENOS AIRES","_Departamento":"Chascomus","_Latitud":-35.3701,"_Longitud":-58.0452,"_Cuit":"3.0648e+10","_Razón_Social":"BALISA RICARDO JORGE Y BALISA HECTOR","_Prov__Productor":"BUENOS AIRES","_Depto__Productor":"Brandsen"}},{"type":"Feature","geometry":{"type":"Point","coordinates":[-58.012562,-35.409542,0]},"properties":{"description":{"@type":"html","value":"descripción: <br>Nº_Apiario: B639-9<br>_Cant__Colmenas: 25<br>_Provincia: BUENOS AIRES<br>_Departamento: Chascomus<br>_Latitud: -35.4095<br>_Longitud: -58.0126<br>_Cuit: 3.0648e+10<br>_Razón_Social: BALISA RICARDO JORGE Y BALISA HECTOR<br>_Prov__Productor: BUENOS AIRES<br>_Depto__Productor: Brandsen"},"styleUrl":"#icon-1899-DB4436","icon-opacity":1,"icon-color":"#db4436","icon-scale":1,"icon-offset":[32,64],"icon-offset-units":["pixels","insetPixels"],"icon":"https://www.gstatic.com/mapspro/images/stock/503-wht-blank_maps.png","descripción":"","Nº_Apiario":"B639-9","_Cant__Colmenas":25,"_Provincia":"BUENOS AIRES","_Departamento":"Chascomus","_Latitud":-35.4095,"_Longitud":-58.0126,"_Cuit":"3.0648e+10","_Razón_Social":"BALISA RICARDO JORGE Y BALISA HECTOR","_Prov__Productor":"BUENOS AIRES","_Depto__Productor":"Brandsen"}},{"type":"Feature","geometry":{"type":"Point","coordinates":[-58.279782,-35.727998,0]},"properties":{"description":{"@type":"html","value":"descripción: <br>Nº_Apiario: B639-21<br>_Cant__Colmenas: 80<br>_Provincia: BUENOS AIRES<br>_Departamento: Chascomus<br>_Latitud: -35.728<br>_Longitud: -58.2798<br>_Cuit: 3.0648e+10<br>_Razón_Social: BALISA RICARDO JORGE Y BALISA HECTOR<br>_Prov__Productor: BUENOS AIRES<br>_Depto__Productor: Brandsen"},"styleUrl":"#icon-1899-DB4436","icon-opacity":1,"icon-color":"#db4436","icon-scale":1,"icon-offset":[32,64],"icon-offset-units":["pixels","insetPixels"],"icon":"https://www.gstatic.com/mapspro/images/stock/503-wht-blank_maps.png","descripción":"","Nº_Apiario":"B639-21","_Cant__Colmenas":80,"_Provincia":"BUENOS AIRES","_Departamento":"Chascomus","_Latitud":-35.728,"_Longitud":-58.2798,"_Cuit":"3.0648e+10","_Razón_Social":"BALISA RICARDO JORGE Y BALISA HECTOR","_Prov__Productor":"BUENOS AIRES","_Depto__Productor":"Brandsen"}},{"type":"Feature","geometry":{"type":"Point","coordinates":[-57.506944,-35.707222,0]},"properties":{"description":{"@type":"html","value":"descripción: <br>Nº_Apiario: B17773-16<br>_Cant__Colmenas: 50<br>_Provincia: BUENOS AIRES<br>_Departamento: Chascomus<br>_Latitud: -35.7072<br>_Longitud: -57.5069<br>_Cuit: 2.33541e+10<br>_Razón_Social: BERTHOLD PABLO FRANCISCO<br>_Prov__Productor: BUENOS AIRES<br>_Depto__Productor: Castelli"},"styleUrl":"#icon-1899-DB4436","icon-opacity":1,"icon-color":"#db4436","icon-scale":1,"icon-offset":[32,64],"icon-offset-units":["pixels","insetPixels"],"icon":"https://www.gstatic.com/mapspro/images/stock/503-wht-blank_maps.png","descripción":"","Nº_Apiario":"B17773-16","_Cant__Colmenas":50,"_Provincia":"BUENOS AIRES","_Departamento":"Chascomus","_Latitud":-35.7072,"_Longitud":-57.5069,"_Cuit":"2.33541e+10","_Razón_Social":"BERTHOLD PABLO FRANCISCO","_Prov__Productor":"BUENOS AIRES","_Depto__Productor":"Castelli"}},{"type":"Feature","geometry":{"type":"Point","coordinates":[-57.770374,-35.492661,0]},"properties":{"description":{"@type":"html","value":"descripción: <br>Nº_Apiario: B15586-1<br>_Cant__Colmenas: 60<br>_Provincia: BUENOS AIRES<br>_Departamento: Chascomus<br>_Latitud: -35.4927<br>_Longitud: -57.7704<br>_Cuit: 2.00737e+10<br>_Razón_Social: LOPEZ ROBERTO ABEL<br>_Prov__Productor: BUENOS AIRES<br>_Depto__Productor: Chascomus"},"styleUrl":"#icon-1899-DB4436","icon-opacity":1,"icon-color":"#db4436","icon-scale":1,"icon-offset":[32,64],"icon-offset-units":["pixels","insetPixels"],"icon":"https://www.gstatic.com/mapspro/images/stock/503-wht-blank_maps.png","descripción":"","Nº_Apiario":"B15586-1","_Cant__Colmenas":60,"_Provincia":"BUENOS AIRES","_Departamento":"Chascomus","_Latitud":-35.4927,"_Longitud":-57.7704,"_Cuit":"2.00737e+10","_Razón_Social":"LOPEZ ROBERTO ABEL","_Prov__Productor":"BUENOS AIRES","_Depto__Productor":"Chascomus"}},{"type":"Feature","geometry":{"type":"Point","coordinates":[-57.95742,-35.623276,0]},"properties":{"description":{"@type":"html","value":"descripción: <br>Nº_Apiario: B53610-1<br>_Cant__Colmenas: 25<br>_Provincia: BUENOS AIRES<br>_Departamento: Chascomus<br>_Latitud: -35.6233<br>_Longitud: -57.9574<br>_Cuit: 2.02607e+10<br>_Razón_Social: ECHANDI GUILLERMO MANUEL<br>_Prov__Productor: BUENOS AIRES<br>_Depto__Productor: Chascomus"},"styleUrl":"#icon-1899-DB4436","icon-opacity":1,"icon-color":"#db4436","icon-scale":1,"icon-offset":[32,64],"icon-offset-units":["pixels","insetPixels"],"icon":"https://www.gstatic.com/mapspro/images/stock/503-wht-blank_maps.png","descripción":"","Nº_Apiario":"B53610-1","_Cant__Colmenas":25,"_Provincia":"BUENOS AIRES","_Departamento":"Chascomus","_Latitud":-35.6233,"_Longitud":-57.9574,"_Cuit":"2.02607e+10","_Razón_Social":"ECHANDI GUILLERMO MANUEL","_Prov__Productor":"BUENOS AIRES","_Depto__Productor":"Chascomus"}},{"type":"Feature","geometry":{"type":"Point","coordinates":[-57.955907,-35.613181,0]},"properties":{"description":{"@type":"html","value":"descripción: <br>Nº_Apiario: B53610-2<br>_Cant__Colmenas: 25<br>_Provincia: BUENOS AIRES<br>_Departamento: Chascomus<br>_Latitud: -35.6132<br>_Longitud: -57.9559<br>_Cuit: 2.02607e+10<br>_Razón_Social: ECHANDI GUILLERMO MANUEL<br>_Prov__Productor: BUENOS AIRES<br>_Depto__Productor: Chascomus"},"styleUrl":"#icon-1899-DB4436","icon-opacity":1,"icon-color":"#db4436","icon-scale":1,"icon-offset":[32,64],"icon-offset-units":["pixels","insetPixels"],"icon":"https://www.gstatic.com/mapspro/images/stock/503-wht-blank_maps.png","descripción":"","Nº_Apiario":"B53610-2","_Cant__Colmenas":25,"_Provincia":"BUENOS AIRES","_Departamento":"Chascomus","_Latitud":-35.6132,"_Longitud":-57.9559,"_Cuit":"2.02607e+10","_Razón_Social":"ECHANDI GUILLERMO MANUEL","_Prov__Productor":"BUENOS AIRES","_Depto__Productor":"Chascomus"}},{"type":"Feature","geometry":{"type":"Point","coordinates":[-57.918195,-35.649466,0]},"properties":{"description":{"@type":"html","value":"descripción: <br>Nº_Apiario: B53610-3<br>_Cant__Colmenas: 30<br>_Provincia: BUENOS AIRES<br>_Departamento: Chascomus<br>_Latitud: -35.6495<br>_Longitud: -57.9182<br>_Cuit: 2.02607e+10<br>_Razón_Social: ECHANDI GUILLERMO MANUEL<br>_Prov__Productor: BUENOS AIRES<br>_Depto__Productor: Chascomus"},"styleUrl":"#icon-1899-DB4436","icon-opacity":1,"icon-color":"#db4436","icon-scale":1,"icon-offset":[32,64],"icon-offset-units":["pixels","insetPixels"],"icon":"https://www.gstatic.com/mapspro/images/stock/503-wht-blank_maps.png","descripción":"","Nº_Apiario":"B53610-3","_Cant__Colmenas":30,"_Provincia":"BUENOS AIRES","_Departamento":"Chascomus","_Latitud":-35.6495,"_Longitud":-57.9182,"_Cuit":"2.02607e+10","_Razón_Social":"ECHANDI GUILLERMO MANUEL","_Prov__Productor":"BUENOS AIRES","_Depto__Productor":"Chascomus"}},{"type":"Feature","geometry":{"type":"Point","coordinates":[-58.045383,-35.446627,0]},"properties":{"description":{"@type":"html","value":"descripción: <br>Nº_Apiario: B53610-4<br>_Cant__Colmenas: 25<br>_Provincia: BUENOS AIRES<br>_Departamento: Chascomus<br>_Latitud: -35.4466<br>_Longitud: -58.0454<br>_Cuit: 2.02607e+10<br>_Razón_Social: ECHANDI GUILLERMO MANUEL<br>_Prov__Productor: BUENOS AIRES<br>_Depto__Productor: Chascomus"},"styleUrl":"#icon-1899-DB4436","icon-opacity":1,"icon-color":"#db4436","icon-scale":1,"icon-offset":[32,64],"icon-offset-units":["pixels","insetPixels"],"icon":"https://www.gstatic.com/mapspro/images/stock/503-wht-blank_maps.png","descripción":"","Nº_Apiario":"B53610-4","_Cant__Colmenas":25,"_Provincia":"BUENOS AIRES","_Departamento":"Chascomus","_Latitud":-35.4466,"_Longitud":-58.0454,"_Cuit":"2.02607e+10","_Razón_Social":"ECHANDI GUILLERMO MANUEL","_Prov__Productor":"BUENOS AIRES","_Depto__Productor":"Chascomus"}},{"type":"Feature","geometry":{"type":"Point","coordinates":[-57.99655,-35.372687,0]},"properties":{"description":{"@type":"html","value":"descripción: <br>Nº_Apiario: B53610-5<br>_Cant__Colmenas: 30<br>_Provincia: BUENOS AIRES<br>_Departamento: Chascomus<br>_Latitud: -35.3727<br>_Longitud: -57.9965<br>_Cuit: 2.02607e+10<br>_Razón_Social: ECHANDI GUILLERMO MANUEL<br>_Prov__Productor: BUENOS AIRES<br>_Depto__Productor: Chascomus"},"styleUrl":"#icon-1899-DB4436","icon-opacity":1,"icon-color":"#db4436","icon-scale":1,"icon-offset":[32,64],"icon-offset-units":["pixels","insetPixels"],"icon":"https://www.gstatic.com/mapspro/images/stock/503-wht-blank_maps.png","descripción":"","Nº_Apiario":"B53610-5","_Cant__Colmenas":30,"_Provincia":"BUENOS AIRES","_Departamento":"Chascomus","_Latitud":-35.3727,"_Longitud":-57.9965,"_Cuit":"2.02607e+10","_Razón_Social":"ECHANDI GUILLERMO MANUEL","_Prov__Productor":"BUENOS AIRES","_Depto__Productor":"Chascomus"}},{"type":"Feature","geometry":{"type":"Point","coordinates":[-58.106311,-35.472226,0]},"properties":{"description":{"@type":"html","value":"descripción: <br>Nº_Apiario: B53610-6<br>_Cant__Colmenas: 30<br>_Provincia: BUENOS AIRES<br>_Departamento: Chascomus<br>_Latitud: -35.4722<br>_Longitud: -58.1063<br>_Cuit: 2.02607e+10<br>_Razón_Social: ECHANDI GUILLERMO MANUEL<br>_Prov__Productor: BUENOS AIRES<br>_Depto__Productor: Chascomus"},"styleUrl":"#icon-1899-DB4436","icon-opacity":1,"icon-color":"#db4436","icon-scale":1,"icon-offset":[32,64],"icon-offset-units":["pixels","insetPixels"],"icon":"https://www.gstatic.com/mapspro/images/stock/503-wht-blank_maps.png","descripción":"","Nº_Apiario":"B53610-6","_Cant__Colmenas":30,"_Provincia":"BUENOS AIRES","_Departamento":"Chascomus","_Latitud":-35.4722,"_Longitud":-58.1063,"_Cuit":"2.02607e+10","_Razón_Social":"ECHANDI GUILLERMO MANUEL","_Prov__Productor":"BUENOS AIRES","_Depto__Productor":"Chascomus"}},{"type":"Feature","geometry":{"type":"Point","coordinates":[-58.063455,-35.528498,0]},"properties":{"description":{"@type":"html","value":"descripción: <br>Nº_Apiario: B53610-7<br>_Cant__Colmenas: 30<br>_Provincia: BUENOS AIRES<br>_Departamento: Chascomus<br>_Latitud: -35.5285<br>_Longitud: -58.0635<br>_Cuit: 2.02607e+10<br>_Razón_Social: ECHANDI GUILLERMO MANUEL<br>_Prov__Productor: BUENOS AIRES<br>_Depto__Productor: Chascomus"},"styleUrl":"#icon-1899-DB4436","icon-opacity":1,"icon-color":"#db4436","icon-scale":1,"icon-offset":[32,64],"icon-offset-units":["pixels","insetPixels"],"icon":"https://www.gstatic.com/mapspro/images/stock/503-wht-blank_maps.png","descripción":"","Nº_Apiario":"B53610-7","_Cant__Colmenas":30,"_Provincia":"BUENOS AIRES","_Departamento":"Chascomus","_Latitud":-35.5285,"_Longitud":-58.0635,"_Cuit":"2.02607e+10","_Razón_Social":"ECHANDI GUILLERMO MANUEL","_Prov__Productor":"BUENOS AIRES","_Depto__Productor":"Chascomus"}},{"type":"Feature","geometry":{"type":"Point","coordinates":[-58.2837,-35.62532,0]},"properties":{"description":{"@type":"html","value":"descripción: <br>Nº_Apiario: B53610-8<br>_Cant__Colmenas: 31<br>_Provincia: BUENOS AIRES<br>_Departamento: Chascomus<br>_Latitud: -35.6253<br>_Longitud: -58.2837<br>_Cuit: 2.02607e+10<br>_Razón_Social: ECHANDI GUILLERMO MANUEL<br>_Prov__Productor: BUENOS AIRES<br>_Depto__Productor: Chascomus"},"styleUrl":"#icon-1899-DB4436","icon-opacity":1,"icon-color":"#db4436","icon-scale":1,"icon-offset":[32,64],"icon-offset-units":["pixels","insetPixels"],"icon":"https://www.gstatic.com/mapspro/images/stock/503-wht-blank_maps.png","descripción":"","Nº_Apiario":"B53610-8","_Cant__Colmenas":31,"_Provincia":"BUENOS AIRES","_Departamento":"Chascomus","_Latitud":-35.6253,"_Longitud":-58.2837,"_Cuit":"2.02607e+10","_Razón_Social":"ECHANDI GUILLERMO MANUEL","_Prov__Productor":"BUENOS AIRES","_Depto__Productor":"Chascomus"}},{"type":"Feature","geometry":{"type":"Point","coordinates":[-58.10479,-35.472445,0]},"properties":{"description":{"@type":"html","value":"descripción: <br>Nº_Apiario: B53610-9<br>_Cant__Colmenas: 40<br>_Provincia: BUENOS AIRES<br>_Departamento: Chascomus<br>_Latitud: -35.4724<br>_Longitud: -58.1048<br>_Cuit: 2.02607e+10<br>_Razón_Social: ECHANDI GUILLERMO MANUEL<br>_Prov__Productor: BUENOS AIRES<br>_Depto__Productor: Chascomus"},"styleUrl":"#icon-1899-DB4436","icon-opacity":1,"icon-color":"#db4436","icon-scale":1,"icon-offset":[32,64],"icon-offset-units":["pixels","insetPixels"],"icon":"https://www.gstatic.com/mapspro/images/stock/503-wht-blank_maps.png","descripción":"","Nº_Apiario":"B53610-9","_Cant__Colmenas":40,"_Provincia":"BUENOS AIRES","_Departamento":"Chascomus","_Latitud":-35.4724,"_Longitud":-58.1048,"_Cuit":"2.02607e+10","_Razón_Social":"ECHANDI GUILLERMO MANUEL","_Prov__Productor":"BUENOS AIRES","_Depto__Productor":"Chascomus"}},{"type":"Feature","geometry":{"type":"Point","coordinates":[-58.063462,-35.528502,0]},"properties":{"description":{"@type":"html","value":"descripción: <br>Nº_Apiario: B53610-10<br>_Cant__Colmenas: 38<br>_Provincia: BUENOS AIRES<br>_Departamento: Chascomus<br>_Latitud: -35.5285<br>_Longitud: -58.0635<br>_Cuit: 2.02607e+10<br>_Razón_Social: ECHANDI GUILLERMO MANUEL<br>_Prov__Productor: BUENOS AIRES<br>_Depto__Productor: Chascomus"},"styleUrl":"#icon-1899-DB4436","icon-opacity":1,"icon-color":"#db4436","icon-scale":1,"icon-offset":[32,64],"icon-offset-units":["pixels","insetPixels"],"icon":"https://www.gstatic.com/mapspro/images/stock/503-wht-blank_maps.png","descripción":"","Nº_Apiario":"B53610-10","_Cant__Colmenas":38,"_Provincia":"BUENOS AIRES","_Departamento":"Chascomus","_Latitud":-35.5285,"_Longitud":-58.0635,"_Cuit":"2.02607e+10","_Razón_Social":"ECHANDI GUILLERMO MANUEL","_Prov__Productor":"BUENOS AIRES","_Depto__Productor":"Chascomus"}},{"type":"Feature","geometry":{"type":"Point","coordinates":[-58.28413,-35.628305,0]},"properties":{"description":{"@type":"html","value":"descripción: <br>Nº_Apiario: B53610-11<br>_Cant__Colmenas: 30<br>_Provincia: BUENOS AIRES<br>_Departamento: Chascomus<br>_Latitud: -35.6283<br>_Longitud: -58.2841<br>_Cuit: 2.02607e+10<br>_Razón_Social: ECHANDI GUILLERMO MANUEL<br>_Prov__Productor: BUENOS AIRES<br>_Depto__Productor: Chascomus"},"styleUrl":"#icon-1899-DB4436","icon-opacity":1,"icon-color":"#db4436","icon-scale":1,"icon-offset":[32,64],"icon-offset-units":["pixels","insetPixels"],"icon":"https://www.gstatic.com/mapspro/images/stock/503-wht-blank_maps.png","descripción":"","Nº_Apiario":"B53610-11","_Cant__Colmenas":30,"_Provincia":"BUENOS AIRES","_Departamento":"Chascomus","_Latitud":-35.6283,"_Longitud":-58.2841,"_Cuit":"2.02607e+10","_Razón_Social":"ECHANDI GUILLERMO MANUEL","_Prov__Productor":"BUENOS AIRES","_Depto__Productor":"Chascomus"}},{"type":"Feature","geometry":{"type":"Point","coordinates":[-57.960422,-35.622116,0]},"properties":{"description":{"@type":"html","value":"descripción: <br>Nº_Apiario: B53610-13<br>_Cant__Colmenas: 40<br>_Provincia: BUENOS AIRES<br>_Departamento: Chascomus<br>_Latitud: -35.6221<br>_Longitud: -57.9604<br>_Cuit: 2.02607e+10<br>_Razón_Social: ECHANDI GUILLERMO MANUEL<br>_Prov__Productor: BUENOS AIRES<br>_Depto__Productor: Chascomus"},"styleUrl":"#icon-1899-DB4436","icon-opacity":1,"icon-color":"#db4436","icon-scale":1,"icon-offset":[32,64],"icon-offset-units":["pixels","insetPixels"],"icon":"https://www.gstatic.com/mapspro/images/stock/503-wht-blank_maps.png","descripción":"","Nº_Apiario":"B53610-13","_Cant__Colmenas":40,"_Provincia":"BUENOS AIRES","_Departamento":"Chascomus","_Latitud":-35.6221,"_Longitud":-57.9604,"_Cuit":"2.02607e+10","_Razón_Social":"ECHANDI GUILLERMO MANUEL","_Prov__Productor":"BUENOS AIRES","_Depto__Productor":"Chascomus"}},{"type":"Feature","geometry":{"type":"Point","coordinates":[-58.045395,-35.446628,0]},"properties":{"description":{"@type":"html","value":"descripción: <br>Nº_Apiario: B53610-14<br>_Cant__Colmenas: 20<br>_Provincia: BUENOS AIRES<br>_Departamento: Chascomus<br>_Latitud: -35.4466<br>_Longitud: -58.0454<br>_Cuit: 2.02607e+10<br>_Razón_Social: ECHANDI GUILLERMO MANUEL<br>_Prov__Productor: BUENOS AIRES<br>_Depto__Productor: Chascomus"},"styleUrl":"#icon-1899-DB4436","icon-opacity":1,"icon-color":"#db4436","icon-scale":1,"icon-offset":[32,64],"icon-offset-units":["pixels","insetPixels"],"icon":"https://www.gstatic.com/mapspro/images/stock/503-wht-blank_maps.png","descripción":"","Nº_Apiario":"B53610-14","_Cant__Colmenas":20,"_Provincia":"BUENOS AIRES","_Departamento":"Chascomus","_Latitud":-35.4466,"_Longitud":-58.0454,"_Cuit":"2.02607e+10","_Razón_Social":"ECHANDI GUILLERMO MANUEL","_Prov__Productor":"BUENOS AIRES","_Depto__Productor":"Chascomus"}},{"type":"Feature","geometry":{"type":"Point","coordinates":[-57.904828,-35.647965,0]},"properties":{"description":{"@type":"html","value":"descripción: <br>Nº_Apiario: B53610-15<br>_Cant__Colmenas: 25<br>_Provincia: BUENOS AIRES<br>_Departamento: Chascomus<br>_Latitud: -35.648<br>_Longitud: -57.9048<br>_Cuit: 2.02607e+10<br>_Razón_Social: ECHANDI GUILLERMO MANUEL<br>_Prov__Productor: BUENOS AIRES<br>_Depto__Productor: Chascomus"},"styleUrl":"#icon-1899-DB4436","icon-opacity":1,"icon-color":"#db4436","icon-scale":1,"icon-offset":[32,64],"icon-offset-units":["pixels","insetPixels"],"icon":"https://www.gstatic.com/mapspro/images/stock/503-wht-blank_maps.png","descripción":"","Nº_Apiario":"B53610-15","_Cant__Colmenas":25,"_Provincia":"BUENOS AIRES","_Departamento":"Chascomus","_Latitud":-35.648,"_Longitud":-57.9048,"_Cuit":"2.02607e+10","_Razón_Social":"ECHANDI GUILLERMO MANUEL","_Prov__Productor":"BUENOS AIRES","_Depto__Productor":"Chascomus"}},{"type":"Feature","geometry":{"type":"Point","coordinates":[-57.961609,-35.633468,0]},"properties":{"description":{"@type":"html","value":"descripción: <br>Nº_Apiario: B53610-16<br>_Cant__Colmenas: 100<br>_Provincia: BUENOS AIRES<br>_Departamento: Chascomus<br>_Latitud: -35.6335<br>_Longitud: -57.9616<br>_Cuit: 2.02607e+10<br>_Razón_Social: ECHANDI GUILLERMO MANUEL<br>_Prov__Productor: BUENOS AIRES<br>_Depto__Productor: Chascomus"},"styleUrl":"#icon-1899-DB4436","icon-opacity":1,"icon-color":"#db4436","icon-scale":1,"icon-offset":[32,64],"icon-offset-units":["pixels","insetPixels"],"icon":"https://www.gstatic.com/mapspro/images/stock/503-wht-blank_maps.png","descripción":"","Nº_Apiario":"B53610-16","_Cant__Colmenas":100,"_Provincia":"BUENOS AIRES","_Departamento":"Chascomus","_Latitud":-35.6335,"_Longitud":-57.9616,"_Cuit":"2.02607e+10","_Razón_Social":"ECHANDI GUILLERMO MANUEL","_Prov__Productor":"BUENOS AIRES","_Depto__Productor":"Chascomus"}},{"type":"Feature","geometry":{"type":"Point","coordinates":[-57.617102,-35.759405,0]},"properties":{"description":{"@type":"html","value":"descripción: <br>Nº_Apiario: B53610-17<br>_Cant__Colmenas: 45<br>_Provincia: BUENOS AIRES<br>_Departamento: Chascomus<br>_Latitud: -35.7594<br>_Longitud: -57.6171<br>_Cuit: 2.02607e+10<br>_Razón_Social: ECHANDI GUILLERMO MANUEL<br>_Prov__Productor: BUENOS AIRES<br>_Depto__Productor: Chascomus"},"styleUrl":"#icon-1899-DB4436","icon-opacity":1,"icon-color":"#db4436","icon-scale":1,"icon-offset":[32,64],"icon-offset-units":["pixels","insetPixels"],"icon":"https://www.gstatic.com/mapspro/images/stock/503-wht-blank_maps.png","descripción":"","Nº_Apiario":"B53610-17","_Cant__Colmenas":45,"_Provincia":"BUENOS AIRES","_Departamento":"Chascomus","_Latitud":-35.7594,"_Longitud":-57.6171,"_Cuit":"2.02607e+10","_Razón_Social":"ECHANDI GUILLERMO MANUEL","_Prov__Productor":"BUENOS AIRES","_Depto__Productor":"Chascomus"}},{"type":"Feature","geometry":{"type":"Point","coordinates":[-57.686386,-35.616817,0]},"properties":{"description":{"@type":"html","value":"descripción: <br>Nº_Apiario: B53610-18<br>_Cant__Colmenas: 25<br>_Provincia: BUENOS AIRES<br>_Departamento: Chascomus<br>_Latitud: -35.6168<br>_Longitud: -57.6864<br>_Cuit: 2.02607e+10<br>_Razón_Social: ECHANDI GUILLERMO MANUEL<br>_Prov__Productor: BUENOS AIRES<br>_Depto__Productor: Chascomus"},"styleUrl":"#icon-1899-DB4436","icon-opacity":1,"icon-color":"#db4436","icon-scale":1,"icon-offset":[32,64],"icon-offset-units":["pixels","insetPixels"],"icon":"https://www.gstatic.com/mapspro/images/stock/503-wht-blank_maps.png","descripción":"","Nº_Apiario":"B53610-18","_Cant__Colmenas":25,"_Provincia":"BUENOS AIRES","_Departamento":"Chascomus","_Latitud":-35.6168,"_Longitud":-57.6864,"_Cuit":"2.02607e+10","_Razón_Social":"ECHANDI GUILLERMO MANUEL","_Prov__Productor":"BUENOS AIRES","_Depto__Productor":"Chascomus"}},{"type":"Feature","geometry":{"type":"Point","coordinates":[-57.974453,-35.448318,0]},"properties":{"description":{"@type":"html","value":"descripción: <br>Nº_Apiario: B53610-20<br>_Cant__Colmenas: 24<br>_Provincia: BUENOS AIRES<br>_Departamento: Chascomus<br>_Latitud: -35.4483<br>_Longitud: -57.9745<br>_Cuit: 2.02607e+10<br>_Razón_Social: ECHANDI GUILLERMO MANUEL<br>_Prov__Productor: BUENOS AIRES<br>_Depto__Productor: Chascomus"},"styleUrl":"#icon-1899-DB4436","icon-opacity":1,"icon-color":"#db4436","icon-scale":1,"icon-offset":[32,64],"icon-offset-units":["pixels","insetPixels"],"icon":"https://www.gstatic.com/mapspro/images/stock/503-wht-blank_maps.png","descripción":"","Nº_Apiario":"B53610-20","_Cant__Colmenas":24,"_Provincia":"BUENOS AIRES","_Departamento":"Chascomus","_Latitud":-35.4483,"_Longitud":-57.9745,"_Cuit":"2.02607e+10","_Razón_Social":"ECHANDI GUILLERMO MANUEL","_Prov__Productor":"BUENOS AIRES","_Depto__Productor":"Chascomus"}},{"type":"Feature","geometry":{"type":"Point","coordinates":[-58.002119,-35.497352,0]},"properties":{"description":{"@type":"html","value":"descripción: <br>Nº_Apiario: B53610-21<br>_Cant__Colmenas: 30<br>_Provincia: BUENOS AIRES<br>_Departamento: Chascomus<br>_Latitud: -35.4974<br>_Longitud: -58.0021<br>_Cuit: 2.02607e+10<br>_Razón_Social: ECHANDI GUILLERMO MANUEL<br>_Prov__Productor: BUENOS AIRES<br>_Depto__Productor: Chascomus"},"styleUrl":"#icon-1899-DB4436","icon-opacity":1,"icon-color":"#db4436","icon-scale":1,"icon-offset":[32,64],"icon-offset-units":["pixels","insetPixels"],"icon":"https://www.gstatic.com/mapspro/images/stock/503-wht-blank_maps.png","descripción":"","Nº_Apiario":"B53610-21","_Cant__Colmenas":30,"_Provincia":"BUENOS AIRES","_Departamento":"Chascomus","_Latitud":-35.4974,"_Longitud":-58.0021,"_Cuit":"2.02607e+10","_Razón_Social":"ECHANDI GUILLERMO MANUEL","_Prov__Productor":"BUENOS AIRES","_Depto__Productor":"Chascomus"}},{"type":"Feature","geometry":{"type":"Point","coordinates":[-57.662914,-35.504992,0]},"properties":{"description":{"@type":"html","value":"descripción: <br>Nº_Apiario: B53670-5<br>_Cant__Colmenas: 40<br>_Provincia: BUENOS AIRES<br>_Departamento: Chascomus<br>_Latitud: -35.505<br>_Longitud: -57.6629<br>_Cuit: 2.71319e+10<br>_Razón_Social: ACHA MIRTA ARACELI<br>_Prov__Productor: BUENOS AIRES<br>_Depto__Productor: Chascomus"},"styleUrl":"#icon-1899-DB4436","icon-opacity":1,"icon-color":"#db4436","icon-scale":1,"icon-offset":[32,64],"icon-offset-units":["pixels","insetPixels"],"icon":"https://www.gstatic.com/mapspro/images/stock/503-wht-blank_maps.png","descripción":"","Nº_Apiario":"B53670-5","_Cant__Colmenas":40,"_Provincia":"BUENOS AIRES","_Departamento":"Chascomus","_Latitud":-35.505,"_Longitud":-57.6629,"_Cuit":"2.71319e+10","_Razón_Social":"ACHA MIRTA ARACELI","_Prov__Productor":"BUENOS AIRES","_Depto__Productor":"Chascomus"}},{"type":"Feature","geometry":{"type":"Point","coordinates":[-57.636563,-35.542077,0]},"properties":{"description":{"@type":"html","value":"descripción: <br>Nº_Apiario: B53670-6<br>_Cant__Colmenas: 41<br>_Provincia: BUENOS AIRES<br>_Departamento: Chascomus<br>_Latitud: -35.5421<br>_Longitud: -57.6366<br>_Cuit: 2.71319e+10<br>_Razón_Social: ACHA MIRTA ARACELI<br>_Prov__Productor: BUENOS AIRES<br>_Depto__Productor: Chascomus"},"styleUrl":"#icon-1899-DB4436","icon-opacity":1,"icon-color":"#db4436","icon-scale":1,"icon-offset":[32,64],"icon-offset-units":["pixels","insetPixels"],"icon":"https://www.gstatic.com/mapspro/images/stock/503-wht-blank_maps.png","descripción":"","Nº_Apiario":"B53670-6","_Cant__Colmenas":41,"_Provincia":"BUENOS AIRES","_Departamento":"Chascomus","_Latitud":-35.5421,"_Longitud":-57.6366,"_Cuit":"2.71319e+10","_Razón_Social":"ACHA MIRTA ARACELI","_Prov__Productor":"BUENOS AIRES","_Depto__Productor":"Chascomus"}},{"type":"Feature","geometry":{"type":"Point","coordinates":[-57.852126,-35.41757,0]},"properties":{"description":{"@type":"html","value":"descripción: <br>Nº_Apiario: B53681-1<br>_Cant__Colmenas: 80<br>_Provincia: BUENOS AIRES<br>_Departamento: Chascomus<br>_Latitud: -35.4176<br>_Longitud: -57.8521<br>_Cuit: 2.32918e+10<br>_Razón_Social: VALENTINI MARIO AGUSTIN<br>_Prov__Productor: BUENOS AIRES<br>_Depto__Productor: Chascomus"},"styleUrl":"#icon-1899-DB4436","icon-opacity":1,"icon-color":"#db4436","icon-scale":1,"icon-offset":[32,64],"icon-offset-units":["pixels","insetPixels"],"icon":"https://www.gstatic.com/mapspro/images/stock/503-wht-blank_maps.png","descripción":"","Nº_Apiario":"B53681-1","_Cant__Colmenas":80,"_Provincia":"BUENOS AIRES","_Departamento":"Chascomus","_Latitud":-35.4176,"_Longitud":-57.8521,"_Cuit":"2.32918e+10","_Razón_Social":"VALENTINI MARIO AGUSTIN","_Prov__Productor":"BUENOS AIRES","_Depto__Productor":"Chascomus"}},{"type":"Feature","geometry":{"type":"Point","coordinates":[-58.143352,-35.450492,0]},"properties":{"description":{"@type":"html","value":"descripción: <br>Nº_Apiario: B53681-2<br>_Cant__Colmenas: 20<br>_Provincia: BUENOS AIRES<br>_Departamento: Chascomus<br>_Latitud: -35.4505<br>_Longitud: -58.1434<br>_Cuit: 2.32918e+10<br>_Razón_Social: VALENTINI MARIO AGUSTIN<br>_Prov__Productor: BUENOS AIRES<br>_Depto__Productor: Chascomus"},"styleUrl":"#icon-1899-DB4436","icon-opacity":1,"icon-color":"#db4436","icon-scale":1,"icon-offset":[32,64],"icon-offset-units":["pixels","insetPixels"],"icon":"https://www.gstatic.com/mapspro/images/stock/503-wht-blank_maps.png","descripción":"","Nº_Apiario":"B53681-2","_Cant__Colmenas":20,"_Provincia":"BUENOS AIRES","_Departamento":"Chascomus","_Latitud":-35.4505,"_Longitud":-58.1434,"_Cuit":"2.32918e+10","_Razón_Social":"VALENTINI MARIO AGUSTIN","_Prov__Productor":"BUENOS AIRES","_Depto__Productor":"Chascomus"}},{"type":"Feature","geometry":{"type":"Point","coordinates":[-58.097,-35.706,0]},"properties":{"description":{"@type":"html","value":"descripción: <br>Nº_Apiario: B53687-1<br>_Cant__Colmenas: 50<br>_Provincia: BUENOS AIRES<br>_Departamento: Chascomus<br>_Latitud: -35.706<br>_Longitud: -58.097<br>_Cuit: 2.79391e+10<br>_Razón_Social: FERREIRA VERA JULIA MABEL<br>_Prov__Productor: BUENOS AIRES<br>_Depto__Productor: Almirante Brown"},"styleUrl":"#icon-1899-DB4436","icon-opacity":1,"icon-color":"#db4436","icon-scale":1,"icon-offset":[32,64],"icon-offset-units":["pixels","insetPixels"],"icon":"https://www.gstatic.com/mapspro/images/stock/503-wht-blank_maps.png","descripción":"","Nº_Apiario":"B53687-1","_Cant__Colmenas":50,"_Provincia":"BUENOS AIRES","_Departamento":"Chascomus","_Latitud":-35.706,"_Longitud":-58.097,"_Cuit":"2.79391e+10","_Razón_Social":"FERREIRA VERA JULIA MABEL","_Prov__Productor":"BUENOS AIRES","_Depto__Productor":"Almirante Brown"}},{"type":"Feature","geometry":{"type":"Point","coordinates":[-58.085435,-35.770298,0]},"properties":{"description":{"@type":"html","value":"descripción: <br>Nº_Apiario: B54261-1<br>_Cant__Colmenas: 30<br>_Provincia: BUENOS AIRES<br>_Departamento: Chascomus<br>_Latitud: -35.7703<br>_Longitud: -58.0854<br>_Cuit: 2.03283e+10<br>_Razón_Social: AUBIA ELIAS DANIEL<br>_Prov__Productor: BUENOS AIRES<br>_Depto__Productor: Chascomus"},"styleUrl":"#icon-1899-DB4436","icon-opacity":1,"icon-color":"#db4436","icon-scale":1,"icon-offset":[32,64],"icon-offset-units":["pixels","insetPixels"],"icon":"https://www.gstatic.com/mapspro/images/stock/503-wht-blank_maps.png","descripción":"","Nº_Apiario":"B54261-1","_Cant__Colmenas":30,"_Provincia":"BUENOS AIRES","_Departamento":"Chascomus","_Latitud":-35.7703,"_Longitud":-58.0854,"_Cuit":"2.03283e+10","_Razón_Social":"AUBIA ELIAS DANIEL","_Prov__Productor":"BUENOS AIRES","_Depto__Productor":"Chascomus"}},{"type":"Feature","geometry":{"type":"Point","coordinates":[-58.092331,-35.777709,0]},"properties":{"description":{"@type":"html","value":"descripción: <br>Nº_Apiario: B54261-2<br>_Cant__Colmenas: 30<br>_Provincia: BUENOS AIRES<br>_Departamento: Chascomus<br>_Latitud: -35.7777<br>_Longitud: -58.0923<br>_Cuit: 2.03283e+10<br>_Razón_Social: AUBIA ELIAS DANIEL<br>_Prov__Productor: BUENOS AIRES<br>_Depto__Productor: Chascomus"},"styleUrl":"#icon-1899-DB4436","icon-opacity":1,"icon-color":"#db4436","icon-scale":1,"icon-offset":[32,64],"icon-offset-units":["pixels","insetPixels"],"icon":"https://www.gstatic.com/mapspro/images/stock/503-wht-blank_maps.png","descripción":"","Nº_Apiario":"B54261-2","_Cant__Colmenas":30,"_Provincia":"BUENOS AIRES","_Departamento":"Chascomus","_Latitud":-35.7777,"_Longitud":-58.0923,"_Cuit":"2.03283e+10","_Razón_Social":"AUBIA ELIAS DANIEL","_Prov__Productor":"BUENOS AIRES","_Depto__Productor":"Chascomus"}},{"type":"Feature","geometry":{"type":"Point","coordinates":[-57.57575,-35.641229,0]},"properties":{"description":{"@type":"html","value":"descripción: <br>Nº_Apiario: B54261-3<br>_Cant__Colmenas: 40<br>_Provincia: BUENOS AIRES<br>_Departamento: Chascomus<br>_Latitud: -35.6412<br>_Longitud: -57.5757<br>_Cuit: 2.03283e+10<br>_Razón_Social: AUBIA ELIAS DANIEL<br>_Prov__Productor: BUENOS AIRES<br>_Depto__Productor: Chascomus"},"styleUrl":"#icon-1899-DB4436","icon-opacity":1,"icon-color":"#db4436","icon-scale":1,"icon-offset":[32,64],"icon-offset-units":["pixels","insetPixels"],"icon":"https://www.gstatic.com/mapspro/images/stock/503-wht-blank_maps.png","descripción":"","Nº_Apiario":"B54261-3","_Cant__Colmenas":40,"_Provincia":"BUENOS AIRES","_Departamento":"Chascomus","_Latitud":-35.6412,"_Longitud":-57.5757,"_Cuit":"2.03283e+10","_Razón_Social":"AUBIA ELIAS DANIEL","_Prov__Productor":"BUENOS AIRES","_Depto__Productor":"Chascomus"}},{"type":"Feature","geometry":{"type":"Point","coordinates":[-58.203387,-35.680835,0]},"properties":{"description":{"@type":"html","value":"descripción: <br>Nº_Apiario: B56259-1<br>_Cant__Colmenas: 10<br>_Provincia: BUENOS AIRES<br>_Departamento: Chascomus<br>_Latitud: -35.6808<br>_Longitud: -58.2034<br>_Cuit: 2.03949e+10<br>_Razón_Social: ELIZONDO GABRIEL ISMAEL<br>_Prov__Productor: BUENOS AIRES<br>_Depto__Productor: Chascomus"},"styleUrl":"#icon-1899-DB4436","icon-opacity":1,"icon-color":"#db4436","icon-scale":1,"icon-offset":[32,64],"icon-offset-units":["pixels","insetPixels"],"icon":"https://www.gstatic.com/mapspro/images/stock/503-wht-blank_maps.png","descripción":"","Nº_Apiario":"B56259-1","_Cant__Colmenas":10,"_Provincia":"BUENOS AIRES","_Departamento":"Chascomus","_Latitud":-35.6808,"_Longitud":-58.2034,"_Cuit":"2.03949e+10","_Razón_Social":"ELIZONDO GABRIEL ISMAEL","_Prov__Productor":"BUENOS AIRES","_Depto__Productor":"Chascomus"}},{"type":"Feature","geometry":{"type":"Point","coordinates":[-58.038837,-35.476481,0]},"properties":{"description":{"@type":"html","value":"descripción: <br>Nº_Apiario: B56259-23<br>_Cant__Colmenas: 10<br>_Provincia: BUENOS AIRES<br>_Departamento: Chascomus<br>_Latitud: -35.4765<br>_Longitud: -58.0388<br>_Cuit: 2.03949e+10<br>_Razón_Social: ELIZONDO GABRIEL ISMAEL<br>_Prov__Productor: BUENOS AIRES<br>_Depto__Productor: Chascomus"},"styleUrl":"#icon-1899-DB4436","icon-opacity":1,"icon-color":"#db4436","icon-scale":1,"icon-offset":[32,64],"icon-offset-units":["pixels","insetPixels"],"icon":"https://www.gstatic.com/mapspro/images/stock/503-wht-blank_maps.png","descripción":"","Nº_Apiario":"B56259-23","_Cant__Colmenas":10,"_Provincia":"BUENOS AIRES","_Departamento":"Chascomus","_Latitud":-35.4765,"_Longitud":-58.0388,"_Cuit":"2.03949e+10","_Razón_Social":"ELIZONDO GABRIEL ISMAEL","_Prov__Productor":"BUENOS AIRES","_Depto__Productor":"Chascomus"}},{"type":"Feature","geometry":{"type":"Point","coordinates":[-57.826261,-35.462933,0]},"properties":{"description":{"@type":"html","value":"descripción: <br>Nº_Apiario: B56259-3<br>_Cant__Colmenas: 10<br>_Provincia: BUENOS AIRES<br>_Departamento: Chascomus<br>_Latitud: -35.4629<br>_Longitud: -57.8263<br>_Cuit: 2.03949e+10<br>_Razón_Social: ELIZONDO GABRIEL ISMAEL<br>_Prov__Productor: BUENOS AIRES<br>_Depto__Productor: Chascomus"},"styleUrl":"#icon-1899-DB4436","icon-opacity":1,"icon-color":"#db4436","icon-scale":1,"icon-offset":[32,64],"icon-offset-units":["pixels","insetPixels"],"icon":"https://www.gstatic.com/mapspro/images/stock/503-wht-blank_maps.png","descripción":"","Nº_Apiario":"B56259-3","_Cant__Colmenas":10,"_Provincia":"BUENOS AIRES","_Departamento":"Chascomus","_Latitud":-35.4629,"_Longitud":-57.8263,"_Cuit":"2.03949e+10","_Razón_Social":"ELIZONDO GABRIEL ISMAEL","_Prov__Productor":"BUENOS AIRES","_Depto__Productor":"Chascomus"}},{"type":"Feature","geometry":{"type":"Point","coordinates":[-58.039421,-35.476693,0]},"properties":{"description":{"@type":"html","value":"descripción: <br>Nº_Apiario: B56259-2<br>_Cant__Colmenas: 10<br>_Provincia: BUENOS AIRES<br>_Departamento: Chascomus<br>_Latitud: -35.4767<br>_Longitud: -58.0394<br>_Cuit: 2.03949e+10<br>_Razón_Social: ELIZONDO GABRIEL ISMAEL<br>_Prov__Productor: BUENOS AIRES<br>_Depto__Productor: Chascomus"},"styleUrl":"#icon-1899-DB4436","icon-opacity":1,"icon-color":"#db4436","icon-scale":1,"icon-offset":[32,64],"icon-offset-units":["pixels","insetPixels"],"icon":"https://www.gstatic.com/mapspro/images/stock/503-wht-blank_maps.png","descripción":"","Nº_Apiario":"B56259-2","_Cant__Colmenas":10,"_Provincia":"BUENOS AIRES","_Departamento":"Chascomus","_Latitud":-35.4767,"_Longitud":-58.0394,"_Cuit":"2.03949e+10","_Razón_Social":"ELIZONDO GABRIEL ISMAEL","_Prov__Productor":"BUENOS AIRES","_Depto__Productor":"Chascomus"}},{"type":"Feature","geometry":{"type":"Point","coordinates":[-58.142654,-35.705844,0]},"properties":{"description":{"@type":"html","value":"descripción: <br>Nº_Apiario: B1533-6<br>_Cant__Colmenas: 20<br>_Provincia: BUENOS AIRES<br>_Departamento: Chascomus<br>_Latitud: -35.7058<br>_Longitud: -58.1427<br>_Cuit: 2.00522e+10<br>_Razón_Social: CABRERA MIGUEL FELICIANO<br>_Prov__Productor: BUENOS AIRES<br>_Depto__Productor: Chascomus"},"styleUrl":"#icon-1899-DB4436","icon-opacity":1,"icon-color":"#db4436","icon-scale":1,"icon-offset":[32,64],"icon-offset-units":["pixels","insetPixels"],"icon":"https://www.gstatic.com/mapspro/images/stock/503-wht-blank_maps.png","descripción":"","Nº_Apiario":"B1533-6","_Cant__Colmenas":20,"_Provincia":"BUENOS AIRES","_Departamento":"Chascomus","_Latitud":-35.7058,"_Longitud":-58.1427,"_Cuit":"2.00522e+10","_Razón_Social":"CABRERA MIGUEL FELICIANO","_Prov__Productor":"BUENOS AIRES","_Depto__Productor":"Chascomus"}},{"type":"Feature","geometry":{"type":"Point","coordinates":[-57.98063,-35.586186,0]},"properties":{"description":{"@type":"html","value":"descripción: <br>Nº_Apiario: B1533-7<br>_Cant__Colmenas: 10<br>_Provincia: BUENOS AIRES<br>_Departamento: Chascomus<br>_Latitud: -35.5862<br>_Longitud: -57.9806<br>_Cuit: 2.00522e+10<br>_Razón_Social: CABRERA MIGUEL FELICIANO<br>_Prov__Productor: BUENOS AIRES<br>_Depto__Productor: Chascomus"},"styleUrl":"#icon-1899-DB4436","icon-opacity":1,"icon-color":"#db4436","icon-scale":1,"icon-offset":[32,64],"icon-offset-units":["pixels","insetPixels"],"icon":"https://www.gstatic.com/mapspro/images/stock/503-wht-blank_maps.png","descripción":"","Nº_Apiario":"B1533-7","_Cant__Colmenas":10,"_Provincia":"BUENOS AIRES","_Departamento":"Chascomus","_Latitud":-35.5862,"_Longitud":-57.9806,"_Cuit":"2.00522e+10","_Razón_Social":"CABRERA MIGUEL FELICIANO","_Prov__Productor":"BUENOS AIRES","_Depto__Productor":"Chascomus"}},{"type":"Feature","geometry":{"type":"Point","coordinates":[-57.611001,-35.648265,0]},"properties":{"description":{"@type":"html","value":"descripción: <br>Nº_Apiario: B1533-8<br>_Cant__Colmenas: 20<br>_Provincia: BUENOS AIRES<br>_Departamento: Chascomus<br>_Latitud: -35.6483<br>_Longitud: -57.611<br>_Cuit: 2.00522e+10<br>_Razón_Social: CABRERA MIGUEL FELICIANO<br>_Prov__Productor: BUENOS AIRES<br>_Depto__Productor: Chascomus"},"styleUrl":"#icon-1899-DB4436","icon-opacity":1,"icon-color":"#db4436","icon-scale":1,"icon-offset":[32,64],"icon-offset-units":["pixels","insetPixels"],"icon":"https://www.gstatic.com/mapspro/images/stock/503-wht-blank_maps.png","descripción":"","Nº_Apiario":"B1533-8","_Cant__Colmenas":20,"_Provincia":"BUENOS AIRES","_Departamento":"Chascomus","_Latitud":-35.6483,"_Longitud":-57.611,"_Cuit":"2.00522e+10","_Razón_Social":"CABRERA MIGUEL FELICIANO","_Prov__Productor":"BUENOS AIRES","_Depto__Productor":"Chascomus"}},{"type":"Feature","geometry":{"type":"Point","coordinates":[-57.996232,-35.640933,0]},"properties":{"description":{"@type":"html","value":"descripción: <br>Nº_Apiario: B1533-9<br>_Cant__Colmenas: 20<br>_Provincia: BUENOS AIRES<br>_Departamento: Chascomus<br>_Latitud: -35.6409<br>_Longitud: -57.9962<br>_Cuit: 2.00522e+10<br>_Razón_Social: CABRERA MIGUEL FELICIANO<br>_Prov__Productor: BUENOS AIRES<br>_Depto__Productor: Chascomus"},"styleUrl":"#icon-1899-DB4436","icon-opacity":1,"icon-color":"#db4436","icon-scale":1,"icon-offset":[32,64],"icon-offset-units":["pixels","insetPixels"],"icon":"https://www.gstatic.com/mapspro/images/stock/503-wht-blank_maps.png","descripción":"","Nº_Apiario":"B1533-9","_Cant__Colmenas":20,"_Provincia":"BUENOS AIRES","_Departamento":"Chascomus","_Latitud":-35.6409,"_Longitud":-57.9962,"_Cuit":"2.00522e+10","_Razón_Social":"CABRERA MIGUEL FELICIANO","_Prov__Productor":"BUENOS AIRES","_Depto__Productor":"Chascomus"}},{"type":"Feature","geometry":{"type":"Point","coordinates":[-58.000287,-35.553937,0]},"properties":{"description":{"@type":"html","value":"descripción: <br>Nº_Apiario: B54546-1<br>_Cant__Colmenas: 18<br>_Provincia: BUENOS AIRES<br>_Departamento: Chascomus<br>_Latitud: -35.5539<br>_Longitud: -58.0003<br>_Cuit: 2.31291e+10<br>_Razón_Social: CABRERA GUILLERMO FELICIANO<br>_Prov__Productor: BUENOS AIRES<br>_Depto__Productor: Chascomus"},"styleUrl":"#icon-1899-DB4436","icon-opacity":1,"icon-color":"#db4436","icon-scale":1,"icon-offset":[32,64],"icon-offset-units":["pixels","insetPixels"],"icon":"https://www.gstatic.com/mapspro/images/stock/503-wht-blank_maps.png","descripción":"","Nº_Apiario":"B54546-1","_Cant__Colmenas":18,"_Provincia":"BUENOS AIRES","_Departamento":"Chascomus","_Latitud":-35.5539,"_Longitud":-58.0003,"_Cuit":"2.31291e+10","_Razón_Social":"CABRERA GUILLERMO FELICIANO","_Prov__Productor":"BUENOS AIRES","_Depto__Productor":"Chascomus"}},{"type":"Feature","geometry":{"type":"Point","coordinates":[-58.009283,-35.533066,0]},"properties":{"description":{"@type":"html","value":"descripción: <br>Nº_Apiario: B54546-2<br>_Cant__Colmenas: 20<br>_Provincia: BUENOS AIRES<br>_Departamento: Chascomus<br>_Latitud: -35.5331<br>_Longitud: -58.0093<br>_Cuit: 2.31291e+10<br>_Razón_Social: CABRERA GUILLERMO FELICIANO<br>_Prov__Productor: BUENOS AIRES<br>_Depto__Productor: Chascomus"},"styleUrl":"#icon-1899-DB4436","icon-opacity":1,"icon-color":"#db4436","icon-scale":1,"icon-offset":[32,64],"icon-offset-units":["pixels","insetPixels"],"icon":"https://www.gstatic.com/mapspro/images/stock/503-wht-blank_maps.png","descripción":"","Nº_Apiario":"B54546-2","_Cant__Colmenas":20,"_Provincia":"BUENOS AIRES","_Departamento":"Chascomus","_Latitud":-35.5331,"_Longitud":-58.0093,"_Cuit":"2.31291e+10","_Razón_Social":"CABRERA GUILLERMO FELICIANO","_Prov__Productor":"BUENOS AIRES","_Depto__Productor":"Chascomus"}},{"type":"Feature","geometry":{"type":"Point","coordinates":[-57.974392,-35.543593,0]},"properties":{"description":{"@type":"html","value":"descripción: <br>Nº_Apiario: B54546-3<br>_Cant__Colmenas: 18<br>_Provincia: BUENOS AIRES<br>_Departamento: Chascomus<br>_Latitud: -35.5436<br>_Longitud: -57.9744<br>_Cuit: 2.31291e+10<br>_Razón_Social: CABRERA GUILLERMO FELICIANO<br>_Prov__Productor: BUENOS AIRES<br>_Depto__Productor: Chascomus"},"styleUrl":"#icon-1899-DB4436","icon-opacity":1,"icon-color":"#db4436","icon-scale":1,"icon-offset":[32,64],"icon-offset-units":["pixels","insetPixels"],"icon":"https://www.gstatic.com/mapspro/images/stock/503-wht-blank_maps.png","descripción":"","Nº_Apiario":"B54546-3","_Cant__Colmenas":18,"_Provincia":"BUENOS AIRES","_Departamento":"Chascomus","_Latitud":-35.5436,"_Longitud":-57.9744,"_Cuit":"2.31291e+10","_Razón_Social":"CABRERA GUILLERMO FELICIANO","_Prov__Productor":"BUENOS AIRES","_Depto__Productor":"Chascomus"}},{"type":"Feature","geometry":{"type":"Point","coordinates":[-57.744952,-35.706963,0]},"properties":{"description":{"@type":"html","value":"descripción: <br>Nº_Apiario: B54546-4<br>_Cant__Colmenas: 25<br>_Provincia: BUENOS AIRES<br>_Departamento: Chascomus<br>_Latitud: -35.707<br>_Longitud: -57.745<br>_Cuit: 2.31291e+10<br>_Razón_Social: CABRERA GUILLERMO FELICIANO<br>_Prov__Productor: BUENOS AIRES<br>_Depto__Productor: Chascomus"},"styleUrl":"#icon-1899-DB4436","icon-opacity":1,"icon-color":"#db4436","icon-scale":1,"icon-offset":[32,64],"icon-offset-units":["pixels","insetPixels"],"icon":"https://www.gstatic.com/mapspro/images/stock/503-wht-blank_maps.png","descripción":"","Nº_Apiario":"B54546-4","_Cant__Colmenas":25,"_Provincia":"BUENOS AIRES","_Departamento":"Chascomus","_Latitud":-35.707,"_Longitud":-57.745,"_Cuit":"2.31291e+10","_Razón_Social":"CABRERA GUILLERMO FELICIANO","_Prov__Productor":"BUENOS AIRES","_Depto__Productor":"Chascomus"}},{"type":"Feature","geometry":{"type":"Point","coordinates":[-57.904344,-35.695554,0]},"properties":{"description":{"@type":"html","value":"descripción: <br>Nº_Apiario: B54546-5<br>_Cant__Colmenas: 18<br>_Provincia: BUENOS AIRES<br>_Departamento: Chascomus<br>_Latitud: -35.6956<br>_Longitud: -57.9043<br>_Cuit: 2.31291e+10<br>_Razón_Social: CABRERA GUILLERMO FELICIANO<br>_Prov__Productor: BUENOS AIRES<br>_Depto__Productor: Chascomus"},"styleUrl":"#icon-1899-DB4436","icon-opacity":1,"icon-color":"#db4436","icon-scale":1,"icon-offset":[32,64],"icon-offset-units":["pixels","insetPixels"],"icon":"https://www.gstatic.com/mapspro/images/stock/503-wht-blank_maps.png","descripción":"","Nº_Apiario":"B54546-5","_Cant__Colmenas":18,"_Provincia":"BUENOS AIRES","_Departamento":"Chascomus","_Latitud":-35.6956,"_Longitud":-57.9043,"_Cuit":"2.31291e+10","_Razón_Social":"CABRERA GUILLERMO FELICIANO","_Prov__Productor":"BUENOS AIRES","_Depto__Productor":"Chascomus"}},{"type":"Feature","geometry":{"type":"Point","coordinates":[-58.323009,-35.688127,0]},"properties":{"description":{"@type":"html","value":"descripción: <br>Nº_Apiario: B17704-8<br>_Cant__Colmenas: 60<br>_Provincia: BUENOS AIRES<br>_Departamento: Chascomus<br>_Latitud: -35.6881<br>_Longitud: -58.323<br>_Cuit: 3.07098e+10<br>_Razón_Social: COMAHUE SRL<br>_Prov__Productor: BUENOS AIRES<br>_Depto__Productor: Lobos"},"styleUrl":"#icon-1899-DB4436","icon-opacity":1,"icon-color":"#db4436","icon-scale":1,"icon-offset":[32,64],"icon-offset-units":["pixels","insetPixels"],"icon":"https://www.gstatic.com/mapspro/images/stock/503-wht-blank_maps.png","descripción":"","Nº_Apiario":"B17704-8","_Cant__Colmenas":60,"_Provincia":"BUENOS AIRES","_Departamento":"Chascomus","_Latitud":-35.6881,"_Longitud":-58.323,"_Cuit":"3.07098e+10","_Razón_Social":"COMAHUE SRL","_Prov__Productor":"BUENOS AIRES","_Depto__Productor":"Lobos"}},{"type":"Feature","geometry":{"type":"Point","coordinates":[-58.349068,-35.67099,0]},"properties":{"description":{"@type":"html","value":"descripción: <br>Nº_Apiario: B17704-7<br>_Cant__Colmenas: 60<br>_Provincia: BUENOS AIRES<br>_Departamento: Chascomus<br>_Latitud: -35.671<br>_Longitud: -58.3491<br>_Cuit: 3.07098e+10<br>_Razón_Social: COMAHUE SRL<br>_Prov__Productor: BUENOS AIRES<br>_Depto__Productor: Lobos"},"styleUrl":"#icon-1899-DB4436","icon-opacity":1,"icon-color":"#db4436","icon-scale":1,"icon-offset":[32,64],"icon-offset-units":["pixels","insetPixels"],"icon":"https://www.gstatic.com/mapspro/images/stock/503-wht-blank_maps.png","descripción":"","Nº_Apiario":"B17704-7","_Cant__Colmenas":60,"_Provincia":"BUENOS AIRES","_Departamento":"Chascomus","_Latitud":-35.671,"_Longitud":-58.3491,"_Cuit":"3.07098e+10","_Razón_Social":"COMAHUE SRL","_Prov__Productor":"BUENOS AIRES","_Depto__Productor":"Lobos"}},{"type":"Feature","geometry":{"type":"Point","coordinates":[-57.986081,-35.494512,0]},"properties":{"description":{"@type":"html","value":"descripción: <br>Nº_Apiario: B54923-1<br>_Cant__Colmenas: 15<br>_Provincia: BUENOS AIRES<br>_Departamento: Chascomus<br>_Latitud: -35.4945<br>_Longitud: -57.9861<br>_Cuit: 2.03135e+10<br>_Razón_Social: MARTIN TOBIAS ALBERTO<br>_Prov__Productor: BUENOS AIRES<br>_Depto__Productor: Chascomus"},"styleUrl":"#icon-1899-DB4436","icon-opacity":1,"icon-color":"#db4436","icon-scale":1,"icon-offset":[32,64],"icon-offset-units":["pixels","insetPixels"],"icon":"https://www.gstatic.com/mapspro/images/stock/503-wht-blank_maps.png","descripción":"","Nº_Apiario":"B54923-1","_Cant__Colmenas":15,"_Provincia":"BUENOS AIRES","_Departamento":"Chascomus","_Latitud":-35.4945,"_Longitud":-57.9861,"_Cuit":"2.03135e+10","_Razón_Social":"MARTIN TOBIAS ALBERTO","_Prov__Productor":"BUENOS AIRES","_Depto__Productor":"Chascomus"}},{"type":"Feature","geometry":{"type":"Point","coordinates":[-58.066331,-35.513584,0]},"properties":{"description":{"@type":"html","value":"descripción: <br>Nº_Apiario: B54923-2<br>_Cant__Colmenas: 15<br>_Provincia: BUENOS AIRES<br>_Departamento: Chascomus<br>_Latitud: -35.5136<br>_Longitud: -58.0663<br>_Cuit: 2.03135e+10<br>_Razón_Social: MARTIN TOBIAS ALBERTO<br>_Prov__Productor: BUENOS AIRES<br>_Depto__Productor: Chascomus"},"styleUrl":"#icon-1899-DB4436","icon-opacity":1,"icon-color":"#db4436","icon-scale":1,"icon-offset":[32,64],"icon-offset-units":["pixels","insetPixels"],"icon":"https://www.gstatic.com/mapspro/images/stock/503-wht-blank_maps.png","descripción":"","Nº_Apiario":"B54923-2","_Cant__Colmenas":15,"_Provincia":"BUENOS AIRES","_Departamento":"Chascomus","_Latitud":-35.5136,"_Longitud":-58.0663,"_Cuit":"2.03135e+10","_Razón_Social":"MARTIN TOBIAS ALBERTO","_Prov__Productor":"BUENOS AIRES","_Depto__Productor":"Chascomus"}},{"type":"Feature","geometry":{"type":"Point","coordinates":[-58.032731,-35.482538,0]},"properties":{"description":{"@type":"html","value":"descripción: <br>Nº_Apiario: B55038-1<br>_Cant__Colmenas: 5<br>_Provincia: BUENOS AIRES<br>_Departamento: Chascomus<br>_Latitud: -35.4825<br>_Longitud: -58.0327<br>_Cuit: 2.02446e+10<br>_Razón_Social: DE LUCA DANIEL NESTOR<br>_Prov__Productor: BUENOS AIRES<br>_Depto__Productor: Chascomus"},"styleUrl":"#icon-1899-DB4436","icon-opacity":1,"icon-color":"#db4436","icon-scale":1,"icon-offset":[32,64],"icon-offset-units":["pixels","insetPixels"],"icon":"https://www.gstatic.com/mapspro/images/stock/503-wht-blank_maps.png","descripción":"","Nº_Apiario":"B55038-1","_Cant__Colmenas":5,"_Provincia":"BUENOS AIRES","_Departamento":"Chascomus","_Latitud":-35.4825,"_Longitud":-58.0327,"_Cuit":"2.02446e+10","_Razón_Social":"DE LUCA DANIEL NESTOR","_Prov__Productor":"BUENOS AIRES","_Depto__Productor":"Chascomus"}},{"type":"Feature","geometry":{"type":"Point","coordinates":[-58.036767,-35.719341,0]},"properties":{"description":{"@type":"html","value":"descripción: <br>Nº_Apiario: B4952-1<br>_Cant__Colmenas: 30<br>_Provincia: BUENOS AIRES<br>_Departamento: Chascomus<br>_Latitud: -35.7193<br>_Longitud: -58.0368<br>_Cuit: 2.01291e+10<br>_Razón_Social: CABRERA HECTOR DANIEL<br>_Prov__Productor: BUENOS AIRES<br>_Depto__Productor: Chascomus"},"styleUrl":"#icon-1899-DB4436","icon-opacity":1,"icon-color":"#db4436","icon-scale":1,"icon-offset":[32,64],"icon-offset-units":["pixels","insetPixels"],"icon":"https://www.gstatic.com/mapspro/images/stock/503-wht-blank_maps.png","descripción":"","Nº_Apiario":"B4952-1","_Cant__Colmenas":30,"_Provincia":"BUENOS AIRES","_Departamento":"Chascomus","_Latitud":-35.7193,"_Longitud":-58.0368,"_Cuit":"2.01291e+10","_Razón_Social":"CABRERA HECTOR DANIEL","_Prov__Productor":"BUENOS AIRES","_Depto__Productor":"Chascomus"}},{"type":"Feature","geometry":{"type":"Point","coordinates":[-58.016308,-35.724764,0]},"properties":{"description":{"@type":"html","value":"descripción: <br>Nº_Apiario: B4952-2<br>_Cant__Colmenas: 30<br>_Provincia: BUENOS AIRES<br>_Departamento: Chascomus<br>_Latitud: -35.7248<br>_Longitud: -58.0163<br>_Cuit: 2.01291e+10<br>_Razón_Social: CABRERA HECTOR DANIEL<br>_Prov__Productor: BUENOS AIRES<br>_Depto__Productor: Chascomus"},"styleUrl":"#icon-1899-DB4436","icon-opacity":1,"icon-color":"#db4436","icon-scale":1,"icon-offset":[32,64],"icon-offset-units":["pixels","insetPixels"],"icon":"https://www.gstatic.com/mapspro/images/stock/503-wht-blank_maps.png","descripción":"","Nº_Apiario":"B4952-2","_Cant__Colmenas":30,"_Provincia":"BUENOS AIRES","_Departamento":"Chascomus","_Latitud":-35.7248,"_Longitud":-58.0163,"_Cuit":"2.01291e+10","_Razón_Social":"CABRERA HECTOR DANIEL","_Prov__Productor":"BUENOS AIRES","_Depto__Productor":"Chascomus"}},{"type":"Feature","geometry":{"type":"Point","coordinates":[-58.078962,-35.737065,0]},"properties":{"description":{"@type":"html","value":"descripción: <br>Nº_Apiario: B4952-3<br>_Cant__Colmenas: 40<br>_Provincia: BUENOS AIRES<br>_Departamento: Chascomus<br>_Latitud: -35.7371<br>_Longitud: -58.079<br>_Cuit: 2.01291e+10<br>_Razón_Social: CABRERA HECTOR DANIEL<br>_Prov__Productor: BUENOS AIRES<br>_Depto__Productor: Chascomus"},"styleUrl":"#icon-1899-DB4436","icon-opacity":1,"icon-color":"#db4436","icon-scale":1,"icon-offset":[32,64],"icon-offset-units":["pixels","insetPixels"],"icon":"https://www.gstatic.com/mapspro/images/stock/503-wht-blank_maps.png","descripción":"","Nº_Apiario":"B4952-3","_Cant__Colmenas":40,"_Provincia":"BUENOS AIRES","_Departamento":"Chascomus","_Latitud":-35.7371,"_Longitud":-58.079,"_Cuit":"2.01291e+10","_Razón_Social":"CABRERA HECTOR DANIEL","_Prov__Productor":"BUENOS AIRES","_Depto__Productor":"Chascomus"}},{"type":"Feature","geometry":{"type":"Point","coordinates":[-58.317618,-35.816269,0]},"properties":{"description":{"@type":"html","value":"descripción: <br>Nº_Apiario: B704-4<br>_Cant__Colmenas: 50<br>_Provincia: BUENOS AIRES<br>_Departamento: Chascomus<br>_Latitud: -35.8163<br>_Longitud: -58.3176<br>_Cuit: 2.02203e+10<br>_Razón_Social: FOLLIS ALEJANDRO ISMAEL<br>_Prov__Productor: BUENOS AIRES<br>_Depto__Productor: General Belgrano"},"styleUrl":"#icon-1899-DB4436","icon-opacity":1,"icon-color":"#db4436","icon-scale":1,"icon-offset":[32,64],"icon-offset-units":["pixels","insetPixels"],"icon":"https://www.gstatic.com/mapspro/images/stock/503-wht-blank_maps.png","descripción":"","Nº_Apiario":"B704-4","_Cant__Colmenas":50,"_Provincia":"BUENOS AIRES","_Departamento":"Chascomus","_Latitud":-35.8163,"_Longitud":-58.3176,"_Cuit":"2.02203e+10","_Razón_Social":"FOLLIS ALEJANDRO ISMAEL","_Prov__Productor":"BUENOS AIRES","_Depto__Productor":"General Belgrano"}},{"type":"Feature","geometry":{"type":"Point","coordinates":[-57.953074,-35.629333,0]},"properties":{"description":{"@type":"html","value":"descripción: <br>Nº_Apiario: B55073-2<br>_Cant__Colmenas: 27<br>_Provincia: BUENOS AIRES<br>_Departamento: Chascomus<br>_Latitud: -35.6293<br>_Longitud: -57.9531<br>_Cuit: 2.026e+10<br>_Razón_Social: ALBARRACIN DIEGO JAVIER<br>_Prov__Productor: BUENOS AIRES<br>_Depto__Productor: Chascomus"},"styleUrl":"#icon-1899-DB4436","icon-opacity":1,"icon-color":"#db4436","icon-scale":1,"icon-offset":[32,64],"icon-offset-units":["pixels","insetPixels"],"icon":"https://www.gstatic.com/mapspro/images/stock/503-wht-blank_maps.png","descripción":"","Nº_Apiario":"B55073-2","_Cant__Colmenas":27,"_Provincia":"BUENOS AIRES","_Departamento":"Chascomus","_Latitud":-35.6293,"_Longitud":-57.9531,"_Cuit":"2.026e+10","_Razón_Social":"ALBARRACIN DIEGO JAVIER","_Prov__Productor":"BUENOS AIRES","_Depto__Productor":"Chascomus"}},{"type":"Feature","geometry":{"type":"Point","coordinates":[-58.069257,-35.769136,0]},"properties":{"description":{"@type":"html","value":"descripción: <br>Nº_Apiario: B55073-3<br>_Cant__Colmenas: 42<br>_Provincia: BUENOS AIRES<br>_Departamento: Chascomus<br>_Latitud: -35.7691<br>_Longitud: -58.0693<br>_Cuit: 2.026e+10<br>_Razón_Social: ALBARRACIN DIEGO JAVIER<br>_Prov__Productor: BUENOS AIRES<br>_Depto__Productor: Chascomus"},"styleUrl":"#icon-1899-DB4436","icon-opacity":1,"icon-color":"#db4436","icon-scale":1,"icon-offset":[32,64],"icon-offset-units":["pixels","insetPixels"],"icon":"https://www.gstatic.com/mapspro/images/stock/503-wht-blank_maps.png","descripción":"","Nº_Apiario":"B55073-3","_Cant__Colmenas":42,"_Provincia":"BUENOS AIRES","_Departamento":"Chascomus","_Latitud":-35.7691,"_Longitud":-58.0693,"_Cuit":"2.026e+10","_Razón_Social":"ALBARRACIN DIEGO JAVIER","_Prov__Productor":"BUENOS AIRES","_Depto__Productor":"Chascomus"}},{"type":"Feature","geometry":{"type":"Point","coordinates":[-57.933703,-35.579605,0]},"properties":{"description":{"@type":"html","value":"descripción: <br>Nº_Apiario: B55073-4<br>_Cant__Colmenas: 17<br>_Provincia: BUENOS AIRES<br>_Departamento: Chascomus<br>_Latitud: -35.5796<br>_Longitud: -57.9337<br>_Cuit: 2.026e+10<br>_Razón_Social: ALBARRACIN DIEGO JAVIER<br>_Prov__Productor: BUENOS AIRES<br>_Depto__Productor: Chascomus"},"styleUrl":"#icon-1899-DB4436","icon-opacity":1,"icon-color":"#db4436","icon-scale":1,"icon-offset":[32,64],"icon-offset-units":["pixels","insetPixels"],"icon":"https://www.gstatic.com/mapspro/images/stock/503-wht-blank_maps.png","descripción":"","Nº_Apiario":"B55073-4","_Cant__Colmenas":17,"_Provincia":"BUENOS AIRES","_Departamento":"Chascomus","_Latitud":-35.5796,"_Longitud":-57.9337,"_Cuit":"2.026e+10","_Razón_Social":"ALBARRACIN DIEGO JAVIER","_Prov__Productor":"BUENOS AIRES","_Depto__Productor":"Chascomus"}},{"type":"Feature","geometry":{"type":"Point","coordinates":[-57.894959,-35.392303,0]},"properties":{"description":{"@type":"html","value":"descripción: <br>Nº_Apiario: B55152-1<br>_Cant__Colmenas: 30<br>_Provincia: BUENOS AIRES<br>_Departamento: Chascomus<br>_Latitud: -35.3923<br>_Longitud: -57.895<br>_Cuit: 2.01214e+10<br>_Razón_Social: BREGAR GUILLERMO ANTONIO<br>_Prov__Productor: BUENOS AIRES<br>_Depto__Productor: Chascomus"},"styleUrl":"#icon-1899-DB4436","icon-opacity":1,"icon-color":"#db4436","icon-scale":1,"icon-offset":[32,64],"icon-offset-units":["pixels","insetPixels"],"icon":"https://www.gstatic.com/mapspro/images/stock/503-wht-blank_maps.png","descripción":"","Nº_Apiario":"B55152-1","_Cant__Colmenas":30,"_Provincia":"BUENOS AIRES","_Departamento":"Chascomus","_Latitud":-35.3923,"_Longitud":-57.895,"_Cuit":"2.01214e+10","_Razón_Social":"BREGAR GUILLERMO ANTONIO","_Prov__Productor":"BUENOS AIRES","_Depto__Productor":"Chascomus"}},{"type":"Feature","geometry":{"type":"Point","coordinates":[-57.915135,-35.426236,0]},"properties":{"description":{"@type":"html","value":"descripción: <br>Nº_Apiario: B55152-2<br>_Cant__Colmenas: 40<br>_Provincia: BUENOS AIRES<br>_Departamento: Chascomus<br>_Latitud: -35.4262<br>_Longitud: -57.9151<br>_Cuit: 2.01214e+10<br>_Razón_Social: BREGAR GUILLERMO ANTONIO<br>_Prov__Productor: BUENOS AIRES<br>_Depto__Productor: Chascomus"},"styleUrl":"#icon-1899-DB4436","icon-opacity":1,"icon-color":"#db4436","icon-scale":1,"icon-offset":[32,64],"icon-offset-units":["pixels","insetPixels"],"icon":"https://www.gstatic.com/mapspro/images/stock/503-wht-blank_maps.png","descripción":"","Nº_Apiario":"B55152-2","_Cant__Colmenas":40,"_Provincia":"BUENOS AIRES","_Departamento":"Chascomus","_Latitud":-35.4262,"_Longitud":-57.9151,"_Cuit":"2.01214e+10","_Razón_Social":"BREGAR GUILLERMO ANTONIO","_Prov__Productor":"BUENOS AIRES","_Depto__Productor":"Chascomus"}},{"type":"Feature","geometry":{"type":"Point","coordinates":[-57.600353,-35.584689,0]},"properties":{"description":{"@type":"html","value":"descripción: <br>Nº_Apiario: B55152-3<br>_Cant__Colmenas: 40<br>_Provincia: BUENOS AIRES<br>_Departamento: Chascomus<br>_Latitud: -35.5847<br>_Longitud: -57.6004<br>_Cuit: 2.01214e+10<br>_Razón_Social: BREGAR GUILLERMO ANTONIO<br>_Prov__Productor: BUENOS AIRES<br>_Depto__Productor: Chascomus"},"styleUrl":"#icon-1899-DB4436","icon-opacity":1,"icon-color":"#db4436","icon-scale":1,"icon-offset":[32,64],"icon-offset-units":["pixels","insetPixels"],"icon":"https://www.gstatic.com/mapspro/images/stock/503-wht-blank_maps.png","descripción":"","Nº_Apiario":"B55152-3","_Cant__Colmenas":40,"_Provincia":"BUENOS AIRES","_Departamento":"Chascomus","_Latitud":-35.5847,"_Longitud":-57.6004,"_Cuit":"2.01214e+10","_Razón_Social":"BREGAR GUILLERMO ANTONIO","_Prov__Productor":"BUENOS AIRES","_Depto__Productor":"Chascomus"}},{"type":"Feature","geometry":{"type":"Point","coordinates":[-57.543858,-35.773725,0]},"properties":{"description":{"@type":"html","value":"descripción: <br>Nº_Apiario: B55152-6<br>_Cant__Colmenas: 50<br>_Provincia: BUENOS AIRES<br>_Departamento: Chascomus<br>_Latitud: -35.7737<br>_Longitud: -57.5439<br>_Cuit: 2.01214e+10<br>_Razón_Social: BREGAR GUILLERMO ANTONIO<br>_Prov__Productor: BUENOS AIRES<br>_Depto__Productor: Chascomus"},"styleUrl":"#icon-1899-DB4436","icon-opacity":1,"icon-color":"#db4436","icon-scale":1,"icon-offset":[32,64],"icon-offset-units":["pixels","insetPixels"],"icon":"https://www.gstatic.com/mapspro/images/stock/503-wht-blank_maps.png","descripción":"","Nº_Apiario":"B55152-6","_Cant__Colmenas":50,"_Provincia":"BUENOS AIRES","_Departamento":"Chascomus","_Latitud":-35.7737,"_Longitud":-57.5439,"_Cuit":"2.01214e+10","_Razón_Social":"BREGAR GUILLERMO ANTONIO","_Prov__Productor":"BUENOS AIRES","_Depto__Productor":"Chascomus"}},{"type":"Feature","geometry":{"type":"Point","coordinates":[-57.596817,-35.552868,0]},"properties":{"description":{"@type":"html","value":"descripción: <br>Nº_Apiario: B55152-4<br>_Cant__Colmenas: 30<br>_Provincia: BUENOS AIRES<br>_Departamento: Chascomus<br>_Latitud: -35.5529<br>_Longitud: -57.5968<br>_Cuit: 2.01214e+10<br>_Razón_Social: BREGAR GUILLERMO ANTONIO<br>_Prov__Productor: BUENOS AIRES<br>_Depto__Productor: Chascomus"},"styleUrl":"#icon-1899-DB4436","icon-opacity":1,"icon-color":"#db4436","icon-scale":1,"icon-offset":[32,64],"icon-offset-units":["pixels","insetPixels"],"icon":"https://www.gstatic.com/mapspro/images/stock/503-wht-blank_maps.png","descripción":"","Nº_Apiario":"B55152-4","_Cant__Colmenas":30,"_Provincia":"BUENOS AIRES","_Departamento":"Chascomus","_Latitud":-35.5529,"_Longitud":-57.5968,"_Cuit":"2.01214e+10","_Razón_Social":"BREGAR GUILLERMO ANTONIO","_Prov__Productor":"BUENOS AIRES","_Depto__Productor":"Chascomus"}},{"type":"Feature","geometry":{"type":"Point","coordinates":[-57.583764,-35.560678,0]},"properties":{"description":{"@type":"html","value":"descripción: <br>Nº_Apiario: B55152-5<br>_Cant__Colmenas: 30<br>_Provincia: BUENOS AIRES<br>_Departamento: Chascomus<br>_Latitud: -35.5607<br>_Longitud: -57.5838<br>_Cuit: 2.01214e+10<br>_Razón_Social: BREGAR GUILLERMO ANTONIO<br>_Prov__Productor: BUENOS AIRES<br>_Depto__Productor: Chascomus"},"styleUrl":"#icon-1899-DB4436","icon-opacity":1,"icon-color":"#db4436","icon-scale":1,"icon-offset":[32,64],"icon-offset-units":["pixels","insetPixels"],"icon":"https://www.gstatic.com/mapspro/images/stock/503-wht-blank_maps.png","descripción":"","Nº_Apiario":"B55152-5","_Cant__Colmenas":30,"_Provincia":"BUENOS AIRES","_Departamento":"Chascomus","_Latitud":-35.5607,"_Longitud":-57.5838,"_Cuit":"2.01214e+10","_Razón_Social":"BREGAR GUILLERMO ANTONIO","_Prov__Productor":"BUENOS AIRES","_Depto__Productor":"Chascomus"}},{"type":"Feature","geometry":{"type":"Point","coordinates":[-58.177117,-35.429796,0]},"properties":{"description":{"@type":"html","value":"descripción: <br>Nº_Apiario: B55257-0<br>_Cant__Colmenas: 100<br>_Provincia: BUENOS AIRES<br>_Departamento: Chascomus<br>_Latitud: -35.4298<br>_Longitud: -58.1771<br>_Cuit: 2.01853e+10<br>_Razón_Social: SARAVIA FABIO ROBERTO<br>_Prov__Productor: BUENOS AIRES<br>_Depto__Productor: Tigre"},"styleUrl":"#icon-1899-DB4436","icon-opacity":1,"icon-color":"#db4436","icon-scale":1,"icon-offset":[32,64],"icon-offset-units":["pixels","insetPixels"],"icon":"https://www.gstatic.com/mapspro/images/stock/503-wht-blank_maps.png","descripción":"","Nº_Apiario":"B55257-0","_Cant__Colmenas":100,"_Provincia":"BUENOS AIRES","_Departamento":"Chascomus","_Latitud":-35.4298,"_Longitud":-58.1771,"_Cuit":"2.01853e+10","_Razón_Social":"SARAVIA FABIO ROBERTO","_Prov__Productor":"BUENOS AIRES","_Depto__Productor":"Tigre"}},{"type":"Feature","geometry":{"type":"Point","coordinates":[-58.324283,-35.74928,0]},"properties":{"description":{"@type":"html","value":"descripción: <br>Nº_Apiario: B55407-3<br>_Cant__Colmenas: 50<br>_Provincia: BUENOS AIRES<br>_Departamento: Chascomus<br>_Latitud: -35.7493<br>_Longitud: -58.3243<br>_Cuit: 2.02258e+10<br>_Razón_Social: POGGIO PABLO LORENZO JOSE<br>_Prov__Productor: BUENOS AIRES<br>_Depto__Productor: General Belgrano"},"styleUrl":"#icon-1899-DB4436","icon-opacity":1,"icon-color":"#db4436","icon-scale":1,"icon-offset":[32,64],"icon-offset-units":["pixels","insetPixels"],"icon":"https://www.gstatic.com/mapspro/images/stock/503-wht-blank_maps.png","descripción":"","Nº_Apiario":"B55407-3","_Cant__Colmenas":50,"_Provincia":"BUENOS AIRES","_Departamento":"Chascomus","_Latitud":-35.7493,"_Longitud":-58.3243,"_Cuit":"2.02258e+10","_Razón_Social":"POGGIO PABLO LORENZO JOSE","_Prov__Productor":"BUENOS AIRES","_Depto__Productor":"General Belgrano"}},{"type":"Feature","geometry":{"type":"Point","coordinates":[-58.26416,-35.81166,0]},"properties":{"description":{"@type":"html","value":"descripción: <br>Nº_Apiario: B55686-6<br>_Cant__Colmenas: 35<br>_Provincia: BUENOS AIRES<br>_Departamento: Chascomus<br>_Latitud: -35.8117<br>_Longitud: -58.2642<br>_Cuit: 2.01438e+10<br>_Razón_Social: ALEGRE LORENZO ESTEBAN<br>_Prov__Productor: BUENOS AIRES<br>_Depto__Productor: General Belgrano"},"styleUrl":"#icon-1899-DB4436","icon-opacity":1,"icon-color":"#db4436","icon-scale":1,"icon-offset":[32,64],"icon-offset-units":["pixels","insetPixels"],"icon":"https://www.gstatic.com/mapspro/images/stock/503-wht-blank_maps.png","descripción":"","Nº_Apiario":"B55686-6","_Cant__Colmenas":35,"_Provincia":"BUENOS AIRES","_Departamento":"Chascomus","_Latitud":-35.8117,"_Longitud":-58.2642,"_Cuit":"2.01438e+10","_Razón_Social":"ALEGRE LORENZO ESTEBAN","_Prov__Productor":"BUENOS AIRES","_Depto__Productor":"General Belgrano"}},{"type":"Feature","geometry":{"type":"Point","coordinates":[-57.874805,-35.421675,0]},"properties":{"description":{"@type":"html","value":"descripción: <br>Nº_Apiario: Pendiente-1<br>_Cant__Colmenas: 50<br>_Provincia: BUENOS AIRES<br>_Departamento: Chascomus<br>_Latitud: -35.4217<br>_Longitud: -57.8748<br>_Cuit: 2.72029e+10<br>_Razón_Social: ALBERTO CECILIA MONICA<br>_Prov__Productor: BUENOS AIRES<br>_Depto__Productor: La Plata"},"styleUrl":"#icon-1899-DB4436","icon-opacity":1,"icon-color":"#db4436","icon-scale":1,"icon-offset":[32,64],"icon-offset-units":["pixels","insetPixels"],"icon":"https://www.gstatic.com/mapspro/images/stock/503-wht-blank_maps.png","descripción":"","Nº_Apiario":"Pendiente-1","_Cant__Colmenas":50,"_Provincia":"BUENOS AIRES","_Departamento":"Chascomus","_Latitud":-35.4217,"_Longitud":-57.8748,"_Cuit":"2.72029e+10","_Razón_Social":"ALBERTO CECILIA MONICA","_Prov__Productor":"BUENOS AIRES","_Depto__Productor":"La Plata"}},{"type":"Feature","geometry":{"type":"Point","coordinates":[-58.131768,-35.452496,0]},"properties":{"description":{"@type":"html","value":"descripción: <br>Nº_Apiario: B55797-1<br>_Cant__Colmenas: 50<br>_Provincia: BUENOS AIRES<br>_Departamento: Chascomus<br>_Latitud: -35.4525<br>_Longitud: -58.1318<br>_Cuit: 2.02949e+10<br>_Razón_Social: ETCHEPARE HUGO LUIS<br>_Prov__Productor: BUENOS AIRES<br>_Depto__Productor: Chascomus"},"styleUrl":"#icon-1899-DB4436","icon-opacity":1,"icon-color":"#db4436","icon-scale":1,"icon-offset":[32,64],"icon-offset-units":["pixels","insetPixels"],"icon":"https://www.gstatic.com/mapspro/images/stock/503-wht-blank_maps.png","descripción":"","Nº_Apiario":"B55797-1","_Cant__Colmenas":50,"_Provincia":"BUENOS AIRES","_Departamento":"Chascomus","_Latitud":-35.4525,"_Longitud":-58.1318,"_Cuit":"2.02949e+10","_Razón_Social":"ETCHEPARE HUGO LUIS","_Prov__Productor":"BUENOS AIRES","_Depto__Productor":"Chascomus"}},{"type":"Feature","geometry":{"type":"Point","coordinates":[-58.077919,-35.410172,0]},"properties":{"description":{"@type":"html","value":"descripción: <br>Nº_Apiario: B55847-1<br>_Cant__Colmenas: 100<br>_Provincia: BUENOS AIRES<br>_Departamento: Chascomus<br>_Latitud: -35.4102<br>_Longitud: -58.0779<br>_Cuit: 2.02017e+10<br>_Razón_Social: DUARTE JORGE GUILLERMO<br>_Prov__Productor: BUENOS AIRES<br>_Depto__Productor: Berazategui"},"styleUrl":"#icon-1899-DB4436","icon-opacity":1,"icon-color":"#db4436","icon-scale":1,"icon-offset":[32,64],"icon-offset-units":["pixels","insetPixels"],"icon":"https://www.gstatic.com/mapspro/images/stock/503-wht-blank_maps.png","descripción":"","Nº_Apiario":"B55847-1","_Cant__Colmenas":100,"_Provincia":"BUENOS AIRES","_Departamento":"Chascomus","_Latitud":-35.4102,"_Longitud":-58.0779,"_Cuit":"2.02017e+10","_Razón_Social":"DUARTE JORGE GUILLERMO","_Prov__Productor":"BUENOS AIRES","_Depto__Productor":"Berazategui"}},{"type":"Feature","geometry":{"type":"Point","coordinates":[-58.079955,-35.416858,0]},"properties":{"description":{"@type":"html","value":"descripción: <br>Nº_Apiario: B55857-192058<br>_Cant__Colmenas: 20<br>_Provincia: BUENOS AIRES<br>_Departamento: Chascomus<br>_Latitud: -35.4169<br>_Longitud: -58.08<br>_Cuit: 2.01146e+10<br>_Razón_Social: LAGANA JOSE LUIS<br>_Prov__Productor: BUENOS AIRES<br>_Depto__Productor: Quilmes"},"styleUrl":"#icon-1899-DB4436","icon-opacity":1,"icon-color":"#db4436","icon-scale":1,"icon-offset":[32,64],"icon-offset-units":["pixels","insetPixels"],"icon":"https://www.gstatic.com/mapspro/images/stock/503-wht-blank_maps.png","descripción":"","Nº_Apiario":"B55857-192058","_Cant__Colmenas":20,"_Provincia":"BUENOS AIRES","_Departamento":"Chascomus","_Latitud":-35.4169,"_Longitud":-58.08,"_Cuit":"2.01146e+10","_Razón_Social":"LAGANA JOSE LUIS","_Prov__Productor":"BUENOS AIRES","_Depto__Productor":"Quilmes"}},{"type":"Feature","geometry":{"type":"Point","coordinates":[-58.025385,-35.430698,0]},"properties":{"description":{"@type":"html","value":"descripción: <br>Nº_Apiario: B55956-350<br>_Cant__Colmenas: 30<br>_Provincia: BUENOS AIRES<br>_Departamento: Chascomus<br>_Latitud: -35.4307<br>_Longitud: -58.0254<br>_Cuit: 2.04268e+10<br>_Razón_Social: MOJA FRANCISCO<br>_Prov__Productor: BUENOS AIRES<br>_Depto__Productor: Chascomus"},"styleUrl":"#icon-1899-DB4436","icon-opacity":1,"icon-color":"#db4436","icon-scale":1,"icon-offset":[32,64],"icon-offset-units":["pixels","insetPixels"],"icon":"https://www.gstatic.com/mapspro/images/stock/503-wht-blank_maps.png","descripción":"","Nº_Apiario":"B55956-350","_Cant__Colmenas":30,"_Provincia":"BUENOS AIRES","_Departamento":"Chascomus","_Latitud":-35.4307,"_Longitud":-58.0254,"_Cuit":"2.04268e+10","_Razón_Social":"MOJA FRANCISCO","_Prov__Productor":"BUENOS AIRES","_Depto__Productor":"Chascomus"}},{"type":"Feature","geometry":{"type":"Point","coordinates":[-57.988346,-35.426251,0]},"properties":{"description":{"@type":"html","value":"descripción: <br>Nº_Apiario: B55956-30<br>_Cant__Colmenas: 30<br>_Provincia: BUENOS AIRES<br>_Departamento: Chascomus<br>_Latitud: -35.4263<br>_Longitud: -57.9883<br>_Cuit: 2.04268e+10<br>_Razón_Social: MOJA FRANCISCO<br>_Prov__Productor: BUENOS AIRES<br>_Depto__Productor: Chascomus"},"styleUrl":"#icon-1899-DB4436","icon-opacity":1,"icon-color":"#db4436","icon-scale":1,"icon-offset":[32,64],"icon-offset-units":["pixels","insetPixels"],"icon":"https://www.gstatic.com/mapspro/images/stock/503-wht-blank_maps.png","descripción":"","Nº_Apiario":"B55956-30","_Cant__Colmenas":30,"_Provincia":"BUENOS AIRES","_Departamento":"Chascomus","_Latitud":-35.4263,"_Longitud":-57.9883,"_Cuit":"2.04268e+10","_Razón_Social":"MOJA FRANCISCO","_Prov__Productor":"BUENOS AIRES","_Depto__Productor":"Chascomus"}},{"type":"Feature","geometry":{"type":"Point","coordinates":[-58.174438,-35.85909,0]},"properties":{"description":{"@type":"html","value":"descripción: <br>Nº_Apiario: B16099-3<br>_Cant__Colmenas: 50<br>_Provincia: BUENOS AIRES<br>_Departamento: Chascomus<br>_Latitud: -35.8591<br>_Longitud: -58.1744<br>_Cuit: 2.01474e+10<br>_Razón_Social: VARELA JULIO CESAR<br>_Prov__Productor: BUENOS AIRES<br>_Depto__Productor: Pila"},"styleUrl":"#icon-1899-DB4436","icon-opacity":1,"icon-color":"#db4436","icon-scale":1,"icon-offset":[32,64],"icon-offset-units":["pixels","insetPixels"],"icon":"https://www.gstatic.com/mapspro/images/stock/503-wht-blank_maps.png","descripción":"","Nº_Apiario":"B16099-3","_Cant__Colmenas":50,"_Provincia":"BUENOS AIRES","_Departamento":"Chascomus","_Latitud":-35.8591,"_Longitud":-58.1744,"_Cuit":"2.01474e+10","_Razón_Social":"VARELA JULIO CESAR","_Prov__Productor":"BUENOS AIRES","_Depto__Productor":"Pila"}},{"type":"Feature","geometry":{"type":"Point","coordinates":[-58.271401,-35.695401,0]},"properties":{"description":{"@type":"html","value":"descripción: <br>Nº_Apiario: B56026-2<br>_Cant__Colmenas: 70<br>_Provincia: BUENOS AIRES<br>_Departamento: Chascomus<br>_Latitud: -35.6954<br>_Longitud: -58.2714<br>_Cuit: 2.03117e+10<br>_Razón_Social: RODRIGUEZ GUSTAVO FABIAN<br>_Prov__Productor: BUENOS AIRES<br>_Depto__Productor: General Belgrano"},"styleUrl":"#icon-1899-DB4436","icon-opacity":1,"icon-color":"#db4436","icon-scale":1,"icon-offset":[32,64],"icon-offset-units":["pixels","insetPixels"],"icon":"https://www.gstatic.com/mapspro/images/stock/503-wht-blank_maps.png","descripción":"","Nº_Apiario":"B56026-2","_Cant__Colmenas":70,"_Provincia":"BUENOS AIRES","_Departamento":"Chascomus","_Latitud":-35.6954,"_Longitud":-58.2714,"_Cuit":"2.03117e+10","_Razón_Social":"RODRIGUEZ GUSTAVO FABIAN","_Prov__Productor":"BUENOS AIRES","_Depto__Productor":"General Belgrano"}},{"type":"Feature","geometry":{"type":"Point","coordinates":[-57.910857,-35.704008,0]},"properties":{"description":{"@type":"html","value":"descripción: <br>Nº_Apiario: B56036-1<br>_Cant__Colmenas: 200<br>_Provincia: BUENOS AIRES<br>_Departamento: Chascomus<br>_Latitud: -35.704<br>_Longitud: -57.9109<br>_Cuit: 2.03653e+10<br>_Razón_Social: VALDES LUCAS DAMIAN<br>_Prov__Productor: BUENOS AIRES<br>_Depto__Productor: Chascomus"},"styleUrl":"#icon-1899-DB4436","icon-opacity":1,"icon-color":"#db4436","icon-scale":1,"icon-offset":[32,64],"icon-offset-units":["pixels","insetPixels"],"icon":"https://www.gstatic.com/mapspro/images/stock/503-wht-blank_maps.png","descripción":"","Nº_Apiario":"B56036-1","_Cant__Colmenas":200,"_Provincia":"BUENOS AIRES","_Departamento":"Chascomus","_Latitud":-35.704,"_Longitud":-57.9109,"_Cuit":"2.03653e+10","_Razón_Social":"VALDES LUCAS DAMIAN","_Prov__Productor":"BUENOS AIRES","_Depto__Productor":"Chascomus"}},{"type":"Feature","geometry":{"type":"Point","coordinates":[-57.954001,-35.516815,0]},"properties":{"description":{"@type":"html","value":"descripción: <br>Nº_Apiario: B56036-2<br>_Cant__Colmenas: 40<br>_Provincia: BUENOS AIRES<br>_Departamento: Chascomus<br>_Latitud: -35.5168<br>_Longitud: -57.954<br>_Cuit: 2.03653e+10<br>_Razón_Social: VALDES LUCAS DAMIAN<br>_Prov__Productor: BUENOS AIRES<br>_Depto__Productor: Chascomus"},"styleUrl":"#icon-1899-DB4436","icon-opacity":1,"icon-color":"#db4436","icon-scale":1,"icon-offset":[32,64],"icon-offset-units":["pixels","insetPixels"],"icon":"https://www.gstatic.com/mapspro/images/stock/503-wht-blank_maps.png","descripción":"","Nº_Apiario":"B56036-2","_Cant__Colmenas":40,"_Provincia":"BUENOS AIRES","_Departamento":"Chascomus","_Latitud":-35.5168,"_Longitud":-57.954,"_Cuit":"2.03653e+10","_Razón_Social":"VALDES LUCAS DAMIAN","_Prov__Productor":"BUENOS AIRES","_Depto__Productor":"Chascomus"}},{"type":"Feature","geometry":{"type":"Point","coordinates":[-57.987919,-35.460416,0]},"properties":{"description":{"@type":"html","value":"descripción: <br>Nº_Apiario: B56036-3<br>_Cant__Colmenas: 40<br>_Provincia: BUENOS AIRES<br>_Departamento: Chascomus<br>_Latitud: -35.4604<br>_Longitud: -57.9879<br>_Cuit: 2.03653e+10<br>_Razón_Social: VALDES LUCAS DAMIAN<br>_Prov__Productor: BUENOS AIRES<br>_Depto__Productor: Chascomus"},"styleUrl":"#icon-1899-DB4436","icon-opacity":1,"icon-color":"#db4436","icon-scale":1,"icon-offset":[32,64],"icon-offset-units":["pixels","insetPixels"],"icon":"https://www.gstatic.com/mapspro/images/stock/503-wht-blank_maps.png","descripción":"","Nº_Apiario":"B56036-3","_Cant__Colmenas":40,"_Provincia":"BUENOS AIRES","_Departamento":"Chascomus","_Latitud":-35.4604,"_Longitud":-57.9879,"_Cuit":"2.03653e+10","_Razón_Social":"VALDES LUCAS DAMIAN","_Prov__Productor":"BUENOS AIRES","_Depto__Productor":"Chascomus"}},{"type":"Feature","geometry":{"type":"Point","coordinates":[-57.989209,-35.502673,0]},"properties":{"description":{"@type":"html","value":"descripción: <br>Nº_Apiario: B56893-1<br>_Cant__Colmenas: 13<br>_Provincia: BUENOS AIRES<br>_Departamento: Chascomus<br>_Latitud: -35.5027<br>_Longitud: -57.9892<br>_Cuit: 3.07161e+10<br>_Razón_Social: INGENIERIACHASCOMUS S.A.S.<br>_Prov__Productor: BUENOS AIRES<br>_Depto__Productor: Chascomus"},"styleUrl":"#icon-1899-DB4436","icon-opacity":1,"icon-color":"#db4436","icon-scale":1,"icon-offset":[32,64],"icon-offset-units":["pixels","insetPixels"],"icon":"https://www.gstatic.com/mapspro/images/stock/503-wht-blank_maps.png","descripción":"","Nº_Apiario":"B56893-1","_Cant__Colmenas":13,"_Provincia":"BUENOS AIRES","_Departamento":"Chascomus","_Latitud":-35.5027,"_Longitud":-57.9892,"_Cuit":"3.07161e+10","_Razón_Social":"INGENIERIACHASCOMUS S.A.S.","_Prov__Productor":"BUENOS AIRES","_Depto__Productor":"Chascomus"}},{"type":"Feature","geometry":{"type":"Point","coordinates":[-58.2558283,-35.6774092,0]},"properties":{"name":"Punto 508","description":{"@type":"html","value":"descripción: <br>Nº_Apiario: <br>_Cant__Colmenas: <br>_Provincia: <br>_Departamento: <br>_Latitud: <br>_Longitud: <br>_Cuit: <br>_Razón_Social: <br>_Prov__Productor: <br>_Depto__Productor: "},"styleUrl":"#icon-1899-0288D1","icon-opacity":1,"icon-color":"#0288d1","icon-scale":1,"icon-offset":[32,64],"icon-offset-units":["pixels","insetPixels"],"icon":"https://www.gstatic.com/mapspro/images/stock/503-wht-blank_maps.png","descripción":"","Nº_Apiario":"","_Cant__Colmenas":"","_Provincia":"","_Departamento":"","_Latitud":"","_Longitud":"","_Cuit":"","_Razón_Social":"","_Prov__Productor":"","_Depto__Productor":""}}]}