{"type":"FeatureCollection","features":[{"type":"Feature","properties":{"CCA":"02701","ARA3":2737.22,"SAG":"ARBA","PARTIDO":"027","CIRC":1,"NOMENCLA":"Circ. I","AREA_HA":273.7},"geometry":{"type":"Polygon","coordinates":[[[-58.00949824652543,-35.56699218476117],[-58.009392060788166,-35.567597516316376],[-58.008348274958266,-35.56746889172576],[-58.00410229615165,-35.56696151061701],[-58.00247444531922,-35.571816446298214],[-58.00209945743345,-35.57373420973869],[-58.00171799731772,-35.57576071902387],[-58.00088859251066,-35.580311307025575],[-58.000543412673245,-35.58281897773933],[-58.00154698215768,-35.58288212517253],[-58.002913540001686,-35.58320900115095],[-58.00377913367828,-35.58405796105872],[-58.00447558948688,-35.584615485537945],[-58.00472556275209,-35.58474857545862],[-58.00508457736304,-35.58479065516998],[-58.00756335495465,-35.58484599945575],[-58.008754068554,-35.5848726227523],[-58.01145651657976,-35.58482741388968],[-58.01230977216028,-35.584685059001515],[-58.01384708542895,-35.58410891317406],[-58.01467166171855,-35.58387667745224],[-58.01664467268592,-35.583635771699],[-58.01773763249963,-35.577581553281156],[-58.019274212843094,-35.567993827560144],[-58.01658317757905,-35.567724376478346],[-58.01093877098239,-35.5671460915892],[-58.00949824652543,-35.56699218476117]]]}},{"type":"Feature","properties":{"CCA":"02702","ARA3":62374.89,"SAG":"ARBA","PARTIDO":"027","CIRC":2,"NOMENCLA":"Circ. II","AREA_HA":6237.5},"geometry":{"type":"Polygon","coordinates":[[[-58.007910371076875,-35.62976182091112],[-58.00882709175936,-35.62804179883001],[-58.00953117847012,-35.626976968431094],[-58.01132631273699,-35.62488900818259],[-58.013656947426675,-35.62369781103307],[-58.01657203914782,-35.622907188377994],[-58.01745329309492,-35.622764544261166],[-58.01828076402222,-35.622734999778864],[-58.019995223280205,-35.62244636676547],[-58.02076456573585,-35.6223168167715],[-58.02147984104809,-35.622168801823086],[-58.023891412533125,-35.62163483509157],[-58.025436790722466,-35.62127738758152],[-58.02680455072708,-35.620341916876015],[-58.02757307220013,-35.62001992073867],[-58.028066285583776,-35.61974540672108],[-58.02967278147415,-35.61806435085063],[-58.030382667307244,-35.617472483118995],[-58.030875197138414,-35.61715279986613],[-58.031341338758466,-35.61692351596656],[-58.03216588104435,-35.616668637440085],[-58.03282451999275,-35.61639257064239],[-58.03348237977777,-35.616048993605006],[-58.03364496638421,-35.615822313269646],[-58.03380876856577,-35.615685674358836],[-58.03532216025449,-35.6153572217308],[-58.036256387794,-35.61505634444725],[-58.03661245828296,-35.61485047630962],[-58.03786783054367,-35.61378066853109],[-58.03849977968073,-35.612756655625894],[-58.03867867282627,-35.61246688482755],[-58.03908757940389,-35.61208038364584],[-58.03910479907004,-35.609151119832184],[-58.03895318082926,-35.60809352869856],[-58.038839371402766,-35.60782413287501],[-58.037565026624186,-35.60528906964547],[-58.0373130489199,-35.60499831758883],[-58.03672289187698,-35.60416976134845],[-58.036580617725605,-35.60383303630176],[-58.036232145083105,-35.60248414431992],[-58.03606173133191,-35.60210262474197],[-58.03589309195445,-35.60185621197581],[-58.035613097965715,-35.60154319253456],[-58.035306844692585,-35.601320487124546],[-58.03469268335471,-35.60076249695667],[-58.03446798627948,-35.600449025375724],[-58.034185129740564,-35.59991067563588],[-58.03409838424611,-35.59959594010126],[-58.03448745164006,-35.59767749277272],[-58.03513784542908,-35.596770670265315],[-58.03600715554054,-35.59572674780426],[-58.0362507933252,-35.59536414288474],[-58.03646562241883,-35.59491167652258],[-58.03739309778997,-35.5936573778582],[-58.03804439331727,-35.59327581741607],[-58.03853918214272,-35.593136360281676],[-58.03886989103497,-35.59311101582163],[-58.03944910522343,-35.59310602508976],[-58.04248768234545,-35.593440280301074],[-58.04598979035725,-35.593342319611935],[-58.04684532664117,-35.593379982392236],[-58.04742577673818,-35.59346499567874],[-58.04850257297766,-35.593545791915474],[-58.05194152709977,-35.592839907177805],[-58.054126410085345,-35.59246078840993],[-58.055006503845306,-35.592025968842],[-58.055459239752985,-35.59184025574663],[-58.056918623645494,-35.59164726105131],[-58.057581832061416,-35.59173157757263],[-58.0582734236153,-35.59188321151576],[-58.06095920919854,-35.59264818085585],[-58.06192305498255,-35.592526988835196],[-58.06316865159246,-35.592122498761455],[-58.06482727031798,-35.59085711453763],[-58.06518271140231,-35.59082110097298],[-58.06533740420412,-35.59042141164517],[-58.06543240027397,-35.58892201778574],[-58.06537903508238,-35.58749972085439],[-58.06505965157406,-35.58584111117834],[-58.064787592384896,-35.58493002603014],[-58.06390629449494,-35.583555794256085],[-58.06314081463371,-35.58279672629027],[-58.06153358328519,-35.581730797105294],[-58.060619626099616,-35.5803560166018],[-58.05840388293826,-35.57554056689618],[-58.05605066826917,-35.571759788832914],[-58.055819411232356,-35.570950719051616],[-58.0558437150374,-35.5707026698516],[-58.055838405073175,-35.570297166175656],[-58.055968846001896,-35.569732730552666],[-58.05647532745949,-35.568398937965846],[-58.05795626864582,-35.56568220591983],[-58.05832537002252,-35.56439467080043],[-58.05852071507617,-35.56402321796088],[-58.06013674476004,-35.56165250271912],[-58.06145447396178,-35.55911737548598],[-58.06088887990623,-35.558040886593815],[-58.06052563715793,-35.55768360058074],[-58.06067483166992,-35.557226333984666],[-58.06034417773027,-35.5572100193798],[-58.05955506811646,-35.557264001301675],[-58.05927761882668,-35.55713121300979],[-58.05844402802816,-35.556642891427046],[-58.05824749346879,-35.55637425201333],[-58.05637466853196,-35.554430423227444],[-58.05598637281769,-35.55425357696199],[-58.05432630317781,-35.553817496968314],[-58.05388467247035,-35.553776304411684],[-58.0507451071876,-35.554051600802445],[-58.04851357740071,-35.55398241988908],[-58.048213971533556,-35.553964231955156],[-58.047913521784736,-35.553967206164806],[-58.04761443465223,-35.553991288136274],[-58.0470295267855,-35.55410166252886],[-58.04669849354453,-35.5541607290945],[-58.04619117392776,-35.55416827625824],[-58.045776335657564,-35.55410009395935],[-58.045385680630076,-35.55396697052589],[-58.0451998951971,-35.553802655375065],[-58.0449472968762,-35.55353804188255],[-58.04472824728522,-35.55325423737247],[-58.04460195848224,-35.55305574241636],[-58.04411582125017,-35.55329458405017],[-58.04014517009641,-35.55459223244205],[-58.03925000602149,-35.5573888329413],[-58.036150426110474,-35.55457172607815],[-58.032405861392775,-35.551196219170244],[-58.02984426998427,-35.54891138068738],[-58.029081622489585,-35.54867534328803],[-58.026203479347515,-35.546271440665905],[-58.025672403761085,-35.54581992955046],[-58.0247319120247,-35.54504613325407],[-58.02416235264354,-35.54456848314448],[-58.02362959313575,-35.5441236040031],[-58.0233375554328,-35.543879746582476],[-58.02303363284548,-35.54362605149945],[-58.02275540630041,-35.54345748308525],[-58.022214144063305,-35.54292396772045],[-58.02149944353306,-35.54222504022966],[-58.02116640845057,-35.541891293243836],[-58.01958995472301,-35.54033754445577],[-58.01914296054835,-35.53990865321894],[-58.01917848798853,-35.54221594089327],[-58.01873507268192,-35.542147647614605],[-58.01565379894113,-35.54430445301435],[-58.0151361420097,-35.54459969978504],[-58.01507131736817,-35.544536815158786],[-58.01481428526776,-35.544408046920445],[-58.0146986213184,-35.54435009203455],[-58.014577401135526,-35.54428943226167],[-58.01445313518598,-35.54422710017474],[-58.0143257088304,-35.54416327410117],[-58.01420367961242,-35.54411755931272],[-58.013966831144685,-35.5440288614228],[-58.01386053283877,-35.54398908255698],[-58.01324754986983,-35.54375946708179],[-58.012893262535904,-35.54362683904647],[-58.01201597699048,-35.54328661756924],[-58.0114639449278,-35.54307611093563],[-58.01089232269445,-35.542846445045576],[-58.01031640672855,-35.54261219999089],[-58.01256921205233,-35.54092451897468],[-58.0125874435452,-35.540909500416475],[-58.009495647012294,-35.54032952756659],[-58.00940049674485,-35.54029398399323],[-58.00948894232611,-35.539677452903284],[-58.009846391002924,-35.53718723748609],[-58.01006550455332,-35.53581519620156],[-58.010586673511824,-35.53541630862261],[-58.01086252054346,-35.53273712673729],[-58.00945863125344,-35.53143327514729],[-58.008892052781114,-35.53118593187173],[-58.00816886825901,-35.530870126447844],[-58.00391590222987,-35.526838079170076],[-58.003258328704476,-35.526225689386855],[-58.0028114860464,-35.52659775237436],[-58.002070654341225,-35.52712516236498],[-58.00179426673801,-35.527362083593815],[-57.99988873243141,-35.52867811956667],[-57.998106074543585,-35.5300020218125],[-57.997179861019184,-35.53044558139343],[-57.99152952237778,-35.53446070358438],[-57.98766022456552,-35.53737726945988],[-57.98611376780606,-35.53841882289401],[-57.98257840097862,-35.54097746424626],[-57.97637812693761,-35.54543283910662],[-57.96951171935335,-35.55060521352391],[-57.963593067071706,-35.555203055256285],[-57.951196420007044,-35.56440002979764],[-57.944461415144204,-35.55779175801056],[-57.94205112743924,-35.55564121541336],[-57.93978276426584,-35.55368480840502],[-57.93463628029948,-35.548878154788135],[-57.934259868514125,-35.54884728418835],[-57.93156665226518,-35.55076452427131],[-57.93131253741546,-35.550960209378545],[-57.9282140680455,-35.55315129073715],[-57.92730662774407,-35.553804221127876],[-57.927086838303445,-35.55397219239654],[-57.92739600880934,-35.554341286818214],[-57.930064731210955,-35.55675517312645],[-57.930435766725004,-35.55709081005463],[-57.93189796048233,-35.558413235772555],[-57.93223129300134,-35.558714699110546],[-57.93456598068463,-35.56082620227717],[-57.93506077650507,-35.56126532108828],[-57.938469819222085,-35.56445017258841],[-57.93908508853287,-35.565022717876346],[-57.94238087579377,-35.568090093045036],[-57.94379793585793,-35.56942449380752],[-57.94802743701658,-35.57321619003903],[-57.955885326731405,-35.580197464730645],[-57.959284013794324,-35.578281643254265],[-57.96003677475299,-35.57905330575359],[-57.962857782685276,-35.582022706692705],[-57.96841121927034,-35.5869030894818],[-57.97123189451299,-35.58918726951379],[-57.97598048340532,-35.59259692966531],[-57.97628747788223,-35.592843585036405],[-57.9795247229294,-35.595215853079324],[-57.97938610072345,-35.59534959603047],[-57.979384516044995,-35.59535119145304],[-57.97957687429499,-35.595462911640226],[-57.97987840096334,-35.595638278517875],[-57.9836602519763,-35.600946833501176],[-57.98503237980803,-35.60209014629238],[-57.98735170492705,-35.603214851135974],[-57.98880260297322,-35.60437547792695],[-57.989325238765495,-35.605051567175494],[-57.99094441460596,-35.60692027877384],[-57.9913569288032,-35.60729319053953],[-57.992458703596,-35.60826448554418],[-57.99686697888112,-35.61190511505017],[-57.997711598269156,-35.61294507648298],[-57.99774970933377,-35.61312052602282],[-57.99775258723933,-35.613354773208606],[-57.99759582249906,-35.61517205514406],[-57.99771430751461,-35.61604981665534],[-57.997907154149196,-35.617132015074866],[-57.997932628244975,-35.61918210942493],[-57.99808374630289,-35.61979593617762],[-57.99811510828024,-35.61992351434359],[-57.99833950203005,-35.620174599415186],[-57.99899175078628,-35.62069645915597],[-58.00000841570767,-35.62168384505479],[-58.00054439187867,-35.62220016120163],[-58.0005814386405,-35.6230657542034],[-58.00088626557353,-35.623136685954265],[-58.00122733916156,-35.623418538204575],[-58.001617385717125,-35.624003164995045],[-58.0021640305703,-35.625510965081865],[-58.00180412717962,-35.62697389706281],[-58.001949927617936,-35.62760349029962],[-58.00209273608882,-35.62798531798181],[-58.00268343464373,-35.628881720857706],[-58.00343935131449,-35.62912683310949],[-58.00398325914042,-35.62909620075016],[-58.004368354394856,-35.62900283000159],[-58.005553817319075,-35.62890280181013],[-58.00583001886988,-35.62892305531777],[-58.00630027418163,-35.62900923852225],[-58.007050712968244,-35.629431035910194],[-58.007359784384306,-35.62975901928809],[-58.007910371076875,-35.62976182091112]],[[-58.00949824652543,-35.56699218476117],[-58.01093877098239,-35.5671460915892],[-58.01658317757905,-35.567724376478346],[-58.019274212843094,-35.567993827560144],[-58.01773763249963,-35.577581553281156],[-58.01664467268592,-35.583635771699],[-58.01467166171855,-35.58387667745224],[-58.01384708542895,-35.58410891317406],[-58.01230977216028,-35.584685059001515],[-58.01145651657976,-35.58482741388968],[-58.008754068554,-35.5848726227523],[-58.00756335495465,-35.58484599945575],[-58.00508457736304,-35.58479065516998],[-58.00472556275209,-35.58474857545862],[-58.00447558948688,-35.584615485537945],[-58.00377913367828,-35.58405796105872],[-58.002913540001686,-35.58320900115095],[-58.00154698215768,-35.58288212517253],[-58.000543412673245,-35.58281897773933],[-58.00088859251066,-35.580311307025575],[-58.00171799731772,-35.57576071902387],[-58.00209945743345,-35.57373420973869],[-58.00247444531922,-35.571816446298214],[-58.00410229615165,-35.56696151061701],[-58.008348274958266,-35.56746889172576],[-58.009392060788166,-35.567597516316376],[-58.00949824652543,-35.56699218476117]]]}},{"type":"Feature","properties":{"CCA":"02703","ARA3":132979.58,"SAG":"ARBA","PARTIDO":"027","CIRC":3,"NOMENCLA":"Circ. III","AREA_HA":13298.0},"geometry":{"type":"Polygon","coordinates":[[[-57.87077793663633,-35.59505107637079],[-57.86697415813816,-35.597825465501025],[-57.86682602821492,-35.59793619968398],[-57.871185839604124,-35.598926854121586],[-57.87212159964472,-35.5990661165618],[-57.87306733757253,-35.599149500021106],[-57.874017992999164,-35.59917637426643],[-57.87496859906133,-35.599146741635714],[-57.875913965946275,-35.59906069080032],[-57.87879538954012,-35.598690114300744],[-57.880792546759935,-35.599158962770034],[-57.883399732356665,-35.6012490242448],[-57.88515148085982,-35.60387269064943],[-57.88954101478569,-35.60643291663238],[-57.88901424464443,-35.60749139210321],[-57.88628958113899,-35.607903075740374],[-57.885738842830534,-35.60830647081162],[-57.88594307949247,-35.60849955568406],[-57.88812666560961,-35.61049620908374],[-57.894661039000695,-35.616369591563554],[-57.900662496390105,-35.62182253221325],[-57.9039305977131,-35.624752329334974],[-57.906701153672934,-35.62718761213655],[-57.90852490571348,-35.628859744795015],[-57.91200647897949,-35.63198073475517],[-57.9169192500067,-35.636454970629],[-57.92104155883439,-35.64010996627061],[-57.92123111477351,-35.640275256170945],[-57.92084305909252,-35.640553932726036],[-57.907438750538574,-35.65109643914433],[-57.907224733648114,-35.65122986508486],[-57.907357424988824,-35.65142915037907],[-57.9038001098671,-35.65414739786897],[-57.90665821006098,-35.6566327813002],[-57.90674698826258,-35.65675083616309],[-57.910924586806665,-35.660473639514585],[-57.915203688386306,-35.66443513737362],[-57.91691789058778,-35.66610327071169],[-57.91723540789571,-35.666390176285894],[-57.91749233644863,-35.66661638050562],[-57.92230470922577,-35.671002622365975],[-57.92340981145657,-35.67198982753786],[-57.918643143915254,-35.67568648709133],[-57.91842356090346,-35.67585371647429],[-57.9169403212318,-35.6771187754759],[-57.91405903774415,-35.67923869462288],[-57.91184212173296,-35.68093971118059],[-57.90741532780689,-35.684374267374835],[-57.90520285618486,-35.686156240552364],[-57.899536112535195,-35.69046115727644],[-57.89818282875194,-35.69149585140532],[-57.90004996603564,-35.693118415437006],[-57.907348776698804,-35.69954236203199],[-57.91182975664484,-35.70343613420922],[-57.91302076520303,-35.70447025110715],[-57.91714515195379,-35.708065152270514],[-57.9238572236666,-35.71438623597144],[-57.9274111850806,-35.717714229823216],[-57.929240898402966,-35.71639753384186],[-57.929889764392456,-35.71691628418082],[-57.93765895525133,-35.72321650905582],[-57.93925983750598,-35.724424191253455],[-57.94061952012137,-35.725490848025814],[-57.94445867989167,-35.72859066320239],[-57.9492162530803,-35.73244131079078],[-57.95342783608013,-35.735779497479925],[-57.95441727184534,-35.736588928337305],[-57.95901974305633,-35.7402615685608],[-57.96647217469898,-35.74625174868181],[-57.9723598657338,-35.75097484310817],[-57.98030741327452,-35.75731585093087],[-57.980266787891615,-35.75704249832902],[-57.98017865065599,-35.75661516209473],[-57.97992486191319,-35.75621171526587],[-57.979698829532715,-35.755808013402756],[-57.97950033208786,-35.755404052934765],[-57.97930226153857,-35.7550226266044],[-57.97916123550183,-35.754798498012725],[-57.978854469941055,-35.75457563844741],[-57.978657958678085,-35.75432940100014],[-57.97837634032015,-35.75390358665937],[-57.97787453129172,-35.75354723766331],[-57.977817270940974,-35.75338993539073],[-57.97767386751509,-35.75296301958066],[-57.97750531770108,-35.752739147081115],[-57.97730901838539,-35.75251543834539],[-57.97711366407659,-35.752359236936655],[-57.97658661218194,-35.75220583436678],[-57.975990585685956,-35.751938902490984],[-57.97533384458233,-35.75147252519421],[-57.97512368969548,-35.751237586388804],[-57.974968918882944,-35.75071469009871],[-57.97515348800822,-35.75027977768273],[-57.975341990510955,-35.74987277487185],[-57.97552997685405,-35.74942061834074],[-57.97563555683028,-35.74901420131767],[-57.97579641504603,-35.74860736302516],[-57.97601255294601,-35.74820001314278],[-57.97628396741372,-35.747792241415375],[-57.97658301718711,-35.7473843032384],[-57.97715585536568,-35.746771285884435],[-57.97742674134279,-35.746318447823064],[-57.97764286202884,-35.745911184462116],[-57.977858668548954,-35.74548129795255],[-57.97801950759309,-35.74507445586034],[-57.97828601453282,-35.744261195034966],[-57.97839157250166,-35.74385477458527],[-57.978437484522416,-35.7430883560253],[-57.97843248689481,-35.7426828703649],[-57.978455127893724,-35.742277128400545],[-57.97853283945367,-35.74184843312045],[-57.97857811921546,-35.7410369489622],[-57.97854642786261,-35.74069922725032],[-57.97851649554814,-35.740519226383675],[-57.978428696013424,-35.74011442127441],[-57.97836842458,-35.73970935795847],[-57.97828031442863,-35.73928193005694],[-57.97822004417222,-35.738876866658885],[-57.978132247546846,-35.73847206133696],[-57.978099615671006,-35.73806674161224],[-57.97803966123658,-35.73768421072565],[-57.97795405152281,-35.73745957058326],[-57.97789022243799,-35.73734387834337],[-57.97775623023103,-35.7371007631573],[-57.977773229103846,-35.736992377109544],[-57.97780749775975,-35.736773627148864],[-57.97749860158365,-35.73639312761051],[-57.97746635127921,-35.73599907774069],[-57.97740869303696,-35.735796803822296],[-57.97732131271701,-35.735436969414806],[-57.977142297901416,-35.73435697159022],[-57.97709490554528,-35.73382326767028],[-57.977239950002456,-35.73329721558337],[-57.977264773559675,-35.733071728826296],[-57.977315882631075,-35.73273332648739],[-57.97745922267764,-35.73226140108601],[-57.977528431510045,-35.73203314632261],[-57.9776461271072,-35.731491405144006],[-57.97798052321342,-35.730587462684134],[-57.978031106636664,-35.7302040863985],[-57.97805437176759,-35.72984340896222],[-57.978049894175214,-35.72948289590367],[-57.9780966271674,-35.72878407168461],[-57.9782303117846,-35.728422546917756],[-57.978393093096514,-35.72817333685854],[-57.97863762220125,-35.72783340847603],[-57.978741388509604,-35.727689174873376],[-57.979130215057275,-35.72744637521114],[-57.979458787736704,-35.72719580389159],[-57.97962228393467,-35.72701427627343],[-57.979977335035656,-35.72667340792889],[-57.98033186345757,-35.72628747492827],[-57.98112452897498,-35.72558260863421],[-57.98205658797587,-35.7249891980808],[-57.98246771911573,-35.724715493309034],[-57.98263298941427,-35.72466906537957],[-57.9829075245212,-35.72453156653077],[-57.983374229078,-35.72427996620744],[-57.98375761157607,-35.72400642242343],[-57.98400294265584,-35.72373407801913],[-57.98427474997024,-35.72337134623502],[-57.98451903316339,-35.72300887348448],[-57.98465383516655,-35.72273737892364],[-57.98478747904089,-35.722375845231994],[-57.98542387375142,-35.72020765274905],[-57.98544877889073,-35.71998216480877],[-57.98549952584562,-35.719621224172094],[-57.98557832781279,-35.71928264995369],[-57.98571227992341,-35.71894355737729],[-57.985979655294805,-35.71822039805906],[-57.986031554849504,-35.71794958608992],[-57.986077683501804,-35.71720569139043],[-57.98607432422124,-35.71693530588652],[-57.986014659081164,-35.71657530973228],[-57.985982828147954,-35.71623767620756],[-57.98603472607733,-35.71596686411109],[-57.98611320692575,-35.715605666339435],[-57.98643130222389,-35.714521653785155],[-57.98653708939352,-35.71413775443085],[-57.98664319241028,-35.71377638768402],[-57.9867215574552,-35.713415187384356],[-57.98663373913831,-35.71301038617074],[-57.986491396785325,-35.71267360634902],[-57.986321223020205,-35.71231446382996],[-57.986233930940934,-35.71195472603109],[-57.98609106876814,-35.71157288212441],[-57.98592121569795,-35.71123627187212],[-57.985751045007675,-35.71087721872003],[-57.98566312562456,-35.71047232496636],[-57.98554821278993,-35.71011275495587],[-57.98546092613329,-35.709753016663264],[-57.985318387731475,-35.70939370471753],[-57.985092654543855,-35.70901254437135],[-57.9850623035545,-35.708787482323295],[-57.985002647279174,-35.70842748555442],[-57.98495527202081,-35.70789567472445],[-57.98507272879464,-35.70739041350429],[-57.98549689598114,-35.705945035361],[-57.98546570493642,-35.70565237682822],[-57.98540604848428,-35.70529238010017],[-57.98529134934227,-35.70495534076109],[-57.98506154143326,-35.7042361999376],[-57.98497426210182,-35.70387646124126],[-57.984831941202486,-35.703539679730426],[-57.98468941763479,-35.70318027707055],[-57.984548887403015,-35.70297869009377],[-57.98426876555192,-35.70266555119113],[-57.98365223696699,-35.70194956999535],[-57.98337243827805,-35.7016589619618],[-57.98283698300317,-35.70132991582226],[-57.982452173865845,-35.70094554294732],[-57.98208899116157,-35.700610551364385],[-57.98172665041416,-35.70034306515243],[-57.98128060347653,-35.70000875372196],[-57.98083539620413,-35.69974203718704],[-57.98052987006325,-35.699609314054],[-57.98005819652469,-35.699432891140574],[-57.97980708096698,-35.69923223567522],[-57.979388987099206,-35.698920193306165],[-57.978917524779476,-35.69876629701631],[-57.97856973911756,-35.69878937997743],[-57.97833839086526,-35.69883856780352],[-57.97789757409293,-35.69893226365863],[-57.97729112231749,-35.69903632958708],[-57.97662869624233,-35.699077816045026],[-57.975522651026765,-35.69897414779103],[-57.97524642331824,-35.69897634817378],[-57.974805085622286,-35.699024968952145],[-57.97394888665447,-35.69903191090268],[-57.97367328575803,-35.69907917310571],[-57.97323194453979,-35.69912787813223],[-57.97278997876537,-35.699131426019626],[-57.97259724587619,-35.69917800936029],[-57.97215642152748,-35.699271683887225],[-57.97182608680622,-35.69936451597743],[-57.971607072479,-35.699524012740106],[-57.97125180035522,-35.699842327886934],[-57.97106123523752,-35.70006916469332],[-57.970954053941625,-35.70034038968892],[-57.97087532356878,-35.70067895577495],[-57.97074154593053,-35.701040562568856],[-57.97063984258318,-35.70176233790834],[-57.97056016931667,-35.70203339562376],[-57.97050937260105,-35.7023942390376],[-57.97040155870984,-35.70262048797575],[-57.97021263794093,-35.70298251542702],[-57.970160901631,-35.70327576051851],[-57.970054851560405,-35.703637113200216],[-57.970056706888585,-35.70379483638201],[-57.97014371429701,-35.704132142965484],[-57.970230926641996,-35.70449189023836],[-57.970401012139185,-35.70485105305915],[-57.970516679103675,-35.70527814147014],[-57.97038320359696,-35.705662279977794],[-57.970385996757365,-35.70588760115709],[-57.97058288471531,-35.70617891275519],[-57.97108851018482,-35.70687326490826],[-57.9711484153388,-35.70725579925889],[-57.971065005696495,-35.70749102050773],[-57.970688080880656,-35.70802559134612],[-57.97041626902209,-35.70838829297926],[-57.9703358732454,-35.70859166567999],[-57.97031124317133,-35.7088396822807],[-57.97023269961231,-35.70920086800588],[-57.97005207507284,-35.70923512584099],[-57.96973667543751,-35.70929495292838],[-57.96929279824982,-35.709140853177836],[-57.968988083196365,-35.70907569647329],[-57.968573284923565,-35.70903400106125],[-57.96810281306718,-35.70897018821802],[-57.967929551751645,-35.70890589727092],[-57.967686568113926,-35.708815828408305],[-57.96726816381056,-35.708481211631344],[-57.966794823147374,-35.7081695440603],[-57.96657206639515,-35.707961861448894],[-57.966758242922026,-35.70742633319783],[-57.966920388066654,-35.70713216239579],[-57.96700079305171,-35.70692870209782],[-57.96685834304654,-35.706569370993115],[-57.96666249276114,-35.70636818059668],[-57.966464594471276,-35.70598673617535],[-57.966323998482366,-35.705785037396446],[-57.96607238759323,-35.705539290498216],[-57.96570925828722,-35.705204161185485],[-57.965660253965254,-35.70517620962379],[-57.9655145480476,-35.70509309779972],[-57.96509617190232,-35.704758474209214],[-57.96465048462564,-35.70444663544542],[-57.96423293724587,-35.70417960510082],[-57.96384352649616,-35.70395747351254],[-57.96342587399256,-35.703690438649126],[-57.96295308678883,-35.70342382054674],[-57.9625907982851,-35.703156368552584],[-57.96225531701342,-35.70282106650566],[-57.961975085806856,-35.70248534778999],[-57.961749793906066,-35.70212668013742],[-57.96152583535407,-35.70188058145277],[-57.96119005387923,-35.70152274406139],[-57.96082797919819,-35.70127781791124],[-57.960578039067485,-35.701167162313354],[-57.96016114177671,-35.700945183954],[-57.95974351742038,-35.70067813709952],[-57.95932498961229,-35.70032096400842],[-57.95882399381197,-35.70000951776488],[-57.958378865489784,-35.69974272056363],[-57.9579613638859,-35.699475669747216],[-57.95754437246191,-35.699253680914445],[-57.95726681980121,-35.69914327072087],[-57.95682333524713,-35.69901156988638],[-57.95635242686995,-35.69890264989092],[-57.9559092514394,-35.69879356844767],[-57.955577781427856,-35.69879613676537],[-57.95521930216853,-35.69884411087557],[-57.95477795667697,-35.698892657789116],[-57.95436392622651,-35.69891841923814],[-57.953950090741266,-35.69896680003553],[-57.95284982008101,-35.69914416311021],[-57.95232037647796,-35.69895718793024],[-57.951766410540586,-35.698826381702645],[-57.95157355740749,-35.69887292909647],[-57.951356631886384,-35.699212642639296],[-57.95116783192025,-35.69959716847755],[-57.950978526411056,-35.69993663068367],[-57.95073366672088,-35.70025397067495],[-57.950487489126246,-35.700458741112904],[-57.95024192621977,-35.700708486046835],[-57.950079425980874,-35.70098019057496],[-57.949890308668486,-35.70134218140669],[-57.949755236303886,-35.701591014465336],[-57.94953475102859,-35.701637808454635],[-57.94879619463075,-35.70225201981969],[-57.94857824320715,-35.70250160107979],[-57.94833417424582,-35.702886531215746],[-57.94814504423942,-35.70324851878484],[-57.9479278959695,-35.70356569438694],[-57.94773633892249,-35.70372489403193],[-57.94720807351816,-35.704193460915626],[-57.946803682435565,-35.70427297526836],[-57.94666102268553,-35.70389109072321],[-57.94690479928959,-35.70348354181455],[-57.946900565869015,-35.70312312274857],[-57.947035957981,-35.70289673579542],[-57.94706177042154,-35.70273885429428],[-57.9471124794932,-35.702355403587376],[-57.947191116112876,-35.70199432587308],[-57.94724201946111,-35.70163340568268],[-57.94756794375927,-35.70093413116809],[-57.94794660049355,-35.70047877973056],[-57.94823587965994,-35.7002649276941],[-57.94841315611396,-35.70022722119132],[-57.948854009255385,-35.70013363479511],[-57.94921148958617,-35.699995643601355],[-57.949595476327715,-35.699767272824225],[-57.94997864874211,-35.69947139500784],[-57.95022451759271,-35.69924409295868],[-57.950388128322025,-35.69906260648015],[-57.95038357387287,-35.69867956414],[-57.95046269479701,-35.69836354672818],[-57.950541203476455,-35.69800237401767],[-57.9506750632133,-35.69764088243696],[-57.9506731352244,-35.69748315818996],[-57.95075368048788,-35.697279711372516],[-57.950805372118076,-35.69698647469434],[-57.950782812037424,-35.695088386537996],[-57.95108297440388,-35.69477622279386],[-57.95106994938161,-35.693584393922904],[-57.95172728000731,-35.69281226350766],[-57.952416917665644,-35.69314343869297],[-57.952916220484596,-35.69331971785997],[-57.95357968149483,-35.69299417378737],[-57.95392974352338,-35.692613196510685],[-57.954093023808994,-35.692409171465464],[-57.95455869903156,-35.69208999059851],[-57.95502498478442,-35.691815963103515],[-57.95549045261882,-35.69147433768285],[-57.95601084958488,-35.69110967428402],[-57.95625625239994,-35.690916232211336],[-57.95694461193089,-35.69067417281905],[-57.957107684382244,-35.690447522399026],[-57.957461530439126,-35.69001667776939],[-57.95776177011528,-35.68972134819976],[-57.95817259434987,-35.68942519097568],[-57.95910499929292,-35.68887701203061],[-57.959361738555955,-35.68867591604991],[-57.95957012321563,-35.688512836863644],[-57.95998277355048,-35.68837430596325],[-57.960505277660346,-35.68818987736631],[-57.96097315984289,-35.68805101753694],[-57.96144124247226,-35.68793459656769],[-57.961936941250414,-35.68781801069996],[-57.96246025836188,-35.68770116951739],[-57.9634256772524,-35.68760325281704],[-57.9639216822772,-35.68750919129859],[-57.96408688417809,-35.6874627864194],[-57.96472732599016,-35.68739612548331],[-57.96546722669871,-35.68744044584524],[-57.966462587705806,-35.68745501733332],[-57.96806859403731,-35.68785898498733],[-57.968564800141976,-35.68778734499105],[-57.96895166724673,-35.68780676081269],[-57.96972488773156,-35.687800525137824],[-57.97011175536511,-35.68781993723969],[-57.97049810834088,-35.68779428448866],[-57.97088394600464,-35.68772356686776],[-57.97126998323222,-35.687675468940256],[-57.97162820231327,-35.68760491406551],[-57.9720142386357,-35.68755681371518],[-57.972290198046785,-35.68749820681608],[-57.97283664502821,-35.687488039601924],[-57.97336651516104,-35.68747822149946],[-57.973809136611365,-35.68754226394629],[-57.974693977280275,-35.687625192132735],[-57.975136083318205,-35.68764416607344],[-57.975577875557086,-35.68764060562347],[-57.97646209110591,-35.6876784553369],[-57.9769316139137,-35.68767463533014],[-57.97726324422174,-35.68769453755662],[-57.977676585866035,-35.68762353944928],[-57.97814495968492,-35.68752958538564],[-57.97858623223263,-35.68748095012855],[-57.97902729966661,-35.687409782292924],[-57.97935861453017,-35.68740714592549],[-57.979661587056135,-35.68733708106273],[-57.98010118650252,-35.68715324705952],[-57.980540058321566,-35.68690181666131],[-57.98095171836321,-35.68669570396814],[-57.98125385028317,-35.68655803836341],[-57.981583022198535,-35.686355405595535],[-57.981884259179544,-35.68616987489534],[-57.9821574093349,-35.6859198041879],[-57.9825119430432,-35.68555638705581],[-57.98283948683278,-35.685238292348714],[-57.98311116001154,-35.68487555692903],[-57.983438176320945,-35.684512396568664],[-57.98368274800566,-35.68419498155635],[-57.983763923913806,-35.684059103848746],[-57.98389760902837,-35.68369756884076],[-57.98405880308184,-35.68333568346964],[-57.98421978717499,-35.68295135689086],[-57.98435514927923,-35.682724924498615],[-57.9844887188347,-35.68236338674984],[-57.98470084389159,-35.68164065099976],[-57.98483420576343,-35.681256491617546],[-57.98499570473258,-35.68091722748504],[-57.98507603250162,-35.680713841986865],[-57.98510144643693,-35.680533326157935],[-57.98512486082257,-35.68019517406216],[-57.98512129148266,-35.6799023461833],[-57.985061650112456,-35.67954234851193],[-57.98505251685129,-35.678798876267976],[-57.98493764529483,-35.67843930546466],[-57.98476606814838,-35.67796758901581],[-57.98476061585631,-35.67751694647515],[-57.984783713389284,-35.67715626143614],[-57.984807444221524,-35.6768406421053],[-57.98477541960411,-35.67648047582366],[-57.98471557520881,-35.67609794689897],[-57.98472607957594,-35.67602279060256],[-57.9847662879591,-35.67573700330055],[-57.98465173818314,-35.675399965110714],[-57.98450946341506,-35.67506318341336],[-57.98441912488449,-35.674549573841205],[-57.984764824602735,-35.67337122321862],[-57.98484357456374,-35.67303264565595],[-57.98486666944241,-35.67267196029421],[-57.985000013489454,-35.67228779967782],[-57.98507812733936,-35.67190415606047],[-57.98488021694617,-35.67152273980333],[-57.984408061917044,-35.67130127248188],[-57.98407429229301,-35.67110122460263],[-57.984042794904155,-35.67078612190735],[-57.98406600262094,-35.67042543851805],[-57.98403398476493,-35.670065181798286],[-57.9840568755013,-35.6696819654755],[-57.9843042349896,-35.66958978021076],[-57.98458340533539,-35.66983541012868],[-57.984477363302304,-35.6701966890585],[-57.984479249508375,-35.670354413742295],[-57.98473217465573,-35.67071287254908],[-57.98498562769394,-35.67111630473832],[-57.98523530343947,-35.67120446720684],[-57.985677849486294,-35.67126837345103],[-57.98609225579064,-35.67128756305745],[-57.98653480313115,-35.67135146618589],[-57.986783846653815,-35.67139455971363],[-57.988109071853934,-35.671383648099734],[-57.988550568601575,-35.671357505989995],[-57.98899259080446,-35.671376426237615],[-57.99031697178338,-35.67129789334524],[-57.991170658163654,-35.671110657325364],[-57.99152793970983,-35.670972533142034],[-57.99193928095882,-35.670743847660454],[-57.992760792776565,-35.67019625221733],[-57.993034909202606,-35.67003628142217],[-57.993198890892685,-35.66989979483631],[-57.99359364622352,-35.669499526876834],[-57.99409686495254,-35.66883343686302],[-57.99434976350928,-35.66846639574469],[-57.994467769403556,-35.66833121375631],[-57.99469330841035,-35.667949748838005],[-57.99504972111897,-35.66774401640875],[-57.995378519028726,-35.66753854387458],[-57.99562447874565,-35.66733376355345],[-57.99578760313901,-35.667129585901165],[-57.996167370540576,-35.66658569338936],[-57.99684879918384,-35.66624551397652],[-57.99695904995112,-35.66584149045158],[-57.99732703178076,-35.66560080033841],[-57.99772093971059,-35.66531674654726],[-57.99811380340045,-35.66494616781506],[-57.99831983574355,-35.66446921420577],[-57.99883200352597,-35.663039203057814],[-57.99882655769419,-35.66260712184982],[-57.999310340975434,-35.66102606104654],[-57.99954637162311,-35.6605541990097],[-57.99959288275501,-35.66003539338966],[-57.99974622733061,-35.65958044923401],[-57.99979378430185,-35.65914798692039],[-57.99994631320031,-35.65862823920912],[-58.00001770077016,-35.65797954633628],[-57.999900417126135,-35.65707315582149],[-57.99986880244731,-35.65666298689331],[-57.99986473942394,-35.656338971072195],[-57.999726064426895,-35.655843220212375],[-57.99945547636372,-35.65516947095777],[-57.99909825366626,-35.65436614363111],[-57.998639100503944,-35.65365699868567],[-57.9985004369886,-35.6531612466017],[-57.99825019279676,-35.65221281466488],[-57.998264868453546,-35.65126211907751],[-57.99860059149373,-35.650568080046575],[-57.99899232816302,-35.650111151495985],[-57.999698566079175,-35.6496464713728],[-58.000120901074766,-35.64925925246034],[-58.00016600797898,-35.648632379299045],[-58.000397668925515,-35.64809042531568],[-58.00054565882938,-35.64802178561933],[-58.00107408039697,-35.647209018766546],[-58.001564463207316,-35.646074822915786],[-58.002078717975735,-35.64521378674994],[-58.00315734360887,-35.643845232698354],[-58.00344616545893,-35.64320960332588],[-58.00363387687807,-35.641792655867576],[-58.003730047895054,-35.64143245448164],[-58.003808321077436,-35.641139359340855],[-58.00551526980749,-35.63826201362274],[-58.006171279094,-35.63596576196375],[-58.00669631459357,-35.63415483903899],[-58.007349769931544,-35.63347891661617],[-58.00761009398889,-35.63239648257069],[-58.00783862943702,-35.630606688948845],[-58.007740647431575,-35.630067373938985],[-58.007910371076875,-35.62976182091112],[-58.007359784384306,-35.62975901928809],[-58.007050712968244,-35.629431035910194],[-58.00630027418163,-35.62900923852225],[-58.00583001886988,-35.62892305531777],[-58.005553817319075,-35.62890280181013],[-58.004368354394856,-35.62900283000159],[-58.00398325914042,-35.62909620075016],[-58.00343935131449,-35.62912683310949],[-58.00268343464373,-35.628881720857706],[-58.00209273608882,-35.62798531798181],[-58.001949927617936,-35.62760349029962],[-58.00180412717962,-35.62697389706281],[-58.0021640305703,-35.625510965081865],[-58.001617385717125,-35.624003164995045],[-58.00122733916156,-35.623418538204575],[-58.00088626557353,-35.623136685954265],[-58.0005814386405,-35.6230657542034],[-58.00054439187867,-35.62220016120163],[-58.00000841570767,-35.62168384505479],[-57.99899175078628,-35.62069645915597],[-57.99833950203005,-35.620174599415186],[-57.99811510828024,-35.61992351434359],[-57.99808374630289,-35.61979593617762],[-57.997932628244975,-35.61918210942493],[-57.997907154149196,-35.617132015074866],[-57.99771430751461,-35.61604981665534],[-57.99759582249906,-35.61517205514406],[-57.99775258723933,-35.613354773208606],[-57.99774970933377,-35.61312052602282],[-57.997711598269156,-35.61294507648298],[-57.99686697888112,-35.61190511505017],[-57.992458703596,-35.60826448554418],[-57.9913569288032,-35.60729319053953],[-57.99094441460596,-35.60692027877384],[-57.989325238765495,-35.605051567175494],[-57.98880260297322,-35.60437547792695],[-57.98735170492705,-35.603214851135974],[-57.98503237980803,-35.60209014629238],[-57.9836602519763,-35.600946833501176],[-57.97987840096334,-35.595638278517875],[-57.97957687429499,-35.595462911640226],[-57.979384516044995,-35.59535119145304],[-57.97938610072345,-35.59534959603047],[-57.9795247229294,-35.595215853079324],[-57.97628747788223,-35.592843585036405],[-57.97598048340532,-35.59259692966531],[-57.97123189451299,-35.58918726951379],[-57.96841121927034,-35.5869030894818],[-57.962857782685276,-35.582022706692705],[-57.96003677475299,-35.57905330575359],[-57.959284013794324,-35.578281643254265],[-57.955885326731405,-35.580197464730645],[-57.94802743701658,-35.57321619003903],[-57.94379793585793,-35.56942449380752],[-57.94238087579377,-35.568090093045036],[-57.93908508853287,-35.565022717876346],[-57.938469819222085,-35.56445017258841],[-57.93506077650507,-35.56126532108828],[-57.93456598068463,-35.56082620227717],[-57.93223129300134,-35.558714699110546],[-57.93189796048233,-35.558413235772555],[-57.930435766725004,-35.55709081005463],[-57.930064731210955,-35.55675517312645],[-57.92739600880934,-35.554341286818214],[-57.927086838303445,-35.55397219239654],[-57.926835162064556,-35.55414943683796],[-57.925374781313984,-35.555329629523854],[-57.91931284467427,-35.55965722108443],[-57.919078213822615,-35.559911697311215],[-57.91385810549708,-35.563726026789595],[-57.908019135171735,-35.56796821464407],[-57.89670748091037,-35.576280669695045],[-57.88664257560042,-35.58359564892517],[-57.878300521604665,-35.58964045425834],[-57.877129825054496,-35.590493441511924],[-57.87077793663633,-35.59505107637079]]]}},{"type":"Feature","properties":{"CCA":"02704","ARA3":64441.22,"SAG":"ARBA","PARTIDO":"027","CIRC":4,"NOMENCLA":"Circ. IV","AREA_HA":6444.1},"geometry":{"type":"Polygon","coordinates":[[[-57.86682602821492,-35.59793619968398],[-57.86662251372144,-35.59808848430793],[-57.86206085456164,-35.601445537981455],[-57.85396727263903,-35.60740062646461],[-57.84899409833927,-35.61101600980031],[-57.84493595313416,-35.61400147719881],[-57.840949602710126,-35.61687878690646],[-57.83582470055565,-35.620679026376685],[-57.832154902839385,-35.623268867693284],[-57.822083991396916,-35.63057105917597],[-57.81458892665126,-35.636070863043585],[-57.80922119340335,-35.63984388183934],[-57.81466649385079,-35.64461032354588],[-57.8247591056941,-35.65339558904766],[-57.833146467444585,-35.66078719076034],[-57.83521518523571,-35.662609987585654],[-57.83927762285529,-35.66627494635465],[-57.84304869591175,-35.66977118559753],[-57.84460558806677,-35.671142403538255],[-57.8471099321972,-35.67342514378527],[-57.85067651850596,-35.676582562702265],[-57.857300650323296,-35.682524084728364],[-57.86099354516762,-35.6857791505087],[-57.86762415644249,-35.69172888684876],[-57.872669664236554,-35.68795463247424],[-57.873322618720266,-35.68754410786558],[-57.87355071406144,-35.687739077857046],[-57.879052728064934,-35.69271851012452],[-57.87891591150242,-35.69281287455386],[-57.88737150605589,-35.699870408736444],[-57.89244890046836,-35.69608741099002],[-57.89234414292607,-35.69598816892416],[-57.89514416296195,-35.69388692690369],[-57.89698450422334,-35.69241195196316],[-57.89818282875194,-35.69149585140532],[-57.899536112535195,-35.69046115727644],[-57.90520285618486,-35.686156240552364],[-57.90741532780689,-35.684374267374835],[-57.91184212173296,-35.68093971118059],[-57.91405903774415,-35.67923869462288],[-57.9169403212318,-35.6771187754759],[-57.91842356090346,-35.67585371647429],[-57.918643143915254,-35.67568648709133],[-57.92340981145657,-35.67198982753786],[-57.92230470922577,-35.671002622365975],[-57.91749233644863,-35.66661638050562],[-57.91723540789571,-35.666390176285894],[-57.91691789058778,-35.66610327071169],[-57.915203688386306,-35.66443513737362],[-57.910924586806665,-35.660473639514585],[-57.90674698826258,-35.65675083616309],[-57.90665821006098,-35.6566327813002],[-57.9038001098671,-35.65414739786897],[-57.907357424988824,-35.65142915037907],[-57.907224733648114,-35.65122986508486],[-57.907438750538574,-35.65109643914433],[-57.92084305909252,-35.640553932726036],[-57.92123111477351,-35.640275256170945],[-57.92104155883439,-35.64010996627061],[-57.9169192500067,-35.636454970629],[-57.91200647897949,-35.63198073475517],[-57.90852490571348,-35.628859744795015],[-57.906701153672934,-35.62718761213655],[-57.9039305977131,-35.624752329334974],[-57.900662496390105,-35.62182253221325],[-57.894661039000695,-35.616369591563554],[-57.88812666560961,-35.61049620908374],[-57.88594307949247,-35.60849955568406],[-57.885738842830534,-35.60830647081162],[-57.88628958113899,-35.607903075740374],[-57.88901424464443,-35.60749139210321],[-57.88954101478569,-35.60643291663238],[-57.88515148085982,-35.60387269064943],[-57.883399732356665,-35.6012490242448],[-57.880792546759935,-35.599158962770034],[-57.87879538954012,-35.598690114300744],[-57.875913965946275,-35.59906069080032],[-57.87496859906133,-35.599146741635714],[-57.874017992999164,-35.59917637426643],[-57.87306733757253,-35.599149500021106],[-57.87212159964472,-35.5990661165618],[-57.871185839604124,-35.598926854121586],[-57.86682602821492,-35.59793619968398]]]}},{"type":"Feature","properties":{"CCA":"02705","ARA3":76384.42,"SAG":"ARBA","PARTIDO":"027","CIRC":5,"NOMENCLA":"Circ. V","AREA_HA":7638.4},"geometry":{"type":"Polygon","coordinates":[[[-58.072873216057864,-35.543337526638105],[-58.072402246892636,-35.54319275363109],[-58.07188064867212,-35.543154854723824],[-58.07143439634516,-35.54290350851927],[-58.07075616250431,-35.54284570685492],[-58.06526804817981,-35.537660391232734],[-58.0650529423658,-35.53742219321],[-58.063605828451095,-35.53616999008763],[-58.06115809276125,-35.533968556936756],[-58.06045908614336,-35.53316071031744],[-58.05758252044306,-35.53051841048563],[-58.051584988188424,-35.52498869789446],[-58.04815982635565,-35.52195577259608],[-58.0478431109274,-35.52169778708338],[-58.047440946892344,-35.520944955985705],[-58.04228429473159,-35.51618833362898],[-58.03596910137543,-35.51032496534224],[-58.02779561807689,-35.50255429122117],[-58.02691649603826,-35.502705269853145],[-58.0266992991236,-35.50251130688894],[-58.0236616383488,-35.49957496850593],[-58.02176946440647,-35.49757127802401],[-58.02148966748421,-35.49734735280934],[-58.01595199810344,-35.49225555245986],[-58.00975307394416,-35.48653360881383],[-58.00235875553417,-35.479753913256374],[-58.0005613705418,-35.481003202054936],[-57.99768429176097,-35.4834896407678],[-58.000579892708934,-35.486276566278505],[-58.00741703685576,-35.492384657123274],[-58.00304017471978,-35.49567700148379],[-58.00048779623158,-35.49314507480368],[-57.99787323202989,-35.490545740382245],[-57.99759483375576,-35.48970532144615],[-57.993800068141674,-35.48627105153138],[-57.9890035357284,-35.48991743696859],[-57.985751720923005,-35.49238525304179],[-57.984004884347605,-35.49371091269251],[-57.979927889262136,-35.49680303673808],[-57.97840845490777,-35.49795534878804],[-57.9773406053558,-35.49876720071878],[-57.97627262647251,-35.49957895045402],[-57.975778766540294,-35.4997752178054],[-57.975483475424106,-35.49988371284735],[-57.965579018747974,-35.50509133805619],[-57.95937746090582,-35.499880629718724],[-57.95898192729652,-35.49958629876689],[-57.95780037430333,-35.49854379525831],[-57.952444734993584,-35.493818527880094],[-57.94980771685482,-35.49146154738298],[-57.945708975053485,-35.48779381640745],[-57.942189292071696,-35.484624777763294],[-57.93907426079625,-35.48700110425809],[-57.9359590487915,-35.48937725312924],[-57.93263391348122,-35.49190191831803],[-57.92930867842477,-35.49442657572544],[-57.926994667873885,-35.496196626596664],[-57.924323237916816,-35.49817089035951],[-57.92244324134129,-35.499587512008326],[-57.91948434523451,-35.50164988640081],[-57.918657687438696,-35.5024939330174],[-57.912346544498675,-35.507147403406584],[-57.919868819318516,-35.51363582289668],[-57.927483347923314,-35.52047518439676],[-57.921167272010024,-35.52516712215093],[-57.916149297928854,-35.528838303846534],[-57.91155230051522,-35.53223748721003],[-57.90564959499429,-35.52691668392006],[-57.90228779806943,-35.52385935268138],[-57.894952541311795,-35.52929042643071],[-57.889201214950695,-35.53352697035133],[-57.893231209940794,-35.53713970660139],[-57.90028356381905,-35.543481187107304],[-57.90610839972155,-35.548693761122585],[-57.91018699429829,-35.55239077469842],[-57.91732616693865,-35.55884146637934],[-57.919078213822615,-35.559911697311215],[-57.91931284467427,-35.55965722108443],[-57.925374781313984,-35.555329629523854],[-57.926835162064556,-35.55414943683796],[-57.927086838303445,-35.55397219239654],[-57.92730662774407,-35.553804221127876],[-57.9282140680455,-35.55315129073715],[-57.93131253741546,-35.550960209378545],[-57.93156665226518,-35.55076452427131],[-57.934259868514125,-35.54884728418835],[-57.93463628029948,-35.548878154788135],[-57.93978276426584,-35.55368480840502],[-57.94205112743924,-35.55564121541336],[-57.944461415144204,-35.55779175801056],[-57.951196420007044,-35.56440002979764],[-57.963593067071706,-35.555203055256285],[-57.96951171935335,-35.55060521352391],[-57.97637812693761,-35.54543283910662],[-57.98257840097862,-35.54097746424626],[-57.98611376780606,-35.53841882289401],[-57.98766022456552,-35.53737726945988],[-57.99152952237778,-35.53446070358438],[-57.997179861019184,-35.53044558139343],[-57.998106074543585,-35.5300020218125],[-57.99988873243141,-35.52867811956667],[-58.00179426673801,-35.527362083593815],[-58.002070654341225,-35.52712516236498],[-58.0028114860464,-35.52659775237436],[-58.003258328704476,-35.526225689386855],[-58.00391590222987,-35.526838079170076],[-58.00816886825901,-35.530870126447844],[-58.008892052781114,-35.53118593187173],[-58.00945863125344,-35.53143327514729],[-58.01086252054346,-35.53273712673729],[-58.010586673511824,-35.53541630862261],[-58.01006550455332,-35.53581519620156],[-58.009846391002924,-35.53718723748609],[-58.00948894232611,-35.539677452903284],[-58.00940049674485,-35.54029398399323],[-58.009495647012294,-35.54032952756659],[-58.0125874435452,-35.540909500416475],[-58.01256921205233,-35.54092451897468],[-58.01031640672855,-35.54261219999089],[-58.01089232269445,-35.542846445045576],[-58.0114639449278,-35.54307611093563],[-58.01201597699048,-35.54328661756924],[-58.012893262535904,-35.54362683904647],[-58.01324754986983,-35.54375946708179],[-58.01386053283877,-35.54398908255698],[-58.013966831144685,-35.5440288614228],[-58.01420367961242,-35.54411755931272],[-58.0143257088304,-35.54416327410117],[-58.01445313518598,-35.54422710017474],[-58.014577401135526,-35.54428943226167],[-58.0146986213184,-35.54435009203455],[-58.01481428526776,-35.544408046920445],[-58.01507131736817,-35.544536815158786],[-58.0151361420097,-35.54459969978504],[-58.01565379894113,-35.54430445301435],[-58.01873507268192,-35.542147647614605],[-58.01917848798853,-35.54221594089327],[-58.01914296054835,-35.53990865321894],[-58.01958995472301,-35.54033754445577],[-58.02116640845057,-35.541891293243836],[-58.02149944353306,-35.54222504022966],[-58.022214144063305,-35.54292396772045],[-58.02275540630041,-35.54345748308525],[-58.02303363284548,-35.54362605149945],[-58.0233375554328,-35.543879746582476],[-58.02362959313575,-35.5441236040031],[-58.02416235264354,-35.54456848314448],[-58.0247319120247,-35.54504613325407],[-58.025672403761085,-35.54581992955046],[-58.026203479347515,-35.546271440665905],[-58.029081622489585,-35.54867534328803],[-58.02984426998427,-35.54891138068738],[-58.032405861392775,-35.551196219170244],[-58.036150426110474,-35.55457172607815],[-58.03925000602149,-35.5573888329413],[-58.04014517009641,-35.55459223244205],[-58.04411582125017,-35.55329458405017],[-58.04460195848224,-35.55305574241636],[-58.04472824728522,-35.55325423737247],[-58.0449472968762,-35.55353804188255],[-58.0451998951971,-35.553802655375065],[-58.045385680630076,-35.55396697052589],[-58.045776335657564,-35.55410009395935],[-58.04619117392776,-35.55416827625824],[-58.04669849354453,-35.5541607290945],[-58.0470295267855,-35.55410166252886],[-58.04761443465223,-35.553991288136274],[-58.047913521784736,-35.553967206164806],[-58.048213971533556,-35.553964231955156],[-58.04851357740071,-35.55398241988908],[-58.0507451071876,-35.554051600802445],[-58.05388467247035,-35.553776304411684],[-58.05432630317781,-35.553817496968314],[-58.05598637281769,-35.55425357696199],[-58.05637466853196,-35.554430423227444],[-58.05824749346879,-35.55637425201333],[-58.05844402802816,-35.556642891427046],[-58.05927761882668,-35.55713121300979],[-58.05955506811646,-35.557264001301675],[-58.06034417773027,-35.5572100193798],[-58.06067483166992,-35.557226333984666],[-58.06067477336267,-35.55711891813954],[-58.061421357561684,-35.55666026741747],[-58.06168085345412,-35.556187832148865],[-58.06172653583487,-35.553782543709296],[-58.06183471491084,-35.55276113745941],[-58.061931886201414,-35.551729641463936],[-58.06202718419387,-35.55140334161818],[-58.06237183493897,-35.550685993637714],[-58.06280560190091,-35.550004139576735],[-58.063209902334485,-35.5496117949854],[-58.063670262210266,-35.54941454373624],[-58.064388768881344,-35.549344891570826],[-58.065485508617805,-35.54942557741831],[-58.06655086482953,-35.54963317023639],[-58.06734759017653,-35.549626122240696],[-58.06793296709833,-35.549530524357515],[-58.06860519793362,-35.549307633340085],[-58.0692320647085,-35.54900372081286],[-58.06977877500878,-35.548501623518234],[-58.070356968203576,-35.547872607145244],[-58.07069266454353,-35.54731810553675],[-58.07104956394341,-35.546393846040374],[-58.07125132450544,-35.54575014960846],[-58.07170464965825,-35.544887265928274],[-58.073203909428244,-35.54361720863721],[-58.072873216057864,-35.543337526638105]]]}},{"type":"Feature","properties":{"CCA":"02706","ARA3":593900.74,"SAG":"ARBA","PARTIDO":"027","CIRC":6,"NOMENCLA":"Circ. VI","AREA_HA":59390.1},"geometry":{"type":"Polygon","coordinates":[[[-57.87077793663633,-35.59505107637079],[-57.877129825054496,-35.590493441511924],[-57.878300521604665,-35.58964045425834],[-57.88664257560042,-35.58359564892517],[-57.89670748091037,-35.576280669695045],[-57.908019135171735,-35.56796821464407],[-57.91385810549708,-35.563726026789595],[-57.919078213822615,-35.559911697311215],[-57.91732616693865,-35.55884146637934],[-57.91018699429829,-35.55239077469842],[-57.90610839972155,-35.548693761122585],[-57.90028356381905,-35.543481187107304],[-57.893231209940794,-35.53713970660139],[-57.889201214950695,-35.53352697035133],[-57.894952541311795,-35.52929042643071],[-57.90228779806943,-35.52385935268138],[-57.90564959499429,-35.52691668392006],[-57.91155230051522,-35.53223748721003],[-57.916149297928854,-35.528838303846534],[-57.921167272010024,-35.52516712215093],[-57.927483347923314,-35.52047518439676],[-57.919868819318516,-35.51363582289668],[-57.912346544498675,-35.507147403406584],[-57.918657687438696,-35.5024939330174],[-57.91948434523451,-35.50164988640081],[-57.92244324134129,-35.499587512008326],[-57.924323237916816,-35.49817089035951],[-57.926994667873885,-35.496196626596664],[-57.92930867842477,-35.49442657572544],[-57.93263391348122,-35.49190191831803],[-57.9359590487915,-35.48937725312924],[-57.93907426079625,-35.48700110425809],[-57.942189292071696,-35.484624777763294],[-57.945708975053485,-35.48779381640745],[-57.94980771685482,-35.49146154738298],[-57.952444734993584,-35.493818527880094],[-57.95780037430333,-35.49854379525831],[-57.95898192729652,-35.49958629876689],[-57.95937746090582,-35.499880629718724],[-57.965579018747974,-35.50509133805619],[-57.975483475424106,-35.49988371284735],[-57.975778766540294,-35.4997752178054],[-57.97627262647251,-35.49957895045402],[-57.9773406053558,-35.49876720071878],[-57.97840845490777,-35.49795534878804],[-57.979927889262136,-35.49680303673808],[-57.984004884347605,-35.49371091269251],[-57.985751720923005,-35.49238525304179],[-57.9890035357284,-35.48991743696859],[-57.993800068141674,-35.48627105153138],[-57.99759483375576,-35.48970532144615],[-57.99787323202989,-35.490545740382245],[-58.00048779623158,-35.49314507480368],[-58.00304017471978,-35.49567700148379],[-58.00741703685576,-35.492384657123274],[-58.000579892708934,-35.486276566278505],[-57.99768429176097,-35.4834896407678],[-58.0005613705418,-35.481003202054936],[-58.00235875553417,-35.479753913256374],[-58.00975307394416,-35.48653360881383],[-58.01595199810344,-35.49225555245986],[-58.02148966748421,-35.49734735280934],[-58.02176946440647,-35.49757127802401],[-58.0236616383488,-35.49957496850593],[-58.0266992991236,-35.50251130688894],[-58.02691649603826,-35.502705269853145],[-58.02779561807689,-35.50255429122117],[-58.03596910137543,-35.51032496534224],[-58.04228429473159,-35.51618833362898],[-58.047440946892344,-35.520944955985705],[-58.0478431109274,-35.52169778708338],[-58.04815982635565,-35.52195577259608],[-58.051584988188424,-35.52498869789446],[-58.05758252044306,-35.53051841048563],[-58.06045908614336,-35.53316071031744],[-58.06115809276125,-35.533968556936756],[-58.063605828451095,-35.53616999008763],[-58.0650529423658,-35.53742219321],[-58.06526804817981,-35.537660391232734],[-58.07075616250431,-35.54284570685492],[-58.07143439634516,-35.54290350851927],[-58.07188064867212,-35.543154854723824],[-58.072402246892636,-35.54319275363109],[-58.072873216057864,-35.543337526638105],[-58.07408779097095,-35.5425820504369],[-58.07472483850026,-35.54151257507721],[-58.07459122144213,-35.541258483337494],[-58.07478590272101,-35.541024413505504],[-58.07504676307002,-35.54071074838287],[-58.07612628164019,-35.54002185050865],[-58.076554505165795,-35.53980934699139],[-58.07693920262892,-35.539715818571906],[-58.07768183959068,-35.53959654740091],[-58.07804023421085,-35.53959334050958],[-58.0788407775742,-35.53967629938608],[-58.08224187090074,-35.540456949236805],[-58.08290643590916,-35.5406763130268],[-58.08720707984209,-35.54273298984401],[-58.087927056667176,-35.542974292213565],[-58.088507433050104,-35.543081720497156],[-58.08933559378411,-35.54316441737656],[-58.091316577571604,-35.54287607511126],[-58.092280721388384,-35.542822309534515],[-58.09343622131354,-35.54265414433377],[-58.09552804755351,-35.542409838899985],[-58.09616204510131,-35.542404083310096],[-58.09832547634995,-35.54337568693235],[-58.100457139867935,-35.54403225378286],[-58.10122392241875,-35.54436694227738],[-58.10359109310756,-35.54540050625998],[-58.104005843086505,-35.54548687139528],[-58.10477855810088,-35.545547323643305],[-58.10574332368913,-35.54553851747358],[-58.1064860905498,-35.54541907097134],[-58.1085738149736,-35.54488160404803],[-58.10909660116313,-35.54480924355259],[-58.109786955200164,-35.54489297285381],[-58.11034016086638,-35.54502311994499],[-58.11258345814845,-35.5457684545857],[-58.11355073298844,-35.54593976353197],[-58.11374457329806,-35.54600560645354],[-58.11413117047073,-35.546047070068276],[-58.11446131648327,-35.545998977048896],[-58.114735721360226,-35.54590630595959],[-58.115122861562654,-35.545528923794265],[-58.116396666801975,-35.544323820718766],[-58.11664739803514,-35.54412101599204],[-58.11708628814459,-35.54367991377958],[-58.117841796999855,-35.54326393930328],[-58.11830571103666,-35.5429216279931],[-58.11877082112616,-35.54266953796323],[-58.12077172099409,-35.5416176609761],[-58.121231529724085,-35.541204624275366],[-58.12133580602596,-35.54077559247332],[-58.121765514065565,-35.53996044438779],[-58.12206276885622,-35.539529642168766],[-58.124738455688764,-35.537679608725604],[-58.12477449417189,-35.53723031753212],[-58.12516814721068,-35.536616632083366],[-58.125435237985116,-35.536253658620886],[-58.1255961893832,-35.535936704973224],[-58.12622633025052,-35.534753383237174],[-58.126297563604936,-35.53259146929688],[-58.126481143288025,-35.53215429241456],[-58.12733477876753,-35.53195866858539],[-58.12923798295631,-35.53223008239817],[-58.129597454155885,-35.53231685292813],[-58.1316223562172,-35.533221641095736],[-58.13229271094312,-35.533846249536474],[-58.13243273521922,-35.534002604903996],[-58.132631907588625,-35.53445139733941],[-58.1331490718805,-35.5347557937461],[-58.13349769456085,-35.53469766061296],[-58.13378793982626,-35.53432790726518],[-58.13425101556915,-35.533940461937384],[-58.13452438576515,-35.533780232672854],[-58.13485361129601,-35.53366448241244],[-58.13526567766505,-35.53357046859087],[-58.135706031980746,-35.533521227232555],[-58.1360922234707,-35.53354008472497],[-58.13760772492282,-35.533503307928505],[-58.13796476406854,-35.53340978650016],[-58.138813390579145,-35.53299619622896],[-58.139087974069554,-35.53292608996634],[-58.13955563958717,-35.53285400635204],[-58.1403000877396,-35.53286954678175],[-58.14096049969103,-35.53279565452101],[-58.141316302443684,-35.53261207921584],[-58.1421109997814,-35.53228910049978],[-58.1431813574606,-35.53196351337853],[-58.14373134993547,-35.531868170006476],[-58.14433697934667,-35.531817386173486],[-58.14499846911711,-35.531811074377245],[-58.145730320688095,-35.5319329031937],[-58.14710355388578,-35.53253462589625],[-58.147712750207425,-35.532731606045004],[-58.148846960410026,-35.53301369361308],[-58.150527127315584,-35.532930079349164],[-58.150858185849124,-35.532949485597314],[-58.15135552183548,-35.533034881581685],[-58.15185446548106,-35.53323285386235],[-58.15241670963859,-35.53357426605576],[-58.15443177511133,-35.53419952785085],[-58.154681490147986,-35.53430986618836],[-58.15493208500416,-35.53448771367522],[-58.15708109557925,-35.5358571694483],[-58.15783611868851,-35.53665550337387],[-58.15842263138246,-35.536757372497284],[-58.15893077095073,-35.53655480462085],[-58.15809483366235,-35.536054603652424],[-58.15783412981055,-35.53539269000102],[-58.157252357934965,-35.53491538095123],[-58.15670501833177,-35.53461026487648],[-58.15658185607399,-35.53420151208262],[-58.15612861989655,-35.53334966203994],[-58.15587828160687,-35.53319434972811],[-58.15563091000297,-35.53324175116871],[-58.155189944513744,-35.53324599868207],[-58.154554145475075,-35.53311686597152],[-58.15427686427074,-35.53300691644134],[-58.15405384323698,-35.53282876889676],[-58.15393750780758,-35.53240182468889],[-58.15382402455203,-35.53217759287708],[-58.15348591612127,-35.53166263408328],[-58.15337144905994,-35.53137080046662],[-58.153238316864005,-35.529772372281414],[-58.15314882539998,-35.52930005992651],[-58.152805912609765,-35.52844718406216],[-58.15174062189881,-35.527195560890654],[-58.15146114105209,-35.52692786995977],[-58.14973295683735,-35.52557000210545],[-58.14953691071184,-35.525346572023786],[-58.14871905774883,-35.52404753458589],[-58.1483233052556,-35.52335279812468],[-58.14812272099127,-35.522813983310634],[-58.14791919418828,-35.52207236392605],[-58.147492335824545,-35.51919248552555],[-58.14745332240623,-35.51838175083636],[-58.14696630790676,-35.51707958328873],[-58.144473879398255,-35.514286797502855],[-58.14412900888216,-35.513257331583276],[-58.14489649646724,-35.51272844913772],[-58.145576617254825,-35.512461174396584],[-58.14602829334726,-35.51215875351924],[-58.14633968547134,-35.51161563964122],[-58.14651322759225,-35.510999215229525],[-58.146531920209,-35.50886286950195],[-58.146633169190004,-35.50796777838262],[-58.14768273472045,-35.506253418612715],[-58.149611890195196,-35.504074124144935],[-58.15309027778995,-35.50125419848861],[-58.15495829250314,-35.499596997375406],[-58.15490918588925,-35.49897372795237],[-58.15474060041229,-35.498341962103765],[-58.15475665863193,-35.49787603995904],[-58.1549307917577,-35.49729691765352],[-58.15542296926317,-35.49665885734668],[-58.155843996038875,-35.495816496340524],[-58.15599063930847,-35.49492091635181],[-58.15620820163774,-35.49403191713921],[-58.15651781963729,-35.49337691277826],[-58.15719318115342,-35.4927929195888],[-58.158884820814166,-35.49156587266932],[-58.15982090735296,-35.49106640673801],[-58.16060772368426,-35.490313684857526],[-58.1620218408903,-35.48880975951769],[-58.16319449962241,-35.48759609802715],[-58.163527904704516,-35.48701542112794],[-58.16424596318601,-35.48466125906542],[-58.16439530355632,-35.48395188619723],[-58.164409650514926,-35.48351486206862],[-58.163154227978154,-35.48235605745734],[-58.161294125695775,-35.48020945696465],[-58.15238858571255,-35.4723730923259],[-58.16739870492856,-35.46108904017687],[-58.170731114324894,-35.458577325106155],[-58.17743644206897,-35.45345869482524],[-58.193910687105316,-35.44095329617934],[-58.193763209279915,-35.44083628028735],[-58.17979043217389,-35.428809444001494],[-58.17832521241841,-35.42752291194866],[-58.1780432693078,-35.42714061664091],[-58.175581774548476,-35.42497298839293],[-58.166454125244144,-35.417636533001975],[-58.16509363383093,-35.41653148807664],[-58.15485972722972,-35.40815300089327],[-58.15314504096238,-35.40948241235051],[-58.15069169028735,-35.41138453314315],[-58.14522596889536,-35.4154480381557],[-58.13920707162814,-35.41995081839611],[-58.13459887456272,-35.41577157211925],[-58.12343476220643,-35.40571236621062],[-58.12221591686904,-35.40482226393059],[-58.11353413919367,-35.3969166739757],[-58.106317301867506,-35.39020289289751],[-58.10344395141356,-35.3875332614392],[-58.095982754108626,-35.380659140653584],[-58.08852254071552,-35.373745025842716],[-58.0854559949871,-35.37091926387466],[-58.07663566176051,-35.362797213101054],[-58.068716440231086,-35.35558911197356],[-58.0603119342689,-35.34789212820561],[-58.055691054284004,-35.34364261099036],[-58.049744606177725,-35.338186872659705],[-58.04895121694611,-35.3373918599767],[-58.04557658585862,-35.334274922363555],[-58.04541035639602,-35.33414057463882],[-58.04516221357072,-35.33483649077274],[-58.04486643688297,-35.33535942426204],[-58.04453891596308,-35.335771090919465],[-58.043866989035955,-35.3364459075228],[-58.043194264703466,-35.3370712336632],[-58.042579552968846,-35.33749779899956],[-58.04178401210642,-35.33797541027695],[-58.0409003246791,-35.338664440455084],[-58.04059008992462,-35.33890083050243],[-58.04035246930492,-35.33924978030519],[-58.03994192844264,-35.34026926931049],[-58.03981034264486,-35.34061732439074],[-58.039318917965396,-35.34122862657695],[-58.037673479981734,-35.34267999340247],[-58.035855964264336,-35.34401337186759],[-58.035257743557175,-35.34457263591136],[-58.03485782812443,-35.34508609924211],[-58.03483857581225,-35.34561746770982],[-58.035447317160944,-35.34655429478949],[-58.035442997559684,-35.346896122819004],[-58.035065807927445,-35.347161147098554],[-58.03286487589385,-35.347653682298265],[-58.0312176074689,-35.34859018674141],[-58.030661372397375,-35.349143442143955],[-58.03015646735368,-35.35013260871123],[-58.02961460149741,-35.35062337285306],[-58.02839212393981,-35.35145655246837],[-58.0263222162222,-35.35345134254713],[-58.02564026961366,-35.35369396506788],[-58.025017439747444,-35.353798952806535],[-58.024143875039954,-35.353332651887584],[-58.02337062673774,-35.3523793812828],[-58.02287883620164,-35.352009522016544],[-58.02108522529096,-35.35101493429322],[-58.020057469441554,-35.35038783666829],[-58.01756909406222,-35.34939415640599],[-58.016696810826595,-35.349027581241394],[-58.015760560617466,-35.34841213279462],[-58.01514482654848,-35.347868808293526],[-58.014581614495505,-35.34719315362035],[-58.014162507153856,-35.34654843135908],[-58.01366857853137,-35.3460040374766],[-58.0131932146568,-35.34572128076582],[-58.01267311663548,-35.34551375352794],[-58.012093130109214,-35.34539391208563],[-58.01143764049232,-35.3453122056202],[-58.01081356588246,-35.34531743315969],[-58.009047405067086,-35.345282306997895],[-58.0086020219758,-35.3449619078329],[-58.00823832713586,-35.343867954270976],[-58.008211050701064,-35.34226435756597],[-58.0081279135889,-35.34170409340539],[-58.00762793098197,-35.34066114922119],[-58.00714223061771,-35.33954319245438],[-58.00674536973043,-35.33844003623558],[-58.00606505142446,-35.33758560558468],[-58.00515924007282,-35.33695733268044],[-58.00432864813923,-35.33625369755977],[-58.00372733008647,-35.33562287270654],[-58.00332172565304,-35.334828475773534],[-58.00309702683729,-35.33426208436405],[-58.002906926496415,-35.333652828834765],[-58.00290021127137,-35.33311689347766],[-58.00294262253868,-35.33285472858118],[-58.00287715917892,-35.332775607081814],[-58.00272557154118,-35.33269280932287],[-58.002450767831675,-35.332540658785554],[-58.00199448025417,-35.332448137287756],[-58.0013725366389,-35.33242893167944],[-58.00073132389398,-35.33248663271115],[-58.00054368982021,-35.33254138231465],[-57.998814279320804,-35.332240519194244],[-57.99727122017974,-35.33229840381759],[-57.99595008182464,-35.33246727595683],[-57.99498536013954,-35.332475244616006],[-57.993800000776226,-35.33248494987506],[-57.99308063958821,-35.3322652006523],[-57.991886753105995,-35.331575273575844],[-57.990802140746844,-35.33079415314537],[-57.98935953472886,-35.33003851785111],[-57.98811358286116,-35.32959730628867],[-57.98733449127741,-35.32899426176468],[-57.98625292407434,-35.32846141861424],[-57.98539845842093,-35.328468354968265],[-57.984906980694525,-35.32885603565023],[-57.98500006494925,-35.3297130477136],[-57.98481858201764,-35.330662535207736],[-57.98427611209626,-35.33138918548262],[-57.98337253833359,-35.33189308181945],[-57.9823308173354,-35.33237556043555],[-57.9811691471095,-35.332984709858984],[-57.981088237424764,-35.333845575618966],[-57.980687301143114,-35.334671536371594],[-57.980207965699606,-35.335311179824444],[-57.979742135574114,-35.335801186323216],[-57.979244705868844,-35.336204152442534],[-57.978534968180945,-35.33667115102728],[-57.977602506262926,-35.33818461325973],[-57.977235259764896,-35.339284622581246],[-57.97722525837406,-35.339721060143646],[-57.97819962157366,-35.34226868428636],[-57.97936641085823,-35.344162583860914],[-57.979445690983816,-35.34442379991266],[-57.97935743517056,-35.34468626947933],[-57.97908641886959,-35.344925316499776],[-57.97681430827342,-35.34585377105528],[-57.9759049285251,-35.34618521095621],[-57.97333926112838,-35.346754350943975],[-57.973018240995295,-35.34736489768622],[-57.972705814589105,-35.34796585528204],[-57.97238674787649,-35.349289777923005],[-57.97180164146518,-35.350005107333224],[-57.971108788423045,-35.35062148116634],[-57.970269792332765,-35.3517501283965],[-57.96953213161676,-35.352441706109154],[-57.969099240294796,-35.353155794536534],[-57.96882556640788,-35.353854264909664],[-57.968587227507676,-35.35429244806187],[-57.96804296417225,-35.35460851758931],[-57.96711839549037,-35.354952519480946],[-57.96629831665844,-35.35512110869854],[-57.96523203082662,-35.35506728947878],[-57.964179438949934,-35.354888703353566],[-57.96318816593251,-35.3547345715699],[-57.962475197781544,-35.354952160214246],[-57.96144448489591,-35.35533433862122],[-57.96106664477767,-35.35556171834715],[-57.95982280752928,-35.35594560230999],[-57.95836866605338,-35.356297893990124],[-57.95679311186863,-35.356958557131094],[-57.95523676531157,-35.35795573926145],[-57.95274174598349,-35.35939657763613],[-57.95226031865419,-35.35988647726537],[-57.95178035396708,-35.36050111713907],[-57.950616076231945,-35.36214117707061],[-57.95042841598697,-35.36301525066384],[-57.9503934085638,-35.363925526340765],[-57.95047800264504,-35.36464787141201],[-57.95024773076141,-35.365784082981044],[-57.95015616251956,-35.36706881201306],[-57.94985594083732,-35.367642697395375],[-57.94804867327069,-35.369339849460324],[-57.947770240582685,-35.37026446088416],[-57.94749741791249,-35.37167532950908],[-57.94719610899043,-35.37195190416804],[-57.94677164053004,-35.3721173471563],[-57.94637448246658,-35.37200822640481],[-57.945636996146064,-35.37144058615393],[-57.94488397806637,-35.370848076271656],[-57.94445634651196,-35.37073924187783],[-57.94401450808504,-35.370717754513066],[-57.943590152542306,-35.370883098144205],[-57.94342510295153,-35.37109638030779],[-57.943399475288,-35.37150794289661],[-57.94350186476756,-35.37245452616584],[-57.943490570297655,-35.37279117808047],[-57.94325668557681,-35.37320216832493],[-57.94278896805242,-35.37357979868456],[-57.942182290521814,-35.37378402444264],[-57.941482093501136,-35.37380192076269],[-57.94047536182321,-35.373660132266814],[-57.93986782989279,-35.37378953758132],[-57.93915596258591,-35.37411919388679],[-57.93864350895736,-35.374572009980426],[-57.937979226891635,-35.37506332353968],[-57.936833082667555,-35.376032114047945],[-57.93640868534835,-35.37619743085758],[-57.935890544909746,-35.37616406636814],[-57.93423588725297,-35.37529177678485],[-57.93356424137792,-35.375147370642004],[-57.932484797458834,-35.37509555613293],[-57.93119234358629,-35.375255093837204],[-57.93032273130522,-35.375112234987405],[-57.92954290397643,-35.37483150392375],[-57.92874407699085,-35.37422684563664],[-57.92805654996101,-35.37402013891848],[-57.92383753852085,-35.37334970167297],[-57.921461671998074,-35.37331794133683],[-57.92081794439268,-35.37294893298133],[-57.91955518941091,-35.37169948956127],[-57.91885182429927,-35.37144298621691],[-57.917861883947076,-35.37142556527938],[-57.91745834634698,-35.37171625171038],[-57.91691684830747,-35.37230625584861],[-57.91642163467968,-35.374292094567245],[-57.91594261919529,-35.37503122708924],[-57.91555126807098,-35.37543313595884],[-57.914389555019746,-35.376389364695605],[-57.91382780617856,-35.37705010301745],[-57.91360674952441,-35.37770005340132],[-57.913739286322844,-35.3786588907623],[-57.91392524916819,-35.38029053198001],[-57.91377999246712,-35.38091493785618],[-57.9133764720536,-35.3815912021589],[-57.91290727098392,-35.381844061388385],[-57.911902613252494,-35.38188905357168],[-57.91081803665997,-35.381585540602835],[-57.90948536642559,-35.38089753828239],[-57.90812270270851,-35.38024702962572],[-57.90766400285162,-35.380075979837294],[-57.9072518042361,-35.37999179173319],[-57.90670456621576,-35.380070708689495],[-57.906083161602666,-35.380337123375405],[-57.90538524136355,-35.38056679349734],[-57.904489319422076,-35.380641094278715],[-57.90285581493347,-35.38027932411581],[-57.9013608477663,-35.3800536665177],[-57.90044685107228,-35.380023092647484],[-57.90003627911997,-35.380075969509015],[-57.89894434681541,-35.380483030722495],[-57.89756134029052,-35.38073020183137],[-57.89599299692623,-35.38075425383695],[-57.894695241713364,-35.38147596733967],[-57.893486149185804,-35.38230770825497],[-57.892639087446135,-35.38283747982046],[-57.89092537554463,-35.38348593025628],[-57.8895014317154,-35.38416960766246],[-57.888471628950334,-35.38470075108045],[-57.88751180689645,-35.3860541223227],[-57.887606488716514,-35.38703520848905],[-57.8873759448737,-35.38823363314077],[-57.8873183935476,-35.38854576626243],[-57.88774055127133,-35.3895398797768],[-57.88872122235047,-35.39008121188067],[-57.88883050794409,-35.390329759657135],[-57.88892837669366,-35.39091494721107],[-57.88892165024205,-35.39168790225004],[-57.88872583859166,-35.39203132074949],[-57.88822429714909,-35.39212230507801],[-57.88778042693017,-35.39192611733799],[-57.88683491983061,-35.39042470692545],[-57.88651267600786,-35.39020261808608],[-57.88613207589168,-35.390217943708684],[-57.88537292900681,-35.39043542978986],[-57.88415451167325,-35.390444365378734],[-57.88339069634306,-35.390225524312676],[-57.882991276103056,-35.389916827441226],[-57.882299662088634,-35.38933591331169],[-57.881535298315825,-35.38907974470259],[-57.88066575958812,-35.38894896381969],[-57.88027380549721,-35.38877186272673],[-57.879889024644214,-35.38840069480985],[-57.879670745645875,-35.387940985498346],[-57.87935794601736,-35.387182876957695],[-57.8790011768404,-35.38658709825123],[-57.87837330708541,-35.38626752550572],[-57.87751774738159,-35.38601198265068],[-57.876678848603994,-35.38589342671666],[-57.87507902346732,-35.38583023395656],[-57.87393751584697,-35.38590079578368],[-57.8735324568506,-35.38611497905703],[-57.87241578213551,-35.387070502545626],[-57.87239438695227,-35.38790582371874],[-57.87253003110979,-35.389188884157235],[-57.87215837126837,-35.39144792922744],[-57.872091570533485,-35.39240698425624],[-57.87214801861602,-35.39340380515573],[-57.872276370129576,-35.39400125563145],[-57.87251127016841,-35.394597970000184],[-57.873099789700525,-35.39550368888401],[-57.87322624164836,-35.39592664835979],[-57.87318538963024,-35.3963757671382],[-57.873052731260394,-35.396788035037254],[-57.87275208977662,-35.397164182311805],[-57.87210174980288,-35.39759273931567],[-57.87129385540255,-35.3979440828321],[-57.86761035547846,-35.39818249455453],[-57.86491763139064,-35.398501034477846],[-57.864160910507984,-35.398955240688494],[-57.86343467375997,-35.39940917038674],[-57.862448638527354,-35.399790282080566],[-57.86158999168195,-35.40069394585009],[-57.86167658701245,-35.40133626273874],[-57.86171427978246,-35.40200916241678],[-57.86146046571685,-35.402497216817636],[-57.8603066229911,-35.40285443180715],[-57.85947531696437,-35.403471198153454],[-57.8597924010627,-35.40464078918945],[-57.85981477705797,-35.40531377783064],[-57.85956127295323,-35.40582670387737],[-57.8585124868476,-35.406737064693345],[-57.857395289740154,-35.407536536241544],[-57.85547007643948,-35.40843527737641],[-57.855155107105716,-35.4088987116719],[-57.854767576032266,-35.40971174917604],[-57.854289100767915,-35.41056281784209],[-57.85412659119865,-35.41105013480499],[-57.85319263923755,-35.412054040536574],[-57.85282976017999,-35.41230593599958],[-57.85219230670445,-35.41253483333769],[-57.85107970497107,-35.41249277650047],[-57.849691878060085,-35.41235299300016],[-57.848808488067235,-35.41237167760317],[-57.84783885798297,-35.41256201196148],[-57.8472031318499,-35.41295293321606],[-57.84669003612953,-35.413417766817226],[-57.84616043379732,-35.41377056585321],[-57.84531034922459,-35.414063215725264],[-57.844610570084235,-35.41415534273643],[-57.84377187479415,-35.414086389111],[-57.842428103363766,-35.413784207694995],[-57.84131181927942,-35.41339299480138],[-57.84062410171769,-35.41318587557213],[-57.84044091150789,-35.41314979831064],[-57.839975280765884,-35.4133772883899],[-57.83795686179919,-35.41412674417589],[-57.83706073053464,-35.41439481142719],[-57.83559640009315,-35.414217901029005],[-57.83406381749494,-35.41481443133968],[-57.83268508512265,-35.41555941310283],[-57.83248958678879,-35.41581010565233],[-57.83243875284836,-35.416795275263084],[-57.83235260907625,-35.417306999445195],[-57.83189367081237,-35.41798125655076],[-57.83148746215263,-35.418482725446324],[-57.83149066792324,-35.41879429585823],[-57.831923828501566,-35.41942708445363],[-57.831910235729914,-35.41958921986602],[-57.83183607401143,-35.419789195227025],[-57.831261425243724,-35.420204555449345],[-57.83050388917058,-35.42062113153089],[-57.83009712370843,-35.421072753953226],[-57.83012116762576,-35.421932751893515],[-57.83057454319379,-35.42305151493414],[-57.830580837002806,-35.423662307994505],[-57.83053641759344,-35.42422244846541],[-57.830250034656,-35.424523587025064],[-57.83003984533938,-35.42482420230834],[-57.82859055496869,-35.426143130037126],[-57.8283741993683,-35.42732887749012],[-57.827266719244776,-35.429293631496016],[-57.82684671026539,-35.429944777886504],[-57.82614674909696,-35.43073397623466],[-57.82552660948419,-35.43118696440375],[-57.824436277639435,-35.43185512892067],[-57.82342910607408,-35.433208360389195],[-57.82258010964492,-35.43363801170082],[-57.82150091283084,-35.43390716047882],[-57.82077201546301,-35.43416135898925],[-57.820591211511704,-35.434362104002595],[-57.820548878564615,-35.43469898292668],[-57.82060195380112,-35.435421634856965],[-57.82057482414385,-35.435745902495654],[-57.82050167133081,-35.43604563998614],[-57.82026091081047,-35.43634640534892],[-57.81991945434878,-35.436608496175765],[-57.8193278469859,-35.43687426637339],[-57.81861442789985,-35.43715342101239],[-57.8174023616103,-35.4378596878732],[-57.81647854651959,-35.43842698138846],[-57.81582977711162,-35.43907953385017],[-57.81560533898813,-35.439492411427324],[-57.81535363875893,-35.44021720689305],[-57.81511838881047,-35.441066471262154],[-57.814864481871744,-35.441579286436124],[-57.81453258166649,-35.44191812772601],[-57.814032533393934,-35.442208236534704],[-57.81336990492454,-35.44224786507153],[-57.81248597970036,-35.44225383257864],[-57.811908572860354,-35.44241971011842],[-57.81058362284733,-35.442515886329126],[-57.80975018159949,-35.442995196338664],[-57.808488825396466,-35.44335274106685],[-57.80692250627401,-35.443699774592886],[-57.80617982430259,-35.444116099769325],[-57.80557291840171,-35.44438197280693],[-57.804812444723396,-35.44453664709814],[-57.80397619907809,-35.444468808076074],[-57.80334810692512,-35.44413640530633],[-57.802870685292,-35.443640940523906],[-57.80262509652659,-35.44346805360693],[-57.802228116952136,-35.443395855277885],[-57.80180217597755,-35.44347352142412],[-57.801439202903076,-35.44375012431309],[-57.80094084750539,-35.44421466111102],[-57.800411572086624,-35.444629612403766],[-57.796987509936,-35.444828290341555],[-57.79385113047204,-35.44518558711889],[-57.79313460642591,-35.4451653669454],[-57.78986424680928,-35.4442643420402],[-57.78734228905899,-35.4435203184555],[-57.78609323558505,-35.44329646577027],[-57.78399156835175,-35.4418765122573],[-57.78207870999516,-35.44106615972584],[-57.78110486802991,-35.439651381110544],[-57.78018807474563,-35.43940798597436],[-57.77834102056132,-35.43908330430034],[-57.77726298009125,-35.43897442557767],[-57.77567964742457,-35.43913412247471],[-57.77477967011509,-35.439052652683536],[-57.77339066919316,-35.438824737896475],[-57.77243267515094,-35.43904278488119],[-57.77121694137408,-35.43939960848477],[-57.77055379804616,-35.44017671658222],[-57.77007198014629,-35.44079064955363],[-57.76944001643471,-35.441275021624605],[-57.768365886623236,-35.44210462248224],[-57.768097063830986,-35.44269220886774],[-57.768029029148956,-35.44355284467246],[-57.76832340881897,-35.44404956419542],[-57.76898442418841,-35.44464380186655],[-57.76907879561357,-35.44495480120737],[-57.76916506748824,-35.446013917135],[-57.76911401459679,-35.447061393152886],[-57.769566901186295,-35.452854409117464],[-57.769466885518696,-35.453553158241796],[-57.76847693847405,-35.45542741390635],[-57.76845224141981,-35.45603834676809],[-57.76966250860705,-35.45667887242815],[-57.76989847783535,-35.457450242087354],[-57.76979262800978,-35.45913386461334],[-57.76970395159493,-35.45943364001014],[-57.76949483949054,-35.460006652014236],[-57.76916120440519,-35.46018331468094],[-57.768489988836635,-35.46012521681413],[-57.76794041089687,-35.460041521927835],[-57.76708710756903,-35.460084303537656],[-57.76726145782636,-35.46078127875626],[-57.76762565554577,-35.46221254990489],[-57.76690390988638,-35.46326428023403],[-57.76597581768165,-35.463457232112944],[-57.76490312413946,-35.462865623526646],[-57.76378796459306,-35.46261094641662],[-57.761149411056984,-35.46247803033159],[-57.7600675983814,-35.46253463287683],[-57.75912661828169,-35.46245354225305],[-57.75810340458044,-35.462248098078184],[-57.75788730730767,-35.46196267281056],[-57.757907036133,-35.4608156850642],[-57.75741402562442,-35.46025785017434],[-57.75647944563293,-35.45976506151953],[-57.75585435395108,-35.459743974842475],[-57.75532231853658,-35.45990942917329],[-57.75423451639451,-35.460950936360014],[-57.753641744922334,-35.461141564200695],[-57.75242520705776,-35.46146086959453],[-57.75184048637625,-35.461904032568825],[-57.751787494993465,-35.46194413463067],[-57.750553415208074,-35.462959723116306],[-57.750057555515255,-35.46370333365521],[-57.74882109660744,-35.46477878103769],[-57.747959968236394,-35.465787242849764],[-57.74678097420967,-35.46666820529631],[-57.74506408455148,-35.4671479422093],[-57.7439603609637,-35.46760776474964],[-57.743412379536956,-35.46825828036066],[-57.74331662175484,-35.46859863049439],[-57.74351814542959,-35.4694672598842],[-57.74385969995865,-35.47003141869304],[-57.746070144990156,-35.471570880064384],[-57.74629307126205,-35.47213578933353],[-57.74629747687632,-35.472621105101204],[-57.745984852362106,-35.47304363913821],[-57.7454883977767,-35.47319727764123],[-57.744680520665135,-35.473213533971894],[-57.744085992486696,-35.473120058225064],[-57.74297912022851,-35.47324019284896],[-57.74092825756509,-35.47399700858563],[-57.740394431929914,-35.47404882451378],[-57.73952364880088,-35.47402178719687],[-57.737665363106295,-35.47378150391174],[-57.73606279229932,-35.473791265887],[-57.734624680865956,-35.474495764811095],[-57.73362609181071,-35.475650484658395],[-57.73226553507583,-35.476176465636115],[-57.73014769881016,-35.476108428568814],[-57.72845143126551,-35.47575093755321],[-57.72845526556621,-35.47610396255867],[-57.728458619289704,-35.476290098602746],[-57.747594733185686,-35.49216611472509],[-57.7505301846918,-35.494747985169674],[-57.751794040627,-35.49586059964964],[-57.752030513782294,-35.4960497294946],[-57.75642212156045,-35.49958364591134],[-57.760872939601036,-35.50307047910269],[-57.7613577015813,-35.50352632617898],[-57.761763862300924,-35.503908085217475],[-57.76390189460135,-35.50562799971192],[-57.769762944257735,-35.510278905544425],[-57.77015103383189,-35.510583530695534],[-57.77601581670541,-35.51532873457312],[-57.7784850220685,-35.51739106143614],[-57.78763927138852,-35.5247761771128],[-57.78756524072436,-35.5250115336307],[-57.78982147469343,-35.526902755971115],[-57.79944446309147,-35.53487283077582],[-57.80709147505611,-35.541218693072544],[-57.81292010793463,-35.54606314142939],[-57.81330353776909,-35.54636889894091],[-57.82337349656741,-35.5548127140256],[-57.82507536039558,-35.556273285921506],[-57.82837134811929,-35.55900111725626],[-57.83557380195389,-35.5651590701933],[-57.84112785852835,-35.56990724460693],[-57.84705959166103,-35.57497937378817],[-57.855438244963295,-35.58207764971843],[-57.86104537804631,-35.58676298203949],[-57.87077793663633,-35.59505107637079]]]}},{"type":"Feature","properties":{"CCA":"02707","ARA3":421062.92,"SAG":"ARBA","PARTIDO":"027","CIRC":7,"NOMENCLA":"Circ. VII","AREA_HA":42106.3},"geometry":{"type":"Polygon","coordinates":[[[-57.87077793663633,-35.59505107637079],[-57.86104537804631,-35.58676298203949],[-57.855438244963295,-35.58207764971843],[-57.84705959166103,-35.57497937378817],[-57.84112785852835,-35.56990724460693],[-57.83557380195389,-35.5651590701933],[-57.82837134811929,-35.55900111725626],[-57.82507536039558,-35.556273285921506],[-57.82337349656741,-35.5548127140256],[-57.81330353776909,-35.54636889894091],[-57.81292010793463,-35.54606314142939],[-57.80709147505611,-35.541218693072544],[-57.79944446309147,-35.53487283077582],[-57.78982147469343,-35.526902755971115],[-57.78756524072436,-35.5250115336307],[-57.78763927138852,-35.5247761771128],[-57.7784850220685,-35.51739106143614],[-57.77601581670541,-35.51532873457312],[-57.77015103383189,-35.510583530695534],[-57.769762944257735,-35.510278905544425],[-57.76390189460135,-35.50562799971192],[-57.761763862300924,-35.503908085217475],[-57.7613577015813,-35.50352632617898],[-57.760872939601036,-35.50307047910269],[-57.75642212156045,-35.49958364591134],[-57.752030513782294,-35.4960497294946],[-57.751794040627,-35.49586059964964],[-57.7505301846918,-35.494747985169674],[-57.747594733185686,-35.49216611472509],[-57.728458619289704,-35.476290098602746],[-57.72845526556621,-35.47610396255867],[-57.72845143126551,-35.47575093755321],[-57.72757243892636,-35.47578421150695],[-57.72705310349811,-35.476017087467156],[-57.7257003825446,-35.477416556588096],[-57.724798173850516,-35.478311794337635],[-57.723280387388876,-35.4789680654626],[-57.72241283225593,-35.479313019514926],[-57.72046038762005,-35.479818315533656],[-57.718481866968666,-35.47984623633023],[-57.71685590656727,-35.4794676549224],[-57.715292086038225,-35.479412273504465],[-57.71412601089329,-35.479564719325275],[-57.71349319453245,-35.47961706197964],[-57.712717388430576,-35.47915244598902],[-57.71231702212292,-35.478637097179295],[-57.711939142009825,-35.47841286065788],[-57.710989114643404,-35.47838609552112],[-57.71043747436728,-35.47866433045828],[-57.70961225249321,-35.479332489682875],[-57.70917839960987,-35.47949689669605],[-57.708020750749434,-35.480197837251445],[-57.70689585123605,-35.48054418533848],[-57.70448343152531,-35.48075249108302],[-57.7026871971236,-35.48126452376005],[-57.69988408300482,-35.4820572996193],[-57.69768750789849,-35.48205386722235],[-57.69544689665524,-35.482469903379105],[-57.69485081330778,-35.482557991035996],[-57.694385976190624,-35.482648494522884],[-57.693921510238226,-35.48276837821929],[-57.69345667105437,-35.48285887803479],[-57.692957075380185,-35.48306684166838],[-57.69239571641417,-35.483223251653094],[-57.69210696517899,-35.48334676022817],[-57.69185904594548,-35.48340229777932],[-57.690921921460024,-35.48378146253653],[-57.69002919272616,-35.48407956279186],[-57.68952879497398,-35.484199552037445],[-57.689027980391735,-35.48426096162425],[-57.68852678988032,-35.48429316723789],[-57.68802492453314,-35.48423741339099],[-57.68694811100994,-35.483950681564416],[-57.68669629876441,-35.48389205829108],[-57.686320767671276,-35.48374131475204],[-57.686082010336094,-35.48367311898167],[-57.68563819461087,-35.483494932295365],[-57.684828079604216,-35.48311328030003],[-57.68447062280177,-35.482808975383485],[-57.68403093565913,-35.482525617264464],[-57.683729427729986,-35.482333306146835],[-57.68338571218918,-35.48194969758296],[-57.68318873005798,-35.48170830207871],[-57.68266402048005,-35.4813094108132],[-57.681655985829515,-35.48067064483259],[-57.681367028315144,-35.480379361506905],[-57.68093131045012,-35.47967887375272],[-57.68074859417708,-35.47924050467927],[-57.680566549064956,-35.47889000248375],[-57.68038383634953,-35.47845163294784],[-57.680236930413756,-35.47801314082093],[-57.68005411113722,-35.47757476875277],[-57.67992679633461,-35.477343898968336],[-57.67961801242002,-35.47681560954358],[-57.67950769830514,-35.47646477363783],[-57.679432305908136,-35.47602576404065],[-57.67928225697476,-35.47520650854652],[-57.67913365846686,-35.47424878637214],[-57.679046245845306,-35.473772060716094],[-57.6788745218884,-35.473193513760286],[-57.6786426876473,-35.47290503547187],[-57.67851386860476,-35.472462564198956],[-57.67830062794244,-35.471918359166665],[-57.678131373475054,-35.47162955255784],[-57.67800450655119,-35.47142572153575],[-57.67779441506914,-35.47123939096405],[-57.67764678826014,-35.47105273079496],[-57.675948292185204,-35.469262303962054],[-57.67459054660077,-35.46778154275218],[-57.67320783067741,-35.46568602639593],[-57.67290754716896,-35.46526700400659],[-57.671997948832676,-35.46393578596671],[-57.67133794898719,-35.46308199022208],[-57.67024919560543,-35.46300717602489],[-57.66896693621768,-35.46345114296504],[-57.666831080912075,-35.46355997283174],[-57.66435654246529,-35.46337954323665],[-57.66180174920104,-35.463053787366626],[-57.6598990411465,-35.462627363952166],[-57.65803641413437,-35.46189055066173],[-57.656908068246246,-35.46179970988432],[-57.655664029668955,-35.46209767312857],[-57.65452045068649,-35.46257301397177],[-57.65318072701388,-35.46325979273048],[-57.65145030128762,-35.46457960778036],[-57.650151764189104,-35.46547647058986],[-57.64881176807644,-35.46614697439185],[-57.64774487502766,-35.46633071743827],[-57.64689781187743,-35.466102808176785],[-57.64594564355192,-35.46580057681028],[-57.64529231315109,-35.46573934896055],[-57.64418683518953,-35.466052601013416],[-57.64296163966543,-35.466237084589025],[-57.641856067379685,-35.4665341840618],[-57.64083300910851,-35.4672676494274],[-57.64002532675477,-35.4677087798539],[-57.639196325088314,-35.467955849282056],[-57.6380904519557,-35.468220559406944],[-57.637097635403414,-35.46832906723868],[-57.63638279106065,-35.46847617269077],[-57.63597531003326,-35.468681288877924],[-57.63543631286486,-35.468875175600964],[-57.63448835377259,-35.46909510109512],[-57.63403602262846,-35.46916912781264],[-57.63352510328505,-35.46923155117138],[-57.63324422472127,-35.46928821385549],[-57.633109595082004,-35.46934567308061],[-57.63293830254463,-35.46939132969969],[-57.63275592490036,-35.46942811836],[-57.63255524001882,-35.46946193437624],[-57.63230347868548,-35.469487178645],[-57.63208075678836,-35.469506234470245],[-57.6318727523475,-35.46953422898148],[-57.63156581497603,-35.469517930917306],[-57.63105983748884,-35.46950565279932],[-57.63041706535041,-35.46951195053115],[-57.6300188477747,-35.46950214519074],[-57.629839655435646,-35.46947916163073],[-57.62960736281697,-35.46944152839246],[-57.629472056582046,-35.469409404888665],[-57.629135501043926,-35.469351520408175],[-57.62900744696284,-35.469331252694104],[-57.6287078693137,-35.469311938318924],[-57.628492124570194,-35.46929219889328],[-57.628344198532176,-35.46928100092979],[-57.62818327124481,-35.469254949997556],[-57.62801512005262,-35.469249841591655],[-57.62772626966868,-35.46920658733281],[-57.62754332977002,-35.46916874931262],[-57.62744466753133,-35.4691603212388],[-57.62726179610612,-35.46913140462644],[-57.62702787840253,-35.46911166556216],[-57.62680296652392,-35.469074082041466],[-57.62674070224251,-35.4690564578087],[-57.62653595217623,-35.46903368739475],[-57.626469919074324,-35.4689981479042],[-57.626303747027706,-35.46895946656741],[-57.62618066735602,-35.46890117896675],[-57.62586200335181,-35.468796872544665],[-57.62568279075855,-35.468755951382086],[-57.625323783326444,-35.46862652090638],[-57.625279715634704,-35.46859690963312],[-57.62500833294073,-35.46846172438477],[-57.62483057081475,-35.468371542625654],[-57.62462711525911,-35.468274907692965],[-57.624429151150935,-35.4681863098819],[-57.62423158684064,-35.46815151281967],[-57.62394582069489,-35.46803361259693],[-57.62344040035197,-35.467856870485335],[-57.62312124732551,-35.46767965169033],[-57.62296726235755,-35.467608767854365],[-57.62278368195403,-35.467484408492204],[-57.622592701547156,-35.4673420620676],[-57.62242371101808,-35.46722348616372],[-57.62223295212599,-35.467111058686065],[-57.62176830017398,-35.46662001324982],[-57.621155516145926,-35.46598313728405],[-57.62032188199177,-35.46504085850636],[-57.61948756233508,-35.464021610330946],[-57.61837325998574,-35.463447989263855],[-57.61697671808531,-35.46303034291555],[-57.61506051693307,-35.462595920872204],[-57.61314453625286,-35.46218084579641],[-57.611465900250046,-35.46191893410218],[-57.61059073712363,-35.46173031284609],[-57.60961963044534,-35.4613489406027],[-57.60919061386902,-35.460829720644924],[-57.60913826039462,-35.46015406233476],[-57.60898862720561,-35.459092716132034],[-57.60884954040034,-35.458620058634835],[-57.6085643182933,-35.45837039918963],[-57.60813935313075,-35.45839188979058],[-57.60764502357654,-35.45858752916146],[-57.60687062434583,-35.459247962413706],[-57.6060002905648,-35.459696540757136],[-57.60453975194893,-35.46016736474341],[-57.60269899744148,-35.46033101512693],[-57.60099752338225,-35.46016572881059],[-57.59957765639996,-35.45976724271448],[-57.597495941736504,-35.45927545807703],[-57.59600624278324,-35.45899312729375],[-57.595083987761896,-35.45882391011956],[-57.59454860004197,-35.4587108768012],[-57.594191842798494,-35.45836496705188],[-57.593880653310464,-35.457787132944716],[-57.59361613082301,-35.45715120991144],[-57.593377090209856,-35.45674682468886],[-57.592973654302085,-35.45647846209793],[-57.592618876556074,-35.45640290334404],[-57.592265414672596,-35.456501182951406],[-57.59169901110978,-35.45654258952945],[-57.59125076408428,-35.45660275169243],[-57.59065863826417,-35.45635458209166],[-57.589830177026194,-35.45608826290326],[-57.58931046844319,-35.45605219953907],[-57.588696816603104,-35.4560938193055],[-57.58824932260173,-35.456250488047104],[-57.58756381829463,-35.45615730992738],[-57.586876930303944,-35.45587091472538],[-57.586308948550496,-35.45569988650746],[-57.58586006689436,-35.45566342318302],[-57.58541201602743,-35.45574285006223],[-57.58522553269847,-35.45607205626624],[-57.585064638801725,-35.45669083166536],[-57.58485494210339,-35.45707805075527],[-57.584574141680115,-35.457427082982115],[-57.5841277392242,-35.45773819809601],[-57.58372736968654,-35.45789462193136],[-57.582860554185935,-35.458269845947896],[-57.58264962925817,-35.458502596131105],[-57.58222689339803,-35.45881363747375],[-57.58182678915664,-35.45900871517252],[-57.58121358017614,-35.45910824268824],[-57.58073935387209,-35.45884013244127],[-57.57993255370208,-35.45830332410288],[-57.5793636702923,-35.45799699744207],[-57.57848790031622,-35.45771154035841],[-57.57695067447362,-35.45739062815956],[-57.57557924998322,-35.45712682119379],[-57.57425489730835,-35.4568434013169],[-57.573287018222,-35.4568866497765],[-57.57180168316322,-35.45722195875786],[-57.57078808860665,-35.45747781532714],[-57.56979797686511,-35.45771431320743],[-57.56944367813016,-35.45769663354195],[-57.56767736958172,-35.45733377497684],[-57.56644805128746,-35.45714643524614],[-57.56552680693512,-35.457092798246606],[-57.564275529262964,-35.45713728326211],[-57.563377402163276,-35.45702561864335],[-57.562265484413714,-35.45672184963108],[-57.5608463478474,-35.45638086366061],[-57.5596867479285,-35.45601934125239],[-57.55859877460216,-35.45577323962083],[-57.55798485292515,-35.45577613241372],[-57.55732492413004,-35.45595298351429],[-57.55679571528248,-35.456672114261174],[-57.55619076287771,-35.45796880975955],[-57.5556286184642,-35.45864735126186],[-57.55513530037492,-35.459016514456216],[-57.55431184581508,-35.45946449235371],[-57.55329914645416,-35.45985537475368],[-57.552404328717756,-35.46022638435682],[-57.55165167269739,-35.46067397775149],[-57.5512063580668,-35.46115880120143],[-57.550832458359444,-35.4617398625128],[-57.55062414606537,-35.4623587946546],[-57.550677123192834,-35.463208292510494],[-57.550918415195305,-35.46396033632868],[-57.55187263806435,-35.465365779798255],[-57.55244290688588,-35.46616945871128],[-57.552636181321816,-35.46680591232287],[-57.55271118967531,-35.46742347723513],[-57.55255240422702,-35.46837049559106],[-57.55201312977736,-35.468952348835806],[-57.551424952788615,-35.46928334771617],[-57.550739579544434,-35.469209243761135],[-57.55024060603527,-35.46876733178212],[-57.54992925813239,-35.468131450069784],[-57.549548047094795,-35.46763110683749],[-57.549002943854305,-35.467363235266816],[-57.54850624778833,-35.4672496123288],[-57.54796325770288,-35.46727137400422],[-57.547657622461045,-35.46748519533626],[-57.547377144830904,-35.46791136229292],[-57.54723987695588,-35.46856858430701],[-57.54710054097431,-35.46891679684855],[-57.54686591188435,-35.469149630141324],[-57.546043008775634,-35.4696940606525],[-57.54533844263467,-35.47027657468802],[-57.54487515447497,-35.47075172580743],[-57.54447567675069,-35.47106256273031],[-57.54338979025023,-35.47114470273481],[-57.542231788421,-35.47103407267264],[-57.54100347030593,-35.47100092919944],[-57.539871015004785,-35.47117985086909],[-57.53890430594865,-35.47143521798749],[-57.538150059535525,-35.47165094299397],[-57.53682728837092,-35.47163754400622],[-57.535905041649336,-35.471467873642545],[-57.535123889986984,-35.471200974221574],[-57.534744780826735,-35.47100950485489],[-57.53427165897091,-35.47089576438457],[-57.533491959004735,-35.47084125898884],[-57.53188544475473,-35.47077109496943],[-57.53016237726699,-35.47066212118291],[-57.528814808988194,-35.470455575090725],[-57.527656597620336,-35.47030614664451],[-57.52690080036936,-35.47030948473592],[-57.52588649243672,-35.47050700551748],[-57.524943436746696,-35.47076220437928],[-57.5242377257754,-35.47119013053017],[-57.52369749427681,-35.47165595940918],[-57.5231576813602,-35.472179730912295],[-57.522618779238584,-35.47283867387699],[-57.52233656577508,-35.473032997183616],[-57.521841040982046,-35.473093098185664],[-57.52131975619949,-35.472844243367],[-57.52105711428992,-35.472401212986895],[-57.52041251943871,-35.471322579530565],[-57.51984196334601,-35.470745629889215],[-57.51913104240705,-35.470381768964394],[-57.51813680357984,-35.470019102960805],[-57.516976739356856,-35.469579941582666],[-57.51588734242365,-35.469121140381795],[-57.51440253269757,-35.46896702138294],[-57.513620691255376,-35.46856481492542],[-57.51312158316846,-35.468084096076076],[-57.512337404185956,-35.46731502239587],[-57.51167363080119,-35.46693154728878],[-57.511082245704515,-35.46677959619035],[-57.51051551138715,-35.46678195742542],[-57.509925990223074,-35.46691963136641],[-57.50931416009501,-35.46726984603644],[-57.508772432775785,-35.467503920466],[-57.50799423182309,-35.46768093747605],[-57.50749796822121,-35.46764446404583],[-57.506812667101535,-35.4675700224963],[-57.50577222060602,-35.46736199942195],[-57.5047551171591,-35.467115165320635],[-57.503998343936146,-35.4669445309241],[-57.503287943375625,-35.46663852550444],[-57.5025654526441,-35.4663746141794],[-57.50418931374823,-35.46967374398959],[-57.50747867648349,-35.47625910638604],[-57.51418705246684,-35.48967291456945],[-57.51448586680129,-35.48958599709918],[-57.52678547020354,-35.486541354679474],[-57.534175888568,-35.49292236280705],[-57.54184145508761,-35.49953938994652],[-57.54355998415565,-35.50102264816523],[-57.54495014285454,-35.50222239878864],[-57.5622504873315,-35.517148896508715],[-57.57117549331952,-35.52484614598767],[-57.59331355965879,-35.54394987073845],[-57.59550284608354,-35.54590188740281],[-57.61128904949054,-35.559707428928355],[-57.626669581381236,-35.57318707867043],[-57.630415220961254,-35.57637004634662],[-57.63507623175438,-35.580522109386294],[-57.636733268542585,-35.58197296489922],[-57.646475206376394,-35.590545684091225],[-57.6578907178549,-35.60055241042201],[-57.665655087810556,-35.607429033140434],[-57.67377899913929,-35.61450962853505],[-57.67377954986245,-35.61475724790736],[-57.67506762708648,-35.61591915860636],[-57.679747024823136,-35.620050355307136],[-57.68023593274327,-35.62018249795863],[-57.68084246517654,-35.62067038654957],[-57.68173443830285,-35.621450572545605],[-57.682644924421496,-35.62225904103584],[-57.68427611554249,-35.62370831701419],[-57.684541428347885,-35.623883898088465],[-57.6855161929172,-35.623636197167855],[-57.68622224925867,-35.6234567609749],[-57.68650996313823,-35.6233836272766],[-57.686499529871575,-35.62888398818455],[-57.68680478459324,-35.62888453682059],[-57.69249525436818,-35.62933648616465],[-57.69196917484046,-35.63634992444096],[-57.69550464124274,-35.63373215163258],[-57.70390859872331,-35.641134034135256],[-57.72523361537487,-35.659907350394626],[-57.72799691039389,-35.66233905073261],[-57.73246946662092,-35.66627450929725],[-57.741411803108875,-35.67414119757405],[-57.7472727776538,-35.67929598372804],[-57.750562608876,-35.68218909889268],[-57.75137065528065,-35.682906756013374],[-57.75377270230753,-35.68501170760656],[-57.76092802893002,-35.691302181043646],[-57.762266283332806,-35.69245619400836],[-57.76786768295348,-35.697384692106084],[-57.77724432755007,-35.70564035010516],[-57.780585348235995,-35.70861317978254],[-57.788367994618966,-35.71523099791954],[-57.80032384581521,-35.70651247898376],[-57.80740824757062,-35.71266731934912],[-57.807629163758,-35.71251194733744],[-57.81266793660898,-35.71680606376708],[-57.82109409021667,-35.71029126964949],[-57.82524799073996,-35.70711492789509],[-57.8270611688604,-35.70578716646541],[-57.8271864683456,-35.70555037574395],[-57.828481944826464,-35.70467711126446],[-57.830862207087485,-35.702879343813485],[-57.8348201978427,-35.6998843827647],[-57.83778836138605,-35.70244760825754],[-57.85185220128506,-35.69255324999292],[-57.86099354516762,-35.6857791505087],[-57.857300650323296,-35.682524084728364],[-57.85067651850596,-35.676582562702265],[-57.8471099321972,-35.67342514378527],[-57.84460558806677,-35.671142403538255],[-57.84304869591175,-35.66977118559753],[-57.83927762285529,-35.66627494635465],[-57.83521518523571,-35.662609987585654],[-57.833146467444585,-35.66078719076034],[-57.8247591056941,-35.65339558904766],[-57.81466649385079,-35.64461032354588],[-57.80922119340335,-35.63984388183934],[-57.81458892665126,-35.636070863043585],[-57.822083991396916,-35.63057105917597],[-57.832154902839385,-35.623268867693284],[-57.83582470055565,-35.620679026376685],[-57.840949602710126,-35.61687878690646],[-57.84493595313416,-35.61400147719881],[-57.84899409833927,-35.61101600980031],[-57.85396727263903,-35.60740062646461],[-57.86206085456164,-35.601445537981455],[-57.86662251372144,-35.59808848430793],[-57.86682602821492,-35.59793619968398],[-57.86697415813816,-35.597825465501025],[-57.87077793663633,-35.59505107637079]]]}},{"type":"Feature","properties":{"CCA":"02708","ARA3":802987.6,"SAG":"ARBA","PARTIDO":"027","CIRC":8,"NOMENCLA":"Circ. VIII","AREA_HA":80298.8},"geometry":{"type":"Polygon","coordinates":[[[-57.5025654526441,-35.4663746141794],[-57.50185353105918,-35.46635302473735],[-57.50126382682056,-35.46647137016891],[-57.50067394988754,-35.46657033691979],[-57.500556512464236,-35.46666737748431],[-57.50013302447997,-35.46692017123115],[-57.49937861926502,-35.46713573906057],[-57.49857607675559,-35.46721632055118],[-57.497821431567694,-35.467393219278485],[-57.49720978222523,-35.467782029243345],[-57.49693085750066,-35.468497696714536],[-57.49677241669269,-35.469618444116634],[-57.49661192583753,-35.47041090323782],[-57.4962850894362,-35.47103015520657],[-57.495720429807356,-35.471380106555586],[-57.495265828889536,-35.47163683149724],[-57.494847112725374,-35.47171319301897],[-57.494340829717075,-35.471718625076356],[-57.493833985465024,-35.47163925648073],[-57.493313259405795,-35.47141462167484],[-57.492785387415076,-35.47104071580365],[-57.49247682899664,-35.47070182191253],[-57.492189034825145,-35.470201624247174],[-57.49196721679262,-35.46973694677267],[-57.491789449945195,-35.46930796464625],[-57.491633288160855,-35.46884302997515],[-57.49162993757629,-35.468288016401765],[-57.49169349910268,-35.46792964725859],[-57.49171332589586,-35.46758929024886],[-57.491711122996385,-35.467231265468925],[-57.491643376311224,-35.466891339968306],[-57.491456405850336,-35.46653902377386],[-57.4912568342795,-35.466127968422875],[-57.49072952938012,-35.465825787897195],[-57.49015776627143,-35.465416268557924],[-57.489475264916415,-35.464810270162374],[-57.48916590834568,-35.46434592839657],[-57.488943497945954,-35.46377383065703],[-57.488980663401826,-35.462681475590905],[-57.488911366237254,-35.462090850010824],[-57.48857885617771,-35.46141176009314],[-57.48818226194326,-35.46100155368588],[-57.487654997291365,-35.46071720161861],[-57.487151525240854,-35.460737169952466],[-57.486498343818766,-35.46138122321743],[-57.48611100472004,-35.46247817370445],[-57.486199425832275,-35.4632568832447],[-57.48629598218706,-35.46410685335121],[-57.487334648246666,-35.46567835236811],[-57.488107204904175,-35.466695845614126],[-57.48846268793194,-35.46755390881302],[-57.48857884278016,-35.46864567079842],[-57.488474025269895,-35.46943396065943],[-57.488036301888854,-35.470489410647964],[-57.48714464411992,-35.471513597778156],[-57.48638075948345,-35.471928552690684],[-57.4857457990085,-35.47194901715505],[-57.485043840322625,-35.47175480815663],[-57.4842321875551,-35.47150739922097],[-57.48346488864814,-35.471367231485374],[-57.48291802709494,-35.471458988315334],[-57.48237197659636,-35.47171186314664],[-57.48215462733163,-35.47198132848039],[-57.482113256718605,-35.47237538484647],[-57.48231371623474,-35.47294757646661],[-57.48260145076385,-35.4734656355929],[-57.48269077717911,-35.473751773806185],[-57.482628199488865,-35.47427135118578],[-57.482345700580446,-35.47463055063827],[-57.48204158116746,-35.47504362988829],[-57.48197817512975,-35.47543776659543],[-57.48206985906906,-35.47611788305036],[-57.48242521925576,-35.47694009912782],[-57.48269258706292,-35.47770893900923],[-57.482713308809025,-35.47847479313141],[-57.482370364703485,-35.47971168123264],[-57.481828257315335,-35.48062697836342],[-57.48115440337893,-35.48147122347548],[-57.48050071925481,-35.482028909321876],[-57.4796269783691,-35.48242629569921],[-57.478840106283876,-35.48269799656855],[-57.478228817804144,-35.483022739893045],[-57.478012030476165,-35.48339961028911],[-57.47816874396997,-35.48397197433535],[-57.478631061757895,-35.484364125702555],[-57.479401732834084,-35.485059337811826],[-57.47992952611234,-35.48541537023928],[-57.480788676478575,-35.4858178777286],[-57.48118503699298,-35.48617449299133],[-57.48147209242149,-35.48656720798597],[-57.481453437811716,-35.48712239023579],[-57.48108359624419,-35.48753571458599],[-57.48045137283018,-35.48803951519499],[-57.479796813579775,-35.48845400452938],[-57.47861575400685,-35.48874521553316],[-57.47649347158658,-35.48912962072667],[-57.47480854119809,-35.489404842713725],[-57.47321159768008,-35.48975126324846],[-57.47179408530121,-35.49010890272353],[-57.470371622535595,-35.49031135554115],[-57.46921133101872,-35.490423335012395],[-57.46763478951093,-35.490501063872095],[-57.46643104670418,-35.49066688599175],[-57.465250997654216,-35.49115485832973],[-57.46415992632326,-35.49185742077967],[-57.46350583450135,-35.492397070569105],[-57.462264599321784,-35.49365526863596],[-57.462158502304874,-35.494264467556846],[-57.46218337103714,-35.49478361770928],[-57.4625591426759,-35.49537304360245],[-57.46310845872032,-35.49565743041283],[-57.46418377723492,-35.496011443962175],[-57.467895467743574,-35.49768019466837],[-57.46938923131808,-35.49840849307416],[-57.4700047638797,-35.49878217850999],[-57.47038130269601,-35.499205539195486],[-57.47055871130862,-35.4995808418976],[-57.47049632673811,-35.50015402395195],[-57.469754803994284,-35.50071205524433],[-57.468421534308774,-35.50123648489132],[-57.46717546118042,-35.50168893758821],[-57.46617127692009,-35.50228368583199],[-57.46442232117011,-35.50291718694622],[-57.46241051247074,-35.50355161751761],[-57.461447380008536,-35.50368064182798],[-57.46049330248984,-35.50388940896329],[-57.45896103215008,-35.50409220127269],[-57.45687969025636,-35.504064356578944],[-57.45584989037144,-35.504032449595385],[-57.45464360040001,-35.50380417071018],[-57.45381154286629,-35.50386102618602],[-57.45276212309953,-35.50424098348519],[-57.451756157876375,-35.50456706807946],[-57.45079596166369,-35.50491600647566],[-57.44976958300598,-35.50551068563898],[-57.44865672373699,-35.506302740067134],[-57.44791794008246,-35.50739769476158],[-57.4475262787771,-35.507882618830024],[-57.44719888514801,-35.508098688125486],[-57.44612583792059,-35.50819219351097],[-57.44523048583723,-35.50871473335515],[-57.44433842383415,-35.509828220658385],[-57.44392282331252,-35.509955012491496],[-57.442585970383526,-35.5098704383973],[-57.44107555937211,-35.51010878292411],[-57.43987268507216,-35.51050708175346],[-57.43888965259621,-35.51102987334653],[-57.43817048805808,-35.511730807807616],[-57.437758397393274,-35.51250223624651],[-57.43761009190922,-35.513433883622035],[-57.43749270536087,-35.51411390466918],[-57.43714591577239,-35.51481346621041],[-57.43640735133147,-35.515997909312496],[-57.435847542508476,-35.51780838752177],[-57.43570011554759,-35.51891908068302],[-57.43581355115103,-35.51963491366581],[-57.43612436158067,-35.52038575920103],[-57.436565187735034,-35.52086762418821],[-57.43709309559679,-35.521241776266464],[-57.437511355542156,-35.521598368206526],[-57.438653999700826,-35.5221850638022],[-57.43944462929687,-35.52252244054164],[-57.43981896420598,-35.522843312661806],[-57.44024097660498,-35.52317609836389],[-57.440571536514724,-35.52351514007665],[-57.440814267311296,-35.52383654856688],[-57.4412111965569,-35.524282686261714],[-57.44154082024536,-35.5244606047872],[-57.44243788021984,-35.524206635191184],[-57.44302806362759,-35.52395371802178],[-57.4435754266737,-35.523862252039876],[-57.44410169619906,-35.52393188768649],[-57.44462900734779,-35.52418066428052],[-57.44478394072123,-35.524466505976875],[-57.44498283552536,-35.52477021834652],[-57.44496494858884,-35.525504434101556],[-57.44472775356913,-35.52618570663173],[-57.44433794997218,-35.52702871816166],[-57.44383810285266,-35.527782537061704],[-57.44327206280474,-35.52846503111768],[-57.442751666215955,-35.529469700978126],[-57.442626677995754,-35.53009442286425],[-57.442913588081105,-35.53046938380357],[-57.44328804649611,-35.530826108677566],[-57.44420917920232,-35.530947999210994],[-57.44519524989979,-35.530944396848],[-57.445808941995594,-35.53094208612397],[-57.44627011826513,-35.531119446255644],[-57.4466883737567,-35.53145816758566],[-57.44695432526434,-35.53199431676213],[-57.44700187438101,-35.53267450631266],[-57.44689731041781,-35.533570239235765],[-57.44697360907905,-35.53546794320857],[-57.446849930816484,-35.5368828837213],[-57.44696583935662,-35.53802845142419],[-57.44719654040621,-35.539061661722336],[-57.447680175311206,-35.5393284227381],[-57.449327204383856,-35.53991317897524],[-57.449921195809964,-35.54032273440036],[-57.45023001785764,-35.54067976183631],[-57.45058387611365,-35.54123344084683],[-57.451423292492564,-35.542412057960185],[-57.45214989976702,-35.54300028467091],[-57.453028934626516,-35.54340882341345],[-57.453622114149304,-35.54365724326238],[-57.45413963460139,-35.544081110737025],[-57.45436228209162,-35.54468904130556],[-57.45425555987208,-35.54520865276837],[-57.45371382182065,-35.54630292858803],[-57.45352297863509,-35.54744966743143],[-57.45342200620139,-35.548971954112496],[-57.4531426227677,-35.549975722326266],[-57.451881875462,-35.551860562986114],[-57.45120764243957,-35.552812006190145],[-57.45116548506753,-35.55309871681947],[-57.451189849018995,-35.553794991936],[-57.451411818720686,-35.55429551257467],[-57.45185177735164,-35.55456250595089],[-57.45294795573638,-35.55457631130227],[-57.45439354465159,-35.554373857989454],[-57.45542274639567,-35.5541730466632],[-57.45629969203873,-35.55420552776848],[-57.457639727551225,-35.55470179353384],[-57.45845502093988,-35.555450703809],[-57.45909587540144,-35.55634351613665],[-57.45929721963546,-35.55705902003871],[-57.45930109628494,-35.55773936521305],[-57.45917419474,-35.558545617040075],[-57.4586741706142,-35.55928164952437],[-57.45795423294917,-35.55989320581754],[-57.457231976129805,-35.56009285675483],[-57.4561795150487,-35.560061000591084],[-57.45527919624469,-35.55981376353702],[-57.4547090927521,-35.559780097482474],[-57.45394274898085,-35.559944108327066],[-57.45361552699942,-35.56023191360089],[-57.45311466880831,-35.56084257353037],[-57.452616784770385,-35.56195452542898],[-57.45246596360414,-35.562758100079016],[-57.45251624158116,-35.56390380486291],[-57.452741790774226,-35.56501312033527],[-57.453671071703,-35.56651366197202],[-57.4547741123455,-35.567727112245755],[-57.455678816125186,-35.568762199382995],[-57.45601193995864,-35.56949499682418],[-57.456036189798816,-35.56990672936757],[-57.456015874448795,-35.57019336182204],[-57.45584607329652,-35.57085481073521],[-57.455412543421915,-35.571733778931],[-57.45519673344946,-35.57234334784881],[-57.455092087097206,-35.573221152161615],[-57.454988105439874,-35.57422421041225],[-57.454928887720975,-35.575370393167915],[-57.45477870665097,-35.5759617954025],[-57.454519180794506,-35.57658954015425],[-57.454434069353674,-35.57705536470383],[-57.454393707880286,-35.57768224384446],[-57.454573214426425,-35.57839774288564],[-57.45488429912675,-35.57913070811955],[-57.45553108562828,-35.58052327367196],[-57.45584381863857,-35.58154270165903],[-57.456134812110356,-35.58258014040523],[-57.45635583527787,-35.58288367202125],[-57.45745912740539,-35.584097105695484],[-57.45783524028222,-35.58468655429412],[-57.458435008946594,-35.58602711577925],[-57.45883308971126,-35.58661648435283],[-57.459317137474166,-35.586901142231035],[-57.459866856214546,-35.58714970121709],[-57.46054584862688,-35.58700390911684],[-57.46115792385313,-35.58666136414274],[-57.46170317352636,-35.58613999921162],[-57.46227094764776,-35.58572596577877],[-57.46270935872055,-35.585688529242596],[-57.463082592184094,-35.58577658040039],[-57.4638262444853,-35.58639501530988],[-57.46446680366794,-35.58718039505727],[-57.464802499034164,-35.588360844763834],[-57.464984168245465,-35.58943443594015],[-57.465010916430515,-35.59025798010735],[-57.464753951832265,-35.59133333118755],[-57.46425815372483,-35.59282136076769],[-57.464048480288106,-35.59450525481309],[-57.463652447237486,-35.59525349158972],[-57.46308549365697,-35.59581071716681],[-57.46173027389645,-35.596603791694434],[-57.45941326321564,-35.59797339199038],[-57.458472943398704,-35.598478388365336],[-57.45735528503771,-35.59862580826226],[-57.45535930285362,-35.59861554770686],[-57.45453177448321,-35.59879078517404],[-57.453920725705856,-35.59933027478996],[-57.4534427104757,-35.600137829956594],[-57.45298684793869,-35.6009631507388],[-57.45242081470347,-35.60171730228236],[-57.45141512018785,-35.60231194995635],[-57.450541151494825,-35.602906133952125],[-57.44982130469601,-35.603625030344766],[-57.44945224594634,-35.604306752405584],[-57.44921527937911,-35.60507758722567],[-57.44915423334502,-35.60591936274528],[-57.449071227698205,-35.60676121354426],[-57.448942123356694,-35.607227270426826],[-57.44876988149598,-35.60780089394185],[-57.44848682237283,-35.60817791297047],[-57.44777678869994,-35.608985121238746],[-57.44701136339387,-35.60939984537903],[-57.44549992126598,-35.60978144186294],[-57.4410761133003,-35.611104789850245],[-57.439958506772754,-35.61132376424391],[-57.437613068336944,-35.611636709894185],[-57.43592708596892,-35.61221575305739],[-57.434767825175065,-35.61284662927902],[-57.433650918729015,-35.61319088794466],[-57.43216414644443,-35.61374231733024],[-57.430849710616165,-35.61406936248858],[-57.4292931069822,-35.61425400120353],[-57.42824131265853,-35.61447255813635],[-57.427584703010815,-35.614761357423134],[-57.426951745759716,-35.61537240442455],[-57.42682412953122,-35.61612489278382],[-57.42722266019463,-35.61680384059901],[-57.42808190692309,-35.617499116279625],[-57.4288568665983,-35.61882139194589],[-57.429258483421265,-35.620073343178355],[-57.42944466346273,-35.62207798142178],[-57.42940237705087,-35.622364676699526],[-57.42940860765696,-35.623148676691955],[-57.42917120567321,-35.62388368616943],[-57.42906500233979,-35.62454653381363],[-57.429177407307044,-35.625047455254915],[-57.42959543388285,-35.625260816754746],[-57.430516881384136,-35.62525751044399],[-57.43159122371664,-35.62512834605329],[-57.43336996919524,-35.625426396867745],[-57.433829744679336,-35.62524563673271],[-57.434155675856786,-35.624653600317906],[-57.43441454749301,-35.623829028038486],[-57.43478538002764,-35.623433823292764],[-57.43542034733972,-35.623198764982455],[-57.436363375524046,-35.62312370308856],[-57.43681677281632,-35.62330445591443],[-57.43714761678683,-35.6236254967163],[-57.43808070871289,-35.6257528803614],[-57.43832547644634,-35.62637860601068],[-57.43839878468737,-35.62775707100699],[-57.43851584204751,-35.62909952568079],[-57.439137256598116,-35.63038648630015],[-57.43976043769307,-35.63199567826439],[-57.44000979225664,-35.633083890189745],[-57.43992627935939,-35.63385417912046],[-57.43955881660293,-35.63487611409235],[-57.43938890686265,-35.635915224264586],[-57.43913005943552,-35.6367218768547],[-57.438738683408815,-35.63738578418008],[-57.43773161694984,-35.63781917603322],[-57.4353003700987,-35.63863370963231],[-57.43441721866352,-35.63909124676599],[-57.4332147255401,-35.639901285167284],[-57.43227557144091,-35.64072828113511],[-57.4314032760743,-35.64175203162896],[-57.43070550211633,-35.642578218304315],[-57.4302030365227,-35.64300970022628],[-57.42825439324777,-35.64384024465865],[-57.42751993492593,-35.644394158447625],[-57.42703806917748,-35.64457486975956],[-57.42596212011116,-35.64445338711603],[-57.42505984088773,-35.643973140739455],[-57.42380410753413,-35.64306437968798],[-57.423231998687264,-35.642779853871545],[-57.42261828645879,-35.64290735949207],[-57.42229034267212,-35.64314126244389],[-57.42139328086504,-35.64366372508434],[-57.42064803801358,-35.64382741558439],[-57.41970466982044,-35.64388450174713],[-57.41825605501996,-35.64385370988046],[-57.41746714990315,-35.64405338460906],[-57.41702945582642,-35.644287711052264],[-57.41661424373256,-35.644629285793926],[-57.41624996846145,-35.645243240754674],[-57.41599102430608,-35.64608569450173],[-57.413271748341145,-35.65075036448783],[-57.413141956072685,-35.65110887169494],[-57.41316581331344,-35.651484826733665],[-57.41347469506786,-35.65180609062146],[-57.41420189546758,-35.6523586159571],[-57.41497265416095,-35.652875222144075],[-57.415741633943995,-35.653015802334586],[-57.41622425875204,-35.652978321679626],[-57.41751855831537,-35.652866447109815],[-57.41830846031289,-35.65280996279647],[-57.418572827194225,-35.65300601258553],[-57.41866296654556,-35.65345330545219],[-57.41868702268756,-35.65386503340157],[-57.41871387784657,-35.6543475490986],[-57.418301691867754,-35.65526213282269],[-57.415771318851675,-35.65829686864682],[-57.41513861598003,-35.659033174069066],[-57.41443800711166,-35.65937581657054],[-57.41369215318247,-35.65946790869235],[-57.41314289757827,-35.65936231072164],[-57.41263550723139,-35.658862707161816],[-57.412105197786516,-35.658184122931715],[-57.41157800533399,-35.6580964716111],[-57.41120543446126,-35.65820513580438],[-57.41103175898563,-35.658581706808114],[-57.41094792687122,-35.65935195992335],[-57.41090639021042,-35.65981759784419],[-57.410235269543804,-35.66162837823636],[-57.41001805385366,-35.662094649696954],[-57.41013012473223,-35.66254187907893],[-57.41032894524111,-35.66279185698708],[-57.410901312058996,-35.66311222023414],[-57.411158395108835,-35.66342823131978],[-57.411182664862714,-35.663893662949995],[-57.41100872289028,-35.6642165288045],[-57.41037430572603,-35.664630576826696],[-57.40879532093788,-35.66492238433331],[-57.40774202990749,-35.66499754665471],[-57.40662165265878,-35.664822311450415],[-57.40602654392579,-35.664358811652704],[-57.4053857586744,-35.66351942388008],[-57.404943293250994,-35.66282261101053],[-57.404524048247175,-35.662394250677224],[-57.40415051039618,-35.66232393564734],[-57.40382174567214,-35.66243244000687],[-57.403537693474604,-35.662684083728855],[-57.40336363993701,-35.6629890960625],[-57.40338753556569,-35.66338289193332],[-57.40345529569501,-35.66375862345174],[-57.40336926821043,-35.664117071371834],[-57.40312855293982,-35.664261080266854],[-57.40242565931676,-35.664173921254644],[-57.40181074347712,-35.66410433482846],[-57.40148240586182,-35.664284470085846],[-57.40159423657734,-35.6647138617023],[-57.40179421057328,-35.6651966026003],[-57.4023487168503,-35.66632282204912],[-57.401889158390965,-35.66664058905988],[-57.40157005909437,-35.66694408837939],[-57.40097849137385,-35.66680760780088],[-57.40031629077936,-35.66639461793137],[-57.39969869422053,-35.66608394912943],[-57.39913289716582,-35.66609604824336],[-57.39827397981682,-35.66625389375402],[-57.397232205716584,-35.66661617570299],[-57.39582612544819,-35.66706165438936],[-57.39503346819583,-35.66772122630726],[-57.3946778511152,-35.66846098301639],[-57.394634396257544,-35.669148843697016],[-57.3948400066134,-35.66965757550935],[-57.3954352025797,-35.6700122029345],[-57.39568589925945,-35.67017692286049],[-57.39593540152189,-35.67059245013839],[-57.395937589058406,-35.671038123720045],[-57.39539492392393,-35.67184221856468],[-57.394834608256566,-35.6722515683949],[-57.39405538806764,-35.67259797132005],[-57.39319616338472,-35.6725626014934],[-57.39219362419014,-35.671967312679044],[-57.39164464847779,-35.67148519116879],[-57.39112763932482,-35.67118125377884],[-57.390251689698516,-35.67090394738407],[-57.38949965966147,-35.670422457791126],[-57.3885923655941,-35.67014518032661],[-57.387920513058354,-35.6700836566819],[-57.38745273394151,-35.67023802052521],[-57.38724133946218,-35.670520933699784],[-57.38704094191634,-35.67106924398038],[-57.386950083807406,-35.67166804504061],[-57.38653106090614,-35.67222971606057],[-57.38611157561311,-35.67267677067833],[-57.38587937218854,-35.673123297641496],[-57.38588107113624,-35.67346714870496],[-57.3861012869916,-35.67379754716489],[-57.38683699890765,-35.674126257748334],[-57.38746382110871,-35.67455720356132],[-57.38768418119403,-35.674900396324034],[-57.38743559935748,-35.67516862694965],[-57.38681247588545,-35.675514406434424],[-57.38637747911795,-35.675999776634704],[-57.38630075062917,-35.67628020682374],[-57.386334264583205,-35.67688765490091],[-57.38608548304401,-35.67711767654845],[-57.3856481589724,-35.677119076844136],[-57.38525539627703,-35.67666194419298],[-57.384909148037494,-35.676102659090354],[-57.384720074863864,-35.67577212454839],[-57.38425051141528,-35.675557214678925],[-57.3837037578792,-35.675558931998616],[-57.38322133266025,-35.675917031826074],[-57.383144857764194,-35.676273868353206],[-57.38328811818875,-35.676833699275825],[-57.38374248504361,-35.67712522618857],[-57.384259739691565,-35.67749289994672],[-57.384698546245566,-35.677784355375486],[-57.384965781318634,-35.678152808166544],[-57.38503038505778,-35.67858560134327],[-57.38472002781425,-35.67900682095355],[-57.38401845665408,-35.679301956511864],[-57.38303391441586,-35.67920324203126],[-57.38200369628955,-35.679346609764686],[-57.38108208934146,-35.679349527654914],[-57.38047198089561,-35.67916046497571],[-57.37981377588497,-35.67871681651193],[-57.379390641288445,-35.67841253059229],[-57.379232655663415,-35.67804365260794],[-57.37913791594861,-35.67782751648412],[-57.37937003506774,-35.67736829825488],[-57.379601356494895,-35.67673084855183],[-57.37966126448616,-35.67619571055144],[-57.37942570855215,-35.67591632247631],[-57.378972155724284,-35.6758031010433],[-57.3782855087267,-35.67593265834823],[-57.37789668058814,-35.676277729277714],[-57.37746241748987,-35.676941295395096],[-57.376990465519505,-35.677912532933995],[-57.376743520347716,-35.6785373830705],[-57.3763403053675,-35.67916260909353],[-57.37584161622332,-35.67941887325714],[-57.375295521974294,-35.67954796431124],[-57.37467043178639,-35.67948621404093],[-57.374247778042076,-35.67930922890103],[-57.373777654474154,-35.67896686795406],[-57.373572525610534,-35.67853451631979],[-57.37350667998355,-35.6778215773703],[-57.37348740736158,-35.677031990790496],[-57.373719505282295,-35.676547376034904],[-57.374077050745655,-35.67617694953754],[-57.374857302147426,-35.67602170866987],[-57.37534180908537,-35.676096608449015],[-57.376091908253784,-35.676170721404354],[-57.376498132917135,-35.676194896172774],[-57.376934453780954,-35.675964298407685],[-57.37693313708853,-35.67568415560731],[-57.376975613661564,-35.67522999754155],[-57.376754511099385,-35.67470855639196],[-57.37637767933744,-35.674289494149264],[-57.37575092249676,-35.67385849314376],[-57.37501607330295,-35.673720651654186],[-57.37393891076765,-35.673825897117275],[-57.37269074212624,-35.67413543465285],[-57.371911441299154,-35.674494393461586],[-57.37089922555765,-35.67514702185931],[-57.37002728315726,-35.675760992303644],[-57.36793698083326,-35.67635317514612],[-57.36688293201447,-35.676744921755684],[-57.3664624401664,-35.67701366972558],[-57.36633924478293,-35.67740884392955],[-57.36641893755207,-35.67775241840488],[-57.3667489505406,-35.67819715518091],[-57.36723393064765,-35.678348500855435],[-57.36806160349613,-35.67832047917619],[-57.368763989303034,-35.67820366871085],[-57.369404924707105,-35.678303636875974],[-57.36965577013019,-35.678506615040895],[-57.369766346388765,-35.67876094531664],[-57.36961172821854,-35.6791180456228],[-57.369051394191374,-35.67955267810461],[-57.368708971790326,-35.67982124877756],[-57.36853909065115,-35.680229279222445],[-57.368634726674316,-35.68064924340017],[-57.36916655189503,-35.68080043486983],[-57.37027631103876,-35.68094984189062],[-57.37073013342089,-35.68113941500522],[-57.37084076261771,-35.681419243127706],[-57.37062699326116,-35.68184911219589],[-57.370333434024346,-35.682563206574805],[-57.370320060080815,-35.68303439486797],[-57.37054002793643,-35.683313910122685],[-57.370962355160565,-35.68342720236272],[-57.37180562777962,-35.6833864326854],[-57.372756846533065,-35.68301411256007],[-57.37324004349235,-35.68278338177726],[-57.37380191707604,-35.68269248610543],[-57.37427104902792,-35.682792913368736],[-57.37444461612826,-35.68317448079257],[-57.37449364076293,-35.68363279630691],[-57.37437188858741,-35.68430812411593],[-57.37393720888611,-35.684907967163795],[-57.37339216895781,-35.68526627998843],[-57.37279945866062,-35.68547182486919],[-57.371986919673944,-35.68542344514105],[-57.37111125528821,-35.68522240675487],[-57.370501494889375,-35.68510961335102],[-57.37008081224749,-35.685352871268115],[-57.36991076514695,-35.685735492127726],[-57.3697411725112,-35.68624543042804],[-57.369797266877626,-35.68691806352072],[-57.370128372887194,-35.68756652601918],[-57.37056758583186,-35.68795994196528],[-57.371130924271846,-35.68816199876186],[-57.37186506223105,-35.68814695528852],[-57.37252012650221,-35.68790304437831],[-57.37300210387642,-35.68741758282495],[-57.37325001844057,-35.68698386044407],[-57.373591470821715,-35.68648613800075],[-57.37416816398764,-35.68621690112707],[-57.375058431313064,-35.68618866739762],[-57.37549685564621,-35.68639104149654],[-57.375935858629006,-35.68672073464926],[-57.37617200509561,-35.68712754054883],[-57.37642397249542,-35.687547034412376],[-57.37648876895287,-35.68804344400492],[-57.376428667578075,-35.68855307711715],[-57.37614985058049,-35.68905055204427],[-57.375713403176896,-35.689255734755896],[-57.375230222990226,-35.68951188253122],[-57.37499707493643,-35.68975465392246],[-57.37482610282825,-35.68993346087247],[-57.37482745665442,-35.690239101452555],[-57.37482926455363,-35.69060836082624],[-57.37494028541552,-35.6909645966875],[-57.37544137158384,-35.69123050606871],[-57.37581657351808,-35.69128022624102],[-57.37641023973695,-35.691265695143656],[-57.376847112807056,-35.691162419840744],[-57.3772992517478,-35.69095721492124],[-57.3776252475167,-35.69052320355243],[-57.37799686465506,-35.68980890062405],[-57.37819832435843,-35.68946443312902],[-57.378509290497796,-35.689145056154],[-57.37899290350971,-35.6890035086162],[-57.37955534931742,-35.68901440974245],[-57.38022790734159,-35.68919060284738],[-57.380713937118735,-35.68954562958967],[-57.38090365562998,-35.69002898997839],[-57.38103192680536,-35.690716255007224],[-57.38105050158285,-35.69134022574789],[-57.38064629357859,-35.691761732010214],[-57.38005463723278,-35.692183839628434],[-57.379094757937374,-35.692555125920975],[-57.37850295163011,-35.69296451852407],[-57.378364927454925,-35.69349975392483],[-57.37850820005662,-35.69407238335655],[-57.37908884412194,-35.69461814317901],[-57.38001097084295,-35.694678954573874],[-57.38080604387712,-35.6943325441361],[-57.38146060381099,-35.69398667364035],[-57.382132013364476,-35.693895421886545],[-57.3826789710441,-35.693931830081354],[-57.382961506361326,-35.69419835943265],[-57.38313588444668,-35.69473273847324],[-57.38315447754181,-35.69535661921446],[-57.38295435290522,-35.69598132782579],[-57.38264241910275,-35.696096893790425],[-57.381862353760184,-35.69632858801526],[-57.380957611575525,-35.69663711885596],[-57.38013125661596,-35.69698356922057],[-57.38003932693384,-35.69736592350438],[-57.37985433040195,-35.697888604783046],[-57.379793498315316,-35.69824541774348],[-57.37977910948842,-35.69851287441403],[-57.37984308214956,-35.69910945267934],[-57.37986106404112,-35.69960610194587],[-57.37941017531074,-35.70007875227452],[-57.37877105641053,-35.700386384836655],[-57.37811643164463,-35.700732237649554],[-57.37799354367573,-35.701165631069735],[-57.378105327542876,-35.70167468614711],[-57.37845120908795,-35.70213208198047],[-57.379141852575344,-35.702804844427526],[-57.379909449817276,-35.703222681544254],[-57.38017875386817,-35.70399861125694],[-57.38046205517395,-35.704417968832246],[-57.3804961609777,-35.70507678411092],[-57.38046920932895,-35.705981046746736],[-57.380176325755755,-35.706822485424055],[-57.37977218897539,-35.70726948533006],[-57.3791956412274,-35.70762785523397],[-57.37886957808166,-35.708061867166336],[-57.37877965461594,-35.708864477839256],[-57.37893884797232,-35.70948799787046],[-57.379519046238116,-35.70991914316684],[-57.380508112504785,-35.710383607866746],[-57.381589406737355,-35.71100413925906],[-57.38179472728529,-35.711474683458626],[-57.38173405217896,-35.71185690764047],[-57.381517967745516,-35.71243071929321],[-57.38094126472558,-35.712725394448185],[-57.3800983344413,-35.71293182845072],[-57.378989796132785,-35.71313904545649],[-57.378005448510145,-35.713180387451736],[-57.37734864232684,-35.71308056409798],[-57.37678503890296,-35.712840416248696],[-57.376611819119816,-35.712560759846966],[-57.3764364023951,-35.71182263986566],[-57.3762929349855,-35.711211893511106],[-57.376166539228784,-35.71091938296889],[-57.37563210016171,-35.71025884125161],[-57.37528716370298,-35.71001796199631],[-57.374880356466065,-35.70989186688627],[-57.37432049955357,-35.70985486917209],[-57.37389951069113,-35.710059929287304],[-57.373558085362745,-35.71057035334735],[-57.37337298628984,-35.71108031627247],[-57.373313386531976,-35.711704470143694],[-57.373159618865806,-35.712252597325154],[-57.37286440858875,-35.71261005211696],[-57.37245856992019,-35.712713177266],[-57.371848391599826,-35.71254956277778],[-57.37126844842006,-35.71218199524015],[-57.370938302748314,-35.711750060377696],[-57.37079510707265,-35.711202922908534],[-57.37073085660781,-35.710808333928185],[-57.370494972292065,-35.710503423446546],[-57.370056232012686,-35.710250027314736],[-57.36961834606133,-35.71016224703187],[-57.36908738235434,-35.71022757658138],[-57.36876022241104,-35.71045782577306],[-57.36838709241149,-35.7108664517059],[-57.36812407241606,-35.71144038167527],[-57.367594423599286,-35.711811252687994],[-57.3671265636295,-35.71201643378682],[-57.366626318343165,-35.71196701016431],[-57.366031204857386,-35.71168864226062],[-57.365873223055544,-35.71131983840473],[-57.36543033066987,-35.710149596335995],[-57.36527119879182,-35.70950056443366],[-57.36497149472277,-35.70889025773467],[-57.3646423550266,-35.7086874454084],[-57.36418879790363,-35.708599662608805],[-57.36331436613961,-35.70872969701751],[-57.36261294006326,-35.70911389863279],[-57.36177588227404,-35.70958765061599],[-57.36107393673542,-35.709869931739675],[-57.35990249651069,-35.709988108023516],[-57.358839905972985,-35.7099912668129],[-57.3582310468301,-35.710120428167244],[-57.35749795111085,-35.71041551832308],[-57.35678168794642,-35.71100342844336],[-57.356175941441435,-35.71182026713158],[-57.35560079797257,-35.712509657545446],[-57.355164519681765,-35.71279107694931],[-57.35446181209876,-35.71290779354842],[-57.3534468913485,-35.71310178638375],[-57.3523068578118,-35.71327067220775],[-57.35185450960054,-35.71346307020668],[-57.35089058793451,-35.7139580961763],[-57.34995663732546,-35.71478857397366],[-57.349505866930976,-35.71536300759784],[-57.348163908323016,-35.71579985509876],[-57.34743130984074,-35.71639374324136],[-57.34718106342036,-35.716687344239006],[-57.34696696484982,-35.71701021264835],[-57.34700447175677,-35.71736160604008],[-57.347077777736395,-35.71771288817245],[-57.34722301346181,-35.718063955026004],[-57.347153483264414,-35.71859137849121],[-57.34719074744574,-35.7189134850317],[-57.34722719105527,-35.71903051357141],[-57.34747949174723,-35.719234831927075],[-57.347659148823915,-35.71923437973761],[-57.34812838000259,-35.719760260796015],[-57.348443217924164,-35.72013452702388],[-57.34802336760994,-35.72040492885348],[-57.34791670263236,-35.72063962073408],[-57.34781059771103,-35.721020641731],[-57.34791968682838,-35.721342530144064],[-57.3481358178527,-35.7214883877354],[-57.348249242398424,-35.72157963407678],[-57.34840463501309,-35.72170469097217],[-57.348890335759116,-35.72150772690651],[-57.34935711015352,-35.72142170308792],[-57.349572984572454,-35.72157205732362],[-57.349753476955875,-35.72177659036757],[-57.35011527110537,-35.72236136196283],[-57.35040403620269,-35.72268279273189],[-57.350693075844525,-35.72306270161052],[-57.35069457806811,-35.723414201702205],[-57.35040878700923,-35.72376648963003],[-57.350123124796276,-35.72414815114525],[-57.35009843617023,-35.72435636095753],[-57.35008844609422,-35.72444110191788],[-57.35012612356967,-35.7248511509993],[-57.35019915830849,-35.725114491041026],[-57.35045215472047,-35.725465315956455],[-57.35063292671011,-35.72572841675907],[-57.35081385867733,-35.72605008362638],[-57.350959123907586,-35.72640114687758],[-57.35114016898006,-35.72672281577477],[-57.35146513915587,-35.72710261348867],[-57.35142068055798,-35.72734399413049],[-57.35139495111855,-35.727483617728964],[-57.35161218375915,-35.72786374486402],[-57.351936350657596,-35.728067835302134],[-57.35240441813663,-35.7283008610452],[-57.35294502145429,-35.72870927821933],[-57.35301847140554,-35.72906056012473],[-57.352875782663745,-35.72929536416895],[-57.3525898429983,-35.72961837211467],[-57.35266250548351,-35.72982322985528],[-57.35291374878538,-35.729763891514985],[-57.35339824998353,-35.72967779273518],[-57.35341454644558,-35.72967283572277],[-57.353596643451,-35.72984973900229],[-57.353813078770386,-35.73005415640343],[-57.35399373587651,-35.730287968492945],[-57.35417493701466,-35.73063891792173],[-57.35421234256117,-35.730961025584776],[-57.35424909485497,-35.73116599323671],[-57.3544662144606,-35.73151683161578],[-57.354682928171,-35.73177981647886],[-57.35472899489014,-35.731860295174116],[-57.35490018720997,-35.732159938591494],[-57.35504479995808,-35.7323645758318],[-57.355441642896274,-35.73274414240764],[-57.35547921594514,-35.733124816209724],[-57.355875220818206,-35.73329939314253],[-57.35605575451367,-35.733503918180226],[-57.35630894108219,-35.733883926933906],[-57.35663246135314,-35.73394158399796],[-57.357136496818896,-35.73417439176293],[-57.35716028944401,-35.73426023626803],[-57.35720944809549,-35.73443781613024],[-57.357282920620555,-35.734789096152326],[-57.357464008614386,-35.735110757014084],[-57.35771720667683,-35.7354907632113],[-57.35757506622715,-35.735842710391616],[-57.357719855534626,-35.73610591129168],[-57.35798725373353,-35.73641081812141],[-57.358020493797234,-35.73681932597896],[-57.35792709407787,-35.7370372896267],[-57.357834284637896,-35.737254094900244],[-57.357977733493854,-35.73751113948208],[-57.3583012727579,-35.73756870266668],[-57.35880368821377,-35.737450091322174],[-57.35923369184605,-35.7371851921784],[-57.35948580709795,-35.73733082960803],[-57.35977479924819,-35.73768152549462],[-57.36002787825013,-35.73803224304462],[-57.36030983652221,-35.73834845642898],[-57.36056227596536,-35.738705285445945],[-57.36056972391238,-35.73881437584439],[-57.36059575976867,-35.739190470385346],[-57.36046514911532,-35.739407619137936],[-57.360288195421894,-35.73999395746388],[-57.35993139203563,-35.74055156973007],[-57.35993194260841,-35.74066870746525],[-57.360004329884646,-35.74078571078084],[-57.3600332946739,-35.74085563111283],[-57.36004066276413,-35.74087345184353],[-57.36025687085571,-35.741019200368896],[-57.36094097257516,-35.74133937600232],[-57.36158750387161,-35.74130815717701],[-57.362090216049396,-35.74124810187319],[-57.3623768560432,-35.74107149435062],[-57.36251981800265,-35.74089524808156],[-57.363094505748116,-35.74086424691614],[-57.36370736304715,-35.74133105352284],[-57.36417637812065,-35.74173974465595],[-57.36477228025255,-35.7423424005902],[-57.36475399750106,-35.742350559043736],[-57.364754750600426,-35.74252878690316],[-57.36482909514047,-35.74305586061059],[-57.364939254166224,-35.74358272816798],[-57.365012348531636,-35.7438461513066],[-57.365302253848334,-35.744401824637684],[-57.3655185917277,-35.744547566850436],[-57.365877944870064,-35.744575802723936],[-57.36617236184963,-35.745206082933095],[-57.366626338271516,-35.74601509575705],[-57.37134441845496,-35.74505322415001],[-57.37398829856405,-35.74512136389644],[-57.375355364888904,-35.74537817077606],[-57.37697545086306,-35.745620481358166],[-57.37893297080182,-35.74590292268652],[-57.37985487595939,-35.745975004266256],[-57.381472039820636,-35.745612639512856],[-57.3830725902566,-35.74529142579702],[-57.38394735218556,-35.74484889592687],[-57.38460253297945,-35.744324549777545],[-57.38502141351417,-35.74377343710194],[-57.38540509311971,-35.742906397256455],[-57.385451448073916,-35.7420267050383],[-57.38524565293291,-35.74127748591363],[-57.384919905621295,-35.740151573782505],[-57.384679869098434,-35.73932781930329],[-57.38460898615927,-35.738613337971096],[-57.3847075381882,-35.73807706053683],[-57.38499174426852,-35.737567705623356],[-57.38571427295425,-35.73704310442866],[-57.38674097149113,-35.73665503029515],[-57.387881933092224,-35.73682794297363],[-57.39021320639283,-35.73771376981496],[-57.39173236349315,-35.738038650212715],[-57.393031765116476,-35.73824053914858],[-57.394464489139324,-35.73812590783368],[-57.39563141093327,-35.737964597903904],[-57.39684506551007,-35.7378781683002],[-57.397268430013185,-35.738247813869],[-57.39755706331043,-35.73864535521371],[-57.39776178297219,-35.7391119865368],[-57.39773021977984,-35.73955188035129],[-57.39751360883556,-35.740074803027156],[-57.3971299743102,-35.74091440609919],[-57.39686334629541,-35.74156120973889],[-57.39652990560373,-35.74233189146974],[-57.39649966108263,-35.74303291561704],[-57.39660273538324,-35.74341734105196],[-57.39685767332734,-35.74380136063439],[-57.39733209864512,-35.74425328970189],[-57.397867382652564,-35.74465220542123],[-57.39893276957964,-35.745239630320285],[-57.39965867581011,-35.74538840710532],[-57.40045159424225,-35.74546817226959],[-57.401361944868185,-35.74541018868014],[-57.402051146575545,-35.744968108802205],[-57.402941887857,-35.744374149264964],[-57.40352837842934,-35.74363008698738],[-57.404317646807705,-35.74298148831419],[-57.405445165795406,-35.742524163510076],[-57.40674216348435,-35.74225869755967],[-57.408071194006936,-35.74235123560024],[-57.409000519102,-35.74271913394663],[-57.40959263335232,-35.743088139390366],[-57.41006839335989,-35.743787456728036],[-57.410425598152536,-35.74472820351136],[-57.410751943223815,-35.745867761102325],[-57.410908878534414,-35.74688419998061],[-57.41067658215026,-35.74761340355472],[-57.4101909479078,-35.748288496629364],[-57.409401881669005,-35.74897831238547],[-57.408840357216604,-35.74951184243966],[-57.40840364441656,-35.74985687312529],[-57.407866724818156,-35.75039471281565],[-57.4074497409979,-35.75130309511193],[-57.40700070114876,-35.752541532485694],[-57.40653066427089,-35.75296917718238],[-57.40619569838819,-35.753423790397264],[-57.40574162689586,-35.753672662318394],[-57.404260805675804,-35.75433733047401],[-57.40355430979195,-35.75471075368555],[-57.4029492714354,-35.75512510642396],[-57.402513433784804,-35.755648796431494],[-57.40212814619561,-35.75604545860323],[-57.401961827060724,-35.75651334400513],[-57.40198069937016,-35.75691180230548],[-57.40206782968571,-35.757474992311145],[-57.40234015676998,-35.75796875504671],[-57.40286522092428,-35.75839310702182],[-57.40365941470645,-35.758692718829344],[-57.40465530453427,-35.75884054152643],[-57.405683767276614,-35.758768410289555],[-57.406896999135434,-35.758558172398125],[-57.40807777396251,-35.75856787114794],[-57.40850108541397,-35.75889630360876],[-57.40868920868828,-35.75941787946709],[-57.40866031904728,-35.76035246913569],[-57.4086810033495,-35.76110829272495],[-57.408802822451634,-35.761748629078575],[-57.40917898535085,-35.762750603154544],[-57.409437512024816,-35.763807883460686],[-57.40933907713257,-35.7643579695443],[-57.40912267187246,-35.764922180722415],[-57.40870435759263,-35.76558321815681],[-57.40808918584937,-35.76637596612515],[-57.40770530355998,-35.76718811472617],[-57.4075233374515,-35.76787586796393],[-57.40774508985186,-35.768369879738636],[-57.40845693069707,-35.769013389413885],[-57.40915007953589,-35.76932709589491],[-57.41004483686837,-35.76947521919574],[-57.410888330567225,-35.769486094320406],[-57.41151046672366,-35.769085406339826],[-57.41208015728391,-35.76835509024249],[-57.412329326006414,-35.76759831992282],[-57.41260132052194,-35.76683294042423],[-57.41283028169968,-35.765430364875485],[-57.41321558471888,-35.764920506435594],[-57.414055525948896,-35.76425798248466],[-57.41506437808157,-35.76363602492327],[-57.415721975506045,-35.76359259247343],[-57.4165664770682,-35.76382328643628],[-57.41721091191685,-35.764480703099686],[-57.417418910380064,-35.76555192877066],[-57.41744236165893,-35.76676812040708],[-57.41733145212722,-35.76814278973996],[-57.41738700905253,-35.76910460445427],[-57.417540530947456,-35.76942009139038],[-57.41784671072989,-35.769913827459774],[-57.418567702325795,-35.7706363109329],[-57.41965104282879,-35.77133341410265],[-57.421123247140464,-35.772221570283016],[-57.42166715282448,-35.77298924918496],[-57.42216140031204,-35.77393578572622],[-57.42282396036216,-35.77481295052326],[-57.42360256232007,-35.77530499923698],[-57.42443018801952,-35.77550815923234],[-57.42553356961728,-35.77558072280226],[-57.4268833444373,-35.77560341188616],[-57.42779512936661,-35.775765103745584],[-57.42837131228435,-35.77624405035986],[-57.42859453602858,-35.776971591032044],[-57.42847951124452,-35.77754926953143],[-57.42804326503136,-35.777990603450306],[-57.427370274342714,-35.77833650003318],[-57.42646118934551,-35.778697068627174],[-57.42567073958099,-35.77915342256284],[-57.424779536327755,-35.779706269103066],[-57.424209652210834,-35.7804091611902],[-57.423944015916504,-35.78109235399175],[-57.42373286682002,-35.782618586223826],[-57.423922547311555,-35.783387581065355],[-57.42428131221169,-35.7842246195706],[-57.42478931083886,-35.78458013003577],[-57.42543223398554,-35.78490762564802],[-57.426090661229885,-35.78498777159555],[-57.42668064677025,-35.78490328154699],[-57.4273208474891,-35.78472228783412],[-57.427841733283195,-35.784321871785004],[-57.42812596088009,-35.78385368077767],[-57.42812234708015,-35.78316651841026],[-57.42798283487109,-35.78231490234487],[-57.42796164337444,-35.78151789493453],[-57.42807623593681,-35.78087164380617],[-57.42829354854446,-35.7804859909436],[-57.428629942588756,-35.7803061460956],[-57.42916968592244,-35.7802767890026],[-57.42959210253262,-35.780398897200044],[-57.43007778221589,-35.78074021320294],[-57.430400890509226,-35.781206350592505],[-57.43043803432515,-35.78183836977389],[-57.4303905822578,-35.78242947766287],[-57.43037851114549,-35.78330902412424],[-57.430566937734525,-35.783830574474536],[-57.4307718445033,-35.784283371908806],[-57.43124647448822,-35.78469400280014],[-57.431956442680075,-35.7849525307375],[-57.43259773826232,-35.78499146070473],[-57.43330538438047,-35.784810253942624],[-57.433961489999895,-35.784464324776906],[-57.43451573769067,-35.78399503586989],[-57.43501955213656,-35.783567193999694],[-57.43560718043706,-35.7830428416269],[-57.43636433486262,-35.78265526738518],[-57.437072287083765,-35.78255657397399],[-57.438034375289995,-35.782621776661635],[-57.438828162460645,-35.78277005918965],[-57.439638876115076,-35.782931941543225],[-57.4403796568589,-35.783074849985816],[-57.44083402587093,-35.782867120317874],[-57.441219132773575,-35.782329687150025],[-57.441369497201755,-35.78206800045351],[-57.44143559417235,-35.7818066818715],[-57.44141573558837,-35.7812708065643],[-57.44147991440524,-35.780679598199214],[-57.44169433341872,-35.779785524996505],[-57.44219627029735,-35.77902785257051],[-57.442698200739315,-35.7782838725506],[-57.44342087177708,-35.77778640937281],[-57.44431295445599,-35.77741210448778],[-57.44535811329691,-35.77728449190709],[-57.44613471402076,-35.77737785068928],[-57.44687885567625,-35.77771864534373],[-57.4475055863659,-35.77815614003348],[-57.447829368052595,-35.77873207644669],[-57.448355972628846,-35.779389802927085],[-57.44905121693391,-35.78001939231773],[-57.449879652087375,-35.780332405948315],[-57.45058255657486,-35.78031100939817],[-57.451053580170324,-35.780075572844936],[-57.4517088785592,-35.77960591213604],[-57.452193917558525,-35.77886198308607],[-57.45274628329163,-35.77809028696553],[-57.45345081321649,-35.77738668307784],[-57.45398902487335,-35.77709607624257],[-57.4547472059235,-35.776928334640125],[-57.45559103892101,-35.77698007923735],[-57.45670572760894,-35.777195762764116],[-57.45734826878287,-35.7774544259537],[-57.45816014747937,-35.77782235278117],[-57.458894009341016,-35.77834890984686],[-57.459843627474115,-35.779183654769405],[-57.4600492916788,-35.77976003660563],[-57.4598659711901,-35.78014556759461],[-57.45958264513584,-35.780737562201395],[-57.459114233741836,-35.78144024816066],[-57.458509135497984,-35.78182740009337],[-57.45759955343954,-35.782091970955626],[-57.4568563750013,-35.78192983663241],[-57.456095695951376,-35.78167164287252],[-57.45535381172292,-35.781756936769135],[-57.454781728957755,-35.78203394762222],[-57.45456546880847,-35.782570677890945],[-57.454751818932394,-35.783210808865825],[-57.455266126775854,-35.7846381358015],[-57.455490203073865,-35.7854755688845],[-57.45598644616162,-35.786683030932615],[-57.456191976306656,-35.787232025921774],[-57.45661867948921,-35.788082395517414],[-57.45714435753046,-35.788533920753935],[-57.45788877108667,-35.7889021353047],[-57.45864893192443,-35.78905047811352],[-57.45959451853962,-35.788935594731825],[-57.46028311336625,-35.788396946040116],[-57.460464918060865,-35.787736583125294],[-57.46024243264608,-35.78718777714108],[-57.45990278313037,-35.78680425745204],[-57.45930928453231,-35.78628427708724],[-57.45861472388448,-35.785792159456484],[-57.45802170757859,-35.78535471324351],[-57.457934050926,-35.78479154636684],[-57.45799717368581,-35.78403542475163],[-57.45818027092804,-35.78359502254641],[-57.45885365749045,-35.78333130986024],[-57.45930987315232,-35.78346700341607],[-57.46025943949571,-35.78428795960713],[-57.4610651091933,-35.78481187740262],[-57.463045398329555,-35.785889921207406],[-57.46438107820323,-35.78636581048621],[-57.46547877419552,-35.786553937063125],[-57.46616932789452,-35.786345145188974],[-57.466664965671846,-35.7857695938715],[-57.46703120142273,-35.7849160618636],[-57.467211750250385,-35.78406330026689],[-57.467207440712336,-35.78332124775524],[-57.467352339117866,-35.78213878437053],[-57.46751642304407,-35.781341085465954],[-57.4678509386885,-35.78084502344927],[-57.46840557358951,-35.780485501770144],[-57.46921477487758,-35.780386137348295],[-57.47002541743122,-35.78053420870754],[-57.47066803240528,-35.7807928033599],[-57.47117731390994,-35.781326723753914],[-57.47166955454361,-35.78183334406794],[-57.47219456371618,-35.78217487010626],[-57.47312394148829,-35.78241858041549],[-57.47416549772605,-35.782594274275446],[-57.47519740688232,-35.78305753191408],[-57.47585820801626,-35.78353587194977],[-57.47621618972758,-35.7841529084355],[-57.476372412702204,-35.784880673241496],[-57.476441161417,-35.78576958960014],[-57.47627824705679,-35.78674599215004],[-57.47626728301218,-35.7877218013569],[-57.47632159335803,-35.78834002801818],[-57.47661104994576,-35.78879236543824],[-57.47698427199715,-35.78912068312266],[-57.477931527716905,-35.78951546835569],[-57.478826675165045,-35.78967687845751],[-57.47951992931058,-35.78992144328833],[-57.479939254722204,-35.790436142318434],[-57.48012999138937,-35.79128743092259],[-57.480202372705065,-35.79211173055754],[-57.48039212433223,-35.792784332218254],[-57.481036350428475,-35.7932902283441],[-57.48169763245815,-35.79382359831063],[-57.48215726938106,-35.79449518587283],[-57.48227983834795,-35.7952367441362],[-57.482266353970005,-35.795786514494125],[-57.48211360223431,-35.79641436537253],[-57.48166367636967,-35.79735070284661],[-57.48137946457121,-35.79779154535241],[-57.48070576542963,-35.79800041631509],[-57.479828567216984,-35.79805887535555],[-57.47895135866903,-35.798103632742674],[-57.47831101617556,-35.79824363378661],[-57.477655333793734,-35.79864477553357],[-57.47732140410973,-35.79923701095259],[-57.47740934338413,-35.79984134654965],[-57.47778311303669,-35.80026589913277],[-57.47837646668625,-35.80071704321406],[-57.47915410463601,-35.80112204622262],[-57.48003748077166,-35.802108055615044],[-57.48055136911335,-35.80337030236776],[-57.48116489065085,-35.80437109734883],[-57.48213259499568,-35.805315432398665],[-57.483185974726446,-35.80649310823416],[-57.48379374946611,-35.807635675429346],[-57.484543900509514,-35.808883212426586],[-57.48537501446993,-35.80956707059211],[-57.48668131140393,-35.81027951531741],[-57.4883563161714,-35.8109599214545],[-57.489645336882106,-35.81150952553934],[-57.49201599150576,-35.811435782820695],[-57.49728616046585,-35.81138954391325],[-57.50053341268136,-35.81088555796757],[-57.50900376320763,-35.81048980161778],[-57.51762953535943,-35.810127020205584],[-57.5234694315465,-35.80969514139787],[-57.5313899376491,-35.80860720260368],[-57.54096799129687,-35.80617982044986],[-57.54655887049405,-35.80463690583234],[-57.55244912729447,-35.80254742063546],[-57.5607624305705,-35.79889567703474],[-57.57549142456712,-35.79157710076001],[-57.59227532400763,-35.78371714060188],[-57.59703702432731,-35.781553328884016],[-57.60149837837834,-35.779904566667234],[-57.60734077114017,-35.77786911789913],[-57.61522376604862,-35.77599831360521],[-57.62408123033133,-35.7748413872596],[-57.62902244221397,-35.77469874494654],[-57.63627070157787,-35.77501530946861],[-57.650042630692916,-35.77609636160705],[-57.67265293322112,-35.7776970799643],[-57.6854471400587,-35.77817578605776],[-57.68917726993891,-35.777893450787744],[-57.70333183398794,-35.775615890094514],[-57.71987347729068,-35.773080460058125],[-57.73648164581968,-35.77048766807277],[-57.74142939243313,-35.76913248119025],[-57.74983928996651,-35.76610400186238],[-57.753516341562786,-35.76437698244234],[-57.757708895334964,-35.76202224117813],[-57.76337845325453,-35.757725138155564],[-57.773269593424146,-35.749972349547754],[-57.78374970212202,-35.74213413854619],[-57.798661531869925,-35.730856355858904],[-57.81069267058841,-35.72168453691579],[-57.814531913859966,-35.71871857573395],[-57.81408524311166,-35.71838111995646],[-57.812457873758454,-35.7169684903892],[-57.81266793660898,-35.71680606376708],[-57.807629163758,-35.71251194733744],[-57.80740824757062,-35.71266731934912],[-57.80032384581521,-35.70651247898376],[-57.788367994618966,-35.71523099791954],[-57.780585348235995,-35.70861317978254],[-57.77724432755007,-35.70564035010516],[-57.76786768295348,-35.697384692106084],[-57.762266283332806,-35.69245619400836],[-57.76092802893002,-35.691302181043646],[-57.75377270230753,-35.68501170760656],[-57.75137065528065,-35.682906756013374],[-57.750562608876,-35.68218909889268],[-57.7472727776538,-35.67929598372804],[-57.741411803108875,-35.67414119757405],[-57.73246946662092,-35.66627450929725],[-57.72799691039389,-35.66233905073261],[-57.72523361537487,-35.659907350394626],[-57.70390859872331,-35.641134034135256],[-57.69550464124274,-35.63373215163258],[-57.69196917484046,-35.63634992444096],[-57.69249525436818,-35.62933648616465],[-57.68680478459324,-35.62888453682059],[-57.686499529871575,-35.62888398818455],[-57.68650996313823,-35.6233836272766],[-57.68622224925867,-35.6234567609749],[-57.6855161929172,-35.623636197167855],[-57.684541428347885,-35.623883898088465],[-57.68427611554249,-35.62370831701419],[-57.682644924421496,-35.62225904103584],[-57.68173443830285,-35.621450572545605],[-57.68084246517654,-35.62067038654957],[-57.68023593274327,-35.62018249795863],[-57.679747024823136,-35.620050355307136],[-57.67506762708648,-35.61591915860636],[-57.67377954986245,-35.61475724790736],[-57.67377899913929,-35.61450962853505],[-57.665655087810556,-35.607429033140434],[-57.6578907178549,-35.60055241042201],[-57.646475206376394,-35.590545684091225],[-57.636733268542585,-35.58197296489922],[-57.63507623175438,-35.580522109386294],[-57.630415220961254,-35.57637004634662],[-57.626669581381236,-35.57318707867043],[-57.61128904949054,-35.559707428928355],[-57.59550284608354,-35.54590188740281],[-57.59331355965879,-35.54394987073845],[-57.57117549331952,-35.52484614598767],[-57.5622504873315,-35.517148896508715],[-57.54495014285454,-35.50222239878864],[-57.54355998415565,-35.50102264816523],[-57.54184145508761,-35.49953938994652],[-57.534175888568,-35.49292236280705],[-57.52678547020354,-35.486541354679474],[-57.51448586680129,-35.48958599709918],[-57.51418705246684,-35.48967291456945],[-57.50747867648349,-35.47625910638604],[-57.50418931374823,-35.46967374398959],[-57.5025654526441,-35.4663746141794]]]}},{"type":"Feature","properties":{"CCA":"02710","ARA3":448274.08,"SAG":"ARBA","PARTIDO":"027","CIRC":10,"NOMENCLA":"Circ. X","AREA_HA":44827.4},"geometry":{"type":"Polygon","coordinates":[[[-58.001564463207316,-35.646074822915786],[-58.00107408039697,-35.647209018766546],[-58.00054565882938,-35.64802178561933],[-58.000397668925515,-35.64809042531568],[-58.00016600797898,-35.648632379299045],[-58.000120901074766,-35.64925925246034],[-57.999698566079175,-35.6496464713728],[-57.99899232816302,-35.650111151495985],[-57.99860059149373,-35.650568080046575],[-57.998264868453546,-35.65126211907751],[-57.99825019279676,-35.65221281466488],[-57.9985004369886,-35.6531612466017],[-57.998639100503944,-35.65365699868567],[-57.99909825366626,-35.65436614363111],[-57.99945547636372,-35.65516947095777],[-57.999726064426895,-35.655843220212375],[-57.99986473942394,-35.656338971072195],[-57.99986880244731,-35.65666298689331],[-57.999900417126135,-35.65707315582149],[-58.00001770077016,-35.65797954633628],[-57.99994631320031,-35.65862823920912],[-57.99979378430185,-35.65914798692039],[-57.99974622733061,-35.65958044923401],[-57.99959288275501,-35.66003539338966],[-57.99954637162311,-35.6605541990097],[-57.999310340975434,-35.66102606104654],[-57.99882655769419,-35.66260712184982],[-57.99883200352597,-35.663039203057814],[-57.99831983574355,-35.66446921420577],[-57.99811380340045,-35.66494616781506],[-57.99772093971059,-35.66531674654726],[-57.99732703178076,-35.66560080033841],[-57.99695904995112,-35.66584149045158],[-57.99684879918384,-35.66624551397652],[-57.996167370540576,-35.66658569338936],[-57.99578760313901,-35.667129585901165],[-57.99562447874565,-35.66733376355345],[-57.995378519028726,-35.66753854387458],[-57.99504972111897,-35.66774401640875],[-57.99469330841035,-35.667949748838005],[-57.994467769403556,-35.66833121375631],[-57.99434976350928,-35.66846639574469],[-57.99409686495254,-35.66883343686302],[-57.99359364622352,-35.669499526876834],[-57.993198890892685,-35.66989979483631],[-57.993034909202606,-35.67003628142217],[-57.992760792776565,-35.67019625221733],[-57.99193928095882,-35.670743847660454],[-57.99152793970983,-35.670972533142034],[-57.991170658163654,-35.671110657325364],[-57.99031697178338,-35.67129789334524],[-57.98899259080446,-35.671376426237615],[-57.988550568601575,-35.671357505989995],[-57.988109071853934,-35.671383648099734],[-57.986783846653815,-35.67139455971363],[-57.98653480313115,-35.67135146618589],[-57.98609225579064,-35.67128756305745],[-57.985677849486294,-35.67126837345103],[-57.98523530343947,-35.67120446720684],[-57.98498562769394,-35.67111630473832],[-57.98473217465573,-35.67071287254908],[-57.984479249508375,-35.670354413742295],[-57.984477363302304,-35.6701966890585],[-57.98458340533539,-35.66983541012868],[-57.9843042349896,-35.66958978021076],[-57.9840568755013,-35.6696819654755],[-57.98403398476493,-35.670065181798286],[-57.98406600262094,-35.67042543851805],[-57.984042794904155,-35.67078612190735],[-57.98407429229301,-35.67110122460263],[-57.984408061917044,-35.67130127248188],[-57.98488021694617,-35.67152273980333],[-57.98507812733936,-35.67190415606047],[-57.985000013489454,-35.67228779967782],[-57.98486666944241,-35.67267196029421],[-57.98484357456374,-35.67303264565595],[-57.984764824602735,-35.67337122321862],[-57.98441912488449,-35.674549573841205],[-57.98450946341506,-35.67506318341336],[-57.98465173818314,-35.675399965110714],[-57.9847662879591,-35.67573700330055],[-57.98472607957594,-35.67602279060256],[-57.98471557520881,-35.67609794689897],[-57.98477541960411,-35.67648047582366],[-57.984807444221524,-35.6768406421053],[-57.984783713389284,-35.67715626143614],[-57.98476061585631,-35.67751694647515],[-57.98476606814838,-35.67796758901581],[-57.98493764529483,-35.67843930546466],[-57.98505251685129,-35.678798876267976],[-57.985061650112456,-35.67954234851193],[-57.98512129148266,-35.6799023461833],[-57.98512486082257,-35.68019517406216],[-57.98510144643693,-35.680533326157935],[-57.98507603250162,-35.680713841986865],[-57.98499570473258,-35.68091722748504],[-57.98483420576343,-35.681256491617546],[-57.98470084389159,-35.68164065099976],[-57.9844887188347,-35.68236338674984],[-57.98435514927923,-35.682724924498615],[-57.98421978717499,-35.68295135689086],[-57.98405880308184,-35.68333568346964],[-57.98389760902837,-35.68369756884076],[-57.983763923913806,-35.684059103848746],[-57.98368274800566,-35.68419498155635],[-57.983438176320945,-35.684512396568664],[-57.98311116001154,-35.68487555692903],[-57.98283948683278,-35.685238292348714],[-57.9825119430432,-35.68555638705581],[-57.9821574093349,-35.6859198041879],[-57.981884259179544,-35.68616987489534],[-57.981583022198535,-35.686355405595535],[-57.98125385028317,-35.68655803836341],[-57.98095171836321,-35.68669570396814],[-57.980540058321566,-35.68690181666131],[-57.98010118650252,-35.68715324705952],[-57.979661587056135,-35.68733708106273],[-57.97935861453017,-35.68740714592549],[-57.97902729966661,-35.687409782292924],[-57.97858623223263,-35.68748095012855],[-57.97814495968492,-35.68752958538564],[-57.977676585866035,-35.68762353944928],[-57.97726324422174,-35.68769453755662],[-57.9769316139137,-35.68767463533014],[-57.97646209110591,-35.6876784553369],[-57.975577875557086,-35.68764060562347],[-57.975136083318205,-35.68764416607344],[-57.974693977280275,-35.687625192132735],[-57.973809136611365,-35.68754226394629],[-57.97336651516104,-35.68747822149946],[-57.97283664502821,-35.687488039601924],[-57.972290198046785,-35.68749820681608],[-57.9720142386357,-35.68755681371518],[-57.97162820231327,-35.68760491406551],[-57.97126998323222,-35.687675468940256],[-57.97088394600464,-35.68772356686776],[-57.97049810834088,-35.68779428448866],[-57.97011175536511,-35.68781993723969],[-57.96972488773156,-35.687800525137824],[-57.96895166724673,-35.68780676081269],[-57.968564800141976,-35.68778734499105],[-57.96806859403731,-35.68785898498733],[-57.966462587705806,-35.68745501733332],[-57.96546722669871,-35.68744044584524],[-57.96472732599016,-35.68739612548331],[-57.96408688417809,-35.6874627864194],[-57.9639216822772,-35.68750919129859],[-57.9634256772524,-35.68760325281704],[-57.96246025836188,-35.68770116951739],[-57.961936941250414,-35.68781801069996],[-57.96144124247226,-35.68793459656769],[-57.96097315984289,-35.68805101753694],[-57.960505277660346,-35.68818987736631],[-57.95998277355048,-35.68837430596325],[-57.95957012321563,-35.688512836863644],[-57.959361738555955,-35.68867591604991],[-57.95910499929292,-35.68887701203061],[-57.95817259434987,-35.68942519097568],[-57.95776177011528,-35.68972134819976],[-57.957461530439126,-35.69001667776939],[-57.957107684382244,-35.690447522399026],[-57.95694461193089,-35.69067417281905],[-57.95625625239994,-35.690916232211336],[-57.95601084958488,-35.69110967428402],[-57.95549045261882,-35.69147433768285],[-57.95502498478442,-35.691815963103515],[-57.95455869903156,-35.69208999059851],[-57.954093023808994,-35.692409171465464],[-57.95392974352338,-35.692613196510685],[-57.95357968149483,-35.69299417378737],[-57.952916220484596,-35.69331971785997],[-57.952416917665644,-35.69314343869297],[-57.95172728000731,-35.69281226350766],[-57.95106994938161,-35.693584393922904],[-57.95108297440388,-35.69477622279386],[-57.950782812037424,-35.695088386537996],[-57.950805372118076,-35.69698647469434],[-57.95075368048788,-35.697279711372516],[-57.9506731352244,-35.69748315818996],[-57.9506750632133,-35.69764088243696],[-57.950541203476455,-35.69800237401767],[-57.95046269479701,-35.69836354672818],[-57.95038357387287,-35.69867956414],[-57.950388128322025,-35.69906260648015],[-57.95022451759271,-35.69924409295868],[-57.94997864874211,-35.69947139500784],[-57.949595476327715,-35.699767272824225],[-57.94921148958617,-35.699995643601355],[-57.948854009255385,-35.70013363479511],[-57.94841315611396,-35.70022722119132],[-57.94823587965994,-35.7002649276941],[-57.94794660049355,-35.70047877973056],[-57.94756794375927,-35.70093413116809],[-57.94724201946111,-35.70163340568268],[-57.947191116112876,-35.70199432587308],[-57.9471124794932,-35.702355403587376],[-57.94706177042154,-35.70273885429428],[-57.947035957981,-35.70289673579542],[-57.946900565869015,-35.70312312274857],[-57.94690479928959,-35.70348354181455],[-57.94666102268553,-35.70389109072321],[-57.946803682435565,-35.70427297526836],[-57.94720807351816,-35.704193460915626],[-57.94773633892249,-35.70372489403193],[-57.9479278959695,-35.70356569438694],[-57.94814504423942,-35.70324851878484],[-57.94833417424582,-35.702886531215746],[-57.94857824320715,-35.70250160107979],[-57.94879619463075,-35.70225201981969],[-57.94953475102859,-35.701637808454635],[-57.949755236303886,-35.701591014465336],[-57.949890308668486,-35.70134218140669],[-57.950079425980874,-35.70098019057496],[-57.95024192621977,-35.700708486046835],[-57.950487489126246,-35.700458741112904],[-57.95073366672088,-35.70025397067495],[-57.950978526411056,-35.69993663068367],[-57.95116783192025,-35.69959716847755],[-57.951356631886384,-35.699212642639296],[-57.95157355740749,-35.69887292909647],[-57.951766410540586,-35.698826381702645],[-57.95232037647796,-35.69895718793024],[-57.95284982008101,-35.69914416311021],[-57.953950090741266,-35.69896680003553],[-57.95436392622651,-35.69891841923814],[-57.95477795667697,-35.698892657789116],[-57.95521930216853,-35.69884411087557],[-57.955577781427856,-35.69879613676537],[-57.9559092514394,-35.69879356844767],[-57.95635242686995,-35.69890264989092],[-57.95682333524713,-35.69901156988638],[-57.95726681980121,-35.69914327072087],[-57.95754437246191,-35.699253680914445],[-57.9579613638859,-35.699475669747216],[-57.958378865489784,-35.69974272056363],[-57.95882399381197,-35.70000951776488],[-57.95932498961229,-35.70032096400842],[-57.95974351742038,-35.70067813709952],[-57.96016114177671,-35.700945183954],[-57.960578039067485,-35.701167162313354],[-57.96082797919819,-35.70127781791124],[-57.96119005387923,-35.70152274406139],[-57.96152583535407,-35.70188058145277],[-57.961749793906066,-35.70212668013742],[-57.961975085806856,-35.70248534778999],[-57.96225531701342,-35.70282106650566],[-57.9625907982851,-35.703156368552584],[-57.96295308678883,-35.70342382054674],[-57.96342587399256,-35.703690438649126],[-57.96384352649616,-35.70395747351254],[-57.96423293724587,-35.70417960510082],[-57.96465048462564,-35.70444663544542],[-57.96509617190232,-35.704758474209214],[-57.9655145480476,-35.70509309779972],[-57.965660253965254,-35.70517620962379],[-57.96570925828722,-35.705204161185485],[-57.96607238759323,-35.705539290498216],[-57.966323998482366,-35.705785037396446],[-57.966464594471276,-35.70598673617535],[-57.96666249276114,-35.70636818059668],[-57.96685834304654,-35.706569370993115],[-57.96700079305171,-35.70692870209782],[-57.966920388066654,-35.70713216239579],[-57.966758242922026,-35.70742633319783],[-57.96657206639515,-35.707961861448894],[-57.966794823147374,-35.7081695440603],[-57.96726816381056,-35.708481211631344],[-57.967686568113926,-35.708815828408305],[-57.967929551751645,-35.70890589727092],[-57.96810281306718,-35.70897018821802],[-57.968573284923565,-35.70903400106125],[-57.968988083196365,-35.70907569647329],[-57.96929279824982,-35.709140853177836],[-57.96973667543751,-35.70929495292838],[-57.97005207507284,-35.70923512584099],[-57.97023269961231,-35.70920086800588],[-57.97031124317133,-35.7088396822807],[-57.9703358732454,-35.70859166567999],[-57.97041626902209,-35.70838829297926],[-57.970688080880656,-35.70802559134612],[-57.971065005696495,-35.70749102050773],[-57.9711484153388,-35.70725579925889],[-57.97108851018482,-35.70687326490826],[-57.97058288471531,-35.70617891275519],[-57.970385996757365,-35.70588760115709],[-57.97038320359696,-35.705662279977794],[-57.970516679103675,-35.70527814147014],[-57.970401012139185,-35.70485105305915],[-57.970230926641996,-35.70449189023836],[-57.97014371429701,-35.704132142965484],[-57.970056706888585,-35.70379483638201],[-57.970054851560405,-35.703637113200216],[-57.970160901631,-35.70327576051851],[-57.97021263794093,-35.70298251542702],[-57.97040155870984,-35.70262048797575],[-57.97050937260105,-35.7023942390376],[-57.97056016931667,-35.70203339562376],[-57.97063984258318,-35.70176233790834],[-57.97074154593053,-35.701040562568856],[-57.97087532356878,-35.70067895577495],[-57.970954053941625,-35.70034038968892],[-57.97106123523752,-35.70006916469332],[-57.97125180035522,-35.699842327886934],[-57.971607072479,-35.699524012740106],[-57.97182608680622,-35.69936451597743],[-57.97215642152748,-35.699271683887225],[-57.97259724587619,-35.69917800936029],[-57.97278997876537,-35.699131426019626],[-57.97323194453979,-35.69912787813223],[-57.97367328575803,-35.69907917310571],[-57.97394888665447,-35.69903191090268],[-57.974805085622286,-35.699024968952145],[-57.97524642331824,-35.69897634817378],[-57.975522651026765,-35.69897414779103],[-57.97662869624233,-35.699077816045026],[-57.97729112231749,-35.69903632958708],[-57.97789757409293,-35.69893226365863],[-57.97833839086526,-35.69883856780352],[-57.97856973911756,-35.69878937997743],[-57.978917524779476,-35.69876629701631],[-57.979388987099206,-35.698920193306165],[-57.97980708096698,-35.69923223567522],[-57.98005819652469,-35.699432891140574],[-57.98052987006325,-35.699609314054],[-57.98083539620413,-35.69974203718704],[-57.98128060347653,-35.70000875372196],[-57.98172665041416,-35.70034306515243],[-57.98208899116157,-35.700610551364385],[-57.982452173865845,-35.70094554294732],[-57.98283698300317,-35.70132991582226],[-57.98337243827805,-35.7016589619618],[-57.98365223696699,-35.70194956999535],[-57.98426876555192,-35.70266555119113],[-57.984548887403015,-35.70297869009377],[-57.98468941763479,-35.70318027707055],[-57.984831941202486,-35.703539679730426],[-57.98497426210182,-35.70387646124126],[-57.98506154143326,-35.7042361999376],[-57.98529134934227,-35.70495534076109],[-57.98540604848428,-35.70529238010017],[-57.98546570493642,-35.70565237682822],[-57.98549689598114,-35.705945035361],[-57.98507272879464,-35.70739041350429],[-57.98495527202081,-35.70789567472445],[-57.985002647279174,-35.70842748555442],[-57.9850623035545,-35.708787482323295],[-57.985092654543855,-35.70901254437135],[-57.985318387731475,-35.70939370471753],[-57.98546092613329,-35.709753016663264],[-57.98554821278993,-35.71011275495587],[-57.98566312562456,-35.71047232496636],[-57.985751045007675,-35.71087721872003],[-57.98592121569795,-35.71123627187212],[-57.98609106876814,-35.71157288212441],[-57.986233930940934,-35.71195472603109],[-57.986321223020205,-35.71231446382996],[-57.986491396785325,-35.71267360634902],[-57.98663373913831,-35.71301038617074],[-57.9867215574552,-35.713415187384356],[-57.98664319241028,-35.71377638768402],[-57.98653708939352,-35.71413775443085],[-57.98643130222389,-35.714521653785155],[-57.98611320692575,-35.715605666339435],[-57.98603472607733,-35.71596686411109],[-57.985982828147954,-35.71623767620756],[-57.986014659081164,-35.71657530973228],[-57.98607432422124,-35.71693530588652],[-57.986077683501804,-35.71720569139043],[-57.986031554849504,-35.71794958608992],[-57.985979655294805,-35.71822039805906],[-57.98571227992341,-35.71894355737729],[-57.98557832781279,-35.71928264995369],[-57.98549952584562,-35.719621224172094],[-57.98544877889073,-35.71998216480877],[-57.98542387375142,-35.72020765274905],[-57.98478747904089,-35.722375845231994],[-57.98465383516655,-35.72273737892364],[-57.98451903316339,-35.72300887348448],[-57.98427474997024,-35.72337134623502],[-57.98400294265584,-35.72373407801913],[-57.98375761157607,-35.72400642242343],[-57.983374229078,-35.72427996620744],[-57.9829075245212,-35.72453156653077],[-57.98263298941427,-35.72466906537957],[-57.98246771911573,-35.724715493309034],[-57.98205658797587,-35.7249891980808],[-57.98112452897498,-35.72558260863421],[-57.98033186345757,-35.72628747492827],[-57.979977335035656,-35.72667340792889],[-57.97962228393467,-35.72701427627343],[-57.979458787736704,-35.72719580389159],[-57.979130215057275,-35.72744637521114],[-57.978741388509604,-35.727689174873376],[-57.97863762220125,-35.72783340847603],[-57.978393093096514,-35.72817333685854],[-57.9782303117846,-35.728422546917756],[-57.9780966271674,-35.72878407168461],[-57.978049894175214,-35.72948289590367],[-57.97805437176759,-35.72984340896222],[-57.978031106636664,-35.7302040863985],[-57.97798052321342,-35.730587462684134],[-57.9776461271072,-35.731491405144006],[-57.977528431510045,-35.73203314632261],[-57.97745922267764,-35.73226140108601],[-57.977315882631075,-35.73273332648739],[-57.977264773559675,-35.733071728826296],[-57.977239950002456,-35.73329721558337],[-57.97709490554528,-35.73382326767028],[-57.977142297901416,-35.73435697159022],[-57.97732131271701,-35.735436969414806],[-57.97740869303696,-35.735796803822296],[-57.97746635127921,-35.73599907774069],[-57.97749860158365,-35.73639312761051],[-57.97780749775975,-35.736773627148864],[-57.977773229103846,-35.736992377109544],[-57.97775623023103,-35.7371007631573],[-57.97789022243799,-35.73734387834337],[-57.97795405152281,-35.73745957058326],[-57.97803966123658,-35.73768421072565],[-57.978099615671006,-35.73806674161224],[-57.978132247546846,-35.73847206133696],[-57.97822004417222,-35.738876866658885],[-57.97828031442863,-35.73928193005694],[-57.97836842458,-35.73970935795847],[-57.978428696013424,-35.74011442127441],[-57.97851649554814,-35.740519226383675],[-57.97854642786261,-35.74069922725032],[-57.97857811921546,-35.7410369489622],[-57.97853283945367,-35.74184843312045],[-57.978455127893724,-35.742277128400545],[-57.97843248689481,-35.7426828703649],[-57.978437484522416,-35.7430883560253],[-57.97839157250166,-35.74385477458527],[-57.97828601453282,-35.744261195034966],[-57.97801950759309,-35.74507445586034],[-57.977858668548954,-35.74548129795255],[-57.97764286202884,-35.745911184462116],[-57.97742674134279,-35.746318447823064],[-57.97715585536568,-35.746771285884435],[-57.97658301718711,-35.7473843032384],[-57.97628396741372,-35.747792241415375],[-57.97601255294601,-35.74820001314278],[-57.97579641504603,-35.74860736302516],[-57.97563555683028,-35.74901420131767],[-57.97552997685405,-35.74942061834074],[-57.975341990510955,-35.74987277487185],[-57.97515348800822,-35.75027977768273],[-57.974968918882944,-35.75071469009871],[-57.97512368969548,-35.751237586388804],[-57.97533384458233,-35.75147252519421],[-57.975990585685956,-35.751938902490984],[-57.97658661218194,-35.75220583436678],[-57.97711366407659,-35.752359236936655],[-57.97730901838539,-35.75251543834539],[-57.97750531770108,-35.752739147081115],[-57.97767386751509,-35.75296301958066],[-57.977817270940974,-35.75338993539073],[-57.97787453129172,-35.75354723766331],[-57.97837634032015,-35.75390358665937],[-57.978657958678085,-35.75432940100014],[-57.978854469941055,-35.75457563844741],[-57.97916123550183,-35.754798498012725],[-57.97930226153857,-35.7550226266044],[-57.97950033208786,-35.755404052934765],[-57.979698829532715,-35.755808013402756],[-57.97992486191319,-35.75621171526587],[-57.98017865065599,-35.75661516209473],[-57.980266787891615,-35.75704249832902],[-57.98030741327452,-35.75731585093087],[-57.981669801306545,-35.757312505443345],[-57.983291709085954,-35.75722798386952],[-57.985232407366034,-35.75695621900538],[-57.98819700302838,-35.75622767326726],[-57.990971608648515,-35.75513931659532],[-57.992665884556054,-35.75431076220457],[-57.99381286806229,-35.753414212134416],[-58.00618880678163,-35.744260088977875],[-58.01039739089426,-35.74107781540261],[-58.011695172182485,-35.73990171759413],[-58.01815824053147,-35.745271717869336],[-58.02477765608501,-35.75091184476071],[-58.023701812357466,-35.751745257154184],[-58.02370663680945,-35.751979261889524],[-58.03530402330618,-35.761776299424795],[-58.036128568156464,-35.761488081292825],[-58.04519753784336,-35.75630151838439],[-58.05555596376688,-35.76595610635089],[-58.056079823313034,-35.76615552099134],[-58.05799464815269,-35.76787522251034],[-58.05841743718831,-35.76851705833756],[-58.06935419550486,-35.778191990825235],[-58.072500609092444,-35.775940518368216],[-58.07349884338491,-35.7752693363829],[-58.073648642674584,-35.7751102587537],[-58.0759970905762,-35.7797523327458],[-58.079058038622165,-35.785702078692935],[-58.079364796905686,-35.78626359266183],[-58.079768498643936,-35.78674906943892],[-58.079905346199936,-35.78665528781067],[-58.08832170865325,-35.78081257311625],[-58.09670794683261,-35.77498940370086],[-58.10570815725422,-35.78268141165704],[-58.107377607276405,-35.78410758075048],[-58.10973017985558,-35.78612460556827],[-58.1128860987986,-35.78883012239556],[-58.11412478392623,-35.78989205643616],[-58.118669521354875,-35.793787585461885],[-58.11896928386309,-35.793575289658435],[-58.13060183965469,-35.803661695215695],[-58.131665323689546,-35.80286317758569],[-58.1346091952217,-35.80634195858462],[-58.145538122974415,-35.819045380764976],[-58.14589247573625,-35.81934127697908],[-58.139155962356206,-35.824195319996385],[-58.13757776743777,-35.825409712967726],[-58.147201274246044,-35.83304527518762],[-58.15086724450387,-35.83659346377279],[-58.15086061010695,-35.83686973194031],[-58.15858210858106,-35.84384199408669],[-58.16469088481687,-35.84910812103869],[-58.16535185107651,-35.85667861774445],[-58.165481127506595,-35.86713381061183],[-58.166234467553934,-35.86719208308593],[-58.16644799567553,-35.8672027323047],[-58.16723205770482,-35.86752296909863],[-58.16747585649774,-35.867651763149155],[-58.168014815871615,-35.8677558635829],[-58.16919813774274,-35.86780986246979],[-58.170164180178446,-35.867713027948014],[-58.17131479985554,-35.86737398480267],[-58.17278178733949,-35.866616403206116],[-58.1745202790369,-35.86605297420369],[-58.17551479316843,-35.86606511263146],[-58.176241226888536,-35.866123544275176],[-58.177155789391044,-35.86618023137658],[-58.1786022828859,-35.8658600255878],[-58.180849307317324,-35.865160307726555],[-58.18146116431324,-35.864738933047654],[-58.182959055232956,-35.86426518209778],[-58.18445748158203,-35.86383512415241],[-58.185231577477914,-35.86347772800925],[-58.18584101850664,-35.862903375256764],[-58.18684573334871,-35.86180053763469],[-58.187481224095265,-35.86116033757845],[-58.18843796155361,-35.860451448882664],[-58.188808592676516,-35.860076138225224],[-58.189200518589594,-35.859329078042556],[-58.18927296493611,-35.85878184322126],[-58.189179649694964,-35.85793032672841],[-58.18922813145522,-35.85758007421373],[-58.189796669386425,-35.85661553205389],[-58.189950652151325,-35.85613314386794],[-58.18986094206658,-35.85552200871876],[-58.18982426355951,-35.85486661700985],[-58.18987179479855,-35.854450838747326],[-58.190131275657365,-35.85383622453368],[-58.190363960875175,-35.85322183674269],[-58.19075744873348,-35.85258400854653],[-58.19096844669759,-35.852319645738184],[-58.191792199522304,-35.85169946679847],[-58.19237565531545,-35.85119091865899],[-58.192984670675244,-35.850594623059116],[-58.193511854093494,-35.849911758037194],[-58.1940936680594,-35.849293961287025],[-58.19523773168625,-35.848539440468706],[-58.1961854795602,-35.84724030028427],[-58.196738452866846,-35.84649157532105],[-58.19745125476677,-35.84565387279422],[-58.198310584511766,-35.84485981472822],[-58.2002600485331,-35.84407523834371],[-58.20095250828978,-35.84367488145242],[-58.201694160233416,-35.842967976035396],[-58.20214119102604,-35.84232964748713],[-58.20245270599769,-35.841605125179406],[-58.20276707749178,-35.841077448624894],[-58.20318758399579,-35.84046115675006],[-58.203741117208835,-35.83975610976855],[-58.20431692672277,-35.83874483275091],[-58.204443602886506,-35.838240838565795],[-58.20410310659735,-35.83704203842385],[-58.204120390526974,-35.83640790975707],[-58.20424216939275,-35.83557610571974],[-58.20415129938096,-35.83489935942539],[-58.203896684290925,-35.83404940332845],[-58.203671006471886,-35.833486795380175],[-58.20309726745971,-35.83288185589286],[-58.20209890436361,-35.83229326857211],[-58.201659082941134,-35.831894159185744],[-58.20128198744175,-35.8312116844931],[-58.20121692467643,-35.83101057208154],[-58.20106278016936,-35.83037342643477],[-58.20109595738254,-35.82983514450185],[-58.20152011455222,-35.82919214822131],[-58.202311634054155,-35.8282597110044],[-58.203496622803435,-35.827390553083994],[-58.204479931932845,-35.82684277239044],[-58.20462166818803,-35.82665646624965],[-58.20477476336343,-35.825848016530934],[-58.20491099390244,-35.82529198847361],[-58.20589977508952,-35.82511391658066],[-58.20696869817374,-35.82476699105601],[-58.20761726872826,-35.82446406882374],[-58.20816810983455,-35.82400469300572],[-58.20959237210491,-35.823939956358025],[-58.21062015986917,-35.823610227079854],[-58.21160590965157,-35.82323048178427],[-58.21201818383831,-35.82317588152377],[-58.21234714802178,-35.82307165025424],[-58.212961605613955,-35.822729262656516],[-58.21341204268923,-35.822472562924126],[-58.21427617978896,-35.82224534916398],[-58.21511961852516,-35.82201827222033],[-58.21629189375211,-35.82168703524255],[-58.21701345262937,-35.821595736900015],[-58.217774783881296,-35.82140310717903],[-58.22018756739843,-35.81979846481661],[-58.2208048113379,-35.81964089766426],[-58.22129763893426,-35.819451027803986],[-58.222099462565325,-35.819207515400116],[-58.22300528864244,-35.81901338520819],[-58.22356339795969,-35.819041371644694],[-58.22408232386774,-35.81920421526976],[-58.22502781683541,-35.81955385324842],[-58.225590302937356,-35.819867551146146],[-58.226157280006845,-35.820466878813555],[-58.22635090068085,-35.820969229612324],[-58.22621710447022,-35.82167652896544],[-58.22583276758837,-35.82220161664826],[-58.22532237989361,-35.822593457657874],[-58.22460605461002,-35.82302100214203],[-58.22423809902457,-35.82327689067438],[-58.22397863304995,-35.82386779703063],[-58.223988699222595,-35.82452333237186],[-58.22417795050941,-35.82473987573749],[-58.22491094349875,-35.82538798031677],[-58.22593151479399,-35.82593228218771],[-58.227054779700026,-35.82644195580901],[-58.22806002617191,-35.82669639282748],[-58.229136942639165,-35.82684302211837],[-58.230455132289585,-35.82663364704013],[-58.23076048841955,-35.8266304840558],[-58.23112581312374,-35.826747151427114],[-58.231920974580525,-35.826980531045336],[-58.23287345369118,-35.82709069267425],[-58.234059880460116,-35.82702487156842],[-58.23478376080561,-35.82691007176403],[-58.236881455469096,-35.82605641689281],[-58.238360851817724,-35.8257459608393],[-58.23941159593267,-35.82543983975709],[-58.240063627015644,-35.824949988116074],[-58.24077706385468,-35.82416420114785],[-58.24149250244597,-35.823512706653574],[-58.24227308380185,-35.82280674135789],[-58.242925883093136,-35.8223705917862],[-58.24371313300238,-35.82209401065457],[-58.24489440131953,-35.82170603348351],[-58.245875351723726,-35.82115904540655],[-58.24652852514604,-35.820749644610494],[-58.24731036133556,-35.82012422435076],[-58.247895938536956,-35.819608127701],[-58.24880914915733,-35.81895451504536],[-58.24992143443829,-35.81837930903309],[-58.250559533769696,-35.818372470065775],[-58.251913676586355,-35.818492561830524],[-58.253695504825295,-35.81855451373426],[-58.25528039295619,-35.8186722435008],[-58.256472221768625,-35.818955014011664],[-58.25723738378608,-35.81937639710074],[-58.25830058984398,-35.81987526722301],[-58.25906792897667,-35.8204308484427],[-58.260232260371886,-35.821062821656916],[-58.26122924846795,-35.82153556604786],[-58.263118238910536,-35.82210617518998],[-58.264412793015616,-35.822629332005526],[-58.265183604179505,-35.823399664056794],[-58.26593345589818,-35.82443218771818],[-58.26634027260573,-35.82512570947543],[-58.266785134245744,-35.82614094103616],[-58.26725710403575,-35.826780160292486],[-58.2676990979701,-35.827607551868],[-58.2679097005761,-35.82841052006631],[-58.26786730836796,-35.8291390122817],[-58.2676286811137,-35.83033254122329],[-58.26731325252893,-35.832584328271615],[-58.26743509652416,-35.83288931495684],[-58.26768567667418,-35.833462350956275],[-58.267788385240266,-35.83385356968067],[-58.26794683473964,-35.83472481177134],[-58.26807613048979,-35.83527266908287],[-58.26826318768459,-35.8356630306214],[-58.26856363412387,-35.83636600522661],[-58.26895038716242,-35.83692721362775],[-58.26922168811888,-35.83731671485278],[-58.27015321461539,-35.83827775678618],[-58.2712059030329,-35.839286672933895],[-58.27237834103463,-35.84023539462581],[-58.2730291647344,-35.84083399931478],[-58.27350738780529,-35.84133892611368],[-58.27370597186348,-35.841699707784],[-58.27388147524804,-35.84211954184162],[-58.27429270671775,-35.84295863249095],[-58.27488941618842,-35.84409000776487],[-58.27538881275162,-35.84502407797625],[-58.27562514285443,-35.84548253993961],[-58.27580289374223,-35.84603964519349],[-58.27583560446917,-35.84657871864199],[-58.27584453230204,-35.8471376359626],[-58.27569656864806,-35.847678711874075],[-58.27538879562466,-35.848035015094176],[-58.27486591045551,-35.84851132248253],[-58.274148796759405,-35.84913451439634],[-58.2737687181853,-35.849491576649],[-58.27335524633995,-35.85002558951653],[-58.27317984491541,-35.85036090064802],[-58.27297304587661,-35.851000611209244],[-58.27273214585039,-35.85176815137663],[-58.2725981039909,-35.85243648168348],[-58.272401836610356,-35.85297802950769],[-58.27212899542553,-35.85351838538259],[-58.27182480893412,-35.85410028205474],[-58.27154253254441,-35.85454462086779],[-58.27146049230195,-35.85544781015479],[-58.271396738901984,-35.855987928561],[-58.27143046944264,-35.856585770117434],[-58.27157200507901,-35.8571433507082],[-58.27172233337709,-35.85749488012023],[-58.2720712318044,-35.8578421471442],[-58.27239065322098,-35.85821142723924],[-58.272951467414444,-35.85859778455254],[-58.27342557148889,-35.85883799193565],[-58.27393483632568,-35.85901895811975],[-58.274829741772486,-35.85918599732528],[-58.27582179171564,-35.85939119033562],[-58.27687419853311,-35.85960562155836],[-58.27726184017158,-35.85971913684366],[-58.27813602722207,-35.860092392513984],[-58.278695001075455,-35.860361009968464],[-58.27941312807387,-35.860784916022936],[-58.27979881779103,-35.86100454792229],[-58.28005558574916,-35.861227378879995],[-58.28056558464505,-35.86144752676424],[-58.28104873895636,-35.86150121075479],[-58.28165023457145,-35.861416370623864],[-58.282211857656506,-35.86109648410428],[-58.2826040273278,-35.86073920840396],[-58.28306959378836,-35.860258444812686],[-58.28382170952069,-35.85923542054089],[-58.28432069726679,-35.8587337725699],[-58.284845160661646,-35.858400636533275],[-58.28559762005272,-35.857961085285304],[-58.2861361326159,-35.8577101465616],[-58.28690878940908,-35.85736017680749],[-58.287411917431704,-35.857158559947706],[-58.288621911981274,-35.85667486835726],[-58.2890881072736,-35.85642468800149],[-58.289493604844324,-35.85615552878271],[-58.28988737442439,-35.85589629381693],[-58.290302792450106,-35.85548967068337],[-58.29078824727319,-35.85494508857562],[-58.29107434424302,-35.854745864498376],[-58.29143094689675,-35.85442815290401],[-58.29202869673734,-35.85411765396392],[-58.29248458074176,-35.85397544885441],[-58.293160088922214,-35.85399766498338],[-58.293785776898396,-35.85405133999384],[-58.29423257008788,-35.85409562294923],[-58.29476253415997,-35.85406043388055],[-58.29535177235127,-35.853965798073865],[-58.29600088294231,-35.85385092225744],[-58.29679671655894,-35.85385220637878],[-58.29737579398648,-35.853875374401404],[-58.29776379471223,-35.854008473301],[-58.298237241335094,-35.854209284880376],[-58.29879732462917,-35.8545464911093],[-58.299307813868126,-35.854796033581835],[-58.29966249017441,-35.85510599698625],[-58.29995860512924,-35.855462980572284],[-58.30012961341114,-35.85565013233726],[-58.30073214652063,-35.856369378732516],[-58.301222951811965,-35.856893749735754],[-58.301779986627906,-35.857396076327724],[-58.302475394859506,-35.85789855373119],[-58.303133031378664,-35.85829352945923],[-58.304107257390314,-35.85888121799094],[-58.30514401196274,-35.85960549125934],[-58.3055383035341,-35.86012100373254],[-58.305762301090994,-35.86055012768645],[-58.30608369262085,-35.861027213205],[-58.306542225770826,-35.86168735865149],[-58.30723212584554,-35.862582083414196],[-58.307873747576096,-35.86346765352513],[-58.30825805745557,-35.864110706732305],[-58.308316176937026,-35.865443936004326],[-58.30837941535664,-35.86561982609529],[-58.308854731209266,-35.86620080967396],[-58.309099404703204,-35.86641394743506],[-58.30958839998863,-35.86682048179811],[-58.310331612222676,-35.86728321685561],[-58.31112203927972,-35.86768650595811],[-58.31194566261729,-35.867903091811414],[-58.31259812774394,-35.86798417057814],[-58.31356082479117,-35.86786576668096],[-58.314897845446836,-35.867772702694616],[-58.31630729979936,-35.86768856915835],[-58.31864425217594,-35.867657957633476],[-58.32006674339534,-35.867632535896405],[-58.320501074739134,-35.86764744129442],[-58.32117756254035,-35.86771844641336],[-58.32188856616037,-35.867690985760376],[-58.32241715280413,-35.867567435630754],[-58.32309975399103,-35.8672853618075],[-58.32376990549615,-35.86697391360442],[-58.324354711139534,-35.866614412052606],[-58.325034246332365,-35.86614593009007],[-58.32555818871597,-35.865747816246135],[-58.326093580552914,-35.865310389991],[-58.32736675573246,-35.86428614733964],[-58.32821476832445,-35.86380602522597],[-58.32868087666744,-35.863651119044995],[-58.32911298072783,-35.863528629348956],[-58.329473282641786,-35.86344614101963],[-58.32972592002104,-35.86341396961295],[-58.33031666313556,-35.86340740450766],[-58.330908748796446,-35.86347934386685],[-58.331260030507366,-35.86357352717619],[-58.33163485108438,-35.86363802868538],[-58.331997350963604,-35.863682983561084],[-58.3325171337937,-35.86375571318665],[-58.33362840885797,-35.86387089127221],[-58.33448546482145,-35.86392999813361],[-58.334918179276826,-35.86384678534823],[-58.3353140670076,-35.86372467228449],[-58.33587748393608,-35.863532067478474],[-58.33638090001626,-35.86334989312832],[-58.336847739218356,-35.86314855668775],[-58.33739771272064,-35.862867807764104],[-58.33793426226342,-35.86250874214156],[-58.33842201847301,-35.86211106129954],[-58.33887169905812,-35.86187199222047],[-58.33913453610704,-35.86172198340048],[-58.339444807991015,-35.86153216882188],[-58.339642125390526,-35.86107883215187],[-58.339945978881666,-35.86050657588281],[-58.34076738323389,-35.8598794709739],[-58.34110029881685,-35.8596012028742],[-58.342060230342994,-35.85860969023326],[-58.342733294237135,-35.85776848640042],[-58.343035993964186,-35.85712762920791],[-58.34301644157424,-35.85665768739841],[-58.342948552477345,-35.85620726421767],[-58.342884252277436,-35.85535047806411],[-58.34284452747817,-35.85504138099782],[-58.342652606933875,-35.85438640065461],[-58.34242188569437,-35.85357489787294],[-58.34238048093126,-35.85326154208063],[-58.34239779450037,-35.85288186185717],[-58.342426087271505,-35.85241077763115],[-58.342485528107126,-35.85164509100494],[-58.342401382485974,-35.850949694216595],[-58.3421481287994,-35.85022682193235],[-58.34206792494259,-35.84975694366386],[-58.3419741888566,-35.849208749979276],[-58.342041412175526,-35.84890392199248],[-58.34220971275993,-35.84815667881901],[-58.342216346319944,-35.8478433548636],[-58.34221605196652,-35.8471078426112],[-58.34211402273805,-35.84605958339512],[-58.34211955347358,-35.845676946659076],[-58.342290189785196,-35.84506697839153],[-58.342425866994276,-35.84453591768144],[-58.34259025737907,-35.84427901851891],[-58.34312652624756,-35.843910190610316],[-58.3436060352719,-35.84374783939347],[-58.344446103908105,-35.84352268983023],[-58.34497277049999,-35.84330105722862],[-58.34535382762972,-35.843151941056426],[-58.34566536872648,-35.843040615377625],[-58.346407883628636,-35.84274787485289],[-58.34728266379918,-35.84244379261582],[-58.34800314977923,-35.84227879082634],[-58.34852008838619,-35.84219452241284],[-58.34935191054039,-35.84219496003593],[-58.349998112975925,-35.84191312918728],[-58.35041875574579,-35.84183978547833],[-58.3509105613047,-35.841696948013215],[-58.351340282264104,-35.84144692211786],[-58.35204344626585,-35.840968241812064],[-58.35268490628721,-35.840411753893406],[-58.353493304616215,-35.839745538607225],[-58.353862547765125,-35.8394863840591],[-58.354197198416045,-35.839315877227655],[-58.35458037059912,-35.8391644172241],[-58.355117548704904,-35.838854391228175],[-58.35576207735993,-35.838554843339615],[-58.35604919602491,-35.83842414192742],[-58.356850479697755,-35.838052208514995],[-58.3573642524268,-35.83778159241501],[-58.35817584716095,-35.83731147645921],[-58.35877258789256,-35.83696142590407],[-58.35921332295429,-35.836652406602994],[-58.35960729450203,-35.836432230499405],[-58.36000351137357,-35.83633941498227],[-58.360628506872544,-35.83623431039994],[-58.36099995816416,-35.836102584794546],[-58.36182934164198,-35.83596565802413],[-58.362478463582164,-35.83586024188494],[-58.362776885053286,-35.835690117987674],[-58.36323029577611,-35.835420185647315],[-58.36354888980123,-35.83525375891923],[-58.36393189343247,-35.83509253387298],[-58.364471393687346,-35.83491965047676],[-58.36505917178783,-35.83475607252864],[-58.36579061358844,-35.83453199658575],[-58.36634280553806,-35.834398206642206],[-58.366932219918986,-35.8343325958588],[-58.3677640939807,-35.834342818143114],[-58.368403521403074,-35.83437475236592],[-58.368849381619995,-35.83436963188097],[-58.36927223004552,-35.834423672852246],[-58.36986225698383,-35.834387523345],[-58.37030596583933,-35.8342549466363],[-58.37066293270767,-35.83398611067433],[-58.370982188025714,-35.833629351436194],[-58.37119384280822,-35.83332294845015],[-58.37126017083502,-35.83296906744227],[-58.37159693189707,-35.832665080387606],[-58.3720960277587,-35.83224749486925],[-58.37289046992191,-35.83148318186311],[-58.37372047320445,-35.83068906618959],[-58.37408657141789,-35.83025336113793],[-58.37481642811233,-35.82994098574094],[-58.37553245217289,-35.82953064464254],[-58.37623435269979,-35.82899304691041],[-58.37664716575614,-35.82846848125742],[-58.37705820638037,-35.82784593568688],[-58.37730037514626,-35.827598687957085],[-58.37756051082608,-35.82731131100489],[-58.378081020978,-35.82674629089246],[-58.37869752733412,-35.82615075320988],[-58.37900349972068,-35.82572557544106],[-58.37914296346394,-35.82542971822397],[-58.37928978183594,-35.8248592007193],[-58.37942148432504,-35.824112305115555],[-58.379607666685764,-35.8230312780772],[-58.37978438912665,-35.82243169541656],[-58.37993539727524,-35.82210634496462],[-58.38030000527841,-35.8215823771721],[-58.380853482553114,-35.820840442561334],[-58.3814717138823,-35.82035277975051],[-58.38244768755575,-35.81964518344114],[-58.38296050284273,-35.81933524168783],[-58.3836305313054,-35.81905291479785],[-58.384374751057926,-35.81888746907436],[-58.385227911912104,-35.818740334028924],[-58.38626052619227,-35.81852242958741],[-58.387051077783,-35.818248460302705],[-58.38761013314901,-35.81801418450479],[-58.38859165470835,-35.8176301235195],[-58.38943133024552,-35.817404647957346],[-58.39000570971636,-35.817172458594186],[-58.39066697729416,-35.817086334660246],[-58.39127238887532,-35.817246013569864],[-58.3924066254205,-35.81733094038152],[-58.39384428915977,-35.81753985507138],[-58.39500368563275,-35.81768339802305],[-58.39578790861114,-35.81773306900462],[-58.396874287490576,-35.817838131446265],[-58.39780176048077,-35.81790601094899],[-58.398609596270305,-35.81792606019923],[-58.39897296379566,-35.81802975773272],[-58.39967519733199,-35.81821771889124],[-58.400316198341855,-35.81834754780848],[-58.40148795631723,-35.818510387459234],[-58.40255072025107,-35.81863536051061],[-58.40369809100924,-35.81877884025987],[-58.40420510408797,-35.818831802897904],[-58.40465644167787,-35.81895224137004],[-58.40526649407608,-35.819252671447266],[-58.40613995784644,-35.8194885555235],[-58.406895724767224,-35.819479652651054],[-58.407498728273616,-35.8193803179134],[-58.40806119769428,-35.81912769818665],[-58.40847601085827,-35.81845660860751],[-58.40876909864503,-35.81793025264316],[-58.40928784299761,-35.81733974722117],[-58.410297718375595,-35.816743391260424],[-58.411944115495565,-35.81580128678873],[-58.41355042933769,-35.81473652394963],[-58.41488781519098,-35.813428846270135],[-58.41576957998461,-35.81200349514799],[-58.41649574516469,-35.81033394711635],[-58.41676411773961,-35.80842361396407],[-58.41670125686286,-35.80700941718232],[-58.41664269588109,-35.80584120151887],[-58.41686010649231,-35.80531571903677],[-58.417448270685384,-35.80438599438651],[-58.417882462579655,-35.803304287937436],[-58.41841595747499,-35.80169923426407],[-58.41866897686811,-35.80105030769248],[-58.418944377235285,-35.79953981059499],[-58.41892251836944,-35.79830971719138],[-58.418562266900324,-35.797175831120526],[-58.41809573766998,-35.79644309128961],[-58.41717494434132,-35.795654174707124],[-58.416374457990386,-35.79526370480509],[-58.41568738080244,-35.794871930811205],[-58.4155269465758,-35.794350841137906],[-58.41592778509774,-35.79351561660359],[-58.416763358892815,-35.79162942213347],[-58.417298859921246,-35.78986975794657],[-58.417860928545515,-35.788855245730005],[-58.41901828636033,-35.78807258806196],[-58.419685052052216,-35.78732645607464],[-58.42075586854979,-35.785929586415335],[-58.42123868821527,-35.78546245999643],[-58.422924736047186,-35.78467354794182],[-58.423781984090226,-35.78401739298016],[-58.424748666822154,-35.783144675529115],[-58.42654146696646,-35.78198529223],[-58.428216888184444,-35.780611943791726],[-58.428876442362196,-35.77946599991781],[-58.42923700909647,-35.778508093136594],[-58.429446077714005,-35.77752135162539],[-58.43006442038409,-35.77619129565442],[-58.43128153703899,-35.77454652450547],[-58.43239688173475,-35.7735488880713],[-58.433446082077005,-35.773074944500124],[-58.435517175215445,-35.772711887779614],[-58.43716399138853,-35.77223973790075],[-58.43809977695394,-35.77176716260037],[-58.439896499730764,-35.77085364057294],[-58.44135105961884,-35.769821118627966],[-58.443280017841765,-35.768211939343665],[-58.443921826235204,-35.767852391991845],[-58.44513073952284,-35.76786857074077],[-58.44597056200649,-35.76835064521233],[-58.44704681756699,-35.76938358445462],[-58.447812143238906,-35.76992803586876],[-58.44899352271567,-35.77049821610276],[-58.45001316942351,-35.770485951253846],[-58.4514454719765,-35.77031489101004],[-58.45253285751871,-35.76987109891678],[-58.45290315915167,-35.7694667356585],[-58.45326287838294,-35.768478100794304],[-58.45338262269003,-35.76675400241406],[-58.453539049653564,-35.76496810469916],[-58.45366386868857,-35.76362084708122],[-58.453800961778036,-35.76285022179928],[-58.45405016623967,-35.76201669438211],[-58.45413884691233,-35.760662122068695],[-58.45393382929509,-35.7597725599614],[-58.45331509249349,-35.758980319932846],[-58.452619708075126,-35.758127433455286],[-58.45166518226169,-35.757554443104844],[-58.45022418901156,-35.757233541323934],[-58.44923350866678,-35.75675324644077],[-58.44873033414179,-35.756082598632524],[-58.448560331198074,-35.7550388393396],[-58.44879963562272,-35.7536516988543],[-58.449379751988914,-35.75232203068221],[-58.44981043993242,-35.75108640743222],[-58.45076146533311,-35.749383112105455],[-58.451264735111785,-35.74836469741935],[-58.45189264487034,-35.74758813561992],[-58.452181270912654,-35.7468464053478],[-58.45279960199316,-35.74554703838191],[-58.45289381915245,-35.74450001297068],[-58.45253063446811,-35.74321243959174],[-58.452017449721566,-35.741988269299846],[-58.451663219120334,-35.741192755567845],[-58.451087482562954,-35.74067681448726],[-58.45043900943898,-35.74031547516871],[-58.44914371718561,-35.73968508702772],[-58.44693750815182,-35.738788888520396],[-58.44552742468467,-35.738067584004185],[-58.44309140279698,-35.73698946410641],[-58.4413072065571,-35.736457199063075],[-58.43815625902268,-35.73551056664898],[-58.437394066541266,-35.735119745180114],[-58.43656854876272,-35.73406186380361],[-58.436248345233295,-35.733050558408365],[-58.43539843952809,-35.73245582189993],[-58.432198662462525,-35.72976067895982],[-58.431857544703426,-35.729447673582754],[-58.4301566294722,-35.72805760977808],[-58.42645851730074,-35.72481979929445],[-58.42264400767211,-35.72151456600658],[-58.42163980578538,-35.72069160836514],[-58.42056881505217,-35.71975430892976],[-58.41827968412345,-35.71780313102866],[-58.41502753838307,-35.71498167890532],[-58.41270681764999,-35.712998890482815],[-58.40750449997673,-35.70850740955596],[-58.40176382406572,-35.70351760368097],[-58.39688545753745,-35.699223364161824],[-58.39431488022958,-35.69703008120318],[-58.391650399846334,-35.694700855317265],[-58.391106903777036,-35.69424336848371],[-58.38902075680488,-35.69248711665627],[-58.38866592482455,-35.69205926934127],[-58.387911453018305,-35.69137221029093],[-58.38298131634534,-35.68715990153999],[-58.38147662268234,-35.68586966447251],[-58.37756041796472,-35.68253174151404],[-58.3761039966769,-35.681244342111384],[-58.37307997217349,-35.67865266892958],[-58.37278368703447,-35.6784218407395],[-58.36955673015497,-35.675777682976104],[-58.36567028323513,-35.67249628644329],[-58.36528241999429,-35.67216587969465],[-58.36179872893468,-35.669263542218474],[-58.35861950347703,-35.66623828330772],[-58.353409935600965,-35.661849574324044],[-58.35267214557159,-35.66122804137076],[-58.34178469320661,-35.652100015011754],[-58.34154265521891,-35.65200467258439],[-58.334634341054404,-35.640074785738264],[-58.33258867807061,-35.63618796156813],[-58.332469876553866,-35.63598184230237],[-58.326995483312594,-35.643918069865684],[-58.329936832369214,-35.64547384528254],[-58.33158020264504,-35.64985176769741],[-58.33136138910841,-35.64981917738962],[-58.32600700835137,-35.64945026625258],[-58.32361814294496,-35.645713886145],[-58.32245079174838,-35.64638764848223],[-58.308961439795866,-35.65419468007317],[-58.30650442600649,-35.65875830566252],[-58.30279310868463,-35.666243680069755],[-58.30208054092858,-35.66777992565317],[-58.29972698332225,-35.67233124437425],[-58.29691747758757,-35.677884361079],[-58.29379750668633,-35.68398802136672],[-58.293428894401615,-35.68468920870906],[-58.292405699579255,-35.68902843144538],[-58.29136943354233,-35.69327049171764],[-58.28858890929181,-35.70423609288742],[-58.28816902646176,-35.70591238481998],[-58.28820481834434,-35.70634661684315],[-58.28790857082375,-35.707252291630105],[-58.28746451332109,-35.70763499812502],[-58.28671107837904,-35.70836907137542],[-58.28677826657405,-35.70911185313165],[-58.28667213179418,-35.70938329960109],[-58.28640748110475,-35.71010711761037],[-58.286245793215656,-35.71035668557884],[-58.285758717022574,-35.71099271591949],[-58.285327693614775,-35.71167324859537],[-58.2849758729667,-35.712127549079206],[-58.28459175414067,-35.71228941626683],[-58.28448272962572,-35.71238067999048],[-58.2843801491628,-35.71287746160427],[-58.284637450746494,-35.71341542035849],[-58.28483402930811,-35.713616114737604],[-58.28496004561658,-35.714330357966475],[-58.285003106845046,-35.71457419135498],[-58.285167548357585,-35.71546001970632],[-58.28523184812239,-35.7160225308828],[-58.28432530829739,-35.716347627075166],[-58.28413665982083,-35.71664258549457],[-58.28411299641139,-35.716890694117104],[-58.28412392042485,-35.717566439445484],[-58.28418315150416,-35.717813657624106],[-58.284754722875036,-35.71900158868293],[-58.284936794536925,-35.71969923850969],[-58.28510288237488,-35.720034309288664],[-58.285161716973676,-35.720258992650116],[-58.28533971838866,-35.721023088389614],[-58.28548910683609,-35.721719911012315],[-58.28569336230621,-35.72239363489605],[-58.285835390703035,-35.72263995937439],[-58.28620574329191,-35.72333443230224],[-58.286349673039155,-35.723693336397695],[-58.28638058814408,-35.723895813685196],[-58.28656726666073,-35.72470968418617],[-58.28673196055398,-35.72513124283523],[-58.28699219677652,-35.72584937712264],[-58.287031760192036,-35.72659248454563],[-58.287015071227636,-35.72726855668514],[-58.28687977951612,-35.72745019345626],[-58.28668972769306,-35.72765502063101],[-58.28650135218593,-35.72797242442344],[-58.28644976452006,-35.72819832765892],[-58.28640244394687,-35.728694455004344],[-58.286497272883075,-35.729436997756984],[-58.28647660304796,-35.72986528796564],[-58.286609209676236,-35.73123817889132],[-58.28689382824557,-35.73184041257712],[-58.28698119145244,-35.7320340511556],[-58.28660310260031,-35.7326013438577],[-58.28638841340409,-35.73297532460556],[-58.28612378370786,-35.73369913861939],[-58.28621274473402,-35.73408122979009],[-58.286218615982435,-35.73444159100619],[-58.286196736625264,-35.73480236785569],[-58.285929511398,-35.73536844390718],[-58.28571318440507,-35.735663639807306],[-58.285060223804614,-35.73630144373449],[-58.28478694080335,-35.736484624626954],[-58.28434881062831,-35.736737094660036],[-58.28393911585726,-35.73703439512176],[-58.28358280228388,-35.737218461207945],[-58.28330762131193,-35.737288968586554],[-58.283005090660666,-35.73738233442931],[-58.28264848568502,-35.737543774824545],[-58.282080877890195,-35.73815286250272],[-58.28194238769938,-35.738317325614545],[-58.281504236747914,-35.73856987476961],[-58.28128501558459,-35.738684882359564],[-58.280982589864266,-35.73877815437371],[-58.28054196766906,-35.7388729645866],[-58.28032274434478,-35.73898797035532],[-58.27988607388072,-35.73933055880415],[-58.27953122779512,-35.739604747813026],[-58.279286138393594,-35.73983265527896],[-58.27844476372426,-35.74078781190107],[-58.2781389537796,-35.74067845133274],[-58.277702264747155,-35.7410210312431],[-58.27737613159617,-35.741362399400614],[-58.27699431603285,-35.7416818822373],[-58.276834701572106,-35.74206663610417],[-58.27675829581241,-35.742472947718355],[-58.27667823188345,-35.742654101590986],[-58.27651575772106,-35.74285858558966],[-58.276324844959525,-35.74301832562118],[-58.27607825303282,-35.743156090456935],[-58.27563976958341,-35.74338608413311],[-58.27539397162218,-35.74356891598806],[-58.27487404562101,-35.74388983562495],[-58.2747879591122,-35.74393491949688],[-58.27443544621662,-35.74411973300297],[-58.27399666566427,-35.7443271877211],[-58.27358433152191,-35.74446671391769],[-58.273251670448644,-35.7444026433013],[-58.272922542138744,-35.744563907771116],[-58.27248580960819,-35.74490646731257],[-58.27221127708139,-35.745022015071406],[-58.27179973064049,-35.74520660339595],[-58.2716941761499,-35.74552309920293],[-58.27175486346028,-35.74586045721958],[-58.27126607956432,-35.74640628235341],[-58.27093910106701,-35.74670265303638],[-58.270556947984375,-35.74699958110928],[-58.27009186680389,-35.74729738775489],[-58.2697376362465,-35.747616522333615],[-58.26940928250223,-35.74782275486243],[-58.269163740622844,-35.748028195774346],[-58.26900083986364,-35.748210134401],[-58.26889390396074,-35.748436583640405],[-58.2687061989174,-35.74879902357528],[-58.26835048219803,-35.74902801845771],[-58.267967910413475,-35.74930249350592],[-58.2676704219013,-35.74971111096446],[-58.26737185139748,-35.7500522166856],[-58.267101492225606,-35.75043806417332],[-58.26683016248309,-35.750756401674494],[-58.26647629894091,-35.751098059858265],[-58.26628506140937,-35.751235250043734],[-58.26581954431118,-35.75151050465444],[-58.26543831388672,-35.75187501439018],[-58.26484113475358,-35.75255721269641],[-58.26454322275591,-35.7529432872552],[-58.264244516050994,-35.75328438272955],[-58.26403148038486,-35.75349839199414],[-58.26350802092365,-35.75390049215657],[-58.26318098465025,-35.75419674964112],[-58.2626914098758,-35.754697559512046],[-58.262222640919205,-35.75477008668039],[-58.261808481253915,-35.754796992729084],[-58.26153468799152,-35.7549575828355],[-58.26115206640804,-35.755231944401935],[-58.26090715978089,-35.755482343575714],[-58.26058089515613,-35.75582366173622],[-58.26028294820379,-35.75620981470588],[-58.26006511297482,-35.75641491601199],[-58.25976395020065,-35.756598265150124],[-58.25932495338222,-35.756805661330276],[-58.258941639126824,-35.75703494866988],[-58.25850331385874,-35.757287408352624],[-58.25803773506563,-35.757562630827735],[-58.257627443100546,-35.757837300810344],[-58.25721754319251,-35.7581344133311],[-58.25680724550466,-35.758409080327986],[-58.25636929874525,-35.75868406588152],[-58.25593095843826,-35.75893642555185],[-58.25552037038928,-35.75918855538296],[-58.25517999001142,-35.75938979703172],[-58.25505477044578,-35.75946376562293],[-58.25461641983607,-35.7597162103171],[-58.25414985877199,-35.75992381778575],[-58.25376612310707,-35.76013055358164],[-58.25294469775249,-35.76063479293439],[-58.25278066774031,-35.760749196897784],[-58.25267540705537,-35.76108820661776],[-58.25259818221372,-35.76144952122182],[-58.252602440884836,-35.76171983368859],[-58.25263569217992,-35.762079960101964],[-58.25256939411544,-35.76313954305651],[-58.25258071172773,-35.76386043560674],[-58.25261329083215,-35.76417549538738],[-58.25300585188858,-35.764531831178346],[-58.253534130933,-35.764729104125614],[-58.253896355250006,-35.76490558038697],[-58.25414855414188,-35.76512821830628],[-58.25429318774674,-35.76553231470273],[-58.25427154401693,-35.76591552367466],[-58.25421983679156,-35.76614140848185],[-58.254086533178175,-35.76645820451893],[-58.25400931043153,-35.76681942966988],[-58.25401492004088,-35.76717987506366],[-58.253937020895265,-35.76749612365417],[-58.25374880866842,-35.767836001912784],[-58.25361695678886,-35.76824293185818],[-58.25345571605306,-35.76853751378065],[-58.25318359585034,-35.768810749803485],[-58.25280155091233,-35.76913014802256],[-58.25247519434206,-35.76947144090451],[-58.25049181306559,-35.771043462936326],[-58.24850712917132,-35.77282251228981],[-58.23088720408804,-35.79201866546771],[-58.22934190671825,-35.793616500950314],[-58.223783609804556,-35.77742421993341],[-58.2200006585342,-35.765793535768566],[-58.21993207789419,-35.765517045053464],[-58.21730726211515,-35.76729456507708],[-58.21463291510206,-35.7695513214503],[-58.21110210436621,-35.7712661331261],[-58.21097871925241,-35.77111245721451],[-58.210542477833165,-35.77118283152723],[-58.21025281451827,-35.771304407597356],[-58.21009236922157,-35.771398259595024],[-58.2098977888525,-35.77138707233893],[-58.20976827737433,-35.77138838807804],[-58.20963931823964,-35.771429181293534],[-58.20946220792921,-35.7714969219148],[-58.209300951430755,-35.77153813490302],[-58.208993670282986,-35.77156753048322],[-58.2086018795057,-35.77161801411625],[-58.208175762150546,-35.77172484603706],[-58.20774787155178,-35.77170864611806],[-58.20759607356832,-35.771648620971284],[-58.207241415789106,-35.77148815914993],[-58.20708825160098,-35.771346200531795],[-58.20680662473657,-35.771021019052675],[-58.20655010794953,-35.77069549058178],[-58.206268485512545,-35.7703703079376],[-58.206089907171354,-35.77020805401651],[-58.20563378526272,-35.76998713992662],[-58.20520339972691,-35.76980688869821],[-58.20477364022689,-35.76966773669428],[-58.20439389170789,-35.76950752277637],[-58.204141033526895,-35.7694280516208],[-58.203334350625205,-35.7693130914227],[-58.20295668531843,-35.769296363547944],[-58.201346853624386,-35.769312482381174],[-58.20094502086553,-35.769357474273626],[-58.200493177405534,-35.769423523597574],[-58.192424518921015,-35.762147824752105],[-58.1898728704782,-35.75971884304624],[-58.18970583151302,-35.75945968773018],[-58.17774595123818,-35.76823909378813],[-58.17796293846059,-35.768450091047576],[-58.165680883708355,-35.77752028251142],[-58.16452714860206,-35.77834440941298],[-58.15532132268292,-35.78510814057039],[-58.15515570897185,-35.785215895798686],[-58.11909924158172,-35.751620423816235],[-58.11356630259187,-35.746514365130245],[-58.11088319709956,-35.74403698429166],[-58.096981022679714,-35.73223371864074],[-58.0920233262952,-35.728013838922365],[-58.09220896584297,-35.727750594146976],[-58.0855428394332,-35.72200668507661],[-58.07414690101679,-35.712412389593226],[-58.071833993682034,-35.71053815366701],[-58.07131763703332,-35.7102285449003],[-58.06584452567223,-35.70565458317573],[-58.038565650950964,-35.682587544894346],[-58.036095699243646,-35.6805066084158],[-58.035798907493344,-35.68049870120217],[-58.033265861766814,-35.67833008156319],[-58.03243128543383,-35.67761375445116],[-58.02684932069418,-35.67282263050171],[-58.02268546907248,-35.669454523433764],[-58.0203907216657,-35.66710401563602],[-58.01915722263569,-35.665818834876355],[-58.0185702774993,-35.66508342054684],[-58.01756158371046,-35.662675896884075],[-58.017202014348676,-35.66197224500646],[-58.016845839637135,-35.66153780965732],[-58.01628462246964,-35.66120605522603],[-58.01566331237611,-35.66100937529884],[-58.01491981303082,-35.66093151617666],[-58.013537875043866,-35.660943141930225],[-58.01240267276048,-35.66088538554862],[-58.011552300993166,-35.66052234208541],[-58.01099010831751,-35.660106473719914],[-58.01042219196784,-35.65923625892207],[-58.01017682003388,-35.65825422915902],[-58.00987931414098,-35.657566810846475],[-58.00939465367463,-35.65674644735541],[-58.00839515101889,-35.65599758421719],[-58.00743796751937,-35.65533258583871],[-58.006833286837,-35.65481606234825],[-58.00616539582356,-35.65418224592368],[-58.005871157908715,-35.65374718282094],[-58.005468697624735,-35.652909242297945],[-58.0051098972514,-35.65225603047437],[-58.004599184129546,-35.65140322720378],[-58.00430247837099,-35.650766361060576],[-58.003582950420814,-35.64930842112877],[-58.0030495514005,-35.64788267021567],[-58.002753624460325,-35.64731303602333],[-58.002144937929124,-35.64646003908446],[-58.001564463207316,-35.646074822915786]]]}},{"type":"Feature","properties":{"CCA":"02711","ARA3":556346.14,"SAG":"ARBA","PARTIDO":"027","CIRC":11,"NOMENCLA":"Circ. XI","AREA_HA":55634.6},"geometry":{"type":"Polygon","coordinates":[[[-58.332469876553866,-35.63598184230237],[-58.33220603276634,-35.635063506271464],[-58.32845074433631,-35.631825193705424],[-58.32775944809297,-35.631177121643404],[-58.32419410547176,-35.62807297643793],[-58.31382531603462,-35.61898546715332],[-58.31134900382973,-35.61684610713157],[-58.30450088197059,-35.6107672621868],[-58.302501121985536,-35.60905085846108],[-58.30165063655016,-35.6083203729617],[-58.300776885436235,-35.607553236501836],[-58.29925917738939,-35.60620134075127],[-58.29651465745319,-35.603773938461465],[-58.295066807305126,-35.602532199830975],[-58.29205617339387,-35.599938902487814],[-58.29176442658363,-35.59964873681512],[-58.29152847254191,-35.59959402468093],[-58.2705917663927,-35.58185223795671],[-58.26897457205291,-35.580437712363654],[-58.26447545818674,-35.57665768647052],[-58.25962604696338,-35.572493408993104],[-58.25450382431471,-35.56810537648922],[-58.2506240251817,-35.564786646516126],[-58.2503445575125,-35.564578386492045],[-58.24488295394978,-35.56040491008961],[-58.237031651574725,-35.5536027209937],[-58.22983251340665,-35.54767012886087],[-58.22527496763119,-35.54395981584685],[-58.22315142225358,-35.542207408582875],[-58.21952723635836,-35.53921498337488],[-58.20920565486931,-35.53076657425586],[-58.2084662126614,-35.53027788445412],[-58.19907440371125,-35.5225244367608],[-58.20381754229433,-35.51866585213373],[-58.19162444480634,-35.50828636579181],[-58.182129230390466,-35.49958791922939],[-58.173779703087156,-35.49209535397632],[-58.164409650514926,-35.48351486206862],[-58.16439530355632,-35.48395188619723],[-58.16424596318601,-35.48466125906542],[-58.163527904704516,-35.48701542112794],[-58.16319449962241,-35.48759609802715],[-58.1620218408903,-35.48880975951769],[-58.16060772368426,-35.490313684857526],[-58.15982090735296,-35.49106640673801],[-58.158884820814166,-35.49156587266932],[-58.15719318115342,-35.4927929195888],[-58.15651781963729,-35.49337691277826],[-58.15620820163774,-35.49403191713921],[-58.15599063930847,-35.49492091635181],[-58.155843996038875,-35.495816496340524],[-58.15542296926317,-35.49665885734668],[-58.1549307917577,-35.49729691765352],[-58.15475665863193,-35.49787603995904],[-58.15474060041229,-35.498341962103765],[-58.15490918588925,-35.49897372795237],[-58.15495829250314,-35.499596997375406],[-58.15309027778995,-35.50125419848861],[-58.149611890195196,-35.504074124144935],[-58.14768273472045,-35.506253418612715],[-58.146633169190004,-35.50796777838262],[-58.146531920209,-35.50886286950195],[-58.14651322759225,-35.510999215229525],[-58.14633968547134,-35.51161563964122],[-58.14602829334726,-35.51215875351924],[-58.145576617254825,-35.512461174396584],[-58.14489649646724,-35.51272844913772],[-58.14412900888216,-35.513257331583276],[-58.144473879398255,-35.514286797502855],[-58.14696630790676,-35.51707958328873],[-58.14745332240623,-35.51838175083636],[-58.147492335824545,-35.51919248552555],[-58.14791919418828,-35.52207236392605],[-58.14812272099127,-35.522813983310634],[-58.1483233052556,-35.52335279812468],[-58.14871905774883,-35.52404753458589],[-58.14953691071184,-35.525346572023786],[-58.14973295683735,-35.52557000210545],[-58.15146114105209,-35.52692786995977],[-58.15174062189881,-35.527195560890654],[-58.152805912609765,-35.52844718406216],[-58.15314882539998,-35.52930005992651],[-58.153238316864005,-35.529772372281414],[-58.15337144905994,-35.53137080046662],[-58.15348591612127,-35.53166263408328],[-58.15382402455203,-35.53217759287708],[-58.15393750780758,-35.53240182468889],[-58.15405384323698,-35.53282876889676],[-58.15427686427074,-35.53300691644134],[-58.154554145475075,-35.53311686597152],[-58.155189944513744,-35.53324599868207],[-58.15563091000297,-35.53324175116871],[-58.15587828160687,-35.53319434972811],[-58.15612861989655,-35.53334966203994],[-58.15658185607399,-35.53420151208262],[-58.15670501833177,-35.53461026487648],[-58.157252357934965,-35.53491538095123],[-58.15783412981055,-35.53539269000102],[-58.15809483366235,-35.536054603652424],[-58.15893077095073,-35.53655480462085],[-58.15842263138246,-35.536757372497284],[-58.15783611868851,-35.53665550337387],[-58.15708109557925,-35.5358571694483],[-58.15493208500416,-35.53448771367522],[-58.154681490147986,-35.53430986618836],[-58.15443177511133,-35.53419952785085],[-58.15241670963859,-35.53357426605576],[-58.15185446548106,-35.53323285386235],[-58.15135552183548,-35.533034881581685],[-58.150858185849124,-35.532949485597314],[-58.150527127315584,-35.532930079349164],[-58.148846960410026,-35.53301369361308],[-58.147712750207425,-35.532731606045004],[-58.14710355388578,-35.53253462589625],[-58.145730320688095,-35.5319329031937],[-58.14499846911711,-35.531811074377245],[-58.14433697934667,-35.531817386173486],[-58.14373134993547,-35.531868170006476],[-58.1431813574606,-35.53196351337853],[-58.1421109997814,-35.53228910049978],[-58.141316302443684,-35.53261207921584],[-58.14096049969103,-35.53279565452101],[-58.1403000877396,-35.53286954678175],[-58.13955563958717,-35.53285400635204],[-58.139087974069554,-35.53292608996634],[-58.138813390579145,-35.53299619622896],[-58.13796476406854,-35.53340978650016],[-58.13760772492282,-35.533503307928505],[-58.1360922234707,-35.53354008472497],[-58.135706031980746,-35.533521227232555],[-58.13526567766505,-35.53357046859087],[-58.13485361129601,-35.53366448241244],[-58.13452438576515,-35.533780232672854],[-58.13425101556915,-35.533940461937384],[-58.13378793982626,-35.53432790726518],[-58.13349769456085,-35.53469766061296],[-58.1331490718805,-35.5347557937461],[-58.132631907588625,-35.53445139733941],[-58.13243273521922,-35.534002604903996],[-58.13229271094312,-35.533846249536474],[-58.1316223562172,-35.533221641095736],[-58.129597454155885,-35.53231685292813],[-58.12923798295631,-35.53223008239817],[-58.12733477876753,-35.53195866858539],[-58.126481143288025,-35.53215429241456],[-58.126297563604936,-35.53259146929688],[-58.12622633025052,-35.534753383237174],[-58.1255961893832,-35.535936704973224],[-58.125435237985116,-35.536253658620886],[-58.12516814721068,-35.536616632083366],[-58.12477449417189,-35.53723031753212],[-58.124738455688764,-35.537679608725604],[-58.12206276885622,-35.539529642168766],[-58.121765514065565,-35.53996044438779],[-58.12133580602596,-35.54077559247332],[-58.121231529724085,-35.541204624275366],[-58.12077172099409,-35.5416176609761],[-58.11877082112616,-35.54266953796323],[-58.11830571103666,-35.5429216279931],[-58.117841796999855,-35.54326393930328],[-58.11708628814459,-35.54367991377958],[-58.11664739803514,-35.54412101599204],[-58.116396666801975,-35.544323820718766],[-58.115122861562654,-35.545528923794265],[-58.114735721360226,-35.54590630595959],[-58.11446131648327,-35.545998977048896],[-58.11413117047073,-35.546047070068276],[-58.11374457329806,-35.54600560645354],[-58.11355073298844,-35.54593976353197],[-58.11258345814845,-35.5457684545857],[-58.11034016086638,-35.54502311994499],[-58.109786955200164,-35.54489297285381],[-58.10909660116313,-35.54480924355259],[-58.1085738149736,-35.54488160404803],[-58.1064860905498,-35.54541907097134],[-58.10574332368913,-35.54553851747358],[-58.10477855810088,-35.545547323643305],[-58.104005843086505,-35.54548687139528],[-58.10359109310756,-35.54540050625998],[-58.10122392241875,-35.54436694227738],[-58.100457139867935,-35.54403225378286],[-58.09832547634995,-35.54337568693235],[-58.09616204510131,-35.542404083310096],[-58.09552804755351,-35.542409838899985],[-58.09343622131354,-35.54265414433377],[-58.092280721388384,-35.542822309534515],[-58.091316577571604,-35.54287607511126],[-58.08933559378411,-35.54316441737656],[-58.088507433050104,-35.543081720497156],[-58.087927056667176,-35.542974292213565],[-58.08720707984209,-35.54273298984401],[-58.08290643590916,-35.5406763130268],[-58.08224187090074,-35.540456949236805],[-58.0788407775742,-35.53967629938608],[-58.07804023421085,-35.53959334050958],[-58.07768183959068,-35.53959654740091],[-58.07693920262892,-35.539715818571906],[-58.076554505165795,-35.53980934699139],[-58.07612628164019,-35.54002185050865],[-58.07504676307002,-35.54071074838287],[-58.07478590272101,-35.541024413505504],[-58.07459122144213,-35.541258483337494],[-58.07472483850026,-35.54151257507721],[-58.07408779097095,-35.5425820504369],[-58.072873216057864,-35.543337526638105],[-58.073203909428244,-35.54361720863721],[-58.07170464965825,-35.544887265928274],[-58.07125132450544,-35.54575014960846],[-58.07104956394341,-35.546393846040374],[-58.07069266454353,-35.54731810553675],[-58.070356968203576,-35.547872607145244],[-58.06977877500878,-35.548501623518234],[-58.0692320647085,-35.54900372081286],[-58.06860519793362,-35.549307633340085],[-58.06793296709833,-35.549530524357515],[-58.06734759017653,-35.549626122240696],[-58.06655086482953,-35.54963317023639],[-58.065485508617805,-35.54942557741831],[-58.064388768881344,-35.549344891570826],[-58.063670262210266,-35.54941454373624],[-58.063209902334485,-35.5496117949854],[-58.06280560190091,-35.550004139576735],[-58.06237183493897,-35.550685993637714],[-58.06202718419387,-35.55140334161818],[-58.061931886201414,-35.551729641463936],[-58.06183471491084,-35.55276113745941],[-58.06172653583487,-35.553782543709296],[-58.06168085345412,-35.556187832148865],[-58.061421357561684,-35.55666026741747],[-58.06067477336267,-35.55711891813954],[-58.06067483166992,-35.557226333984666],[-58.06052563715793,-35.55768360058074],[-58.06088887990623,-35.558040886593815],[-58.06145447396178,-35.55911737548598],[-58.06013674476004,-35.56165250271912],[-58.05852071507617,-35.56402321796088],[-58.05832537002252,-35.56439467080043],[-58.05795626864582,-35.56568220591983],[-58.05647532745949,-35.568398937965846],[-58.055968846001896,-35.569732730552666],[-58.055838405073175,-35.570297166175656],[-58.0558437150374,-35.5707026698516],[-58.055819411232356,-35.570950719051616],[-58.05605066826917,-35.571759788832914],[-58.05840388293826,-35.57554056689618],[-58.060619626099616,-35.5803560166018],[-58.06153358328519,-35.581730797105294],[-58.06314081463371,-35.58279672629027],[-58.06390629449494,-35.583555794256085],[-58.064787592384896,-35.58493002603014],[-58.06505965157406,-35.58584111117834],[-58.06537903508238,-35.58749972085439],[-58.06543240027397,-35.58892201778574],[-58.06533740420412,-35.59042141164517],[-58.06518271140231,-35.59082110097298],[-58.06482727031798,-35.59085711453763],[-58.06316865159246,-35.592122498761455],[-58.06192305498255,-35.592526988835196],[-58.06095920919854,-35.59264818085585],[-58.0582734236153,-35.59188321151576],[-58.057581832061416,-35.59173157757263],[-58.056918623645494,-35.59164726105131],[-58.055459239752985,-35.59184025574663],[-58.055006503845306,-35.592025968842],[-58.054126410085345,-35.59246078840993],[-58.05194152709977,-35.592839907177805],[-58.04850257297766,-35.593545791915474],[-58.04742577673818,-35.59346499567874],[-58.04684532664117,-35.593379982392236],[-58.04598979035725,-35.593342319611935],[-58.04248768234545,-35.593440280301074],[-58.03944910522343,-35.59310602508976],[-58.03886989103497,-35.59311101582163],[-58.03853918214272,-35.593136360281676],[-58.03804439331727,-35.59327581741607],[-58.03739309778997,-35.5936573778582],[-58.03646562241883,-35.59491167652258],[-58.0362507933252,-35.59536414288474],[-58.03600715554054,-35.59572674780426],[-58.03513784542908,-35.596770670265315],[-58.03448745164006,-35.59767749277272],[-58.03409838424611,-35.59959594010126],[-58.034185129740564,-35.59991067563588],[-58.03446798627948,-35.600449025375724],[-58.03469268335471,-35.60076249695667],[-58.035306844692585,-35.601320487124546],[-58.035613097965715,-35.60154319253456],[-58.03589309195445,-35.60185621197581],[-58.03606173133191,-35.60210262474197],[-58.036232145083105,-35.60248414431992],[-58.036580617725605,-35.60383303630176],[-58.03672289187698,-35.60416976134845],[-58.0373130489199,-35.60499831758883],[-58.037565026624186,-35.60528906964547],[-58.038839371402766,-35.60782413287501],[-58.03895318082926,-35.60809352869856],[-58.03910479907004,-35.609151119832184],[-58.03908757940389,-35.61208038364584],[-58.03867867282627,-35.61246688482755],[-58.03849977968073,-35.612756655625894],[-58.03786783054367,-35.61378066853109],[-58.03661245828296,-35.61485047630962],[-58.036256387794,-35.61505634444725],[-58.03532216025449,-35.6153572217308],[-58.03380876856577,-35.615685674358836],[-58.03364496638421,-35.615822313269646],[-58.03348237977777,-35.616048993605006],[-58.03282451999275,-35.61639257064239],[-58.03216588104435,-35.616668637440085],[-58.031341338758466,-35.61692351596656],[-58.030875197138414,-35.61715279986613],[-58.030382667307244,-35.617472483118995],[-58.02967278147415,-35.61806435085063],[-58.028066285583776,-35.61974540672108],[-58.02757307220013,-35.62001992073867],[-58.02680455072708,-35.620341916876015],[-58.025436790722466,-35.62127738758152],[-58.023891412533125,-35.62163483509157],[-58.02147984104809,-35.622168801823086],[-58.02076456573585,-35.6223168167715],[-58.019995223280205,-35.62244636676547],[-58.01828076402222,-35.622734999778864],[-58.01745329309492,-35.622764544261166],[-58.01657203914782,-35.622907188377994],[-58.013656947426675,-35.62369781103307],[-58.01132631273699,-35.62488900818259],[-58.00953117847012,-35.626976968431094],[-58.00882709175936,-35.62804179883001],[-58.007910371076875,-35.62976182091112],[-58.007740647431575,-35.630067373938985],[-58.00783862943702,-35.630606688948845],[-58.00761009398889,-35.63239648257069],[-58.007349769931544,-35.63347891661617],[-58.00669631459357,-35.63415483903899],[-58.006171279094,-35.63596576196375],[-58.00551526980749,-35.63826201362274],[-58.003808321077436,-35.641139359340855],[-58.003730047895054,-35.64143245448164],[-58.00363387687807,-35.641792655867576],[-58.00344616545893,-35.64320960332588],[-58.00315734360887,-35.643845232698354],[-58.002078717975735,-35.64521378674994],[-58.001564463207316,-35.646074822915786],[-58.002144937929124,-35.64646003908446],[-58.002753624460325,-35.64731303602333],[-58.0030495514005,-35.64788267021567],[-58.003582950420814,-35.64930842112877],[-58.00430247837099,-35.650766361060576],[-58.004599184129546,-35.65140322720378],[-58.0051098972514,-35.65225603047437],[-58.005468697624735,-35.652909242297945],[-58.005871157908715,-35.65374718282094],[-58.00616539582356,-35.65418224592368],[-58.006833286837,-35.65481606234825],[-58.00743796751937,-35.65533258583871],[-58.00839515101889,-35.65599758421719],[-58.00939465367463,-35.65674644735541],[-58.00987931414098,-35.657566810846475],[-58.01017682003388,-35.65825422915902],[-58.01042219196784,-35.65923625892207],[-58.01099010831751,-35.660106473719914],[-58.011552300993166,-35.66052234208541],[-58.01240267276048,-35.66088538554862],[-58.013537875043866,-35.660943141930225],[-58.01491981303082,-35.66093151617666],[-58.01566331237611,-35.66100937529884],[-58.01628462246964,-35.66120605522603],[-58.016845839637135,-35.66153780965732],[-58.017202014348676,-35.66197224500646],[-58.01756158371046,-35.662675896884075],[-58.0185702774993,-35.66508342054684],[-58.01915722263569,-35.665818834876355],[-58.0203907216657,-35.66710401563602],[-58.02268546907248,-35.669454523433764],[-58.02684932069418,-35.67282263050171],[-58.03243128543383,-35.67761375445116],[-58.033265861766814,-35.67833008156319],[-58.035798907493344,-35.68049870120217],[-58.036095699243646,-35.6805066084158],[-58.038565650950964,-35.682587544894346],[-58.06584452567223,-35.70565458317573],[-58.07131763703332,-35.7102285449003],[-58.071833993682034,-35.71053815366701],[-58.07414690101679,-35.712412389593226],[-58.0855428394332,-35.72200668507661],[-58.09220896584297,-35.727750594146976],[-58.0920233262952,-35.728013838922365],[-58.096981022679714,-35.73223371864074],[-58.11088319709956,-35.74403698429166],[-58.11356630259187,-35.746514365130245],[-58.11909924158172,-35.751620423816235],[-58.15515570897185,-35.785215895798686],[-58.15532132268292,-35.78510814057039],[-58.16452714860206,-35.77834440941298],[-58.165680883708355,-35.77752028251142],[-58.17796293846059,-35.768450091047576],[-58.17774595123818,-35.76823909378813],[-58.18970583151302,-35.75945968773018],[-58.1898728704782,-35.75971884304624],[-58.192424518921015,-35.762147824752105],[-58.200493177405534,-35.769423523597574],[-58.20094502086553,-35.769357474273626],[-58.201346853624386,-35.769312482381174],[-58.20295668531843,-35.769296363547944],[-58.203334350625205,-35.7693130914227],[-58.204141033526895,-35.7694280516208],[-58.20439389170789,-35.76950752277637],[-58.20477364022689,-35.76966773669428],[-58.20520339972691,-35.76980688869821],[-58.20563378526272,-35.76998713992662],[-58.206089907171354,-35.77020805401651],[-58.206268485512545,-35.7703703079376],[-58.20655010794953,-35.77069549058178],[-58.20680662473657,-35.771021019052675],[-58.20708825160098,-35.771346200531795],[-58.207241415789106,-35.77148815914993],[-58.20759607356832,-35.771648620971284],[-58.20774787155178,-35.77170864611806],[-58.208175762150546,-35.77172484603706],[-58.2086018795057,-35.77161801411625],[-58.208993670282986,-35.77156753048322],[-58.209300951430755,-35.77153813490302],[-58.20946220792921,-35.7714969219148],[-58.20963931823964,-35.771429181293534],[-58.20976827737433,-35.77138838807804],[-58.2098977888525,-35.77138707233893],[-58.21009236922157,-35.771398259595024],[-58.21025281451827,-35.771304407597356],[-58.210542477833165,-35.77118283152723],[-58.21097871925241,-35.77111245721451],[-58.21110210436621,-35.7712661331261],[-58.21463291510206,-35.7695513214503],[-58.21730726211515,-35.76729456507708],[-58.21993207789419,-35.765517045053464],[-58.2200006585342,-35.765793535768566],[-58.223783609804556,-35.77742421993341],[-58.22934190671825,-35.793616500950314],[-58.23088720408804,-35.79201866546771],[-58.24850712917132,-35.77282251228981],[-58.25049181306559,-35.771043462936326],[-58.25247519434206,-35.76947144090451],[-58.25280155091233,-35.76913014802256],[-58.25318359585034,-35.768810749803485],[-58.25345571605306,-35.76853751378065],[-58.25361695678886,-35.76824293185818],[-58.25374880866842,-35.767836001912784],[-58.253937020895265,-35.76749612365417],[-58.25401492004088,-35.76717987506366],[-58.25400931043153,-35.76681942966988],[-58.254086533178175,-35.76645820451893],[-58.25421983679156,-35.76614140848185],[-58.25427154401693,-35.76591552367466],[-58.25429318774674,-35.76553231470273],[-58.25414855414188,-35.76512821830628],[-58.253896355250006,-35.76490558038697],[-58.253534130933,-35.764729104125614],[-58.25300585188858,-35.764531831178346],[-58.25261329083215,-35.76417549538738],[-58.25258071172773,-35.76386043560674],[-58.25256939411544,-35.76313954305651],[-58.25263569217992,-35.762079960101964],[-58.252602440884836,-35.76171983368859],[-58.25259818221372,-35.76144952122182],[-58.25267540705537,-35.76108820661776],[-58.25278066774031,-35.760749196897784],[-58.25294469775249,-35.76063479293439],[-58.25376612310707,-35.76013055358164],[-58.25414985877199,-35.75992381778575],[-58.25461641983607,-35.7597162103171],[-58.25505477044578,-35.75946376562293],[-58.25517999001142,-35.75938979703172],[-58.25552037038928,-35.75918855538296],[-58.25593095843826,-35.75893642555185],[-58.25636929874525,-35.75868406588152],[-58.25680724550466,-35.758409080327986],[-58.25721754319251,-35.7581344133311],[-58.257627443100546,-35.757837300810344],[-58.25803773506563,-35.757562630827735],[-58.25850331385874,-35.757287408352624],[-58.258941639126824,-35.75703494866988],[-58.25932495338222,-35.756805661330276],[-58.25976395020065,-35.756598265150124],[-58.26006511297482,-35.75641491601199],[-58.26028294820379,-35.75620981470588],[-58.26058089515613,-35.75582366173622],[-58.26090715978089,-35.755482343575714],[-58.26115206640804,-35.755231944401935],[-58.26153468799152,-35.7549575828355],[-58.261808481253915,-35.754796992729084],[-58.262222640919205,-35.75477008668039],[-58.2626914098758,-35.754697559512046],[-58.26318098465025,-35.75419674964112],[-58.26350802092365,-35.75390049215657],[-58.26403148038486,-35.75349839199414],[-58.264244516050994,-35.75328438272955],[-58.26454322275591,-35.7529432872552],[-58.26484113475358,-35.75255721269641],[-58.26543831388672,-35.75187501439018],[-58.26581954431118,-35.75151050465444],[-58.26628506140937,-35.751235250043734],[-58.26647629894091,-35.751098059858265],[-58.26683016248309,-35.750756401674494],[-58.267101492225606,-35.75043806417332],[-58.26737185139748,-35.7500522166856],[-58.2676704219013,-35.74971111096446],[-58.267967910413475,-35.74930249350592],[-58.26835048219803,-35.74902801845771],[-58.2687061989174,-35.74879902357528],[-58.26889390396074,-35.748436583640405],[-58.26900083986364,-35.748210134401],[-58.269163740622844,-35.748028195774346],[-58.26940928250223,-35.74782275486243],[-58.2697376362465,-35.747616522333615],[-58.27009186680389,-35.74729738775489],[-58.270556947984375,-35.74699958110928],[-58.27093910106701,-35.74670265303638],[-58.27126607956432,-35.74640628235341],[-58.27175486346028,-35.74586045721958],[-58.2716941761499,-35.74552309920293],[-58.27179973064049,-35.74520660339595],[-58.27221127708139,-35.745022015071406],[-58.27248580960819,-35.74490646731257],[-58.272922542138744,-35.744563907771116],[-58.273251670448644,-35.7444026433013],[-58.27358433152191,-35.74446671391769],[-58.27399666566427,-35.7443271877211],[-58.27443544621662,-35.74411973300297],[-58.2747879591122,-35.74393491949688],[-58.27487404562101,-35.74388983562495],[-58.27539397162218,-35.74356891598806],[-58.27563976958341,-35.74338608413311],[-58.27607825303282,-35.743156090456935],[-58.276324844959525,-35.74301832562118],[-58.27651575772106,-35.74285858558966],[-58.27667823188345,-35.742654101590986],[-58.27675829581241,-35.742472947718355],[-58.276834701572106,-35.74206663610417],[-58.27699431603285,-35.7416818822373],[-58.27737613159617,-35.741362399400614],[-58.277702264747155,-35.7410210312431],[-58.2781389537796,-35.74067845133274],[-58.27844476372426,-35.74078781190107],[-58.279286138393594,-35.73983265527896],[-58.27953122779512,-35.739604747813026],[-58.27988607388072,-35.73933055880415],[-58.28032274434478,-35.73898797035532],[-58.28054196766906,-35.7388729645866],[-58.280982589864266,-35.73877815437371],[-58.28128501558459,-35.738684882359564],[-58.281504236747914,-35.73856987476961],[-58.28194238769938,-35.738317325614545],[-58.282080877890195,-35.73815286250272],[-58.28264848568502,-35.737543774824545],[-58.283005090660666,-35.73738233442931],[-58.28330762131193,-35.737288968586554],[-58.28358280228388,-35.737218461207945],[-58.28393911585726,-35.73703439512176],[-58.28434881062831,-35.736737094660036],[-58.28478694080335,-35.736484624626954],[-58.285060223804614,-35.73630144373449],[-58.28571318440507,-35.735663639807306],[-58.285929511398,-35.73536844390718],[-58.286196736625264,-35.73480236785569],[-58.286218615982435,-35.73444159100619],[-58.28621274473402,-35.73408122979009],[-58.28612378370786,-35.73369913861939],[-58.28638841340409,-35.73297532460556],[-58.28660310260031,-35.7326013438577],[-58.28698119145244,-35.7320340511556],[-58.28689382824557,-35.73184041257712],[-58.286609209676236,-35.73123817889132],[-58.28647660304796,-35.72986528796564],[-58.286497272883075,-35.729436997756984],[-58.28640244394687,-35.728694455004344],[-58.28644976452006,-35.72819832765892],[-58.28650135218593,-35.72797242442344],[-58.28668972769306,-35.72765502063101],[-58.28687977951612,-35.72745019345626],[-58.287015071227636,-35.72726855668514],[-58.287031760192036,-35.72659248454563],[-58.28699219677652,-35.72584937712264],[-58.28673196055398,-35.72513124283523],[-58.28656726666073,-35.72470968418617],[-58.28638058814408,-35.723895813685196],[-58.286349673039155,-35.723693336397695],[-58.28620574329191,-35.72333443230224],[-58.285835390703035,-35.72263995937439],[-58.28569336230621,-35.72239363489605],[-58.28548910683609,-35.721719911012315],[-58.28533971838866,-35.721023088389614],[-58.285161716973676,-35.720258992650116],[-58.28510288237488,-35.720034309288664],[-58.284936794536925,-35.71969923850969],[-58.284754722875036,-35.71900158868293],[-58.28418315150416,-35.717813657624106],[-58.28412392042485,-35.717566439445484],[-58.28411299641139,-35.716890694117104],[-58.28413665982083,-35.71664258549457],[-58.28432530829739,-35.716347627075166],[-58.28523184812239,-35.7160225308828],[-58.285167548357585,-35.71546001970632],[-58.285003106845046,-35.71457419135498],[-58.28496004561658,-35.714330357966475],[-58.28483402930811,-35.713616114737604],[-58.284637450746494,-35.71341542035849],[-58.2843801491628,-35.71287746160427],[-58.28448272962572,-35.71238067999048],[-58.28459175414067,-35.71228941626683],[-58.2849758729667,-35.712127549079206],[-58.285327693614775,-35.71167324859537],[-58.285758717022574,-35.71099271591949],[-58.286245793215656,-35.71035668557884],[-58.28640748110475,-35.71010711761037],[-58.28667213179418,-35.70938329960109],[-58.28677826657405,-35.70911185313165],[-58.28671107837904,-35.70836907137542],[-58.28746451332109,-35.70763499812502],[-58.28790857082375,-35.707252291630105],[-58.28820481834434,-35.70634661684315],[-58.28816902646176,-35.70591238481998],[-58.28858890929181,-35.70423609288742],[-58.29136943354233,-35.69327049171764],[-58.292405699579255,-35.68902843144538],[-58.293428894401615,-35.68468920870906],[-58.29379750668633,-35.68398802136672],[-58.29691747758757,-35.677884361079],[-58.29972698332225,-35.67233124437425],[-58.30208054092858,-35.66777992565317],[-58.30279310868463,-35.666243680069755],[-58.30650442600649,-35.65875830566252],[-58.308961439795866,-35.65419468007317],[-58.32245079174838,-35.64638764848223],[-58.32361814294496,-35.645713886145],[-58.32600700835137,-35.64945026625258],[-58.33136138910841,-35.64981917738962],[-58.33158020264504,-35.64985176769741],[-58.329936832369214,-35.64547384528254],[-58.326995483312594,-35.643918069865684],[-58.332469876553866,-35.63598184230237]]]}}]}