{
    "type": "FeatureCollection",
    "features": [
        {
            "type": "Feature",
            "geometry": {
                "type": "Polygon",
                "coordinates": [
                    [
                        [
                            -57.986253,
                            -35.328461,
                            0
                        ],
                        [
                            -57.987334,
                            -35.328994,
                            0
                        ],
                        [
                            -57.988114,
                            -35.329597,
                            0
                        ],
                        [
                            -57.98936,
                            -35.330039,
                            0
                        ],
                        [
                            -57.990802,
                            -35.330794,
                            0
                        ],
                        [
                            -57.991887,
                            -35.331575,
                            0
                        ],
                        [
                            -57.993081,
                            -35.332265,
                            0
                        ],
                        [
                            -57.9938,
                            -35.332485,
                            0
                        ],
                        [
                            -57.994985,
                            -35.332475,
                            0
                        ],
                        [
                            -57.99595,
                            -35.332467,
                            0
                        ],
                        [
                            -57.997271,
                            -35.332298,
                            0
                        ],
                        [
                            -57.998814,
                            -35.332241,
                            0
                        ],
                        [
                            -58.000544,
                            -35.332541,
                            0
                        ],
                        [
                            -58.000731,
                            -35.332487,
                            0
                        ],
                        [
                            -58.001373,
                            -35.332429,
                            0
                        ],
                        [
                            -58.001994,
                            -35.332448,
                            0
                        ],
                        [
                            -58.002451,
                            -35.332541,
                            0
                        ],
                        [
                            -58.002726,
                            -35.332693,
                            0
                        ],
                        [
                            -58.002877,
                            -35.332776,
                            0
                        ],
                        [
                            -58.002943,
                            -35.332855,
                            0
                        ],
                        [
                            -58.0029,
                            -35.333117,
                            0
                        ],
                        [
                            -58.002907,
                            -35.333653,
                            0
                        ],
                        [
                            -58.003097,
                            -35.334262,
                            0
                        ],
                        [
                            -58.003322,
                            -35.334828,
                            0
                        ],
                        [
                            -58.003727,
                            -35.335623,
                            0
                        ],
                        [
                            -58.004329,
                            -35.336254,
                            0
                        ],
                        [
                            -58.005159,
                            -35.336957,
                            0
                        ],
                        [
                            -58.006065,
                            -35.337586,
                            0
                        ],
                        [
                            -58.006745,
                            -35.33844,
                            0
                        ],
                        [
                            -58.007142,
                            -35.339543,
                            0
                        ],
                        [
                            -58.007628,
                            -35.340661,
                            0
                        ],
                        [
                            -58.008128,
                            -35.341704,
                            0
                        ],
                        [
                            -58.008211,
                            -35.342264,
                            0
                        ],
                        [
                            -58.008238,
                            -35.343868,
                            0
                        ],
                        [
                            -58.008602,
                            -35.344962,
                            0
                        ],
                        [
                            -58.009047,
                            -35.345282,
                            0
                        ],
                        [
                            -58.010814,
                            -35.345317,
                            0
                        ],
                        [
                            -58.011438,
                            -35.345312,
                            0
                        ],
                        [
                            -58.012093,
                            -35.345394,
                            0
                        ],
                        [
                            -58.012673,
                            -35.345514,
                            0
                        ],
                        [
                            -58.013193,
                            -35.345721,
                            0
                        ],
                        [
                            -58.013669,
                            -35.346004,
                            0
                        ],
                        [
                            -58.014163,
                            -35.346548,
                            0
                        ],
                        [
                            -58.014582,
                            -35.347193,
                            0
                        ],
                        [
                            -58.015145,
                            -35.347869,
                            0
                        ],
                        [
                            -58.015761,
                            -35.348412,
                            0
                        ],
                        [
                            -58.016697,
                            -35.349028,
                            0
                        ],
                        [
                            -58.017569,
                            -35.349394,
                            0
                        ],
                        [
                            -58.020057,
                            -35.350388,
                            0
                        ],
                        [
                            -58.021085,
                            -35.351015,
                            0
                        ],
                        [
                            -58.022879,
                            -35.35201,
                            0
                        ],
                        [
                            -58.023371,
                            -35.352379,
                            0
                        ],
                        [
                            -58.024144,
                            -35.353333,
                            0
                        ],
                        [
                            -58.025017,
                            -35.353799,
                            0
                        ],
                        [
                            -58.02564,
                            -35.353694,
                            0
                        ],
                        [
                            -58.026322,
                            -35.353451,
                            0
                        ],
                        [
                            -58.028392,
                            -35.351457,
                            0
                        ],
                        [
                            -58.029615,
                            -35.350623,
                            0
                        ],
                        [
                            -58.030156,
                            -35.350133,
                            0
                        ],
                        [
                            -58.030661,
                            -35.349143,
                            0
                        ],
                        [
                            -58.031218,
                            -35.34859,
                            0
                        ],
                        [
                            -58.032865,
                            -35.347654,
                            0
                        ],
                        [
                            -58.035066,
                            -35.347161,
                            0
                        ],
                        [
                            -58.035443,
                            -35.346896,
                            0
                        ],
                        [
                            -58.035447,
                            -35.346554,
                            0
                        ],
                        [
                            -58.034839,
                            -35.345617,
                            0
                        ],
                        [
                            -58.034858,
                            -35.345086,
                            0
                        ],
                        [
                            -58.035258,
                            -35.344573,
                            0
                        ],
                        [
                            -58.035856,
                            -35.344013,
                            0
                        ],
                        [
                            -58.037673,
                            -35.34268,
                            0
                        ],
                        [
                            -58.039319,
                            -35.341229,
                            0
                        ],
                        [
                            -58.03981,
                            -35.340617,
                            0
                        ],
                        [
                            -58.039942,
                            -35.340269,
                            0
                        ],
                        [
                            -58.040352,
                            -35.33925,
                            0
                        ],
                        [
                            -58.04059,
                            -35.338901,
                            0
                        ],
                        [
                            -58.0409,
                            -35.338664,
                            0
                        ],
                        [
                            -58.041784,
                            -35.337975,
                            0
                        ],
                        [
                            -58.04258,
                            -35.337498,
                            0
                        ],
                        [
                            -58.043194,
                            -35.337071,
                            0
                        ],
                        [
                            -58.043867,
                            -35.336446,
                            0
                        ],
                        [
                            -58.044539,
                            -35.335771,
                            0
                        ],
                        [
                            -58.044866,
                            -35.335359,
                            0
                        ],
                        [
                            -58.045162,
                            -35.334836,
                            0
                        ],
                        [
                            -58.04541,
                            -35.334141,
                            0
                        ],
                        [
                            -58.045577,
                            -35.334275,
                            0
                        ],
                        [
                            -58.048951,
                            -35.337392,
                            0
                        ],
                        [
                            -58.049745,
                            -35.338187,
                            0
                        ],
                        [
                            -58.055691,
                            -35.343643,
                            0
                        ],
                        [
                            -58.060312,
                            -35.347892,
                            0
                        ],
                        [
                            -58.068716,
                            -35.355589,
                            0
                        ],
                        [
                            -58.076636,
                            -35.362797,
                            0
                        ],
                        [
                            -58.085456,
                            -35.370919,
                            0
                        ],
                        [
                            -58.088523,
                            -35.373745,
                            0
                        ],
                        [
                            -58.095983,
                            -35.380659,
                            0
                        ],
                        [
                            -58.103444,
                            -35.387533,
                            0
                        ],
                        [
                            -58.106317,
                            -35.390203,
                            0
                        ],
                        [
                            -58.113534,
                            -35.396917,
                            0
                        ],
                        [
                            -58.122216,
                            -35.404822,
                            0
                        ],
                        [
                            -58.123435,
                            -35.405712,
                            0
                        ],
                        [
                            -58.134599,
                            -35.415772,
                            0
                        ],
                        [
                            -58.139207,
                            -35.419951,
                            0
                        ],
                        [
                            -58.145226,
                            -35.415448,
                            0
                        ],
                        [
                            -58.150692,
                            -35.411385,
                            0
                        ],
                        [
                            -58.153145,
                            -35.409482,
                            0
                        ],
                        [
                            -58.15486,
                            -35.408153,
                            0
                        ],
                        [
                            -58.165094,
                            -35.416531,
                            0
                        ],
                        [
                            -58.166454,
                            -35.417637,
                            0
                        ],
                        [
                            -58.175582,
                            -35.424973,
                            0
                        ],
                        [
                            -58.178043,
                            -35.427141,
                            0
                        ],
                        [
                            -58.178325,
                            -35.427523,
                            0
                        ],
                        [
                            -58.17979,
                            -35.428809,
                            0
                        ],
                        [
                            -58.193763,
                            -35.440836,
                            0
                        ],
                        [
                            -58.193911,
                            -35.440953,
                            0
                        ],
                        [
                            -58.177436,
                            -35.453459,
                            0
                        ],
                        [
                            -58.170731,
                            -35.458577,
                            0
                        ],
                        [
                            -58.167399,
                            -35.461089,
                            0
                        ],
                        [
                            -58.152389,
                            -35.472373,
                            0
                        ],
                        [
                            -58.161294,
                            -35.480209,
                            0
                        ],
                        [
                            -58.163154,
                            -35.482356,
                            0
                        ],
                        [
                            -58.16441,
                            -35.483515,
                            0
                        ],
                        [
                            -58.17378,
                            -35.492095,
                            0
                        ],
                        [
                            -58.182129,
                            -35.499588,
                            0
                        ],
                        [
                            -58.191624,
                            -35.508286,
                            0
                        ],
                        [
                            -58.203818,
                            -35.518666,
                            0
                        ],
                        [
                            -58.199074,
                            -35.522524,
                            0
                        ],
                        [
                            -58.208466,
                            -35.530278,
                            0
                        ],
                        [
                            -58.209206,
                            -35.530767,
                            0
                        ],
                        [
                            -58.219527,
                            -35.539215,
                            0
                        ],
                        [
                            -58.223151,
                            -35.542207,
                            0
                        ],
                        [
                            -58.225275,
                            -35.54396,
                            0
                        ],
                        [
                            -58.229833,
                            -35.54767,
                            0
                        ],
                        [
                            -58.237032,
                            -35.553603,
                            0
                        ],
                        [
                            -58.244883,
                            -35.560405,
                            0
                        ],
                        [
                            -58.250345,
                            -35.564578,
                            0
                        ],
                        [
                            -58.250624,
                            -35.564787,
                            0
                        ],
                        [
                            -58.254504,
                            -35.568105,
                            0
                        ],
                        [
                            -58.259626,
                            -35.572493,
                            0
                        ],
                        [
                            -58.264475,
                            -35.576658,
                            0
                        ],
                        [
                            -58.268975,
                            -35.580438,
                            0
                        ],
                        [
                            -58.270592,
                            -35.581852,
                            0
                        ],
                        [
                            -58.291528,
                            -35.599594,
                            0
                        ],
                        [
                            -58.291764,
                            -35.599649,
                            0
                        ],
                        [
                            -58.292056,
                            -35.599939,
                            0
                        ],
                        [
                            -58.295067,
                            -35.602532,
                            0
                        ],
                        [
                            -58.296515,
                            -35.603774,
                            0
                        ],
                        [
                            -58.299259,
                            -35.606201,
                            0
                        ],
                        [
                            -58.300777,
                            -35.607553,
                            0
                        ],
                        [
                            -58.301651,
                            -35.60832,
                            0
                        ],
                        [
                            -58.302501,
                            -35.609051,
                            0
                        ],
                        [
                            -58.304501,
                            -35.610767,
                            0
                        ],
                        [
                            -58.311349,
                            -35.616846,
                            0
                        ],
                        [
                            -58.313825,
                            -35.618985,
                            0
                        ],
                        [
                            -58.324194,
                            -35.628073,
                            0
                        ],
                        [
                            -58.327759,
                            -35.631177,
                            0
                        ],
                        [
                            -58.328451,
                            -35.631825,
                            0
                        ],
                        [
                            -58.332206,
                            -35.635064,
                            0
                        ],
                        [
                            -58.33247,
                            -35.635982,
                            0
                        ],
                        [
                            -58.332589,
                            -35.636188,
                            0
                        ],
                        [
                            -58.334634,
                            -35.640075,
                            0
                        ],
                        [
                            -58.341543,
                            -35.652005,
                            0
                        ],
                        [
                            -58.341785,
                            -35.6521,
                            0
                        ],
                        [
                            -58.352672,
                            -35.661228,
                            0
                        ],
                        [
                            -58.35341,
                            -35.66185,
                            0
                        ],
                        [
                            -58.35862,
                            -35.666238,
                            0
                        ],
                        [
                            -58.361799,
                            -35.669264,
                            0
                        ],
                        [
                            -58.365282,
                            -35.672166,
                            0
                        ],
                        [
                            -58.36567,
                            -35.672496,
                            0
                        ],
                        [
                            -58.369557,
                            -35.675778,
                            0
                        ],
                        [
                            -58.372784,
                            -35.678422,
                            0
                        ],
                        [
                            -58.37308,
                            -35.678653,
                            0
                        ],
                        [
                            -58.376104,
                            -35.681244,
                            0
                        ],
                        [
                            -58.37756,
                            -35.682532,
                            0
                        ],
                        [
                            -58.381477,
                            -35.68587,
                            0
                        ],
                        [
                            -58.382981,
                            -35.68716,
                            0
                        ],
                        [
                            -58.387911,
                            -35.691372,
                            0
                        ],
                        [
                            -58.388666,
                            -35.692059,
                            0
                        ],
                        [
                            -58.389021,
                            -35.692487,
                            0
                        ],
                        [
                            -58.391107,
                            -35.694243,
                            0
                        ],
                        [
                            -58.39165,
                            -35.694701,
                            0
                        ],
                        [
                            -58.394315,
                            -35.69703,
                            0
                        ],
                        [
                            -58.396885,
                            -35.699223,
                            0
                        ],
                        [
                            -58.401764,
                            -35.703518,
                            0
                        ],
                        [
                            -58.407504,
                            -35.708507,
                            0
                        ],
                        [
                            -58.412707,
                            -35.712999,
                            0
                        ],
                        [
                            -58.415028,
                            -35.714982,
                            0
                        ],
                        [
                            -58.41828,
                            -35.717803,
                            0
                        ],
                        [
                            -58.420569,
                            -35.719754,
                            0
                        ],
                        [
                            -58.42164,
                            -35.720692,
                            0
                        ],
                        [
                            -58.422644,
                            -35.721515,
                            0
                        ],
                        [
                            -58.426459,
                            -35.72482,
                            0
                        ],
                        [
                            -58.430157,
                            -35.728058,
                            0
                        ],
                        [
                            -58.431858,
                            -35.729448,
                            0
                        ],
                        [
                            -58.432199,
                            -35.729761,
                            0
                        ],
                        [
                            -58.435398,
                            -35.732456,
                            0
                        ],
                        [
                            -58.436248,
                            -35.733051,
                            0
                        ],
                        [
                            -58.436569,
                            -35.734062,
                            0
                        ],
                        [
                            -58.437394,
                            -35.73512,
                            0
                        ],
                        [
                            -58.438156,
                            -35.735511,
                            0
                        ],
                        [
                            -58.441307,
                            -35.736457,
                            0
                        ],
                        [
                            -58.443091,
                            -35.736989,
                            0
                        ],
                        [
                            -58.445527,
                            -35.738068,
                            0
                        ],
                        [
                            -58.446938,
                            -35.738789,
                            0
                        ],
                        [
                            -58.449144,
                            -35.739685,
                            0
                        ],
                        [
                            -58.450439,
                            -35.740315,
                            0
                        ],
                        [
                            -58.451087,
                            -35.740677,
                            0
                        ],
                        [
                            -58.451663,
                            -35.741193,
                            0
                        ],
                        [
                            -58.452017,
                            -35.741988,
                            0
                        ],
                        [
                            -58.452531,
                            -35.743212,
                            0
                        ],
                        [
                            -58.452894,
                            -35.7445,
                            0
                        ],
                        [
                            -58.4528,
                            -35.745547,
                            0
                        ],
                        [
                            -58.452181,
                            -35.746846,
                            0
                        ],
                        [
                            -58.451893,
                            -35.747588,
                            0
                        ],
                        [
                            -58.451265,
                            -35.748365,
                            0
                        ],
                        [
                            -58.450761,
                            -35.749383,
                            0
                        ],
                        [
                            -58.44981,
                            -35.751086,
                            0
                        ],
                        [
                            -58.44938,
                            -35.752322,
                            0
                        ],
                        [
                            -58.4488,
                            -35.753652,
                            0
                        ],
                        [
                            -58.44856,
                            -35.755039,
                            0
                        ],
                        [
                            -58.44873,
                            -35.756083,
                            0
                        ],
                        [
                            -58.449234,
                            -35.756753,
                            0
                        ],
                        [
                            -58.450224,
                            -35.757234,
                            0
                        ],
                        [
                            -58.451665,
                            -35.757554,
                            0
                        ],
                        [
                            -58.45262,
                            -35.758127,
                            0
                        ],
                        [
                            -58.453315,
                            -35.75898,
                            0
                        ],
                        [
                            -58.453934,
                            -35.759773,
                            0
                        ],
                        [
                            -58.454139,
                            -35.760662,
                            0
                        ],
                        [
                            -58.45405,
                            -35.762017,
                            0
                        ],
                        [
                            -58.453801,
                            -35.76285,
                            0
                        ],
                        [
                            -58.453664,
                            -35.763621,
                            0
                        ],
                        [
                            -58.453539,
                            -35.764968,
                            0
                        ],
                        [
                            -58.453383,
                            -35.766754,
                            0
                        ],
                        [
                            -58.453263,
                            -35.768478,
                            0
                        ],
                        [
                            -58.452903,
                            -35.769467,
                            0
                        ],
                        [
                            -58.452533,
                            -35.769871,
                            0
                        ],
                        [
                            -58.451445,
                            -35.770315,
                            0
                        ],
                        [
                            -58.450013,
                            -35.770486,
                            0
                        ],
                        [
                            -58.448994,
                            -35.770498,
                            0
                        ],
                        [
                            -58.447812,
                            -35.769928,
                            0
                        ],
                        [
                            -58.447047,
                            -35.769384,
                            0
                        ],
                        [
                            -58.445971,
                            -35.768351,
                            0
                        ],
                        [
                            -58.445131,
                            -35.767869,
                            0
                        ],
                        [
                            -58.443922,
                            -35.767852,
                            0
                        ],
                        [
                            -58.44328,
                            -35.768212,
                            0
                        ],
                        [
                            -58.441351,
                            -35.769821,
                            0
                        ],
                        [
                            -58.439896,
                            -35.770854,
                            0
                        ],
                        [
                            -58.4381,
                            -35.771767,
                            0
                        ],
                        [
                            -58.437164,
                            -35.77224,
                            0
                        ],
                        [
                            -58.435517,
                            -35.772712,
                            0
                        ],
                        [
                            -58.433446,
                            -35.773075,
                            0
                        ],
                        [
                            -58.432397,
                            -35.773549,
                            0
                        ],
                        [
                            -58.431282,
                            -35.774547,
                            0
                        ],
                        [
                            -58.430064,
                            -35.776191,
                            0
                        ],
                        [
                            -58.429446,
                            -35.777521,
                            0
                        ],
                        [
                            -58.429237,
                            -35.778508,
                            0
                        ],
                        [
                            -58.428876,
                            -35.779466,
                            0
                        ],
                        [
                            -58.428217,
                            -35.780612,
                            0
                        ],
                        [
                            -58.426541,
                            -35.781985,
                            0
                        ],
                        [
                            -58.424749,
                            -35.783145,
                            0
                        ],
                        [
                            -58.423782,
                            -35.784017,
                            0
                        ],
                        [
                            -58.422925,
                            -35.784674,
                            0
                        ],
                        [
                            -58.421239,
                            -35.785462,
                            0
                        ],
                        [
                            -58.420756,
                            -35.78593,
                            0
                        ],
                        [
                            -58.419685,
                            -35.787326,
                            0
                        ],
                        [
                            -58.419018,
                            -35.788073,
                            0
                        ],
                        [
                            -58.417861,
                            -35.788855,
                            0
                        ],
                        [
                            -58.417299,
                            -35.78987,
                            0
                        ],
                        [
                            -58.416763,
                            -35.791629,
                            0
                        ],
                        [
                            -58.415928,
                            -35.793516,
                            0
                        ],
                        [
                            -58.415527,
                            -35.794351,
                            0
                        ],
                        [
                            -58.415687,
                            -35.794872,
                            0
                        ],
                        [
                            -58.416374,
                            -35.795264,
                            0
                        ],
                        [
                            -58.417175,
                            -35.795654,
                            0
                        ],
                        [
                            -58.418096,
                            -35.796443,
                            0
                        ],
                        [
                            -58.418562,
                            -35.797176,
                            0
                        ],
                        [
                            -58.418923,
                            -35.79831,
                            0
                        ],
                        [
                            -58.418944,
                            -35.79954,
                            0
                        ],
                        [
                            -58.418669,
                            -35.80105,
                            0
                        ],
                        [
                            -58.418416,
                            -35.801699,
                            0
                        ],
                        [
                            -58.417882,
                            -35.803304,
                            0
                        ],
                        [
                            -58.417448,
                            -35.804386,
                            0
                        ],
                        [
                            -58.41686,
                            -35.805316,
                            0
                        ],
                        [
                            -58.416643,
                            -35.805841,
                            0
                        ],
                        [
                            -58.416701,
                            -35.807009,
                            0
                        ],
                        [
                            -58.416764,
                            -35.808424,
                            0
                        ],
                        [
                            -58.416496,
                            -35.810334,
                            0
                        ],
                        [
                            -58.41577,
                            -35.812003,
                            0
                        ],
                        [
                            -58.414888,
                            -35.813429,
                            0
                        ],
                        [
                            -58.41355,
                            -35.814737,
                            0
                        ],
                        [
                            -58.411944,
                            -35.815801,
                            0
                        ],
                        [
                            -58.410298,
                            -35.816743,
                            0
                        ],
                        [
                            -58.409288,
                            -35.81734,
                            0
                        ],
                        [
                            -58.408769,
                            -35.81793,
                            0
                        ],
                        [
                            -58.408476,
                            -35.818457,
                            0
                        ],
                        [
                            -58.408061,
                            -35.819128,
                            0
                        ],
                        [
                            -58.407499,
                            -35.81938,
                            0
                        ],
                        [
                            -58.406896,
                            -35.81948,
                            0
                        ],
                        [
                            -58.40614,
                            -35.819489,
                            0
                        ],
                        [
                            -58.405266,
                            -35.819253,
                            0
                        ],
                        [
                            -58.404656,
                            -35.818952,
                            0
                        ],
                        [
                            -58.404205,
                            -35.818832,
                            0
                        ],
                        [
                            -58.403698,
                            -35.818779,
                            0
                        ],
                        [
                            -58.402551,
                            -35.818635,
                            0
                        ],
                        [
                            -58.401488,
                            -35.81851,
                            0
                        ],
                        [
                            -58.400316,
                            -35.818348,
                            0
                        ],
                        [
                            -58.399675,
                            -35.818218,
                            0
                        ],
                        [
                            -58.398973,
                            -35.81803,
                            0
                        ],
                        [
                            -58.39861,
                            -35.817926,
                            0
                        ],
                        [
                            -58.397802,
                            -35.817906,
                            0
                        ],
                        [
                            -58.396874,
                            -35.817838,
                            0
                        ],
                        [
                            -58.395788,
                            -35.817733,
                            0
                        ],
                        [
                            -58.395004,
                            -35.817683,
                            0
                        ],
                        [
                            -58.393844,
                            -35.81754,
                            0
                        ],
                        [
                            -58.392407,
                            -35.817331,
                            0
                        ],
                        [
                            -58.391272,
                            -35.817246,
                            0
                        ],
                        [
                            -58.390667,
                            -35.817086,
                            0
                        ],
                        [
                            -58.390006,
                            -35.817172,
                            0
                        ],
                        [
                            -58.389431,
                            -35.817405,
                            0
                        ],
                        [
                            -58.388592,
                            -35.81763,
                            0
                        ],
                        [
                            -58.38761,
                            -35.818014,
                            0
                        ],
                        [
                            -58.387051,
                            -35.818248,
                            0
                        ],
                        [
                            -58.386261,
                            -35.818522,
                            0
                        ],
                        [
                            -58.385228,
                            -35.81874,
                            0
                        ],
                        [
                            -58.384375,
                            -35.818887,
                            0
                        ],
                        [
                            -58.383631,
                            -35.819053,
                            0
                        ],
                        [
                            -58.382961,
                            -35.819335,
                            0
                        ],
                        [
                            -58.382448,
                            -35.819645,
                            0
                        ],
                        [
                            -58.381472,
                            -35.820353,
                            0
                        ],
                        [
                            -58.380853,
                            -35.82084,
                            0
                        ],
                        [
                            -58.3803,
                            -35.821582,
                            0
                        ],
                        [
                            -58.379935,
                            -35.822106,
                            0
                        ],
                        [
                            -58.379784,
                            -35.822432,
                            0
                        ],
                        [
                            -58.379608,
                            -35.823031,
                            0
                        ],
                        [
                            -58.379421,
                            -35.824112,
                            0
                        ],
                        [
                            -58.37929,
                            -35.824859,
                            0
                        ],
                        [
                            -58.379143,
                            -35.82543,
                            0
                        ],
                        [
                            -58.379003,
                            -35.825726,
                            0
                        ],
                        [
                            -58.378698,
                            -35.826151,
                            0
                        ],
                        [
                            -58.378081,
                            -35.826746,
                            0
                        ],
                        [
                            -58.377561,
                            -35.827311,
                            0
                        ],
                        [
                            -58.3773,
                            -35.827599,
                            0
                        ],
                        [
                            -58.377058,
                            -35.827846,
                            0
                        ],
                        [
                            -58.376647,
                            -35.828468,
                            0
                        ],
                        [
                            -58.376234,
                            -35.828993,
                            0
                        ],
                        [
                            -58.375532,
                            -35.829531,
                            0
                        ],
                        [
                            -58.374816,
                            -35.829941,
                            0
                        ],
                        [
                            -58.374087,
                            -35.830253,
                            0
                        ],
                        [
                            -58.37372,
                            -35.830689,
                            0
                        ],
                        [
                            -58.37289,
                            -35.831483,
                            0
                        ],
                        [
                            -58.372096,
                            -35.832247,
                            0
                        ],
                        [
                            -58.371597,
                            -35.832665,
                            0
                        ],
                        [
                            -58.37126,
                            -35.832969,
                            0
                        ],
                        [
                            -58.371194,
                            -35.833323,
                            0
                        ],
                        [
                            -58.370982,
                            -35.833629,
                            0
                        ],
                        [
                            -58.370663,
                            -35.833986,
                            0
                        ],
                        [
                            -58.370306,
                            -35.834255,
                            0
                        ],
                        [
                            -58.369862,
                            -35.834388,
                            0
                        ],
                        [
                            -58.369272,
                            -35.834424,
                            0
                        ],
                        [
                            -58.368849,
                            -35.83437,
                            0
                        ],
                        [
                            -58.368404,
                            -35.834375,
                            0
                        ],
                        [
                            -58.367764,
                            -35.834343,
                            0
                        ],
                        [
                            -58.366932,
                            -35.834333,
                            0
                        ],
                        [
                            -58.366343,
                            -35.834398,
                            0
                        ],
                        [
                            -58.365791,
                            -35.834532,
                            0
                        ],
                        [
                            -58.365059,
                            -35.834756,
                            0
                        ],
                        [
                            -58.364471,
                            -35.83492,
                            0
                        ],
                        [
                            -58.363932,
                            -35.835093,
                            0
                        ],
                        [
                            -58.363549,
                            -35.835254,
                            0
                        ],
                        [
                            -58.36323,
                            -35.83542,
                            0
                        ],
                        [
                            -58.362777,
                            -35.83569,
                            0
                        ],
                        [
                            -58.362478,
                            -35.83586,
                            0
                        ],
                        [
                            -58.361829,
                            -35.835966,
                            0
                        ],
                        [
                            -58.361,
                            -35.836103,
                            0
                        ],
                        [
                            -58.360629,
                            -35.836234,
                            0
                        ],
                        [
                            -58.360004,
                            -35.836339,
                            0
                        ],
                        [
                            -58.359607,
                            -35.836432,
                            0
                        ],
                        [
                            -58.359213,
                            -35.836652,
                            0
                        ],
                        [
                            -58.358773,
                            -35.836961,
                            0
                        ],
                        [
                            -58.358176,
                            -35.837311,
                            0
                        ],
                        [
                            -58.357364,
                            -35.837782,
                            0
                        ],
                        [
                            -58.35685,
                            -35.838052,
                            0
                        ],
                        [
                            -58.356049,
                            -35.838424,
                            0
                        ],
                        [
                            -58.355762,
                            -35.838555,
                            0
                        ],
                        [
                            -58.355118,
                            -35.838854,
                            0
                        ],
                        [
                            -58.35458,
                            -35.839164,
                            0
                        ],
                        [
                            -58.354197,
                            -35.839316,
                            0
                        ],
                        [
                            -58.353863,
                            -35.839486,
                            0
                        ],
                        [
                            -58.353493,
                            -35.839746,
                            0
                        ],
                        [
                            -58.352685,
                            -35.840412,
                            0
                        ],
                        [
                            -58.352043,
                            -35.840968,
                            0
                        ],
                        [
                            -58.35134,
                            -35.841447,
                            0
                        ],
                        [
                            -58.350911,
                            -35.841697,
                            0
                        ],
                        [
                            -58.350419,
                            -35.84184,
                            0
                        ],
                        [
                            -58.349998,
                            -35.841913,
                            0
                        ],
                        [
                            -58.349352,
                            -35.842195,
                            0
                        ],
                        [
                            -58.34852,
                            -35.842195,
                            0
                        ],
                        [
                            -58.348003,
                            -35.842279,
                            0
                        ],
                        [
                            -58.347283,
                            -35.842444,
                            0
                        ],
                        [
                            -58.346408,
                            -35.842748,
                            0
                        ],
                        [
                            -58.345665,
                            -35.843041,
                            0
                        ],
                        [
                            -58.345354,
                            -35.843152,
                            0
                        ],
                        [
                            -58.344973,
                            -35.843301,
                            0
                        ],
                        [
                            -58.344446,
                            -35.843523,
                            0
                        ],
                        [
                            -58.343606,
                            -35.843748,
                            0
                        ],
                        [
                            -58.343127,
                            -35.84391,
                            0
                        ],
                        [
                            -58.34259,
                            -35.844279,
                            0
                        ],
                        [
                            -58.342426,
                            -35.844536,
                            0
                        ],
                        [
                            -58.34229,
                            -35.845067,
                            0
                        ],
                        [
                            -58.34212,
                            -35.845677,
                            0
                        ],
                        [
                            -58.342114,
                            -35.84606,
                            0
                        ],
                        [
                            -58.342216,
                            -35.847108,
                            0
                        ],
                        [
                            -58.342216,
                            -35.847843,
                            0
                        ],
                        [
                            -58.34221,
                            -35.848157,
                            0
                        ],
                        [
                            -58.342041,
                            -35.848904,
                            0
                        ],
                        [
                            -58.341974,
                            -35.849209,
                            0
                        ],
                        [
                            -58.342068,
                            -35.849757,
                            0
                        ],
                        [
                            -58.342148,
                            -35.850227,
                            0
                        ],
                        [
                            -58.342401,
                            -35.85095,
                            0
                        ],
                        [
                            -58.342486,
                            -35.851645,
                            0
                        ],
                        [
                            -58.342426,
                            -35.852411,
                            0
                        ],
                        [
                            -58.342398,
                            -35.852882,
                            0
                        ],
                        [
                            -58.34238,
                            -35.853262,
                            0
                        ],
                        [
                            -58.342422,
                            -35.853575,
                            0
                        ],
                        [
                            -58.342653,
                            -35.854386,
                            0
                        ],
                        [
                            -58.342845,
                            -35.855041,
                            0
                        ],
                        [
                            -58.342884,
                            -35.85535,
                            0
                        ],
                        [
                            -58.342949,
                            -35.856207,
                            0
                        ],
                        [
                            -58.343016,
                            -35.856658,
                            0
                        ],
                        [
                            -58.343036,
                            -35.857128,
                            0
                        ],
                        [
                            -58.342733,
                            -35.857768,
                            0
                        ],
                        [
                            -58.34206,
                            -35.85861,
                            0
                        ],
                        [
                            -58.3411,
                            -35.859601,
                            0
                        ],
                        [
                            -58.340767,
                            -35.859879,
                            0
                        ],
                        [
                            -58.339946,
                            -35.860507,
                            0
                        ],
                        [
                            -58.339642,
                            -35.861079,
                            0
                        ],
                        [
                            -58.339445,
                            -35.861532,
                            0
                        ],
                        [
                            -58.339135,
                            -35.861722,
                            0
                        ],
                        [
                            -58.338872,
                            -35.861872,
                            0
                        ],
                        [
                            -58.338422,
                            -35.862111,
                            0
                        ],
                        [
                            -58.337934,
                            -35.862509,
                            0
                        ],
                        [
                            -58.337398,
                            -35.862868,
                            0
                        ],
                        [
                            -58.336848,
                            -35.863149,
                            0
                        ],
                        [
                            -58.336381,
                            -35.86335,
                            0
                        ],
                        [
                            -58.335877,
                            -35.863532,
                            0
                        ],
                        [
                            -58.335314,
                            -35.863725,
                            0
                        ],
                        [
                            -58.334918,
                            -35.863847,
                            0
                        ],
                        [
                            -58.334485,
                            -35.86393,
                            0
                        ],
                        [
                            -58.333628,
                            -35.863871,
                            0
                        ],
                        [
                            -58.332517,
                            -35.863756,
                            0
                        ],
                        [
                            -58.331997,
                            -35.863683,
                            0
                        ],
                        [
                            -58.331635,
                            -35.863638,
                            0
                        ],
                        [
                            -58.33126,
                            -35.863574,
                            0
                        ],
                        [
                            -58.330909,
                            -35.863479,
                            0
                        ],
                        [
                            -58.330317,
                            -35.863407,
                            0
                        ],
                        [
                            -58.329726,
                            -35.863414,
                            0
                        ],
                        [
                            -58.329473,
                            -35.863446,
                            0
                        ],
                        [
                            -58.329113,
                            -35.863529,
                            0
                        ],
                        [
                            -58.328681,
                            -35.863651,
                            0
                        ],
                        [
                            -58.328215,
                            -35.863806,
                            0
                        ],
                        [
                            -58.327367,
                            -35.864286,
                            0
                        ],
                        [
                            -58.326094,
                            -35.86531,
                            0
                        ],
                        [
                            -58.325558,
                            -35.865748,
                            0
                        ],
                        [
                            -58.325034,
                            -35.866146,
                            0
                        ],
                        [
                            -58.324355,
                            -35.866614,
                            0
                        ],
                        [
                            -58.32377,
                            -35.866974,
                            0
                        ],
                        [
                            -58.3231,
                            -35.867285,
                            0
                        ],
                        [
                            -58.322417,
                            -35.867567,
                            0
                        ],
                        [
                            -58.321889,
                            -35.867691,
                            0
                        ],
                        [
                            -58.321178,
                            -35.867718,
                            0
                        ],
                        [
                            -58.320501,
                            -35.867647,
                            0
                        ],
                        [
                            -58.320067,
                            -35.867633,
                            0
                        ],
                        [
                            -58.318644,
                            -35.867658,
                            0
                        ],
                        [
                            -58.316307,
                            -35.867689,
                            0
                        ],
                        [
                            -58.314898,
                            -35.867773,
                            0
                        ],
                        [
                            -58.313561,
                            -35.867866,
                            0
                        ],
                        [
                            -58.312598,
                            -35.867984,
                            0
                        ],
                        [
                            -58.311946,
                            -35.867903,
                            0
                        ],
                        [
                            -58.311122,
                            -35.867687,
                            0
                        ],
                        [
                            -58.310332,
                            -35.867283,
                            0
                        ],
                        [
                            -58.309588,
                            -35.86682,
                            0
                        ],
                        [
                            -58.309099,
                            -35.866414,
                            0
                        ],
                        [
                            -58.308855,
                            -35.866201,
                            0
                        ],
                        [
                            -58.308379,
                            -35.86562,
                            0
                        ],
                        [
                            -58.308316,
                            -35.865444,
                            0
                        ],
                        [
                            -58.308258,
                            -35.864111,
                            0
                        ],
                        [
                            -58.307874,
                            -35.863468,
                            0
                        ],
                        [
                            -58.307232,
                            -35.862582,
                            0
                        ],
                        [
                            -58.306542,
                            -35.861687,
                            0
                        ],
                        [
                            -58.306084,
                            -35.861027,
                            0
                        ],
                        [
                            -58.305762,
                            -35.86055,
                            0
                        ],
                        [
                            -58.305538,
                            -35.860121,
                            0
                        ],
                        [
                            -58.305144,
                            -35.859605,
                            0
                        ],
                        [
                            -58.304107,
                            -35.858881,
                            0
                        ],
                        [
                            -58.303133,
                            -35.858294,
                            0
                        ],
                        [
                            -58.302475,
                            -35.857899,
                            0
                        ],
                        [
                            -58.30178,
                            -35.857396,
                            0
                        ],
                        [
                            -58.301223,
                            -35.856894,
                            0
                        ],
                        [
                            -58.300732,
                            -35.856369,
                            0
                        ],
                        [
                            -58.30013,
                            -35.85565,
                            0
                        ],
                        [
                            -58.299959,
                            -35.855463,
                            0
                        ],
                        [
                            -58.299662,
                            -35.855106,
                            0
                        ],
                        [
                            -58.299308,
                            -35.854796,
                            0
                        ],
                        [
                            -58.298797,
                            -35.854546,
                            0
                        ],
                        [
                            -58.298237,
                            -35.854209,
                            0
                        ],
                        [
                            -58.297764,
                            -35.854008,
                            0
                        ],
                        [
                            -58.297376,
                            -35.853875,
                            0
                        ],
                        [
                            -58.296797,
                            -35.853852,
                            0
                        ],
                        [
                            -58.296001,
                            -35.853851,
                            0
                        ],
                        [
                            -58.295352,
                            -35.853966,
                            0
                        ],
                        [
                            -58.294763,
                            -35.85406,
                            0
                        ],
                        [
                            -58.294233,
                            -35.854096,
                            0
                        ],
                        [
                            -58.293786,
                            -35.854051,
                            0
                        ],
                        [
                            -58.29316,
                            -35.853998,
                            0
                        ],
                        [
                            -58.292485,
                            -35.853975,
                            0
                        ],
                        [
                            -58.292029,
                            -35.854118,
                            0
                        ],
                        [
                            -58.291431,
                            -35.854428,
                            0
                        ],
                        [
                            -58.291074,
                            -35.854746,
                            0
                        ],
                        [
                            -58.290788,
                            -35.854945,
                            0
                        ],
                        [
                            -58.290303,
                            -35.85549,
                            0
                        ],
                        [
                            -58.289887,
                            -35.855896,
                            0
                        ],
                        [
                            -58.289494,
                            -35.856156,
                            0
                        ],
                        [
                            -58.289088,
                            -35.856425,
                            0
                        ],
                        [
                            -58.288622,
                            -35.856675,
                            0
                        ],
                        [
                            -58.287412,
                            -35.857159,
                            0
                        ],
                        [
                            -58.286909,
                            -35.85736,
                            0
                        ],
                        [
                            -58.286136,
                            -35.85771,
                            0
                        ],
                        [
                            -58.285598,
                            -35.857961,
                            0
                        ],
                        [
                            -58.284845,
                            -35.858401,
                            0
                        ],
                        [
                            -58.284321,
                            -35.858734,
                            0
                        ],
                        [
                            -58.283822,
                            -35.859235,
                            0
                        ],
                        [
                            -58.28307,
                            -35.860258,
                            0
                        ],
                        [
                            -58.282604,
                            -35.860739,
                            0
                        ],
                        [
                            -58.282212,
                            -35.861096,
                            0
                        ],
                        [
                            -58.28165,
                            -35.861416,
                            0
                        ],
                        [
                            -58.281049,
                            -35.861501,
                            0
                        ],
                        [
                            -58.280566,
                            -35.861448,
                            0
                        ],
                        [
                            -58.280056,
                            -35.861227,
                            0
                        ],
                        [
                            -58.279799,
                            -35.861005,
                            0
                        ],
                        [
                            -58.279413,
                            -35.860785,
                            0
                        ],
                        [
                            -58.278695,
                            -35.860361,
                            0
                        ],
                        [
                            -58.278136,
                            -35.860092,
                            0
                        ],
                        [
                            -58.277262,
                            -35.859719,
                            0
                        ],
                        [
                            -58.276874,
                            -35.859606,
                            0
                        ],
                        [
                            -58.275822,
                            -35.859391,
                            0
                        ],
                        [
                            -58.27483,
                            -35.859186,
                            0
                        ],
                        [
                            -58.273935,
                            -35.859019,
                            0
                        ],
                        [
                            -58.273426,
                            -35.858838,
                            0
                        ],
                        [
                            -58.272951,
                            -35.858598,
                            0
                        ],
                        [
                            -58.272391,
                            -35.858211,
                            0
                        ],
                        [
                            -58.272071,
                            -35.857842,
                            0
                        ],
                        [
                            -58.271722,
                            -35.857495,
                            0
                        ],
                        [
                            -58.271572,
                            -35.857143,
                            0
                        ],
                        [
                            -58.27143,
                            -35.856586,
                            0
                        ],
                        [
                            -58.271397,
                            -35.855988,
                            0
                        ],
                        [
                            -58.27146,
                            -35.855448,
                            0
                        ],
                        [
                            -58.271543,
                            -35.854545,
                            0
                        ],
                        [
                            -58.271825,
                            -35.8541,
                            0
                        ],
                        [
                            -58.272129,
                            -35.853518,
                            0
                        ],
                        [
                            -58.272402,
                            -35.852978,
                            0
                        ],
                        [
                            -58.272598,
                            -35.852436,
                            0
                        ],
                        [
                            -58.272732,
                            -35.851768,
                            0
                        ],
                        [
                            -58.272973,
                            -35.851001,
                            0
                        ],
                        [
                            -58.27318,
                            -35.850361,
                            0
                        ],
                        [
                            -58.273355,
                            -35.850026,
                            0
                        ],
                        [
                            -58.273769,
                            -35.849492,
                            0
                        ],
                        [
                            -58.274149,
                            -35.849135,
                            0
                        ],
                        [
                            -58.274866,
                            -35.848511,
                            0
                        ],
                        [
                            -58.275389,
                            -35.848035,
                            0
                        ],
                        [
                            -58.275697,
                            -35.847679,
                            0
                        ],
                        [
                            -58.275845,
                            -35.847138,
                            0
                        ],
                        [
                            -58.275836,
                            -35.846579,
                            0
                        ],
                        [
                            -58.275803,
                            -35.84604,
                            0
                        ],
                        [
                            -58.275625,
                            -35.845483,
                            0
                        ],
                        [
                            -58.275389,
                            -35.845024,
                            0
                        ],
                        [
                            -58.274889,
                            -35.84409,
                            0
                        ],
                        [
                            -58.274293,
                            -35.842959,
                            0
                        ],
                        [
                            -58.273881,
                            -35.84212,
                            0
                        ],
                        [
                            -58.273706,
                            -35.8417,
                            0
                        ],
                        [
                            -58.273507,
                            -35.841339,
                            0
                        ],
                        [
                            -58.273029,
                            -35.840834,
                            0
                        ],
                        [
                            -58.272378,
                            -35.840235,
                            0
                        ],
                        [
                            -58.271206,
                            -35.839287,
                            0
                        ],
                        [
                            -58.270153,
                            -35.838278,
                            0
                        ],
                        [
                            -58.269222,
                            -35.837317,
                            0
                        ],
                        [
                            -58.26895,
                            -35.836927,
                            0
                        ],
                        [
                            -58.268564,
                            -35.836366,
                            0
                        ],
                        [
                            -58.268263,
                            -35.835663,
                            0
                        ],
                        [
                            -58.268076,
                            -35.835273,
                            0
                        ],
                        [
                            -58.267947,
                            -35.834725,
                            0
                        ],
                        [
                            -58.267788,
                            -35.833854,
                            0
                        ],
                        [
                            -58.267686,
                            -35.833462,
                            0
                        ],
                        [
                            -58.267435,
                            -35.832889,
                            0
                        ],
                        [
                            -58.267313,
                            -35.832584,
                            0
                        ],
                        [
                            -58.267629,
                            -35.830333,
                            0
                        ],
                        [
                            -58.267867,
                            -35.829139,
                            0
                        ],
                        [
                            -58.26791,
                            -35.828411,
                            0
                        ],
                        [
                            -58.267699,
                            -35.827608,
                            0
                        ],
                        [
                            -58.267257,
                            -35.82678,
                            0
                        ],
                        [
                            -58.266785,
                            -35.826141,
                            0
                        ],
                        [
                            -58.26634,
                            -35.825126,
                            0
                        ],
                        [
                            -58.265933,
                            -35.824432,
                            0
                        ],
                        [
                            -58.265184,
                            -35.8234,
                            0
                        ],
                        [
                            -58.264413,
                            -35.822629,
                            0
                        ],
                        [
                            -58.263118,
                            -35.822106,
                            0
                        ],
                        [
                            -58.261229,
                            -35.821536,
                            0
                        ],
                        [
                            -58.260232,
                            -35.821063,
                            0
                        ],
                        [
                            -58.259068,
                            -35.820431,
                            0
                        ],
                        [
                            -58.258301,
                            -35.819875,
                            0
                        ],
                        [
                            -58.257237,
                            -35.819376,
                            0
                        ],
                        [
                            -58.256472,
                            -35.818955,
                            0
                        ],
                        [
                            -58.25528,
                            -35.818672,
                            0
                        ],
                        [
                            -58.253696,
                            -35.818555,
                            0
                        ],
                        [
                            -58.251914,
                            -35.818493,
                            0
                        ],
                        [
                            -58.25056,
                            -35.818372,
                            0
                        ],
                        [
                            -58.249921,
                            -35.818379,
                            0
                        ],
                        [
                            -58.248809,
                            -35.818955,
                            0
                        ],
                        [
                            -58.247896,
                            -35.819608,
                            0
                        ],
                        [
                            -58.24731,
                            -35.820124,
                            0
                        ],
                        [
                            -58.246529,
                            -35.82075,
                            0
                        ],
                        [
                            -58.245875,
                            -35.821159,
                            0
                        ],
                        [
                            -58.244894,
                            -35.821706,
                            0
                        ],
                        [
                            -58.243713,
                            -35.822094,
                            0
                        ],
                        [
                            -58.242926,
                            -35.822371,
                            0
                        ],
                        [
                            -58.242273,
                            -35.822807,
                            0
                        ],
                        [
                            -58.241493,
                            -35.823513,
                            0
                        ],
                        [
                            -58.240777,
                            -35.824164,
                            0
                        ],
                        [
                            -58.240064,
                            -35.82495,
                            0
                        ],
                        [
                            -58.239412,
                            -35.82544,
                            0
                        ],
                        [
                            -58.238361,
                            -35.825746,
                            0
                        ],
                        [
                            -58.236881,
                            -35.826056,
                            0
                        ],
                        [
                            -58.234784,
                            -35.82691,
                            0
                        ],
                        [
                            -58.23406,
                            -35.827025,
                            0
                        ],
                        [
                            -58.232873,
                            -35.827091,
                            0
                        ],
                        [
                            -58.231921,
                            -35.826981,
                            0
                        ],
                        [
                            -58.231126,
                            -35.826747,
                            0
                        ],
                        [
                            -58.23076,
                            -35.82663,
                            0
                        ],
                        [
                            -58.230455,
                            -35.826634,
                            0
                        ],
                        [
                            -58.229137,
                            -35.826843,
                            0
                        ],
                        [
                            -58.22806,
                            -35.826696,
                            0
                        ],
                        [
                            -58.227055,
                            -35.826442,
                            0
                        ],
                        [
                            -58.225932,
                            -35.825932,
                            0
                        ],
                        [
                            -58.224911,
                            -35.825388,
                            0
                        ],
                        [
                            -58.224178,
                            -35.82474,
                            0
                        ],
                        [
                            -58.223989,
                            -35.824523,
                            0
                        ],
                        [
                            -58.223979,
                            -35.823868,
                            0
                        ],
                        [
                            -58.224238,
                            -35.823277,
                            0
                        ],
                        [
                            -58.224606,
                            -35.823021,
                            0
                        ],
                        [
                            -58.225322,
                            -35.822593,
                            0
                        ],
                        [
                            -58.225833,
                            -35.822202,
                            0
                        ],
                        [
                            -58.226217,
                            -35.821677,
                            0
                        ],
                        [
                            -58.226351,
                            -35.820969,
                            0
                        ],
                        [
                            -58.226157,
                            -35.820467,
                            0
                        ],
                        [
                            -58.22559,
                            -35.819868,
                            0
                        ],
                        [
                            -58.225028,
                            -35.819554,
                            0
                        ],
                        [
                            -58.224082,
                            -35.819204,
                            0
                        ],
                        [
                            -58.223563,
                            -35.819041,
                            0
                        ],
                        [
                            -58.223005,
                            -35.819013,
                            0
                        ],
                        [
                            -58.222099,
                            -35.819208,
                            0
                        ],
                        [
                            -58.221298,
                            -35.819451,
                            0
                        ],
                        [
                            -58.220805,
                            -35.819641,
                            0
                        ],
                        [
                            -58.220188,
                            -35.819798,
                            0
                        ],
                        [
                            -58.217775,
                            -35.821403,
                            0
                        ],
                        [
                            -58.217013,
                            -35.821596,
                            0
                        ],
                        [
                            -58.216292,
                            -35.821687,
                            0
                        ],
                        [
                            -58.21512,
                            -35.822018,
                            0
                        ],
                        [
                            -58.214276,
                            -35.822245,
                            0
                        ],
                        [
                            -58.213412,
                            -35.822473,
                            0
                        ],
                        [
                            -58.212962,
                            -35.822729,
                            0
                        ],
                        [
                            -58.212347,
                            -35.823072,
                            0
                        ],
                        [
                            -58.212018,
                            -35.823176,
                            0
                        ],
                        [
                            -58.211606,
                            -35.82323,
                            0
                        ],
                        [
                            -58.21062,
                            -35.82361,
                            0
                        ],
                        [
                            -58.209592,
                            -35.82394,
                            0
                        ],
                        [
                            -58.208168,
                            -35.824005,
                            0
                        ],
                        [
                            -58.207617,
                            -35.824464,
                            0
                        ],
                        [
                            -58.206969,
                            -35.824767,
                            0
                        ],
                        [
                            -58.2059,
                            -35.825114,
                            0
                        ],
                        [
                            -58.204911,
                            -35.825292,
                            0
                        ],
                        [
                            -58.204775,
                            -35.825848,
                            0
                        ],
                        [
                            -58.204622,
                            -35.826656,
                            0
                        ],
                        [
                            -58.20448,
                            -35.826843,
                            0
                        ],
                        [
                            -58.203497,
                            -35.827391,
                            0
                        ],
                        [
                            -58.202312,
                            -35.82826,
                            0
                        ],
                        [
                            -58.20152,
                            -35.829192,
                            0
                        ],
                        [
                            -58.201096,
                            -35.829835,
                            0
                        ],
                        [
                            -58.201063,
                            -35.830373,
                            0
                        ],
                        [
                            -58.201217,
                            -35.831011,
                            0
                        ],
                        [
                            -58.201282,
                            -35.831212,
                            0
                        ],
                        [
                            -58.201659,
                            -35.831894,
                            0
                        ],
                        [
                            -58.202099,
                            -35.832293,
                            0
                        ],
                        [
                            -58.203097,
                            -35.832882,
                            0
                        ],
                        [
                            -58.203671,
                            -35.833487,
                            0
                        ],
                        [
                            -58.203897,
                            -35.834049,
                            0
                        ],
                        [
                            -58.204151,
                            -35.834899,
                            0
                        ],
                        [
                            -58.204242,
                            -35.835576,
                            0
                        ],
                        [
                            -58.20412,
                            -35.836408,
                            0
                        ],
                        [
                            -58.204103,
                            -35.837042,
                            0
                        ],
                        [
                            -58.204444,
                            -35.838241,
                            0
                        ],
                        [
                            -58.204317,
                            -35.838745,
                            0
                        ],
                        [
                            -58.203741,
                            -35.839756,
                            0
                        ],
                        [
                            -58.203188,
                            -35.840461,
                            0
                        ],
                        [
                            -58.202767,
                            -35.841077,
                            0
                        ],
                        [
                            -58.202453,
                            -35.841605,
                            0
                        ],
                        [
                            -58.202141,
                            -35.84233,
                            0
                        ],
                        [
                            -58.201694,
                            -35.842968,
                            0
                        ],
                        [
                            -58.200953,
                            -35.843675,
                            0
                        ],
                        [
                            -58.20026,
                            -35.844075,
                            0
                        ],
                        [
                            -58.198311,
                            -35.84486,
                            0
                        ],
                        [
                            -58.197451,
                            -35.845654,
                            0
                        ],
                        [
                            -58.196738,
                            -35.846492,
                            0
                        ],
                        [
                            -58.196185,
                            -35.84724,
                            0
                        ],
                        [
                            -58.195238,
                            -35.848539,
                            0
                        ],
                        [
                            -58.194094,
                            -35.849294,
                            0
                        ],
                        [
                            -58.193512,
                            -35.849912,
                            0
                        ],
                        [
                            -58.192985,
                            -35.850595,
                            0
                        ],
                        [
                            -58.192376,
                            -35.851191,
                            0
                        ],
                        [
                            -58.191792,
                            -35.851699,
                            0
                        ],
                        [
                            -58.190968,
                            -35.85232,
                            0
                        ],
                        [
                            -58.190757,
                            -35.852584,
                            0
                        ],
                        [
                            -58.190364,
                            -35.853222,
                            0
                        ],
                        [
                            -58.190131,
                            -35.853836,
                            0
                        ],
                        [
                            -58.189872,
                            -35.854451,
                            0
                        ],
                        [
                            -58.189824,
                            -35.854867,
                            0
                        ],
                        [
                            -58.189861,
                            -35.855522,
                            0
                        ],
                        [
                            -58.189951,
                            -35.856133,
                            0
                        ],
                        [
                            -58.189797,
                            -35.856616,
                            0
                        ],
                        [
                            -58.189228,
                            -35.85758,
                            0
                        ],
                        [
                            -58.18918,
                            -35.85793,
                            0
                        ],
                        [
                            -58.189273,
                            -35.858782,
                            0
                        ],
                        [
                            -58.189201,
                            -35.859329,
                            0
                        ],
                        [
                            -58.188809,
                            -35.860076,
                            0
                        ],
                        [
                            -58.188438,
                            -35.860451,
                            0
                        ],
                        [
                            -58.187481,
                            -35.86116,
                            0
                        ],
                        [
                            -58.186846,
                            -35.861801,
                            0
                        ],
                        [
                            -58.185841,
                            -35.862903,
                            0
                        ],
                        [
                            -58.185232,
                            -35.863478,
                            0
                        ],
                        [
                            -58.184457,
                            -35.863835,
                            0
                        ],
                        [
                            -58.182959,
                            -35.864265,
                            0
                        ],
                        [
                            -58.181461,
                            -35.864739,
                            0
                        ],
                        [
                            -58.180849,
                            -35.86516,
                            0
                        ],
                        [
                            -58.178602,
                            -35.86586,
                            0
                        ],
                        [
                            -58.177156,
                            -35.86618,
                            0
                        ],
                        [
                            -58.176241,
                            -35.866124,
                            0
                        ],
                        [
                            -58.175515,
                            -35.866065,
                            0
                        ],
                        [
                            -58.17452,
                            -35.866053,
                            0
                        ],
                        [
                            -58.172782,
                            -35.866616,
                            0
                        ],
                        [
                            -58.171315,
                            -35.867374,
                            0
                        ],
                        [
                            -58.170164,
                            -35.867713,
                            0
                        ],
                        [
                            -58.169198,
                            -35.86781,
                            0
                        ],
                        [
                            -58.168015,
                            -35.867756,
                            0
                        ],
                        [
                            -58.167476,
                            -35.867652,
                            0
                        ],
                        [
                            -58.167232,
                            -35.867523,
                            0
                        ],
                        [
                            -58.166448,
                            -35.867203,
                            0
                        ],
                        [
                            -58.166234,
                            -35.867192,
                            0
                        ],
                        [
                            -58.165481,
                            -35.867134,
                            0
                        ],
                        [
                            -58.165352,
                            -35.856679,
                            0
                        ],
                        [
                            -58.164691,
                            -35.849108,
                            0
                        ],
                        [
                            -58.158582,
                            -35.843842,
                            0
                        ],
                        [
                            -58.150861,
                            -35.83687,
                            0
                        ],
                        [
                            -58.150867,
                            -35.836593,
                            0
                        ],
                        [
                            -58.147201,
                            -35.833045,
                            0
                        ],
                        [
                            -58.137578,
                            -35.82541,
                            0
                        ],
                        [
                            -58.139156,
                            -35.824195,
                            0
                        ],
                        [
                            -58.145892,
                            -35.819341,
                            0
                        ],
                        [
                            -58.145538,
                            -35.819045,
                            0
                        ],
                        [
                            -58.134609,
                            -35.806342,
                            0
                        ],
                        [
                            -58.131665,
                            -35.802863,
                            0
                        ],
                        [
                            -58.130602,
                            -35.803662,
                            0
                        ],
                        [
                            -58.118969,
                            -35.793575,
                            0
                        ],
                        [
                            -58.11867,
                            -35.793788,
                            0
                        ],
                        [
                            -58.114125,
                            -35.789892,
                            0
                        ],
                        [
                            -58.112886,
                            -35.78883,
                            0
                        ],
                        [
                            -58.10973,
                            -35.786125,
                            0
                        ],
                        [
                            -58.107378,
                            -35.784108,
                            0
                        ],
                        [
                            -58.105708,
                            -35.782681,
                            0
                        ],
                        [
                            -58.096708,
                            -35.774989,
                            0
                        ],
                        [
                            -58.088322,
                            -35.780813,
                            0
                        ],
                        [
                            -58.079905,
                            -35.786655,
                            0
                        ],
                        [
                            -58.079768,
                            -35.786749,
                            0
                        ],
                        [
                            -58.079365,
                            -35.786264,
                            0
                        ],
                        [
                            -58.079058,
                            -35.785702,
                            0
                        ],
                        [
                            -58.075997,
                            -35.779752,
                            0
                        ],
                        [
                            -58.073649,
                            -35.77511,
                            0
                        ],
                        [
                            -58.073499,
                            -35.775269,
                            0
                        ],
                        [
                            -58.072501,
                            -35.775941,
                            0
                        ],
                        [
                            -58.069354,
                            -35.778192,
                            0
                        ],
                        [
                            -58.058417,
                            -35.768517,
                            0
                        ],
                        [
                            -58.057995,
                            -35.767875,
                            0
                        ],
                        [
                            -58.05608,
                            -35.766156,
                            0
                        ],
                        [
                            -58.055556,
                            -35.765956,
                            0
                        ],
                        [
                            -58.045198,
                            -35.756302,
                            0
                        ],
                        [
                            -58.036129,
                            -35.761488,
                            0
                        ],
                        [
                            -58.035304,
                            -35.761776,
                            0
                        ],
                        [
                            -58.023707,
                            -35.751979,
                            0
                        ],
                        [
                            -58.023702,
                            -35.751745,
                            0
                        ],
                        [
                            -58.024778,
                            -35.750912,
                            0
                        ],
                        [
                            -58.018158,
                            -35.745272,
                            0
                        ],
                        [
                            -58.011695,
                            -35.739902,
                            0
                        ],
                        [
                            -58.010397,
                            -35.741078,
                            0
                        ],
                        [
                            -58.006189,
                            -35.74426,
                            0
                        ],
                        [
                            -57.993813,
                            -35.753414,
                            0
                        ],
                        [
                            -57.992666,
                            -35.754311,
                            0
                        ],
                        [
                            -57.990972,
                            -35.755139,
                            0
                        ],
                        [
                            -57.988197,
                            -35.756228,
                            0
                        ],
                        [
                            -57.985232,
                            -35.756956,
                            0
                        ],
                        [
                            -57.983292,
                            -35.757228,
                            0
                        ],
                        [
                            -57.98167,
                            -35.757313,
                            0
                        ],
                        [
                            -57.980307,
                            -35.757316,
                            0
                        ],
                        [
                            -57.97236,
                            -35.750975,
                            0
                        ],
                        [
                            -57.966472,
                            -35.746252,
                            0
                        ],
                        [
                            -57.95902,
                            -35.740262,
                            0
                        ],
                        [
                            -57.954417,
                            -35.736589,
                            0
                        ],
                        [
                            -57.953428,
                            -35.735779,
                            0
                        ],
                        [
                            -57.949216,
                            -35.732441,
                            0
                        ],
                        [
                            -57.944459,
                            -35.728591,
                            0
                        ],
                        [
                            -57.94062,
                            -35.725491,
                            0
                        ],
                        [
                            -57.93926,
                            -35.724424,
                            0
                        ],
                        [
                            -57.937659,
                            -35.723217,
                            0
                        ],
                        [
                            -57.92989,
                            -35.716916,
                            0
                        ],
                        [
                            -57.929241,
                            -35.716398,
                            0
                        ],
                        [
                            -57.927411,
                            -35.717714,
                            0
                        ],
                        [
                            -57.923857,
                            -35.714386,
                            0
                        ],
                        [
                            -57.917145,
                            -35.708065,
                            0
                        ],
                        [
                            -57.913021,
                            -35.70447,
                            0
                        ],
                        [
                            -57.91183,
                            -35.703436,
                            0
                        ],
                        [
                            -57.907349,
                            -35.699542,
                            0
                        ],
                        [
                            -57.90005,
                            -35.693118,
                            0
                        ],
                        [
                            -57.898183,
                            -35.691496,
                            0
                        ],
                        [
                            -57.896985,
                            -35.692412,
                            0
                        ],
                        [
                            -57.895144,
                            -35.693887,
                            0
                        ],
                        [
                            -57.892344,
                            -35.695988,
                            0
                        ],
                        [
                            -57.892449,
                            -35.696087,
                            0
                        ],
                        [
                            -57.887372,
                            -35.69987,
                            0
                        ],
                        [
                            -57.878916,
                            -35.692813,
                            0
                        ],
                        [
                            -57.879053,
                            -35.692719,
                            0
                        ],
                        [
                            -57.873551,
                            -35.687739,
                            0
                        ],
                        [
                            -57.873323,
                            -35.687544,
                            0
                        ],
                        [
                            -57.87267,
                            -35.687955,
                            0
                        ],
                        [
                            -57.867624,
                            -35.691729,
                            0
                        ],
                        [
                            -57.860994,
                            -35.685779,
                            0
                        ],
                        [
                            -57.851852,
                            -35.692553,
                            0
                        ],
                        [
                            -57.837788,
                            -35.702448,
                            0
                        ],
                        [
                            -57.83482,
                            -35.699884,
                            0
                        ],
                        [
                            -57.830862,
                            -35.702879,
                            0
                        ],
                        [
                            -57.828482,
                            -35.704677,
                            0
                        ],
                        [
                            -57.827186,
                            -35.70555,
                            0
                        ],
                        [
                            -57.827061,
                            -35.705787,
                            0
                        ],
                        [
                            -57.825248,
                            -35.707115,
                            0
                        ],
                        [
                            -57.821094,
                            -35.710291,
                            0
                        ],
                        [
                            -57.812458,
                            -35.716968,
                            0
                        ],
                        [
                            -57.814085,
                            -35.718381,
                            0
                        ],
                        [
                            -57.814532,
                            -35.718719,
                            0
                        ],
                        [
                            -57.810693,
                            -35.721685,
                            0
                        ],
                        [
                            -57.798662,
                            -35.730856,
                            0
                        ],
                        [
                            -57.78375,
                            -35.742134,
                            0
                        ],
                        [
                            -57.77327,
                            -35.749972,
                            0
                        ],
                        [
                            -57.763378,
                            -35.757725,
                            0
                        ],
                        [
                            -57.757709,
                            -35.762022,
                            0
                        ],
                        [
                            -57.753516,
                            -35.764377,
                            0
                        ],
                        [
                            -57.749839,
                            -35.766104,
                            0
                        ],
                        [
                            -57.741429,
                            -35.769132,
                            0
                        ],
                        [
                            -57.736482,
                            -35.770488,
                            0
                        ],
                        [
                            -57.719873,
                            -35.77308,
                            0
                        ],
                        [
                            -57.703332,
                            -35.775616,
                            0
                        ],
                        [
                            -57.689177,
                            -35.777893,
                            0
                        ],
                        [
                            -57.685447,
                            -35.778176,
                            0
                        ],
                        [
                            -57.672653,
                            -35.777697,
                            0
                        ],
                        [
                            -57.650043,
                            -35.776096,
                            0
                        ],
                        [
                            -57.636271,
                            -35.775015,
                            0
                        ],
                        [
                            -57.629022,
                            -35.774699,
                            0
                        ],
                        [
                            -57.624081,
                            -35.774841,
                            0
                        ],
                        [
                            -57.615224,
                            -35.775998,
                            0
                        ],
                        [
                            -57.607341,
                            -35.777869,
                            0
                        ],
                        [
                            -57.601498,
                            -35.779905,
                            0
                        ],
                        [
                            -57.597037,
                            -35.781553,
                            0
                        ],
                        [
                            -57.592275,
                            -35.783717,
                            0
                        ],
                        [
                            -57.575491,
                            -35.791577,
                            0
                        ],
                        [
                            -57.560762,
                            -35.798896,
                            0
                        ],
                        [
                            -57.552449,
                            -35.802547,
                            0
                        ],
                        [
                            -57.546559,
                            -35.804637,
                            0
                        ],
                        [
                            -57.540968,
                            -35.80618,
                            0
                        ],
                        [
                            -57.53139,
                            -35.808607,
                            0
                        ],
                        [
                            -57.523469,
                            -35.809695,
                            0
                        ],
                        [
                            -57.51763,
                            -35.810127,
                            0
                        ],
                        [
                            -57.509004,
                            -35.81049,
                            0
                        ],
                        [
                            -57.500533,
                            -35.810886,
                            0
                        ],
                        [
                            -57.497286,
                            -35.81139,
                            0
                        ],
                        [
                            -57.492016,
                            -35.811436,
                            0
                        ],
                        [
                            -57.489645,
                            -35.81151,
                            0
                        ],
                        [
                            -57.488356,
                            -35.81096,
                            0
                        ],
                        [
                            -57.486681,
                            -35.81028,
                            0
                        ],
                        [
                            -57.485375,
                            -35.809567,
                            0
                        ],
                        [
                            -57.484544,
                            -35.808883,
                            0
                        ],
                        [
                            -57.483794,
                            -35.807636,
                            0
                        ],
                        [
                            -57.483186,
                            -35.806493,
                            0
                        ],
                        [
                            -57.482133,
                            -35.805315,
                            0
                        ],
                        [
                            -57.481165,
                            -35.804371,
                            0
                        ],
                        [
                            -57.480551,
                            -35.80337,
                            0
                        ],
                        [
                            -57.480037,
                            -35.802108,
                            0
                        ],
                        [
                            -57.479154,
                            -35.801122,
                            0
                        ],
                        [
                            -57.478376,
                            -35.800717,
                            0
                        ],
                        [
                            -57.477783,
                            -35.800266,
                            0
                        ],
                        [
                            -57.477409,
                            -35.799841,
                            0
                        ],
                        [
                            -57.477321,
                            -35.799237,
                            0
                        ],
                        [
                            -57.477655,
                            -35.798645,
                            0
                        ],
                        [
                            -57.478311,
                            -35.798244,
                            0
                        ],
                        [
                            -57.478951,
                            -35.798104,
                            0
                        ],
                        [
                            -57.479829,
                            -35.798059,
                            0
                        ],
                        [
                            -57.480706,
                            -35.798,
                            0
                        ],
                        [
                            -57.481379,
                            -35.797792,
                            0
                        ],
                        [
                            -57.481664,
                            -35.797351,
                            0
                        ],
                        [
                            -57.482114,
                            -35.796414,
                            0
                        ],
                        [
                            -57.482266,
                            -35.795787,
                            0
                        ],
                        [
                            -57.48228,
                            -35.795237,
                            0
                        ],
                        [
                            -57.482157,
                            -35.794495,
                            0
                        ],
                        [
                            -57.481698,
                            -35.793824,
                            0
                        ],
                        [
                            -57.481036,
                            -35.79329,
                            0
                        ],
                        [
                            -57.480392,
                            -35.792784,
                            0
                        ],
                        [
                            -57.480202,
                            -35.792112,
                            0
                        ],
                        [
                            -57.48013,
                            -35.791287,
                            0
                        ],
                        [
                            -57.479939,
                            -35.790436,
                            0
                        ],
                        [
                            -57.47952,
                            -35.789921,
                            0
                        ],
                        [
                            -57.478827,
                            -35.789677,
                            0
                        ],
                        [
                            -57.477932,
                            -35.789515,
                            0
                        ],
                        [
                            -57.476984,
                            -35.789121,
                            0
                        ],
                        [
                            -57.476611,
                            -35.788792,
                            0
                        ],
                        [
                            -57.476322,
                            -35.78834,
                            0
                        ],
                        [
                            -57.476267,
                            -35.787722,
                            0
                        ],
                        [
                            -57.476278,
                            -35.786746,
                            0
                        ],
                        [
                            -57.476441,
                            -35.78577,
                            0
                        ],
                        [
                            -57.476372,
                            -35.784881,
                            0
                        ],
                        [
                            -57.476216,
                            -35.784153,
                            0
                        ],
                        [
                            -57.475858,
                            -35.783536,
                            0
                        ],
                        [
                            -57.475197,
                            -35.783058,
                            0
                        ],
                        [
                            -57.474165,
                            -35.782594,
                            0
                        ],
                        [
                            -57.473124,
                            -35.782419,
                            0
                        ],
                        [
                            -57.472195,
                            -35.782175,
                            0
                        ],
                        [
                            -57.47167,
                            -35.781833,
                            0
                        ],
                        [
                            -57.471177,
                            -35.781327,
                            0
                        ],
                        [
                            -57.470668,
                            -35.780793,
                            0
                        ],
                        [
                            -57.470025,
                            -35.780534,
                            0
                        ],
                        [
                            -57.469215,
                            -35.780386,
                            0
                        ],
                        [
                            -57.468406,
                            -35.780486,
                            0
                        ],
                        [
                            -57.467851,
                            -35.780845,
                            0
                        ],
                        [
                            -57.467516,
                            -35.781341,
                            0
                        ],
                        [
                            -57.467352,
                            -35.782139,
                            0
                        ],
                        [
                            -57.467207,
                            -35.783321,
                            0
                        ],
                        [
                            -57.467212,
                            -35.784063,
                            0
                        ],
                        [
                            -57.467031,
                            -35.784916,
                            0
                        ],
                        [
                            -57.466665,
                            -35.78577,
                            0
                        ],
                        [
                            -57.466169,
                            -35.786345,
                            0
                        ],
                        [
                            -57.465479,
                            -35.786554,
                            0
                        ],
                        [
                            -57.464381,
                            -35.786366,
                            0
                        ],
                        [
                            -57.463045,
                            -35.78589,
                            0
                        ],
                        [
                            -57.461065,
                            -35.784812,
                            0
                        ],
                        [
                            -57.460259,
                            -35.784288,
                            0
                        ],
                        [
                            -57.45931,
                            -35.783467,
                            0
                        ],
                        [
                            -57.458854,
                            -35.783331,
                            0
                        ],
                        [
                            -57.45818,
                            -35.783595,
                            0
                        ],
                        [
                            -57.457997,
                            -35.784035,
                            0
                        ],
                        [
                            -57.457934,
                            -35.784792,
                            0
                        ],
                        [
                            -57.458022,
                            -35.785355,
                            0
                        ],
                        [
                            -57.458615,
                            -35.785792,
                            0
                        ],
                        [
                            -57.459309,
                            -35.786284,
                            0
                        ],
                        [
                            -57.459903,
                            -35.786804,
                            0
                        ],
                        [
                            -57.460242,
                            -35.787188,
                            0
                        ],
                        [
                            -57.460465,
                            -35.787737,
                            0
                        ],
                        [
                            -57.460283,
                            -35.788397,
                            0
                        ],
                        [
                            -57.459595,
                            -35.788936,
                            0
                        ],
                        [
                            -57.458649,
                            -35.78905,
                            0
                        ],
                        [
                            -57.457889,
                            -35.788902,
                            0
                        ],
                        [
                            -57.457144,
                            -35.788534,
                            0
                        ],
                        [
                            -57.456619,
                            -35.788082,
                            0
                        ],
                        [
                            -57.456192,
                            -35.787232,
                            0
                        ],
                        [
                            -57.455986,
                            -35.786683,
                            0
                        ],
                        [
                            -57.45549,
                            -35.785476,
                            0
                        ],
                        [
                            -57.455266,
                            -35.784638,
                            0
                        ],
                        [
                            -57.454752,
                            -35.783211,
                            0
                        ],
                        [
                            -57.454565,
                            -35.782571,
                            0
                        ],
                        [
                            -57.454782,
                            -35.782034,
                            0
                        ],
                        [
                            -57.455354,
                            -35.781757,
                            0
                        ],
                        [
                            -57.456096,
                            -35.781672,
                            0
                        ],
                        [
                            -57.456856,
                            -35.78193,
                            0
                        ],
                        [
                            -57.4576,
                            -35.782092,
                            0
                        ],
                        [
                            -57.458509,
                            -35.781827,
                            0
                        ],
                        [
                            -57.459114,
                            -35.78144,
                            0
                        ],
                        [
                            -57.459583,
                            -35.780738,
                            0
                        ],
                        [
                            -57.459866,
                            -35.780146,
                            0
                        ],
                        [
                            -57.460049,
                            -35.77976,
                            0
                        ],
                        [
                            -57.459844,
                            -35.779184,
                            0
                        ],
                        [
                            -57.458894,
                            -35.778349,
                            0
                        ],
                        [
                            -57.45816,
                            -35.777822,
                            0
                        ],
                        [
                            -57.457348,
                            -35.777454,
                            0
                        ],
                        [
                            -57.456706,
                            -35.777196,
                            0
                        ],
                        [
                            -57.455591,
                            -35.77698,
                            0
                        ],
                        [
                            -57.454747,
                            -35.776928,
                            0
                        ],
                        [
                            -57.453989,
                            -35.777096,
                            0
                        ],
                        [
                            -57.453451,
                            -35.777387,
                            0
                        ],
                        [
                            -57.452746,
                            -35.77809,
                            0
                        ],
                        [
                            -57.452194,
                            -35.778862,
                            0
                        ],
                        [
                            -57.451709,
                            -35.779606,
                            0
                        ],
                        [
                            -57.451054,
                            -35.780076,
                            0
                        ],
                        [
                            -57.450583,
                            -35.780311,
                            0
                        ],
                        [
                            -57.44988,
                            -35.780332,
                            0
                        ],
                        [
                            -57.449051,
                            -35.780019,
                            0
                        ],
                        [
                            -57.448356,
                            -35.77939,
                            0
                        ],
                        [
                            -57.447829,
                            -35.778732,
                            0
                        ],
                        [
                            -57.447506,
                            -35.778156,
                            0
                        ],
                        [
                            -57.446879,
                            -35.777719,
                            0
                        ],
                        [
                            -57.446135,
                            -35.777378,
                            0
                        ],
                        [
                            -57.445358,
                            -35.777284,
                            0
                        ],
                        [
                            -57.444313,
                            -35.777412,
                            0
                        ],
                        [
                            -57.443421,
                            -35.777786,
                            0
                        ],
                        [
                            -57.442698,
                            -35.778284,
                            0
                        ],
                        [
                            -57.442196,
                            -35.779028,
                            0
                        ],
                        [
                            -57.441694,
                            -35.779786,
                            0
                        ],
                        [
                            -57.44148,
                            -35.78068,
                            0
                        ],
                        [
                            -57.441416,
                            -35.781271,
                            0
                        ],
                        [
                            -57.441436,
                            -35.781807,
                            0
                        ],
                        [
                            -57.441369,
                            -35.782068,
                            0
                        ],
                        [
                            -57.441219,
                            -35.78233,
                            0
                        ],
                        [
                            -57.440834,
                            -35.782867,
                            0
                        ],
                        [
                            -57.44038,
                            -35.783075,
                            0
                        ],
                        [
                            -57.439639,
                            -35.782932,
                            0
                        ],
                        [
                            -57.438828,
                            -35.78277,
                            0
                        ],
                        [
                            -57.438034,
                            -35.782622,
                            0
                        ],
                        [
                            -57.437072,
                            -35.782557,
                            0
                        ],
                        [
                            -57.436364,
                            -35.782655,
                            0
                        ],
                        [
                            -57.435607,
                            -35.783043,
                            0
                        ],
                        [
                            -57.43502,
                            -35.783567,
                            0
                        ],
                        [
                            -57.434516,
                            -35.783995,
                            0
                        ],
                        [
                            -57.433961,
                            -35.784464,
                            0
                        ],
                        [
                            -57.433305,
                            -35.78481,
                            0
                        ],
                        [
                            -57.432598,
                            -35.784991,
                            0
                        ],
                        [
                            -57.431956,
                            -35.784953,
                            0
                        ],
                        [
                            -57.431246,
                            -35.784694,
                            0
                        ],
                        [
                            -57.430772,
                            -35.784283,
                            0
                        ],
                        [
                            -57.430567,
                            -35.783831,
                            0
                        ],
                        [
                            -57.430379,
                            -35.783309,
                            0
                        ],
                        [
                            -57.430391,
                            -35.782429,
                            0
                        ],
                        [
                            -57.430438,
                            -35.781838,
                            0
                        ],
                        [
                            -57.430401,
                            -35.781206,
                            0
                        ],
                        [
                            -57.430078,
                            -35.78074,
                            0
                        ],
                        [
                            -57.429592,
                            -35.780399,
                            0
                        ],
                        [
                            -57.42917,
                            -35.780277,
                            0
                        ],
                        [
                            -57.42863,
                            -35.780306,
                            0
                        ],
                        [
                            -57.428294,
                            -35.780486,
                            0
                        ],
                        [
                            -57.428076,
                            -35.780872,
                            0
                        ],
                        [
                            -57.427962,
                            -35.781518,
                            0
                        ],
                        [
                            -57.427983,
                            -35.782315,
                            0
                        ],
                        [
                            -57.428122,
                            -35.783167,
                            0
                        ],
                        [
                            -57.428126,
                            -35.783854,
                            0
                        ],
                        [
                            -57.427842,
                            -35.784322,
                            0
                        ],
                        [
                            -57.427321,
                            -35.784722,
                            0
                        ],
                        [
                            -57.426681,
                            -35.784903,
                            0
                        ],
                        [
                            -57.426091,
                            -35.784988,
                            0
                        ],
                        [
                            -57.425432,
                            -35.784908,
                            0
                        ],
                        [
                            -57.424789,
                            -35.78458,
                            0
                        ],
                        [
                            -57.424281,
                            -35.784225,
                            0
                        ],
                        [
                            -57.423923,
                            -35.783388,
                            0
                        ],
                        [
                            -57.423733,
                            -35.782619,
                            0
                        ],
                        [
                            -57.423944,
                            -35.781092,
                            0
                        ],
                        [
                            -57.42421,
                            -35.780409,
                            0
                        ],
                        [
                            -57.42478,
                            -35.779706,
                            0
                        ],
                        [
                            -57.425671,
                            -35.779153,
                            0
                        ],
                        [
                            -57.426461,
                            -35.778697,
                            0
                        ],
                        [
                            -57.42737,
                            -35.778337,
                            0
                        ],
                        [
                            -57.428043,
                            -35.777991,
                            0
                        ],
                        [
                            -57.42848,
                            -35.777549,
                            0
                        ],
                        [
                            -57.428595,
                            -35.776972,
                            0
                        ],
                        [
                            -57.428371,
                            -35.776244,
                            0
                        ],
                        [
                            -57.427795,
                            -35.775765,
                            0
                        ],
                        [
                            -57.426883,
                            -35.775603,
                            0
                        ],
                        [
                            -57.425534,
                            -35.775581,
                            0
                        ],
                        [
                            -57.42443,
                            -35.775508,
                            0
                        ],
                        [
                            -57.423603,
                            -35.775305,
                            0
                        ],
                        [
                            -57.422824,
                            -35.774813,
                            0
                        ],
                        [
                            -57.422161,
                            -35.773936,
                            0
                        ],
                        [
                            -57.421667,
                            -35.772989,
                            0
                        ],
                        [
                            -57.421123,
                            -35.772222,
                            0
                        ],
                        [
                            -57.419651,
                            -35.771333,
                            0
                        ],
                        [
                            -57.418568,
                            -35.770636,
                            0
                        ],
                        [
                            -57.417847,
                            -35.769914,
                            0
                        ],
                        [
                            -57.417541,
                            -35.76942,
                            0
                        ],
                        [
                            -57.417387,
                            -35.769105,
                            0
                        ],
                        [
                            -57.417331,
                            -35.768143,
                            0
                        ],
                        [
                            -57.417442,
                            -35.766768,
                            0
                        ],
                        [
                            -57.417419,
                            -35.765552,
                            0
                        ],
                        [
                            -57.417211,
                            -35.764481,
                            0
                        ],
                        [
                            -57.416566,
                            -35.763823,
                            0
                        ],
                        [
                            -57.415722,
                            -35.763593,
                            0
                        ],
                        [
                            -57.415064,
                            -35.763636,
                            0
                        ],
                        [
                            -57.414056,
                            -35.764258,
                            0
                        ],
                        [
                            -57.413216,
                            -35.764921,
                            0
                        ],
                        [
                            -57.41283,
                            -35.76543,
                            0
                        ],
                        [
                            -57.412601,
                            -35.766833,
                            0
                        ],
                        [
                            -57.412329,
                            -35.767598,
                            0
                        ],
                        [
                            -57.41208,
                            -35.768355,
                            0
                        ],
                        [
                            -57.41151,
                            -35.769085,
                            0
                        ],
                        [
                            -57.410888,
                            -35.769486,
                            0
                        ],
                        [
                            -57.410045,
                            -35.769475,
                            0
                        ],
                        [
                            -57.40915,
                            -35.769327,
                            0
                        ],
                        [
                            -57.408457,
                            -35.769013,
                            0
                        ],
                        [
                            -57.407745,
                            -35.76837,
                            0
                        ],
                        [
                            -57.407523,
                            -35.767876,
                            0
                        ],
                        [
                            -57.407705,
                            -35.767188,
                            0
                        ],
                        [
                            -57.408089,
                            -35.766376,
                            0
                        ],
                        [
                            -57.408704,
                            -35.765583,
                            0
                        ],
                        [
                            -57.409123,
                            -35.764922,
                            0
                        ],
                        [
                            -57.409339,
                            -35.764358,
                            0
                        ],
                        [
                            -57.409438,
                            -35.763808,
                            0
                        ],
                        [
                            -57.409179,
                            -35.762751,
                            0
                        ],
                        [
                            -57.408803,
                            -35.761749,
                            0
                        ],
                        [
                            -57.408681,
                            -35.761108,
                            0
                        ],
                        [
                            -57.40866,
                            -35.760352,
                            0
                        ],
                        [
                            -57.408689,
                            -35.759418,
                            0
                        ],
                        [
                            -57.408501,
                            -35.758896,
                            0
                        ],
                        [
                            -57.408078,
                            -35.758568,
                            0
                        ],
                        [
                            -57.406897,
                            -35.758558,
                            0
                        ],
                        [
                            -57.405684,
                            -35.758768,
                            0
                        ],
                        [
                            -57.404655,
                            -35.758841,
                            0
                        ],
                        [
                            -57.403659,
                            -35.758693,
                            0
                        ],
                        [
                            -57.402865,
                            -35.758393,
                            0
                        ],
                        [
                            -57.40234,
                            -35.757969,
                            0
                        ],
                        [
                            -57.402068,
                            -35.757475,
                            0
                        ],
                        [
                            -57.401981,
                            -35.756912,
                            0
                        ],
                        [
                            -57.401962,
                            -35.756513,
                            0
                        ],
                        [
                            -57.402128,
                            -35.756045,
                            0
                        ],
                        [
                            -57.402513,
                            -35.755649,
                            0
                        ],
                        [
                            -57.402949,
                            -35.755125,
                            0
                        ],
                        [
                            -57.403554,
                            -35.754711,
                            0
                        ],
                        [
                            -57.404261,
                            -35.754337,
                            0
                        ],
                        [
                            -57.405742,
                            -35.753673,
                            0
                        ],
                        [
                            -57.406196,
                            -35.753424,
                            0
                        ],
                        [
                            -57.406531,
                            -35.752969,
                            0
                        ],
                        [
                            -57.407001,
                            -35.752542,
                            0
                        ],
                        [
                            -57.40745,
                            -35.751303,
                            0
                        ],
                        [
                            -57.407867,
                            -35.750395,
                            0
                        ],
                        [
                            -57.408404,
                            -35.749857,
                            0
                        ],
                        [
                            -57.40884,
                            -35.749512,
                            0
                        ],
                        [
                            -57.409402,
                            -35.748978,
                            0
                        ],
                        [
                            -57.410191,
                            -35.748288,
                            0
                        ],
                        [
                            -57.410677,
                            -35.747613,
                            0
                        ],
                        [
                            -57.410909,
                            -35.746884,
                            0
                        ],
                        [
                            -57.410752,
                            -35.745868,
                            0
                        ],
                        [
                            -57.410426,
                            -35.744728,
                            0
                        ],
                        [
                            -57.410068,
                            -35.743787,
                            0
                        ],
                        [
                            -57.409593,
                            -35.743088,
                            0
                        ],
                        [
                            -57.409001,
                            -35.742719,
                            0
                        ],
                        [
                            -57.408071,
                            -35.742351,
                            0
                        ],
                        [
                            -57.406742,
                            -35.742259,
                            0
                        ],
                        [
                            -57.405445,
                            -35.742524,
                            0
                        ],
                        [
                            -57.404318,
                            -35.742981,
                            0
                        ],
                        [
                            -57.403528,
                            -35.74363,
                            0
                        ],
                        [
                            -57.402942,
                            -35.744374,
                            0
                        ],
                        [
                            -57.402051,
                            -35.744968,
                            0
                        ],
                        [
                            -57.401362,
                            -35.74541,
                            0
                        ],
                        [
                            -57.400452,
                            -35.745468,
                            0
                        ],
                        [
                            -57.399659,
                            -35.745388,
                            0
                        ],
                        [
                            -57.398933,
                            -35.74524,
                            0
                        ],
                        [
                            -57.397867,
                            -35.744652,
                            0
                        ],
                        [
                            -57.397332,
                            -35.744253,
                            0
                        ],
                        [
                            -57.396858,
                            -35.743801,
                            0
                        ],
                        [
                            -57.396603,
                            -35.743417,
                            0
                        ],
                        [
                            -57.3965,
                            -35.743033,
                            0
                        ],
                        [
                            -57.39653,
                            -35.742332,
                            0
                        ],
                        [
                            -57.396863,
                            -35.741561,
                            0
                        ],
                        [
                            -57.39713,
                            -35.740914,
                            0
                        ],
                        [
                            -57.397514,
                            -35.740075,
                            0
                        ],
                        [
                            -57.39773,
                            -35.739552,
                            0
                        ],
                        [
                            -57.397762,
                            -35.739112,
                            0
                        ],
                        [
                            -57.397557,
                            -35.738645,
                            0
                        ],
                        [
                            -57.397268,
                            -35.738248,
                            0
                        ],
                        [
                            -57.396845,
                            -35.737878,
                            0
                        ],
                        [
                            -57.395631,
                            -35.737965,
                            0
                        ],
                        [
                            -57.394464,
                            -35.738126,
                            0
                        ],
                        [
                            -57.393032,
                            -35.738241,
                            0
                        ],
                        [
                            -57.391732,
                            -35.738039,
                            0
                        ],
                        [
                            -57.390213,
                            -35.737714,
                            0
                        ],
                        [
                            -57.387882,
                            -35.736828,
                            0
                        ],
                        [
                            -57.386741,
                            -35.736655,
                            0
                        ],
                        [
                            -57.385714,
                            -35.737043,
                            0
                        ],
                        [
                            -57.384992,
                            -35.737568,
                            0
                        ],
                        [
                            -57.384708,
                            -35.738077,
                            0
                        ],
                        [
                            -57.384609,
                            -35.738613,
                            0
                        ],
                        [
                            -57.38468,
                            -35.739328,
                            0
                        ],
                        [
                            -57.38492,
                            -35.740152,
                            0
                        ],
                        [
                            -57.385246,
                            -35.741277,
                            0
                        ],
                        [
                            -57.385451,
                            -35.742027,
                            0
                        ],
                        [
                            -57.385405,
                            -35.742906,
                            0
                        ],
                        [
                            -57.385021,
                            -35.743773,
                            0
                        ],
                        [
                            -57.384603,
                            -35.744325,
                            0
                        ],
                        [
                            -57.383947,
                            -35.744849,
                            0
                        ],
                        [
                            -57.383073,
                            -35.745291,
                            0
                        ],
                        [
                            -57.381472,
                            -35.745613,
                            0
                        ],
                        [
                            -57.379855,
                            -35.745975,
                            0
                        ],
                        [
                            -57.378933,
                            -35.745903,
                            0
                        ],
                        [
                            -57.376975,
                            -35.74562,
                            0
                        ],
                        [
                            -57.375355,
                            -35.745378,
                            0
                        ],
                        [
                            -57.373988,
                            -35.745121,
                            0
                        ],
                        [
                            -57.371344,
                            -35.745053,
                            0
                        ],
                        [
                            -57.366626,
                            -35.746015,
                            0
                        ],
                        [
                            -57.366172,
                            -35.745206,
                            0
                        ],
                        [
                            -57.365878,
                            -35.744576,
                            0
                        ],
                        [
                            -57.365519,
                            -35.744548,
                            0
                        ],
                        [
                            -57.365302,
                            -35.744402,
                            0
                        ],
                        [
                            -57.365012,
                            -35.743846,
                            0
                        ],
                        [
                            -57.364939,
                            -35.743583,
                            0
                        ],
                        [
                            -57.364829,
                            -35.743056,
                            0
                        ],
                        [
                            -57.364755,
                            -35.742529,
                            0
                        ],
                        [
                            -57.364754,
                            -35.742351,
                            0
                        ],
                        [
                            -57.364772,
                            -35.742342,
                            0
                        ],
                        [
                            -57.364176,
                            -35.74174,
                            0
                        ],
                        [
                            -57.363707,
                            -35.741331,
                            0
                        ],
                        [
                            -57.363095,
                            -35.740864,
                            0
                        ],
                        [
                            -57.36252,
                            -35.740895,
                            0
                        ],
                        [
                            -57.362377,
                            -35.741071,
                            0
                        ],
                        [
                            -57.36209,
                            -35.741248,
                            0
                        ],
                        [
                            -57.361588,
                            -35.741308,
                            0
                        ],
                        [
                            -57.360941,
                            -35.741339,
                            0
                        ],
                        [
                            -57.360257,
                            -35.741019,
                            0
                        ],
                        [
                            -57.360041,
                            -35.740873,
                            0
                        ],
                        [
                            -57.360033,
                            -35.740856,
                            0
                        ],
                        [
                            -57.360004,
                            -35.740786,
                            0
                        ],
                        [
                            -57.359932,
                            -35.740669,
                            0
                        ],
                        [
                            -57.359931,
                            -35.740552,
                            0
                        ],
                        [
                            -57.360288,
                            -35.739994,
                            0
                        ],
                        [
                            -57.360465,
                            -35.739408,
                            0
                        ],
                        [
                            -57.360596,
                            -35.73919,
                            0
                        ],
                        [
                            -57.36057,
                            -35.738814,
                            0
                        ],
                        [
                            -57.360562,
                            -35.738705,
                            0
                        ],
                        [
                            -57.36031,
                            -35.738348,
                            0
                        ],
                        [
                            -57.360028,
                            -35.738032,
                            0
                        ],
                        [
                            -57.359775,
                            -35.737682,
                            0
                        ],
                        [
                            -57.359486,
                            -35.737331,
                            0
                        ],
                        [
                            -57.359234,
                            -35.737185,
                            0
                        ],
                        [
                            -57.358804,
                            -35.73745,
                            0
                        ],
                        [
                            -57.358301,
                            -35.737569,
                            0
                        ],
                        [
                            -57.357978,
                            -35.737511,
                            0
                        ],
                        [
                            -57.357834,
                            -35.737254,
                            0
                        ],
                        [
                            -57.357927,
                            -35.737037,
                            0
                        ],
                        [
                            -57.35802,
                            -35.736819,
                            0
                        ],
                        [
                            -57.357987,
                            -35.736411,
                            0
                        ],
                        [
                            -57.35772,
                            -35.736106,
                            0
                        ],
                        [
                            -57.357575,
                            -35.735843,
                            0
                        ],
                        [
                            -57.357717,
                            -35.735491,
                            0
                        ],
                        [
                            -57.357464,
                            -35.735111,
                            0
                        ],
                        [
                            -57.357283,
                            -35.734789,
                            0
                        ],
                        [
                            -57.357209,
                            -35.734438,
                            0
                        ],
                        [
                            -57.35716,
                            -35.73426,
                            0
                        ],
                        [
                            -57.357136,
                            -35.734174,
                            0
                        ],
                        [
                            -57.356632,
                            -35.733942,
                            0
                        ],
                        [
                            -57.356309,
                            -35.733884,
                            0
                        ],
                        [
                            -57.356056,
                            -35.733504,
                            0
                        ],
                        [
                            -57.355875,
                            -35.733299,
                            0
                        ],
                        [
                            -57.355479,
                            -35.733125,
                            0
                        ],
                        [
                            -57.355442,
                            -35.732744,
                            0
                        ],
                        [
                            -57.355045,
                            -35.732365,
                            0
                        ],
                        [
                            -57.3549,
                            -35.73216,
                            0
                        ],
                        [
                            -57.354729,
                            -35.73186,
                            0
                        ],
                        [
                            -57.354683,
                            -35.73178,
                            0
                        ],
                        [
                            -57.354466,
                            -35.731517,
                            0
                        ],
                        [
                            -57.354249,
                            -35.731166,
                            0
                        ],
                        [
                            -57.354212,
                            -35.730961,
                            0
                        ],
                        [
                            -57.354175,
                            -35.730639,
                            0
                        ],
                        [
                            -57.353994,
                            -35.730288,
                            0
                        ],
                        [
                            -57.353813,
                            -35.730054,
                            0
                        ],
                        [
                            -57.353597,
                            -35.72985,
                            0
                        ],
                        [
                            -57.353415,
                            -35.729673,
                            0
                        ],
                        [
                            -57.353398,
                            -35.729678,
                            0
                        ],
                        [
                            -57.352914,
                            -35.729764,
                            0
                        ],
                        [
                            -57.352663,
                            -35.729823,
                            0
                        ],
                        [
                            -57.35259,
                            -35.729618,
                            0
                        ],
                        [
                            -57.352876,
                            -35.729295,
                            0
                        ],
                        [
                            -57.353018,
                            -35.729061,
                            0
                        ],
                        [
                            -57.352945,
                            -35.728709,
                            0
                        ],
                        [
                            -57.352404,
                            -35.728301,
                            0
                        ],
                        [
                            -57.351936,
                            -35.728068,
                            0
                        ],
                        [
                            -57.351612,
                            -35.727864,
                            0
                        ],
                        [
                            -57.351395,
                            -35.727484,
                            0
                        ],
                        [
                            -57.351421,
                            -35.727344,
                            0
                        ],
                        [
                            -57.351465,
                            -35.727103,
                            0
                        ],
                        [
                            -57.35114,
                            -35.726723,
                            0
                        ],
                        [
                            -57.350959,
                            -35.726401,
                            0
                        ],
                        [
                            -57.350814,
                            -35.72605,
                            0
                        ],
                        [
                            -57.350633,
                            -35.725728,
                            0
                        ],
                        [
                            -57.350452,
                            -35.725465,
                            0
                        ],
                        [
                            -57.350199,
                            -35.725114,
                            0
                        ],
                        [
                            -57.350126,
                            -35.724851,
                            0
                        ],
                        [
                            -57.350088,
                            -35.724441,
                            0
                        ],
                        [
                            -57.350098,
                            -35.724356,
                            0
                        ],
                        [
                            -57.350123,
                            -35.724148,
                            0
                        ],
                        [
                            -57.350409,
                            -35.723766,
                            0
                        ],
                        [
                            -57.350695,
                            -35.723414,
                            0
                        ],
                        [
                            -57.350693,
                            -35.723063,
                            0
                        ],
                        [
                            -57.350404,
                            -35.722683,
                            0
                        ],
                        [
                            -57.350115,
                            -35.722361,
                            0
                        ],
                        [
                            -57.349753,
                            -35.721777,
                            0
                        ],
                        [
                            -57.349573,
                            -35.721572,
                            0
                        ],
                        [
                            -57.349357,
                            -35.721422,
                            0
                        ],
                        [
                            -57.34889,
                            -35.721508,
                            0
                        ],
                        [
                            -57.348405,
                            -35.721705,
                            0
                        ],
                        [
                            -57.348249,
                            -35.72158,
                            0
                        ],
                        [
                            -57.348136,
                            -35.721488,
                            0
                        ],
                        [
                            -57.34792,
                            -35.721343,
                            0
                        ],
                        [
                            -57.347811,
                            -35.721021,
                            0
                        ],
                        [
                            -57.347917,
                            -35.72064,
                            0
                        ],
                        [
                            -57.348023,
                            -35.720405,
                            0
                        ],
                        [
                            -57.348443,
                            -35.720135,
                            0
                        ],
                        [
                            -57.348128,
                            -35.71976,
                            0
                        ],
                        [
                            -57.347659,
                            -35.719234,
                            0
                        ],
                        [
                            -57.347479,
                            -35.719235,
                            0
                        ],
                        [
                            -57.347227,
                            -35.719031,
                            0
                        ],
                        [
                            -57.347191,
                            -35.718913,
                            0
                        ],
                        [
                            -57.347153,
                            -35.718591,
                            0
                        ],
                        [
                            -57.347223,
                            -35.718064,
                            0
                        ],
                        [
                            -57.347078,
                            -35.717713,
                            0
                        ],
                        [
                            -57.347004,
                            -35.717362,
                            0
                        ],
                        [
                            -57.346967,
                            -35.71701,
                            0
                        ],
                        [
                            -57.347181,
                            -35.716687,
                            0
                        ],
                        [
                            -57.347431,
                            -35.716394,
                            0
                        ],
                        [
                            -57.348164,
                            -35.7158,
                            0
                        ],
                        [
                            -57.349506,
                            -35.715363,
                            0
                        ],
                        [
                            -57.349957,
                            -35.714789,
                            0
                        ],
                        [
                            -57.350891,
                            -35.713958,
                            0
                        ],
                        [
                            -57.351855,
                            -35.713463,
                            0
                        ],
                        [
                            -57.352307,
                            -35.713271,
                            0
                        ],
                        [
                            -57.353447,
                            -35.713102,
                            0
                        ],
                        [
                            -57.354462,
                            -35.712908,
                            0
                        ],
                        [
                            -57.355165,
                            -35.712791,
                            0
                        ],
                        [
                            -57.355601,
                            -35.71251,
                            0
                        ],
                        [
                            -57.356176,
                            -35.71182,
                            0
                        ],
                        [
                            -57.356782,
                            -35.711003,
                            0
                        ],
                        [
                            -57.357498,
                            -35.710416,
                            0
                        ],
                        [
                            -57.358231,
                            -35.71012,
                            0
                        ],
                        [
                            -57.35884,
                            -35.709991,
                            0
                        ],
                        [
                            -57.359902,
                            -35.709988,
                            0
                        ],
                        [
                            -57.361074,
                            -35.70987,
                            0
                        ],
                        [
                            -57.361776,
                            -35.709588,
                            0
                        ],
                        [
                            -57.362613,
                            -35.709114,
                            0
                        ],
                        [
                            -57.363314,
                            -35.70873,
                            0
                        ],
                        [
                            -57.364189,
                            -35.7086,
                            0
                        ],
                        [
                            -57.364642,
                            -35.708687,
                            0
                        ],
                        [
                            -57.364971,
                            -35.70889,
                            0
                        ],
                        [
                            -57.365271,
                            -35.709501,
                            0
                        ],
                        [
                            -57.36543,
                            -35.71015,
                            0
                        ],
                        [
                            -57.365873,
                            -35.71132,
                            0
                        ],
                        [
                            -57.366031,
                            -35.711689,
                            0
                        ],
                        [
                            -57.366626,
                            -35.711967,
                            0
                        ],
                        [
                            -57.367127,
                            -35.712016,
                            0
                        ],
                        [
                            -57.367594,
                            -35.711811,
                            0
                        ],
                        [
                            -57.368124,
                            -35.71144,
                            0
                        ],
                        [
                            -57.368387,
                            -35.710866,
                            0
                        ],
                        [
                            -57.36876,
                            -35.710458,
                            0
                        ],
                        [
                            -57.369087,
                            -35.710228,
                            0
                        ],
                        [
                            -57.369618,
                            -35.710162,
                            0
                        ],
                        [
                            -57.370056,
                            -35.71025,
                            0
                        ],
                        [
                            -57.370495,
                            -35.710503,
                            0
                        ],
                        [
                            -57.370731,
                            -35.710808,
                            0
                        ],
                        [
                            -57.370795,
                            -35.711203,
                            0
                        ],
                        [
                            -57.370938,
                            -35.71175,
                            0
                        ],
                        [
                            -57.371268,
                            -35.712182,
                            0
                        ],
                        [
                            -57.371848,
                            -35.71255,
                            0
                        ],
                        [
                            -57.372459,
                            -35.712713,
                            0
                        ],
                        [
                            -57.372864,
                            -35.71261,
                            0
                        ],
                        [
                            -57.37316,
                            -35.712253,
                            0
                        ],
                        [
                            -57.373313,
                            -35.711704,
                            0
                        ],
                        [
                            -57.373373,
                            -35.71108,
                            0
                        ],
                        [
                            -57.373558,
                            -35.71057,
                            0
                        ],
                        [
                            -57.3739,
                            -35.71006,
                            0
                        ],
                        [
                            -57.37432,
                            -35.709855,
                            0
                        ],
                        [
                            -57.37488,
                            -35.709892,
                            0
                        ],
                        [
                            -57.375287,
                            -35.710018,
                            0
                        ],
                        [
                            -57.375632,
                            -35.710259,
                            0
                        ],
                        [
                            -57.376167,
                            -35.710919,
                            0
                        ],
                        [
                            -57.376293,
                            -35.711212,
                            0
                        ],
                        [
                            -57.376436,
                            -35.711823,
                            0
                        ],
                        [
                            -57.376612,
                            -35.712561,
                            0
                        ],
                        [
                            -57.376785,
                            -35.71284,
                            0
                        ],
                        [
                            -57.377349,
                            -35.713081,
                            0
                        ],
                        [
                            -57.378005,
                            -35.71318,
                            0
                        ],
                        [
                            -57.37899,
                            -35.713139,
                            0
                        ],
                        [
                            -57.380098,
                            -35.712932,
                            0
                        ],
                        [
                            -57.380941,
                            -35.712725,
                            0
                        ],
                        [
                            -57.381518,
                            -35.712431,
                            0
                        ],
                        [
                            -57.381734,
                            -35.711857,
                            0
                        ],
                        [
                            -57.381795,
                            -35.711475,
                            0
                        ],
                        [
                            -57.381589,
                            -35.711004,
                            0
                        ],
                        [
                            -57.380508,
                            -35.710384,
                            0
                        ],
                        [
                            -57.379519,
                            -35.709919,
                            0
                        ],
                        [
                            -57.378939,
                            -35.709488,
                            0
                        ],
                        [
                            -57.37878,
                            -35.708864,
                            0
                        ],
                        [
                            -57.37887,
                            -35.708062,
                            0
                        ],
                        [
                            -57.379196,
                            -35.707628,
                            0
                        ],
                        [
                            -57.379772,
                            -35.707269,
                            0
                        ],
                        [
                            -57.380176,
                            -35.706822,
                            0
                        ],
                        [
                            -57.380469,
                            -35.705981,
                            0
                        ],
                        [
                            -57.380496,
                            -35.705077,
                            0
                        ],
                        [
                            -57.380462,
                            -35.704418,
                            0
                        ],
                        [
                            -57.380179,
                            -35.703999,
                            0
                        ],
                        [
                            -57.379909,
                            -35.703223,
                            0
                        ],
                        [
                            -57.379142,
                            -35.702805,
                            0
                        ],
                        [
                            -57.378451,
                            -35.702132,
                            0
                        ],
                        [
                            -57.378105,
                            -35.701675,
                            0
                        ],
                        [
                            -57.377994,
                            -35.701166,
                            0
                        ],
                        [
                            -57.378116,
                            -35.700732,
                            0
                        ],
                        [
                            -57.378771,
                            -35.700386,
                            0
                        ],
                        [
                            -57.37941,
                            -35.700079,
                            0
                        ],
                        [
                            -57.379861,
                            -35.699606,
                            0
                        ],
                        [
                            -57.379843,
                            -35.699109,
                            0
                        ],
                        [
                            -57.379779,
                            -35.698513,
                            0
                        ],
                        [
                            -57.379793,
                            -35.698245,
                            0
                        ],
                        [
                            -57.379854,
                            -35.697889,
                            0
                        ],
                        [
                            -57.380039,
                            -35.697366,
                            0
                        ],
                        [
                            -57.380131,
                            -35.696984,
                            0
                        ],
                        [
                            -57.380958,
                            -35.696637,
                            0
                        ],
                        [
                            -57.381862,
                            -35.696329,
                            0
                        ],
                        [
                            -57.382642,
                            -35.696097,
                            0
                        ],
                        [
                            -57.382954,
                            -35.695981,
                            0
                        ],
                        [
                            -57.383154,
                            -35.695357,
                            0
                        ],
                        [
                            -57.383136,
                            -35.694733,
                            0
                        ],
                        [
                            -57.382962,
                            -35.694198,
                            0
                        ],
                        [
                            -57.382679,
                            -35.693932,
                            0
                        ],
                        [
                            -57.382132,
                            -35.693895,
                            0
                        ],
                        [
                            -57.381461,
                            -35.693987,
                            0
                        ],
                        [
                            -57.380806,
                            -35.694333,
                            0
                        ],
                        [
                            -57.380011,
                            -35.694679,
                            0
                        ],
                        [
                            -57.379089,
                            -35.694618,
                            0
                        ],
                        [
                            -57.378508,
                            -35.694072,
                            0
                        ],
                        [
                            -57.378365,
                            -35.6935,
                            0
                        ],
                        [
                            -57.378503,
                            -35.692965,
                            0
                        ],
                        [
                            -57.379095,
                            -35.692555,
                            0
                        ],
                        [
                            -57.380055,
                            -35.692184,
                            0
                        ],
                        [
                            -57.380646,
                            -35.691762,
                            0
                        ],
                        [
                            -57.381051,
                            -35.69134,
                            0
                        ],
                        [
                            -57.381032,
                            -35.690716,
                            0
                        ],
                        [
                            -57.380904,
                            -35.690029,
                            0
                        ],
                        [
                            -57.380714,
                            -35.689546,
                            0
                        ],
                        [
                            -57.380228,
                            -35.689191,
                            0
                        ],
                        [
                            -57.379555,
                            -35.689014,
                            0
                        ],
                        [
                            -57.378993,
                            -35.689004,
                            0
                        ],
                        [
                            -57.378509,
                            -35.689145,
                            0
                        ],
                        [
                            -57.378198,
                            -35.689464,
                            0
                        ],
                        [
                            -57.377997,
                            -35.689809,
                            0
                        ],
                        [
                            -57.377625,
                            -35.690523,
                            0
                        ],
                        [
                            -57.377299,
                            -35.690957,
                            0
                        ],
                        [
                            -57.376847,
                            -35.691162,
                            0
                        ],
                        [
                            -57.37641,
                            -35.691266,
                            0
                        ],
                        [
                            -57.375817,
                            -35.69128,
                            0
                        ],
                        [
                            -57.375441,
                            -35.691231,
                            0
                        ],
                        [
                            -57.37494,
                            -35.690965,
                            0
                        ],
                        [
                            -57.374829,
                            -35.690608,
                            0
                        ],
                        [
                            -57.374827,
                            -35.690239,
                            0
                        ],
                        [
                            -57.374826,
                            -35.689933,
                            0
                        ],
                        [
                            -57.374997,
                            -35.689755,
                            0
                        ],
                        [
                            -57.37523,
                            -35.689512,
                            0
                        ],
                        [
                            -57.375713,
                            -35.689256,
                            0
                        ],
                        [
                            -57.37615,
                            -35.689051,
                            0
                        ],
                        [
                            -57.376429,
                            -35.688553,
                            0
                        ],
                        [
                            -57.376489,
                            -35.688043,
                            0
                        ],
                        [
                            -57.376424,
                            -35.687547,
                            0
                        ],
                        [
                            -57.376172,
                            -35.687128,
                            0
                        ],
                        [
                            -57.375936,
                            -35.686721,
                            0
                        ],
                        [
                            -57.375497,
                            -35.686391,
                            0
                        ],
                        [
                            -57.375058,
                            -35.686189,
                            0
                        ],
                        [
                            -57.374168,
                            -35.686217,
                            0
                        ],
                        [
                            -57.373591,
                            -35.686486,
                            0
                        ],
                        [
                            -57.37325,
                            -35.686984,
                            0
                        ],
                        [
                            -57.373002,
                            -35.687418,
                            0
                        ],
                        [
                            -57.37252,
                            -35.687903,
                            0
                        ],
                        [
                            -57.371865,
                            -35.688147,
                            0
                        ],
                        [
                            -57.371131,
                            -35.688162,
                            0
                        ],
                        [
                            -57.370568,
                            -35.68796,
                            0
                        ],
                        [
                            -57.370128,
                            -35.687567,
                            0
                        ],
                        [
                            -57.369797,
                            -35.686918,
                            0
                        ],
                        [
                            -57.369741,
                            -35.686245,
                            0
                        ],
                        [
                            -57.369911,
                            -35.685735,
                            0
                        ],
                        [
                            -57.370081,
                            -35.685353,
                            0
                        ],
                        [
                            -57.370501,
                            -35.68511,
                            0
                        ],
                        [
                            -57.371111,
                            -35.685222,
                            0
                        ],
                        [
                            -57.371987,
                            -35.685423,
                            0
                        ],
                        [
                            -57.372799,
                            -35.685472,
                            0
                        ],
                        [
                            -57.373392,
                            -35.685266,
                            0
                        ],
                        [
                            -57.373937,
                            -35.684908,
                            0
                        ],
                        [
                            -57.374372,
                            -35.684308,
                            0
                        ],
                        [
                            -57.374494,
                            -35.683633,
                            0
                        ],
                        [
                            -57.374445,
                            -35.683174,
                            0
                        ],
                        [
                            -57.374271,
                            -35.682793,
                            0
                        ],
                        [
                            -57.373802,
                            -35.682692,
                            0
                        ],
                        [
                            -57.37324,
                            -35.682783,
                            0
                        ],
                        [
                            -57.372757,
                            -35.683014,
                            0
                        ],
                        [
                            -57.371806,
                            -35.683386,
                            0
                        ],
                        [
                            -57.370962,
                            -35.683427,
                            0
                        ],
                        [
                            -57.37054,
                            -35.683314,
                            0
                        ],
                        [
                            -57.37032,
                            -35.683034,
                            0
                        ],
                        [
                            -57.370333,
                            -35.682563,
                            0
                        ],
                        [
                            -57.370627,
                            -35.681849,
                            0
                        ],
                        [
                            -57.370841,
                            -35.681419,
                            0
                        ],
                        [
                            -57.37073,
                            -35.681139,
                            0
                        ],
                        [
                            -57.370276,
                            -35.68095,
                            0
                        ],
                        [
                            -57.369167,
                            -35.6808,
                            0
                        ],
                        [
                            -57.368635,
                            -35.680649,
                            0
                        ],
                        [
                            -57.368539,
                            -35.680229,
                            0
                        ],
                        [
                            -57.368709,
                            -35.679821,
                            0
                        ],
                        [
                            -57.369051,
                            -35.679553,
                            0
                        ],
                        [
                            -57.369612,
                            -35.679118,
                            0
                        ],
                        [
                            -57.369766,
                            -35.678761,
                            0
                        ],
                        [
                            -57.369656,
                            -35.678507,
                            0
                        ],
                        [
                            -57.369405,
                            -35.678304,
                            0
                        ],
                        [
                            -57.368764,
                            -35.678204,
                            0
                        ],
                        [
                            -57.368062,
                            -35.67832,
                            0
                        ],
                        [
                            -57.367234,
                            -35.678349,
                            0
                        ],
                        [
                            -57.366749,
                            -35.678197,
                            0
                        ],
                        [
                            -57.366419,
                            -35.677752,
                            0
                        ],
                        [
                            -57.366339,
                            -35.677409,
                            0
                        ],
                        [
                            -57.366462,
                            -35.677014,
                            0
                        ],
                        [
                            -57.366883,
                            -35.676745,
                            0
                        ],
                        [
                            -57.367937,
                            -35.676353,
                            0
                        ],
                        [
                            -57.370027,
                            -35.675761,
                            0
                        ],
                        [
                            -57.370899,
                            -35.675147,
                            0
                        ],
                        [
                            -57.371911,
                            -35.674494,
                            0
                        ],
                        [
                            -57.372691,
                            -35.674135,
                            0
                        ],
                        [
                            -57.373939,
                            -35.673826,
                            0
                        ],
                        [
                            -57.375016,
                            -35.673721,
                            0
                        ],
                        [
                            -57.375751,
                            -35.673858,
                            0
                        ],
                        [
                            -57.376378,
                            -35.674289,
                            0
                        ],
                        [
                            -57.376755,
                            -35.674709,
                            0
                        ],
                        [
                            -57.376976,
                            -35.67523,
                            0
                        ],
                        [
                            -57.376933,
                            -35.675684,
                            0
                        ],
                        [
                            -57.376934,
                            -35.675964,
                            0
                        ],
                        [
                            -57.376498,
                            -35.676195,
                            0
                        ],
                        [
                            -57.376092,
                            -35.676171,
                            0
                        ],
                        [
                            -57.375342,
                            -35.676097,
                            0
                        ],
                        [
                            -57.374857,
                            -35.676022,
                            0
                        ],
                        [
                            -57.374077,
                            -35.676177,
                            0
                        ],
                        [
                            -57.37372,
                            -35.676547,
                            0
                        ],
                        [
                            -57.373487,
                            -35.677032,
                            0
                        ],
                        [
                            -57.373507,
                            -35.677822,
                            0
                        ],
                        [
                            -57.373573,
                            -35.678535,
                            0
                        ],
                        [
                            -57.373778,
                            -35.678967,
                            0
                        ],
                        [
                            -57.374248,
                            -35.679309,
                            0
                        ],
                        [
                            -57.37467,
                            -35.679486,
                            0
                        ],
                        [
                            -57.375296,
                            -35.679548,
                            0
                        ],
                        [
                            -57.375842,
                            -35.679419,
                            0
                        ],
                        [
                            -57.37634,
                            -35.679163,
                            0
                        ],
                        [
                            -57.376744,
                            -35.678537,
                            0
                        ],
                        [
                            -57.37699,
                            -35.677913,
                            0
                        ],
                        [
                            -57.377462,
                            -35.676941,
                            0
                        ],
                        [
                            -57.377897,
                            -35.676278,
                            0
                        ],
                        [
                            -57.378286,
                            -35.675933,
                            0
                        ],
                        [
                            -57.378972,
                            -35.675803,
                            0
                        ],
                        [
                            -57.379426,
                            -35.675916,
                            0
                        ],
                        [
                            -57.379661,
                            -35.676196,
                            0
                        ],
                        [
                            -57.379601,
                            -35.676731,
                            0
                        ],
                        [
                            -57.37937,
                            -35.677368,
                            0
                        ],
                        [
                            -57.379138,
                            -35.677828,
                            0
                        ],
                        [
                            -57.379233,
                            -35.678044,
                            0
                        ],
                        [
                            -57.379391,
                            -35.678413,
                            0
                        ],
                        [
                            -57.379814,
                            -35.678717,
                            0
                        ],
                        [
                            -57.380472,
                            -35.67916,
                            0
                        ],
                        [
                            -57.381082,
                            -35.67935,
                            0
                        ],
                        [
                            -57.382004,
                            -35.679347,
                            0
                        ],
                        [
                            -57.383034,
                            -35.679203,
                            0
                        ],
                        [
                            -57.384018,
                            -35.679302,
                            0
                        ],
                        [
                            -57.38472,
                            -35.679007,
                            0
                        ],
                        [
                            -57.38503,
                            -35.678586,
                            0
                        ],
                        [
                            -57.384966,
                            -35.678153,
                            0
                        ],
                        [
                            -57.384699,
                            -35.677784,
                            0
                        ],
                        [
                            -57.38426,
                            -35.677493,
                            0
                        ],
                        [
                            -57.383742,
                            -35.677125,
                            0
                        ],
                        [
                            -57.383288,
                            -35.676834,
                            0
                        ],
                        [
                            -57.383145,
                            -35.676274,
                            0
                        ],
                        [
                            -57.383221,
                            -35.675917,
                            0
                        ],
                        [
                            -57.383704,
                            -35.675559,
                            0
                        ],
                        [
                            -57.384251,
                            -35.675557,
                            0
                        ],
                        [
                            -57.38472,
                            -35.675772,
                            0
                        ],
                        [
                            -57.384909,
                            -35.676103,
                            0
                        ],
                        [
                            -57.385255,
                            -35.676662,
                            0
                        ],
                        [
                            -57.385648,
                            -35.677119,
                            0
                        ],
                        [
                            -57.386085,
                            -35.677118,
                            0
                        ],
                        [
                            -57.386334,
                            -35.676888,
                            0
                        ],
                        [
                            -57.386301,
                            -35.67628,
                            0
                        ],
                        [
                            -57.386377,
                            -35.676,
                            0
                        ],
                        [
                            -57.386812,
                            -35.675514,
                            0
                        ],
                        [
                            -57.387436,
                            -35.675169,
                            0
                        ],
                        [
                            -57.387684,
                            -35.6749,
                            0
                        ],
                        [
                            -57.387464,
                            -35.674557,
                            0
                        ],
                        [
                            -57.386837,
                            -35.674126,
                            0
                        ],
                        [
                            -57.386101,
                            -35.673798,
                            0
                        ],
                        [
                            -57.385881,
                            -35.673467,
                            0
                        ],
                        [
                            -57.385879,
                            -35.673123,
                            0
                        ],
                        [
                            -57.386112,
                            -35.672677,
                            0
                        ],
                        [
                            -57.386531,
                            -35.67223,
                            0
                        ],
                        [
                            -57.38695,
                            -35.671668,
                            0
                        ],
                        [
                            -57.387041,
                            -35.671069,
                            0
                        ],
                        [
                            -57.387241,
                            -35.670521,
                            0
                        ],
                        [
                            -57.387453,
                            -35.670238,
                            0
                        ],
                        [
                            -57.387921,
                            -35.670084,
                            0
                        ],
                        [
                            -57.388592,
                            -35.670145,
                            0
                        ],
                        [
                            -57.3895,
                            -35.670422,
                            0
                        ],
                        [
                            -57.390252,
                            -35.670904,
                            0
                        ],
                        [
                            -57.391128,
                            -35.671181,
                            0
                        ],
                        [
                            -57.391645,
                            -35.671485,
                            0
                        ],
                        [
                            -57.392194,
                            -35.671967,
                            0
                        ],
                        [
                            -57.393196,
                            -35.672563,
                            0
                        ],
                        [
                            -57.394055,
                            -35.672598,
                            0
                        ],
                        [
                            -57.394835,
                            -35.672252,
                            0
                        ],
                        [
                            -57.395395,
                            -35.671842,
                            0
                        ],
                        [
                            -57.395938,
                            -35.671038,
                            0
                        ],
                        [
                            -57.395935,
                            -35.670592,
                            0
                        ],
                        [
                            -57.395686,
                            -35.670177,
                            0
                        ],
                        [
                            -57.395435,
                            -35.670012,
                            0
                        ],
                        [
                            -57.39484,
                            -35.669658,
                            0
                        ],
                        [
                            -57.394634,
                            -35.669149,
                            0
                        ],
                        [
                            -57.394678,
                            -35.668461,
                            0
                        ],
                        [
                            -57.395033,
                            -35.667721,
                            0
                        ],
                        [
                            -57.395826,
                            -35.667062,
                            0
                        ],
                        [
                            -57.397232,
                            -35.666616,
                            0
                        ],
                        [
                            -57.398274,
                            -35.666254,
                            0
                        ],
                        [
                            -57.399133,
                            -35.666096,
                            0
                        ],
                        [
                            -57.399699,
                            -35.666084,
                            0
                        ],
                        [
                            -57.400316,
                            -35.666395,
                            0
                        ],
                        [
                            -57.400978,
                            -35.666808,
                            0
                        ],
                        [
                            -57.40157,
                            -35.666944,
                            0
                        ],
                        [
                            -57.401889,
                            -35.666641,
                            0
                        ],
                        [
                            -57.402349,
                            -35.666323,
                            0
                        ],
                        [
                            -57.401794,
                            -35.665197,
                            0
                        ],
                        [
                            -57.401594,
                            -35.664714,
                            0
                        ],
                        [
                            -57.401482,
                            -35.664284,
                            0
                        ],
                        [
                            -57.401811,
                            -35.664104,
                            0
                        ],
                        [
                            -57.402426,
                            -35.664174,
                            0
                        ],
                        [
                            -57.403129,
                            -35.664261,
                            0
                        ],
                        [
                            -57.403369,
                            -35.664117,
                            0
                        ],
                        [
                            -57.403455,
                            -35.663759,
                            0
                        ],
                        [
                            -57.403388,
                            -35.663383,
                            0
                        ],
                        [
                            -57.403364,
                            -35.662989,
                            0
                        ],
                        [
                            -57.403538,
                            -35.662684,
                            0
                        ],
                        [
                            -57.403822,
                            -35.662432,
                            0
                        ],
                        [
                            -57.404151,
                            -35.662324,
                            0
                        ],
                        [
                            -57.404524,
                            -35.662394,
                            0
                        ],
                        [
                            -57.404943,
                            -35.662823,
                            0
                        ],
                        [
                            -57.405386,
                            -35.663519,
                            0
                        ],
                        [
                            -57.406027,
                            -35.664359,
                            0
                        ],
                        [
                            -57.406622,
                            -35.664822,
                            0
                        ],
                        [
                            -57.407742,
                            -35.664998,
                            0
                        ],
                        [
                            -57.408795,
                            -35.664922,
                            0
                        ],
                        [
                            -57.410374,
                            -35.664631,
                            0
                        ],
                        [
                            -57.411009,
                            -35.664217,
                            0
                        ],
                        [
                            -57.411183,
                            -35.663894,
                            0
                        ],
                        [
                            -57.411158,
                            -35.663428,
                            0
                        ],
                        [
                            -57.410901,
                            -35.663112,
                            0
                        ],
                        [
                            -57.410329,
                            -35.662792,
                            0
                        ],
                        [
                            -57.41013,
                            -35.662542,
                            0
                        ],
                        [
                            -57.410018,
                            -35.662095,
                            0
                        ],
                        [
                            -57.410235,
                            -35.661628,
                            0
                        ],
                        [
                            -57.410906,
                            -35.659818,
                            0
                        ],
                        [
                            -57.410948,
                            -35.659352,
                            0
                        ],
                        [
                            -57.411032,
                            -35.658582,
                            0
                        ],
                        [
                            -57.411205,
                            -35.658205,
                            0
                        ],
                        [
                            -57.411578,
                            -35.658096,
                            0
                        ],
                        [
                            -57.412105,
                            -35.658184,
                            0
                        ],
                        [
                            -57.412636,
                            -35.658863,
                            0
                        ],
                        [
                            -57.413143,
                            -35.659362,
                            0
                        ],
                        [
                            -57.413692,
                            -35.659468,
                            0
                        ],
                        [
                            -57.414438,
                            -35.659376,
                            0
                        ],
                        [
                            -57.415139,
                            -35.659033,
                            0
                        ],
                        [
                            -57.415771,
                            -35.658297,
                            0
                        ],
                        [
                            -57.418302,
                            -35.655262,
                            0
                        ],
                        [
                            -57.418714,
                            -35.654348,
                            0
                        ],
                        [
                            -57.418687,
                            -35.653865,
                            0
                        ],
                        [
                            -57.418663,
                            -35.653453,
                            0
                        ],
                        [
                            -57.418573,
                            -35.653006,
                            0
                        ],
                        [
                            -57.418308,
                            -35.65281,
                            0
                        ],
                        [
                            -57.417519,
                            -35.652866,
                            0
                        ],
                        [
                            -57.416224,
                            -35.652978,
                            0
                        ],
                        [
                            -57.415742,
                            -35.653016,
                            0
                        ],
                        [
                            -57.414973,
                            -35.652875,
                            0
                        ],
                        [
                            -57.414202,
                            -35.652359,
                            0
                        ],
                        [
                            -57.413475,
                            -35.651806,
                            0
                        ],
                        [
                            -57.413166,
                            -35.651485,
                            0
                        ],
                        [
                            -57.413142,
                            -35.651109,
                            0
                        ],
                        [
                            -57.413272,
                            -35.65075,
                            0
                        ],
                        [
                            -57.415991,
                            -35.646086,
                            0
                        ],
                        [
                            -57.41625,
                            -35.645243,
                            0
                        ],
                        [
                            -57.416614,
                            -35.644629,
                            0
                        ],
                        [
                            -57.417029,
                            -35.644288,
                            0
                        ],
                        [
                            -57.417467,
                            -35.644053,
                            0
                        ],
                        [
                            -57.418256,
                            -35.643854,
                            0
                        ],
                        [
                            -57.419705,
                            -35.643885,
                            0
                        ],
                        [
                            -57.420648,
                            -35.643827,
                            0
                        ],
                        [
                            -57.421393,
                            -35.643664,
                            0
                        ],
                        [
                            -57.42229,
                            -35.643141,
                            0
                        ],
                        [
                            -57.422618,
                            -35.642907,
                            0
                        ],
                        [
                            -57.423232,
                            -35.64278,
                            0
                        ],
                        [
                            -57.423804,
                            -35.643064,
                            0
                        ],
                        [
                            -57.42506,
                            -35.643973,
                            0
                        ],
                        [
                            -57.425962,
                            -35.644453,
                            0
                        ],
                        [
                            -57.427038,
                            -35.644575,
                            0
                        ],
                        [
                            -57.42752,
                            -35.644394,
                            0
                        ],
                        [
                            -57.428254,
                            -35.64384,
                            0
                        ],
                        [
                            -57.430203,
                            -35.64301,
                            0
                        ],
                        [
                            -57.430706,
                            -35.642578,
                            0
                        ],
                        [
                            -57.431403,
                            -35.641752,
                            0
                        ],
                        [
                            -57.432276,
                            -35.640728,
                            0
                        ],
                        [
                            -57.433215,
                            -35.639901,
                            0
                        ],
                        [
                            -57.434417,
                            -35.639091,
                            0
                        ],
                        [
                            -57.4353,
                            -35.638634,
                            0
                        ],
                        [
                            -57.437732,
                            -35.637819,
                            0
                        ],
                        [
                            -57.438739,
                            -35.637386,
                            0
                        ],
                        [
                            -57.43913,
                            -35.636722,
                            0
                        ],
                        [
                            -57.439389,
                            -35.635915,
                            0
                        ],
                        [
                            -57.439559,
                            -35.634876,
                            0
                        ],
                        [
                            -57.439926,
                            -35.633854,
                            0
                        ],
                        [
                            -57.44001,
                            -35.633084,
                            0
                        ],
                        [
                            -57.43976,
                            -35.631996,
                            0
                        ],
                        [
                            -57.439137,
                            -35.630386,
                            0
                        ],
                        [
                            -57.438516,
                            -35.6291,
                            0
                        ],
                        [
                            -57.438399,
                            -35.627757,
                            0
                        ],
                        [
                            -57.438325,
                            -35.626379,
                            0
                        ],
                        [
                            -57.438081,
                            -35.625753,
                            0
                        ],
                        [
                            -57.437148,
                            -35.623625,
                            0
                        ],
                        [
                            -57.436817,
                            -35.623304,
                            0
                        ],
                        [
                            -57.436363,
                            -35.623124,
                            0
                        ],
                        [
                            -57.43542,
                            -35.623199,
                            0
                        ],
                        [
                            -57.434785,
                            -35.623434,
                            0
                        ],
                        [
                            -57.434415,
                            -35.623829,
                            0
                        ],
                        [
                            -57.434156,
                            -35.624654,
                            0
                        ],
                        [
                            -57.43383,
                            -35.625246,
                            0
                        ],
                        [
                            -57.43337,
                            -35.625426,
                            0
                        ],
                        [
                            -57.431591,
                            -35.625128,
                            0
                        ],
                        [
                            -57.430517,
                            -35.625258,
                            0
                        ],
                        [
                            -57.429595,
                            -35.625261,
                            0
                        ],
                        [
                            -57.429177,
                            -35.625047,
                            0
                        ],
                        [
                            -57.429065,
                            -35.624547,
                            0
                        ],
                        [
                            -57.429171,
                            -35.623884,
                            0
                        ],
                        [
                            -57.429409,
                            -35.623149,
                            0
                        ],
                        [
                            -57.429402,
                            -35.622365,
                            0
                        ],
                        [
                            -57.429445,
                            -35.622078,
                            0
                        ],
                        [
                            -57.429258,
                            -35.620073,
                            0
                        ],
                        [
                            -57.428857,
                            -35.618821,
                            0
                        ],
                        [
                            -57.428082,
                            -35.617499,
                            0
                        ],
                        [
                            -57.427223,
                            -35.616804,
                            0
                        ],
                        [
                            -57.426824,
                            -35.616125,
                            0
                        ],
                        [
                            -57.426952,
                            -35.615372,
                            0
                        ],
                        [
                            -57.427585,
                            -35.614761,
                            0
                        ],
                        [
                            -57.428241,
                            -35.614473,
                            0
                        ],
                        [
                            -57.429293,
                            -35.614254,
                            0
                        ],
                        [
                            -57.43085,
                            -35.614069,
                            0
                        ],
                        [
                            -57.432164,
                            -35.613742,
                            0
                        ],
                        [
                            -57.433651,
                            -35.613191,
                            0
                        ],
                        [
                            -57.434768,
                            -35.612847,
                            0
                        ],
                        [
                            -57.435927,
                            -35.612216,
                            0
                        ],
                        [
                            -57.437613,
                            -35.611637,
                            0
                        ],
                        [
                            -57.439959,
                            -35.611324,
                            0
                        ],
                        [
                            -57.441076,
                            -35.611105,
                            0
                        ],
                        [
                            -57.4455,
                            -35.609781,
                            0
                        ],
                        [
                            -57.447011,
                            -35.6094,
                            0
                        ],
                        [
                            -57.447777,
                            -35.608985,
                            0
                        ],
                        [
                            -57.448487,
                            -35.608178,
                            0
                        ],
                        [
                            -57.44877,
                            -35.607801,
                            0
                        ],
                        [
                            -57.448942,
                            -35.607227,
                            0
                        ],
                        [
                            -57.449071,
                            -35.606761,
                            0
                        ],
                        [
                            -57.449154,
                            -35.605919,
                            0
                        ],
                        [
                            -57.449215,
                            -35.605078,
                            0
                        ],
                        [
                            -57.449452,
                            -35.604307,
                            0
                        ],
                        [
                            -57.449821,
                            -35.603625,
                            0
                        ],
                        [
                            -57.450541,
                            -35.602906,
                            0
                        ],
                        [
                            -57.451415,
                            -35.602312,
                            0
                        ],
                        [
                            -57.452421,
                            -35.601717,
                            0
                        ],
                        [
                            -57.452987,
                            -35.600963,
                            0
                        ],
                        [
                            -57.453443,
                            -35.600138,
                            0
                        ],
                        [
                            -57.453921,
                            -35.59933,
                            0
                        ],
                        [
                            -57.454532,
                            -35.598791,
                            0
                        ],
                        [
                            -57.455359,
                            -35.598616,
                            0
                        ],
                        [
                            -57.457355,
                            -35.598626,
                            0
                        ],
                        [
                            -57.458473,
                            -35.598478,
                            0
                        ],
                        [
                            -57.459413,
                            -35.597973,
                            0
                        ],
                        [
                            -57.46173,
                            -35.596604,
                            0
                        ],
                        [
                            -57.463085,
                            -35.595811,
                            0
                        ],
                        [
                            -57.463652,
                            -35.595253,
                            0
                        ],
                        [
                            -57.464048,
                            -35.594505,
                            0
                        ],
                        [
                            -57.464258,
                            -35.592821,
                            0
                        ],
                        [
                            -57.464754,
                            -35.591333,
                            0
                        ],
                        [
                            -57.465011,
                            -35.590258,
                            0
                        ],
                        [
                            -57.464984,
                            -35.589434,
                            0
                        ],
                        [
                            -57.464802,
                            -35.588361,
                            0
                        ],
                        [
                            -57.464467,
                            -35.58718,
                            0
                        ],
                        [
                            -57.463826,
                            -35.586395,
                            0
                        ],
                        [
                            -57.463083,
                            -35.585777,
                            0
                        ],
                        [
                            -57.462709,
                            -35.585689,
                            0
                        ],
                        [
                            -57.462271,
                            -35.585726,
                            0
                        ],
                        [
                            -57.461703,
                            -35.58614,
                            0
                        ],
                        [
                            -57.461158,
                            -35.586661,
                            0
                        ],
                        [
                            -57.460546,
                            -35.587004,
                            0
                        ],
                        [
                            -57.459867,
                            -35.58715,
                            0
                        ],
                        [
                            -57.459317,
                            -35.586901,
                            0
                        ],
                        [
                            -57.458833,
                            -35.586616,
                            0
                        ],
                        [
                            -57.458435,
                            -35.586027,
                            0
                        ],
                        [
                            -57.457835,
                            -35.584687,
                            0
                        ],
                        [
                            -57.457459,
                            -35.584097,
                            0
                        ],
                        [
                            -57.456356,
                            -35.582884,
                            0
                        ],
                        [
                            -57.456135,
                            -35.58258,
                            0
                        ],
                        [
                            -57.455844,
                            -35.581543,
                            0
                        ],
                        [
                            -57.455531,
                            -35.580523,
                            0
                        ],
                        [
                            -57.454884,
                            -35.579131,
                            0
                        ],
                        [
                            -57.454573,
                            -35.578398,
                            0
                        ],
                        [
                            -57.454394,
                            -35.577682,
                            0
                        ],
                        [
                            -57.454434,
                            -35.577055,
                            0
                        ],
                        [
                            -57.454519,
                            -35.57659,
                            0
                        ],
                        [
                            -57.454779,
                            -35.575962,
                            0
                        ],
                        [
                            -57.454929,
                            -35.57537,
                            0
                        ],
                        [
                            -57.454988,
                            -35.574224,
                            0
                        ],
                        [
                            -57.455092,
                            -35.573221,
                            0
                        ],
                        [
                            -57.455197,
                            -35.572343,
                            0
                        ],
                        [
                            -57.455413,
                            -35.571734,
                            0
                        ],
                        [
                            -57.455846,
                            -35.570855,
                            0
                        ],
                        [
                            -57.456016,
                            -35.570193,
                            0
                        ],
                        [
                            -57.456036,
                            -35.569907,
                            0
                        ],
                        [
                            -57.456012,
                            -35.569495,
                            0
                        ],
                        [
                            -57.455679,
                            -35.568762,
                            0
                        ],
                        [
                            -57.454774,
                            -35.567727,
                            0
                        ],
                        [
                            -57.453671,
                            -35.566514,
                            0
                        ],
                        [
                            -57.452742,
                            -35.565013,
                            0
                        ],
                        [
                            -57.452516,
                            -35.563904,
                            0
                        ],
                        [
                            -57.452466,
                            -35.562758,
                            0
                        ],
                        [
                            -57.452617,
                            -35.561955,
                            0
                        ],
                        [
                            -57.453115,
                            -35.560843,
                            0
                        ],
                        [
                            -57.453616,
                            -35.560232,
                            0
                        ],
                        [
                            -57.453943,
                            -35.559944,
                            0
                        ],
                        [
                            -57.454709,
                            -35.55978,
                            0
                        ],
                        [
                            -57.455279,
                            -35.559814,
                            0
                        ],
                        [
                            -57.45618,
                            -35.560061,
                            0
                        ],
                        [
                            -57.457232,
                            -35.560093,
                            0
                        ],
                        [
                            -57.457954,
                            -35.559893,
                            0
                        ],
                        [
                            -57.458674,
                            -35.559282,
                            0
                        ],
                        [
                            -57.459174,
                            -35.558546,
                            0
                        ],
                        [
                            -57.459301,
                            -35.557739,
                            0
                        ],
                        [
                            -57.459297,
                            -35.557059,
                            0
                        ],
                        [
                            -57.459096,
                            -35.556344,
                            0
                        ],
                        [
                            -57.458455,
                            -35.555451,
                            0
                        ],
                        [
                            -57.45764,
                            -35.554702,
                            0
                        ],
                        [
                            -57.4563,
                            -35.554206,
                            0
                        ],
                        [
                            -57.455423,
                            -35.554173,
                            0
                        ],
                        [
                            -57.454394,
                            -35.554374,
                            0
                        ],
                        [
                            -57.452948,
                            -35.554576,
                            0
                        ],
                        [
                            -57.451852,
                            -35.554563,
                            0
                        ],
                        [
                            -57.451412,
                            -35.554296,
                            0
                        ],
                        [
                            -57.45119,
                            -35.553795,
                            0
                        ],
                        [
                            -57.451165,
                            -35.553099,
                            0
                        ],
                        [
                            -57.451208,
                            -35.552812,
                            0
                        ],
                        [
                            -57.451882,
                            -35.551861,
                            0
                        ],
                        [
                            -57.453143,
                            -35.549976,
                            0
                        ],
                        [
                            -57.453422,
                            -35.548972,
                            0
                        ],
                        [
                            -57.453523,
                            -35.54745,
                            0
                        ],
                        [
                            -57.453714,
                            -35.546303,
                            0
                        ],
                        [
                            -57.454256,
                            -35.545209,
                            0
                        ],
                        [
                            -57.454362,
                            -35.544689,
                            0
                        ],
                        [
                            -57.45414,
                            -35.544081,
                            0
                        ],
                        [
                            -57.453622,
                            -35.543657,
                            0
                        ],
                        [
                            -57.453029,
                            -35.543409,
                            0
                        ],
                        [
                            -57.45215,
                            -35.543,
                            0
                        ],
                        [
                            -57.451423,
                            -35.542412,
                            0
                        ],
                        [
                            -57.450584,
                            -35.541233,
                            0
                        ],
                        [
                            -57.45023,
                            -35.54068,
                            0
                        ],
                        [
                            -57.449921,
                            -35.540323,
                            0
                        ],
                        [
                            -57.449327,
                            -35.539913,
                            0
                        ],
                        [
                            -57.44768,
                            -35.539328,
                            0
                        ],
                        [
                            -57.447197,
                            -35.539062,
                            0
                        ],
                        [
                            -57.446966,
                            -35.538028,
                            0
                        ],
                        [
                            -57.44685,
                            -35.536883,
                            0
                        ],
                        [
                            -57.446974,
                            -35.535468,
                            0
                        ],
                        [
                            -57.446897,
                            -35.53357,
                            0
                        ],
                        [
                            -57.447002,
                            -35.532675,
                            0
                        ],
                        [
                            -57.446954,
                            -35.531994,
                            0
                        ],
                        [
                            -57.446688,
                            -35.531458,
                            0
                        ],
                        [
                            -57.44627,
                            -35.531119,
                            0
                        ],
                        [
                            -57.445809,
                            -35.530942,
                            0
                        ],
                        [
                            -57.445195,
                            -35.530944,
                            0
                        ],
                        [
                            -57.444209,
                            -35.530948,
                            0
                        ],
                        [
                            -57.443288,
                            -35.530826,
                            0
                        ],
                        [
                            -57.442914,
                            -35.530469,
                            0
                        ],
                        [
                            -57.442627,
                            -35.530094,
                            0
                        ],
                        [
                            -57.442752,
                            -35.52947,
                            0
                        ],
                        [
                            -57.443272,
                            -35.528465,
                            0
                        ],
                        [
                            -57.443838,
                            -35.527783,
                            0
                        ],
                        [
                            -57.444338,
                            -35.527029,
                            0
                        ],
                        [
                            -57.444728,
                            -35.526186,
                            0
                        ],
                        [
                            -57.444965,
                            -35.525504,
                            0
                        ],
                        [
                            -57.444983,
                            -35.52477,
                            0
                        ],
                        [
                            -57.444784,
                            -35.524467,
                            0
                        ],
                        [
                            -57.444629,
                            -35.524181,
                            0
                        ],
                        [
                            -57.444102,
                            -35.523932,
                            0
                        ],
                        [
                            -57.443575,
                            -35.523862,
                            0
                        ],
                        [
                            -57.443028,
                            -35.523954,
                            0
                        ],
                        [
                            -57.442438,
                            -35.524207,
                            0
                        ],
                        [
                            -57.441541,
                            -35.524461,
                            0
                        ],
                        [
                            -57.441211,
                            -35.524283,
                            0
                        ],
                        [
                            -57.440814,
                            -35.523837,
                            0
                        ],
                        [
                            -57.440572,
                            -35.523515,
                            0
                        ],
                        [
                            -57.440241,
                            -35.523176,
                            0
                        ],
                        [
                            -57.439819,
                            -35.522843,
                            0
                        ],
                        [
                            -57.439445,
                            -35.522522,
                            0
                        ],
                        [
                            -57.438654,
                            -35.522185,
                            0
                        ],
                        [
                            -57.437511,
                            -35.521598,
                            0
                        ],
                        [
                            -57.437093,
                            -35.521242,
                            0
                        ],
                        [
                            -57.436565,
                            -35.520868,
                            0
                        ],
                        [
                            -57.436124,
                            -35.520386,
                            0
                        ],
                        [
                            -57.435814,
                            -35.519635,
                            0
                        ],
                        [
                            -57.4357,
                            -35.518919,
                            0
                        ],
                        [
                            -57.435848,
                            -35.517808,
                            0
                        ],
                        [
                            -57.436407,
                            -35.515998,
                            0
                        ],
                        [
                            -57.437146,
                            -35.514813,
                            0
                        ],
                        [
                            -57.437493,
                            -35.514114,
                            0
                        ],
                        [
                            -57.43761,
                            -35.513434,
                            0
                        ],
                        [
                            -57.437758,
                            -35.512502,
                            0
                        ],
                        [
                            -57.43817,
                            -35.511731,
                            0
                        ],
                        [
                            -57.43889,
                            -35.51103,
                            0
                        ],
                        [
                            -57.439873,
                            -35.510507,
                            0
                        ],
                        [
                            -57.441076,
                            -35.510109,
                            0
                        ],
                        [
                            -57.442586,
                            -35.50987,
                            0
                        ],
                        [
                            -57.443923,
                            -35.509955,
                            0
                        ],
                        [
                            -57.444338,
                            -35.509828,
                            0
                        ],
                        [
                            -57.44523,
                            -35.508715,
                            0
                        ],
                        [
                            -57.446126,
                            -35.508192,
                            0
                        ],
                        [
                            -57.447199,
                            -35.508099,
                            0
                        ],
                        [
                            -57.447526,
                            -35.507883,
                            0
                        ],
                        [
                            -57.447918,
                            -35.507398,
                            0
                        ],
                        [
                            -57.448657,
                            -35.506303,
                            0
                        ],
                        [
                            -57.44977,
                            -35.505511,
                            0
                        ],
                        [
                            -57.450796,
                            -35.504916,
                            0
                        ],
                        [
                            -57.451756,
                            -35.504567,
                            0
                        ],
                        [
                            -57.452762,
                            -35.504241,
                            0
                        ],
                        [
                            -57.453812,
                            -35.503861,
                            0
                        ],
                        [
                            -57.454644,
                            -35.503804,
                            0
                        ],
                        [
                            -57.45585,
                            -35.504032,
                            0
                        ],
                        [
                            -57.45688,
                            -35.504064,
                            0
                        ],
                        [
                            -57.458961,
                            -35.504092,
                            0
                        ],
                        [
                            -57.460493,
                            -35.503889,
                            0
                        ],
                        [
                            -57.461447,
                            -35.503681,
                            0
                        ],
                        [
                            -57.462411,
                            -35.503552,
                            0
                        ],
                        [
                            -57.464422,
                            -35.502917,
                            0
                        ],
                        [
                            -57.466171,
                            -35.502284,
                            0
                        ],
                        [
                            -57.467175,
                            -35.501689,
                            0
                        ],
                        [
                            -57.468422,
                            -35.501236,
                            0
                        ],
                        [
                            -57.469755,
                            -35.500712,
                            0
                        ],
                        [
                            -57.470496,
                            -35.500154,
                            0
                        ],
                        [
                            -57.470559,
                            -35.499581,
                            0
                        ],
                        [
                            -57.470381,
                            -35.499206,
                            0
                        ],
                        [
                            -57.470005,
                            -35.498782,
                            0
                        ],
                        [
                            -57.469389,
                            -35.498408,
                            0
                        ],
                        [
                            -57.467895,
                            -35.49768,
                            0
                        ],
                        [
                            -57.464184,
                            -35.496011,
                            0
                        ],
                        [
                            -57.463108,
                            -35.495657,
                            0
                        ],
                        [
                            -57.462559,
                            -35.495373,
                            0
                        ],
                        [
                            -57.462183,
                            -35.494784,
                            0
                        ],
                        [
                            -57.462159,
                            -35.494264,
                            0
                        ],
                        [
                            -57.462265,
                            -35.493655,
                            0
                        ],
                        [
                            -57.463506,
                            -35.492397,
                            0
                        ],
                        [
                            -57.46416,
                            -35.491857,
                            0
                        ],
                        [
                            -57.465251,
                            -35.491155,
                            0
                        ],
                        [
                            -57.466431,
                            -35.490667,
                            0
                        ],
                        [
                            -57.467635,
                            -35.490501,
                            0
                        ],
                        [
                            -57.469211,
                            -35.490423,
                            0
                        ],
                        [
                            -57.470372,
                            -35.490311,
                            0
                        ],
                        [
                            -57.471794,
                            -35.490109,
                            0
                        ],
                        [
                            -57.473212,
                            -35.489751,
                            0
                        ],
                        [
                            -57.474809,
                            -35.489405,
                            0
                        ],
                        [
                            -57.476493,
                            -35.48913,
                            0
                        ],
                        [
                            -57.478616,
                            -35.488745,
                            0
                        ],
                        [
                            -57.479797,
                            -35.488454,
                            0
                        ],
                        [
                            -57.480451,
                            -35.48804,
                            0
                        ],
                        [
                            -57.481084,
                            -35.487536,
                            0
                        ],
                        [
                            -57.481453,
                            -35.487122,
                            0
                        ],
                        [
                            -57.481472,
                            -35.486567,
                            0
                        ],
                        [
                            -57.481185,
                            -35.486174,
                            0
                        ],
                        [
                            -57.480789,
                            -35.485818,
                            0
                        ],
                        [
                            -57.47993,
                            -35.485415,
                            0
                        ],
                        [
                            -57.479402,
                            -35.485059,
                            0
                        ],
                        [
                            -57.478631,
                            -35.484364,
                            0
                        ],
                        [
                            -57.478169,
                            -35.483972,
                            0
                        ],
                        [
                            -57.478012,
                            -35.4834,
                            0
                        ],
                        [
                            -57.478229,
                            -35.483023,
                            0
                        ],
                        [
                            -57.47884,
                            -35.482698,
                            0
                        ],
                        [
                            -57.479627,
                            -35.482426,
                            0
                        ],
                        [
                            -57.480501,
                            -35.482029,
                            0
                        ],
                        [
                            -57.481154,
                            -35.481471,
                            0
                        ],
                        [
                            -57.481828,
                            -35.480627,
                            0
                        ],
                        [
                            -57.48237,
                            -35.479712,
                            0
                        ],
                        [
                            -57.482713,
                            -35.478475,
                            0
                        ],
                        [
                            -57.482693,
                            -35.477709,
                            0
                        ],
                        [
                            -57.482425,
                            -35.47694,
                            0
                        ],
                        [
                            -57.48207,
                            -35.476118,
                            0
                        ],
                        [
                            -57.481978,
                            -35.475438,
                            0
                        ],
                        [
                            -57.482042,
                            -35.475044,
                            0
                        ],
                        [
                            -57.482346,
                            -35.474631,
                            0
                        ],
                        [
                            -57.482628,
                            -35.474271,
                            0
                        ],
                        [
                            -57.482691,
                            -35.473752,
                            0
                        ],
                        [
                            -57.482601,
                            -35.473466,
                            0
                        ],
                        [
                            -57.482314,
                            -35.472948,
                            0
                        ],
                        [
                            -57.482113,
                            -35.472375,
                            0
                        ],
                        [
                            -57.482155,
                            -35.471981,
                            0
                        ],
                        [
                            -57.482372,
                            -35.471712,
                            0
                        ],
                        [
                            -57.482918,
                            -35.471459,
                            0
                        ],
                        [
                            -57.483465,
                            -35.471367,
                            0
                        ],
                        [
                            -57.484232,
                            -35.471507,
                            0
                        ],
                        [
                            -57.485044,
                            -35.471755,
                            0
                        ],
                        [
                            -57.485746,
                            -35.471949,
                            0
                        ],
                        [
                            -57.486381,
                            -35.471929,
                            0
                        ],
                        [
                            -57.487145,
                            -35.471514,
                            0
                        ],
                        [
                            -57.488036,
                            -35.470489,
                            0
                        ],
                        [
                            -57.488474,
                            -35.469434,
                            0
                        ],
                        [
                            -57.488579,
                            -35.468646,
                            0
                        ],
                        [
                            -57.488463,
                            -35.467554,
                            0
                        ],
                        [
                            -57.488107,
                            -35.466696,
                            0
                        ],
                        [
                            -57.487335,
                            -35.465678,
                            0
                        ],
                        [
                            -57.486296,
                            -35.464107,
                            0
                        ],
                        [
                            -57.486199,
                            -35.463257,
                            0
                        ],
                        [
                            -57.486111,
                            -35.462478,
                            0
                        ],
                        [
                            -57.486498,
                            -35.461381,
                            0
                        ],
                        [
                            -57.487152,
                            -35.460737,
                            0
                        ],
                        [
                            -57.487655,
                            -35.460717,
                            0
                        ],
                        [
                            -57.488182,
                            -35.461002,
                            0
                        ],
                        [
                            -57.488579,
                            -35.461412,
                            0
                        ],
                        [
                            -57.488911,
                            -35.462091,
                            0
                        ],
                        [
                            -57.488981,
                            -35.462681,
                            0
                        ],
                        [
                            -57.488943,
                            -35.463774,
                            0
                        ],
                        [
                            -57.489166,
                            -35.464346,
                            0
                        ],
                        [
                            -57.489475,
                            -35.46481,
                            0
                        ],
                        [
                            -57.490158,
                            -35.465416,
                            0
                        ],
                        [
                            -57.49073,
                            -35.465826,
                            0
                        ],
                        [
                            -57.491257,
                            -35.466128,
                            0
                        ],
                        [
                            -57.491456,
                            -35.466539,
                            0
                        ],
                        [
                            -57.491643,
                            -35.466891,
                            0
                        ],
                        [
                            -57.491711,
                            -35.467231,
                            0
                        ],
                        [
                            -57.491713,
                            -35.467589,
                            0
                        ],
                        [
                            -57.491693,
                            -35.46793,
                            0
                        ],
                        [
                            -57.49163,
                            -35.468288,
                            0
                        ],
                        [
                            -57.491633,
                            -35.468843,
                            0
                        ],
                        [
                            -57.491789,
                            -35.469308,
                            0
                        ],
                        [
                            -57.491967,
                            -35.469737,
                            0
                        ],
                        [
                            -57.492189,
                            -35.470202,
                            0
                        ],
                        [
                            -57.492477,
                            -35.470702,
                            0
                        ],
                        [
                            -57.492785,
                            -35.471041,
                            0
                        ],
                        [
                            -57.493313,
                            -35.471415,
                            0
                        ],
                        [
                            -57.493834,
                            -35.471639,
                            0
                        ],
                        [
                            -57.494341,
                            -35.471719,
                            0
                        ],
                        [
                            -57.494847,
                            -35.471713,
                            0
                        ],
                        [
                            -57.495266,
                            -35.471637,
                            0
                        ],
                        [
                            -57.49572,
                            -35.47138,
                            0
                        ],
                        [
                            -57.496285,
                            -35.47103,
                            0
                        ],
                        [
                            -57.496612,
                            -35.470411,
                            0
                        ],
                        [
                            -57.496772,
                            -35.469618,
                            0
                        ],
                        [
                            -57.496931,
                            -35.468498,
                            0
                        ],
                        [
                            -57.49721,
                            -35.467782,
                            0
                        ],
                        [
                            -57.497821,
                            -35.467393,
                            0
                        ],
                        [
                            -57.498576,
                            -35.467216,
                            0
                        ],
                        [
                            -57.499379,
                            -35.467136,
                            0
                        ],
                        [
                            -57.500133,
                            -35.46692,
                            0
                        ],
                        [
                            -57.500557,
                            -35.466667,
                            0
                        ],
                        [
                            -57.500674,
                            -35.46657,
                            0
                        ],
                        [
                            -57.501264,
                            -35.466471,
                            0
                        ],
                        [
                            -57.501854,
                            -35.466353,
                            0
                        ],
                        [
                            -57.502565,
                            -35.466375,
                            0
                        ],
                        [
                            -57.503288,
                            -35.466639,
                            0
                        ],
                        [
                            -57.503998,
                            -35.466945,
                            0
                        ],
                        [
                            -57.504755,
                            -35.467115,
                            0
                        ],
                        [
                            -57.505772,
                            -35.467362,
                            0
                        ],
                        [
                            -57.506813,
                            -35.46757,
                            0
                        ],
                        [
                            -57.507498,
                            -35.467644,
                            0
                        ],
                        [
                            -57.507994,
                            -35.467681,
                            0
                        ],
                        [
                            -57.508772,
                            -35.467504,
                            0
                        ],
                        [
                            -57.509314,
                            -35.46727,
                            0
                        ],
                        [
                            -57.509926,
                            -35.46692,
                            0
                        ],
                        [
                            -57.510516,
                            -35.466782,
                            0
                        ],
                        [
                            -57.511082,
                            -35.46678,
                            0
                        ],
                        [
                            -57.511674,
                            -35.466932,
                            0
                        ],
                        [
                            -57.512337,
                            -35.467315,
                            0
                        ],
                        [
                            -57.513122,
                            -35.468084,
                            0
                        ],
                        [
                            -57.513621,
                            -35.468565,
                            0
                        ],
                        [
                            -57.514403,
                            -35.468967,
                            0
                        ],
                        [
                            -57.515887,
                            -35.469121,
                            0
                        ],
                        [
                            -57.516977,
                            -35.46958,
                            0
                        ],
                        [
                            -57.518137,
                            -35.470019,
                            0
                        ],
                        [
                            -57.519131,
                            -35.470382,
                            0
                        ],
                        [
                            -57.519842,
                            -35.470746,
                            0
                        ],
                        [
                            -57.520413,
                            -35.471323,
                            0
                        ],
                        [
                            -57.521057,
                            -35.472401,
                            0
                        ],
                        [
                            -57.52132,
                            -35.472844,
                            0
                        ],
                        [
                            -57.521841,
                            -35.473093,
                            0
                        ],
                        [
                            -57.522337,
                            -35.473033,
                            0
                        ],
                        [
                            -57.522619,
                            -35.472839,
                            0
                        ],
                        [
                            -57.523158,
                            -35.47218,
                            0
                        ],
                        [
                            -57.523697,
                            -35.471656,
                            0
                        ],
                        [
                            -57.524238,
                            -35.47119,
                            0
                        ],
                        [
                            -57.524943,
                            -35.470762,
                            0
                        ],
                        [
                            -57.525886,
                            -35.470507,
                            0
                        ],
                        [
                            -57.526901,
                            -35.470309,
                            0
                        ],
                        [
                            -57.527657,
                            -35.470306,
                            0
                        ],
                        [
                            -57.528815,
                            -35.470456,
                            0
                        ],
                        [
                            -57.530162,
                            -35.470662,
                            0
                        ],
                        [
                            -57.531885,
                            -35.470771,
                            0
                        ],
                        [
                            -57.533492,
                            -35.470841,
                            0
                        ],
                        [
                            -57.534272,
                            -35.470896,
                            0
                        ],
                        [
                            -57.534745,
                            -35.47101,
                            0
                        ],
                        [
                            -57.535124,
                            -35.471201,
                            0
                        ],
                        [
                            -57.535905,
                            -35.471468,
                            0
                        ],
                        [
                            -57.536827,
                            -35.471638,
                            0
                        ],
                        [
                            -57.53815,
                            -35.471651,
                            0
                        ],
                        [
                            -57.538904,
                            -35.471435,
                            0
                        ],
                        [
                            -57.539871,
                            -35.47118,
                            0
                        ],
                        [
                            -57.541003,
                            -35.471001,
                            0
                        ],
                        [
                            -57.542232,
                            -35.471034,
                            0
                        ],
                        [
                            -57.54339,
                            -35.471145,
                            0
                        ],
                        [
                            -57.544476,
                            -35.471063,
                            0
                        ],
                        [
                            -57.544875,
                            -35.470752,
                            0
                        ],
                        [
                            -57.545338,
                            -35.470277,
                            0
                        ],
                        [
                            -57.546043,
                            -35.469694,
                            0
                        ],
                        [
                            -57.546866,
                            -35.46915,
                            0
                        ],
                        [
                            -57.547101,
                            -35.468917,
                            0
                        ],
                        [
                            -57.54724,
                            -35.468569,
                            0
                        ],
                        [
                            -57.547377,
                            -35.467911,
                            0
                        ],
                        [
                            -57.547658,
                            -35.467485,
                            0
                        ],
                        [
                            -57.547963,
                            -35.467271,
                            0
                        ],
                        [
                            -57.548506,
                            -35.46725,
                            0
                        ],
                        [
                            -57.549003,
                            -35.467363,
                            0
                        ],
                        [
                            -57.549548,
                            -35.467631,
                            0
                        ],
                        [
                            -57.549929,
                            -35.468131,
                            0
                        ],
                        [
                            -57.550241,
                            -35.468767,
                            0
                        ],
                        [
                            -57.55074,
                            -35.469209,
                            0
                        ],
                        [
                            -57.551425,
                            -35.469283,
                            0
                        ],
                        [
                            -57.552013,
                            -35.468952,
                            0
                        ],
                        [
                            -57.552552,
                            -35.46837,
                            0
                        ],
                        [
                            -57.552711,
                            -35.467423,
                            0
                        ],
                        [
                            -57.552636,
                            -35.466806,
                            0
                        ],
                        [
                            -57.552443,
                            -35.466169,
                            0
                        ],
                        [
                            -57.551873,
                            -35.465366,
                            0
                        ],
                        [
                            -57.550918,
                            -35.46396,
                            0
                        ],
                        [
                            -57.550677,
                            -35.463208,
                            0
                        ],
                        [
                            -57.550624,
                            -35.462359,
                            0
                        ],
                        [
                            -57.550832,
                            -35.46174,
                            0
                        ],
                        [
                            -57.551206,
                            -35.461159,
                            0
                        ],
                        [
                            -57.551652,
                            -35.460674,
                            0
                        ],
                        [
                            -57.552404,
                            -35.460226,
                            0
                        ],
                        [
                            -57.553299,
                            -35.459855,
                            0
                        ],
                        [
                            -57.554312,
                            -35.459464,
                            0
                        ],
                        [
                            -57.555135,
                            -35.459017,
                            0
                        ],
                        [
                            -57.555629,
                            -35.458647,
                            0
                        ],
                        [
                            -57.556191,
                            -35.457969,
                            0
                        ],
                        [
                            -57.556796,
                            -35.456672,
                            0
                        ],
                        [
                            -57.557325,
                            -35.455953,
                            0
                        ],
                        [
                            -57.557985,
                            -35.455776,
                            0
                        ],
                        [
                            -57.558599,
                            -35.455773,
                            0
                        ],
                        [
                            -57.559687,
                            -35.456019,
                            0
                        ],
                        [
                            -57.560846,
                            -35.456381,
                            0
                        ],
                        [
                            -57.562265,
                            -35.456722,
                            0
                        ],
                        [
                            -57.563377,
                            -35.457026,
                            0
                        ],
                        [
                            -57.564276,
                            -35.457137,
                            0
                        ],
                        [
                            -57.565527,
                            -35.457093,
                            0
                        ],
                        [
                            -57.566448,
                            -35.457146,
                            0
                        ],
                        [
                            -57.567677,
                            -35.457334,
                            0
                        ],
                        [
                            -57.569444,
                            -35.457697,
                            0
                        ],
                        [
                            -57.569798,
                            -35.457714,
                            0
                        ],
                        [
                            -57.570788,
                            -35.457478,
                            0
                        ],
                        [
                            -57.571802,
                            -35.457222,
                            0
                        ],
                        [
                            -57.573287,
                            -35.456887,
                            0
                        ],
                        [
                            -57.574255,
                            -35.456843,
                            0
                        ],
                        [
                            -57.575579,
                            -35.457127,
                            0
                        ],
                        [
                            -57.576951,
                            -35.457391,
                            0
                        ],
                        [
                            -57.578488,
                            -35.457712,
                            0
                        ],
                        [
                            -57.579364,
                            -35.457997,
                            0
                        ],
                        [
                            -57.579933,
                            -35.458303,
                            0
                        ],
                        [
                            -57.580739,
                            -35.45884,
                            0
                        ],
                        [
                            -57.581214,
                            -35.459108,
                            0
                        ],
                        [
                            -57.581827,
                            -35.459009,
                            0
                        ],
                        [
                            -57.582227,
                            -35.458814,
                            0
                        ],
                        [
                            -57.58265,
                            -35.458503,
                            0
                        ],
                        [
                            -57.582861,
                            -35.45827,
                            0
                        ],
                        [
                            -57.583727,
                            -35.457895,
                            0
                        ],
                        [
                            -57.584128,
                            -35.457738,
                            0
                        ],
                        [
                            -57.584574,
                            -35.457427,
                            0
                        ],
                        [
                            -57.584855,
                            -35.457078,
                            0
                        ],
                        [
                            -57.585065,
                            -35.456691,
                            0
                        ],
                        [
                            -57.585226,
                            -35.456072,
                            0
                        ],
                        [
                            -57.585412,
                            -35.455743,
                            0
                        ],
                        [
                            -57.58586,
                            -35.455663,
                            0
                        ],
                        [
                            -57.586309,
                            -35.4557,
                            0
                        ],
                        [
                            -57.586877,
                            -35.455871,
                            0
                        ],
                        [
                            -57.587564,
                            -35.456157,
                            0
                        ],
                        [
                            -57.588249,
                            -35.45625,
                            0
                        ],
                        [
                            -57.588697,
                            -35.456094,
                            0
                        ],
                        [
                            -57.58931,
                            -35.456052,
                            0
                        ],
                        [
                            -57.58983,
                            -35.456088,
                            0
                        ],
                        [
                            -57.590659,
                            -35.456355,
                            0
                        ],
                        [
                            -57.591251,
                            -35.456603,
                            0
                        ],
                        [
                            -57.591699,
                            -35.456543,
                            0
                        ],
                        [
                            -57.592265,
                            -35.456501,
                            0
                        ],
                        [
                            -57.592619,
                            -35.456403,
                            0
                        ],
                        [
                            -57.592974,
                            -35.456478,
                            0
                        ],
                        [
                            -57.593377,
                            -35.456747,
                            0
                        ],
                        [
                            -57.593616,
                            -35.457151,
                            0
                        ],
                        [
                            -57.593881,
                            -35.457787,
                            0
                        ],
                        [
                            -57.594192,
                            -35.458365,
                            0
                        ],
                        [
                            -57.594549,
                            -35.458711,
                            0
                        ],
                        [
                            -57.595084,
                            -35.458824,
                            0
                        ],
                        [
                            -57.596006,
                            -35.458993,
                            0
                        ],
                        [
                            -57.597496,
                            -35.459275,
                            0
                        ],
                        [
                            -57.599578,
                            -35.459767,
                            0
                        ],
                        [
                            -57.600998,
                            -35.460166,
                            0
                        ],
                        [
                            -57.602699,
                            -35.460331,
                            0
                        ],
                        [
                            -57.60454,
                            -35.460167,
                            0
                        ],
                        [
                            -57.606,
                            -35.459697,
                            0
                        ],
                        [
                            -57.606871,
                            -35.459248,
                            0
                        ],
                        [
                            -57.607645,
                            -35.458588,
                            0
                        ],
                        [
                            -57.608139,
                            -35.458392,
                            0
                        ],
                        [
                            -57.608564,
                            -35.45837,
                            0
                        ],
                        [
                            -57.60885,
                            -35.45862,
                            0
                        ],
                        [
                            -57.608989,
                            -35.459093,
                            0
                        ],
                        [
                            -57.609138,
                            -35.460154,
                            0
                        ],
                        [
                            -57.609191,
                            -35.46083,
                            0
                        ],
                        [
                            -57.60962,
                            -35.461349,
                            0
                        ],
                        [
                            -57.610591,
                            -35.46173,
                            0
                        ],
                        [
                            -57.611466,
                            -35.461919,
                            0
                        ],
                        [
                            -57.613145,
                            -35.462181,
                            0
                        ],
                        [
                            -57.615061,
                            -35.462596,
                            0
                        ],
                        [
                            -57.616977,
                            -35.46303,
                            0
                        ],
                        [
                            -57.618373,
                            -35.463448,
                            0
                        ],
                        [
                            -57.619488,
                            -35.464022,
                            0
                        ],
                        [
                            -57.620322,
                            -35.465041,
                            0
                        ],
                        [
                            -57.621156,
                            -35.465983,
                            0
                        ],
                        [
                            -57.621768,
                            -35.46662,
                            0
                        ],
                        [
                            -57.622233,
                            -35.467111,
                            0
                        ],
                        [
                            -57.622424,
                            -35.467223,
                            0
                        ],
                        [
                            -57.622593,
                            -35.467342,
                            0
                        ],
                        [
                            -57.622784,
                            -35.467484,
                            0
                        ],
                        [
                            -57.622967,
                            -35.467609,
                            0
                        ],
                        [
                            -57.623121,
                            -35.46768,
                            0
                        ],
                        [
                            -57.62344,
                            -35.467857,
                            0
                        ],
                        [
                            -57.623946,
                            -35.468034,
                            0
                        ],
                        [
                            -57.624232,
                            -35.468152,
                            0
                        ],
                        [
                            -57.624429,
                            -35.468186,
                            0
                        ],
                        [
                            -57.624627,
                            -35.468275,
                            0
                        ],
                        [
                            -57.624831,
                            -35.468372,
                            0
                        ],
                        [
                            -57.625008,
                            -35.468462,
                            0
                        ],
                        [
                            -57.62528,
                            -35.468597,
                            0
                        ],
                        [
                            -57.625324,
                            -35.468627,
                            0
                        ],
                        [
                            -57.625683,
                            -35.468756,
                            0
                        ],
                        [
                            -57.625862,
                            -35.468797,
                            0
                        ],
                        [
                            -57.626181,
                            -35.468901,
                            0
                        ],
                        [
                            -57.626304,
                            -35.468959,
                            0
                        ],
                        [
                            -57.62647,
                            -35.468998,
                            0
                        ],
                        [
                            -57.626536,
                            -35.469034,
                            0
                        ],
                        [
                            -57.626741,
                            -35.469056,
                            0
                        ],
                        [
                            -57.626803,
                            -35.469074,
                            0
                        ],
                        [
                            -57.627028,
                            -35.469112,
                            0
                        ],
                        [
                            -57.627262,
                            -35.469131,
                            0
                        ],
                        [
                            -57.627445,
                            -35.46916,
                            0
                        ],
                        [
                            -57.627543,
                            -35.469169,
                            0
                        ],
                        [
                            -57.627726,
                            -35.469207,
                            0
                        ],
                        [
                            -57.628015,
                            -35.46925,
                            0
                        ],
                        [
                            -57.628183,
                            -35.469255,
                            0
                        ],
                        [
                            -57.628344,
                            -35.469281,
                            0
                        ],
                        [
                            -57.628492,
                            -35.469292,
                            0
                        ],
                        [
                            -57.628708,
                            -35.469312,
                            0
                        ],
                        [
                            -57.629007,
                            -35.469331,
                            0
                        ],
                        [
                            -57.629136,
                            -35.469352,
                            0
                        ],
                        [
                            -57.629472,
                            -35.469409,
                            0
                        ],
                        [
                            -57.629607,
                            -35.469442,
                            0
                        ],
                        [
                            -57.62984,
                            -35.469479,
                            0
                        ],
                        [
                            -57.630019,
                            -35.469502,
                            0
                        ],
                        [
                            -57.630417,
                            -35.469512,
                            0
                        ],
                        [
                            -57.63106,
                            -35.469506,
                            0
                        ],
                        [
                            -57.631566,
                            -35.469518,
                            0
                        ],
                        [
                            -57.631873,
                            -35.469534,
                            0
                        ],
                        [
                            -57.632081,
                            -35.469506,
                            0
                        ],
                        [
                            -57.632303,
                            -35.469487,
                            0
                        ],
                        [
                            -57.632555,
                            -35.469462,
                            0
                        ],
                        [
                            -57.632756,
                            -35.469428,
                            0
                        ],
                        [
                            -57.632938,
                            -35.469391,
                            0
                        ],
                        [
                            -57.63311,
                            -35.469346,
                            0
                        ],
                        [
                            -57.633244,
                            -35.469288,
                            0
                        ],
                        [
                            -57.633525,
                            -35.469232,
                            0
                        ],
                        [
                            -57.634036,
                            -35.469169,
                            0
                        ],
                        [
                            -57.634488,
                            -35.469095,
                            0
                        ],
                        [
                            -57.635436,
                            -35.468875,
                            0
                        ],
                        [
                            -57.635975,
                            -35.468681,
                            0
                        ],
                        [
                            -57.636383,
                            -35.468476,
                            0
                        ],
                        [
                            -57.637098,
                            -35.468329,
                            0
                        ],
                        [
                            -57.63809,
                            -35.468221,
                            0
                        ],
                        [
                            -57.639196,
                            -35.467956,
                            0
                        ],
                        [
                            -57.640025,
                            -35.467709,
                            0
                        ],
                        [
                            -57.640833,
                            -35.467268,
                            0
                        ],
                        [
                            -57.641856,
                            -35.466534,
                            0
                        ],
                        [
                            -57.642962,
                            -35.466237,
                            0
                        ],
                        [
                            -57.644187,
                            -35.466053,
                            0
                        ],
                        [
                            -57.645292,
                            -35.465739,
                            0
                        ],
                        [
                            -57.645946,
                            -35.465801,
                            0
                        ],
                        [
                            -57.646898,
                            -35.466103,
                            0
                        ],
                        [
                            -57.647745,
                            -35.466331,
                            0
                        ],
                        [
                            -57.648812,
                            -35.466147,
                            0
                        ],
                        [
                            -57.650152,
                            -35.465476,
                            0
                        ],
                        [
                            -57.65145,
                            -35.46458,
                            0
                        ],
                        [
                            -57.653181,
                            -35.46326,
                            0
                        ],
                        [
                            -57.65452,
                            -35.462573,
                            0
                        ],
                        [
                            -57.655664,
                            -35.462098,
                            0
                        ],
                        [
                            -57.656908,
                            -35.4618,
                            0
                        ],
                        [
                            -57.658036,
                            -35.461891,
                            0
                        ],
                        [
                            -57.659899,
                            -35.462627,
                            0
                        ],
                        [
                            -57.661802,
                            -35.463054,
                            0
                        ],
                        [
                            -57.664357,
                            -35.46338,
                            0
                        ],
                        [
                            -57.666831,
                            -35.46356,
                            0
                        ],
                        [
                            -57.668967,
                            -35.463451,
                            0
                        ],
                        [
                            -57.670249,
                            -35.463007,
                            0
                        ],
                        [
                            -57.671338,
                            -35.463082,
                            0
                        ],
                        [
                            -57.671998,
                            -35.463936,
                            0
                        ],
                        [
                            -57.672908,
                            -35.465267,
                            0
                        ],
                        [
                            -57.673208,
                            -35.465686,
                            0
                        ],
                        [
                            -57.674591,
                            -35.467782,
                            0
                        ],
                        [
                            -57.675948,
                            -35.469262,
                            0
                        ],
                        [
                            -57.677647,
                            -35.471053,
                            0
                        ],
                        [
                            -57.677794,
                            -35.471239,
                            0
                        ],
                        [
                            -57.678005,
                            -35.471426,
                            0
                        ],
                        [
                            -57.678131,
                            -35.47163,
                            0
                        ],
                        [
                            -57.678301,
                            -35.471918,
                            0
                        ],
                        [
                            -57.678514,
                            -35.472463,
                            0
                        ],
                        [
                            -57.678643,
                            -35.472905,
                            0
                        ],
                        [
                            -57.678875,
                            -35.473194,
                            0
                        ],
                        [
                            -57.679046,
                            -35.473772,
                            0
                        ],
                        [
                            -57.679134,
                            -35.474249,
                            0
                        ],
                        [
                            -57.679282,
                            -35.475207,
                            0
                        ],
                        [
                            -57.679432,
                            -35.476026,
                            0
                        ],
                        [
                            -57.679508,
                            -35.476465,
                            0
                        ],
                        [
                            -57.679618,
                            -35.476816,
                            0
                        ],
                        [
                            -57.679927,
                            -35.477344,
                            0
                        ],
                        [
                            -57.680054,
                            -35.477575,
                            0
                        ],
                        [
                            -57.680237,
                            -35.478013,
                            0
                        ],
                        [
                            -57.680384,
                            -35.478452,
                            0
                        ],
                        [
                            -57.680567,
                            -35.47889,
                            0
                        ],
                        [
                            -57.680749,
                            -35.479241,
                            0
                        ],
                        [
                            -57.680931,
                            -35.479679,
                            0
                        ],
                        [
                            -57.681367,
                            -35.480379,
                            0
                        ],
                        [
                            -57.681656,
                            -35.480671,
                            0
                        ],
                        [
                            -57.682664,
                            -35.481309,
                            0
                        ],
                        [
                            -57.683189,
                            -35.481708,
                            0
                        ],
                        [
                            -57.683386,
                            -35.48195,
                            0
                        ],
                        [
                            -57.683729,
                            -35.482333,
                            0
                        ],
                        [
                            -57.684031,
                            -35.482526,
                            0
                        ],
                        [
                            -57.684471,
                            -35.482809,
                            0
                        ],
                        [
                            -57.684828,
                            -35.483113,
                            0
                        ],
                        [
                            -57.685638,
                            -35.483495,
                            0
                        ],
                        [
                            -57.686082,
                            -35.483673,
                            0
                        ],
                        [
                            -57.686321,
                            -35.483741,
                            0
                        ],
                        [
                            -57.686696,
                            -35.483892,
                            0
                        ],
                        [
                            -57.686948,
                            -35.483951,
                            0
                        ],
                        [
                            -57.688025,
                            -35.484237,
                            0
                        ],
                        [
                            -57.688527,
                            -35.484293,
                            0
                        ],
                        [
                            -57.689028,
                            -35.484261,
                            0
                        ],
                        [
                            -57.689529,
                            -35.4842,
                            0
                        ],
                        [
                            -57.690029,
                            -35.48408,
                            0
                        ],
                        [
                            -57.690922,
                            -35.483781,
                            0
                        ],
                        [
                            -57.691859,
                            -35.483402,
                            0
                        ],
                        [
                            -57.692107,
                            -35.483347,
                            0
                        ],
                        [
                            -57.692396,
                            -35.483223,
                            0
                        ],
                        [
                            -57.692957,
                            -35.483067,
                            0
                        ],
                        [
                            -57.693457,
                            -35.482859,
                            0
                        ],
                        [
                            -57.693922,
                            -35.482768,
                            0
                        ],
                        [
                            -57.694386,
                            -35.482648,
                            0
                        ],
                        [
                            -57.694851,
                            -35.482558,
                            0
                        ],
                        [
                            -57.695447,
                            -35.48247,
                            0
                        ],
                        [
                            -57.697688,
                            -35.482054,
                            0
                        ],
                        [
                            -57.699884,
                            -35.482057,
                            0
                        ],
                        [
                            -57.702687,
                            -35.481265,
                            0
                        ],
                        [
                            -57.704483,
                            -35.480752,
                            0
                        ],
                        [
                            -57.706896,
                            -35.480544,
                            0
                        ],
                        [
                            -57.708021,
                            -35.480198,
                            0
                        ],
                        [
                            -57.709178,
                            -35.479497,
                            0
                        ],
                        [
                            -57.709612,
                            -35.479332,
                            0
                        ],
                        [
                            -57.710437,
                            -35.478664,
                            0
                        ],
                        [
                            -57.710989,
                            -35.478386,
                            0
                        ],
                        [
                            -57.711939,
                            -35.478413,
                            0
                        ],
                        [
                            -57.712317,
                            -35.478637,
                            0
                        ],
                        [
                            -57.712717,
                            -35.479152,
                            0
                        ],
                        [
                            -57.713493,
                            -35.479617,
                            0
                        ],
                        [
                            -57.714126,
                            -35.479565,
                            0
                        ],
                        [
                            -57.715292,
                            -35.479412,
                            0
                        ],
                        [
                            -57.716856,
                            -35.479468,
                            0
                        ],
                        [
                            -57.718482,
                            -35.479846,
                            0
                        ],
                        [
                            -57.72046,
                            -35.479818,
                            0
                        ],
                        [
                            -57.722413,
                            -35.479313,
                            0
                        ],
                        [
                            -57.72328,
                            -35.478968,
                            0
                        ],
                        [
                            -57.724798,
                            -35.478312,
                            0
                        ],
                        [
                            -57.7257,
                            -35.477417,
                            0
                        ],
                        [
                            -57.727053,
                            -35.476017,
                            0
                        ],
                        [
                            -57.727572,
                            -35.475784,
                            0
                        ],
                        [
                            -57.728451,
                            -35.475751,
                            0
                        ],
                        [
                            -57.730148,
                            -35.476108,
                            0
                        ],
                        [
                            -57.732266,
                            -35.476176,
                            0
                        ],
                        [
                            -57.733626,
                            -35.47565,
                            0
                        ],
                        [
                            -57.734625,
                            -35.474496,
                            0
                        ],
                        [
                            -57.736063,
                            -35.473791,
                            0
                        ],
                        [
                            -57.737665,
                            -35.473782,
                            0
                        ],
                        [
                            -57.739524,
                            -35.474022,
                            0
                        ],
                        [
                            -57.740394,
                            -35.474049,
                            0
                        ],
                        [
                            -57.740928,
                            -35.473997,
                            0
                        ],
                        [
                            -57.742979,
                            -35.47324,
                            0
                        ],
                        [
                            -57.744086,
                            -35.47312,
                            0
                        ],
                        [
                            -57.744681,
                            -35.473214,
                            0
                        ],
                        [
                            -57.745488,
                            -35.473197,
                            0
                        ],
                        [
                            -57.745985,
                            -35.473044,
                            0
                        ],
                        [
                            -57.746297,
                            -35.472621,
                            0
                        ],
                        [
                            -57.746293,
                            -35.472136,
                            0
                        ],
                        [
                            -57.74607,
                            -35.471571,
                            0
                        ],
                        [
                            -57.74386,
                            -35.470031,
                            0
                        ],
                        [
                            -57.743518,
                            -35.469467,
                            0
                        ],
                        [
                            -57.743317,
                            -35.468599,
                            0
                        ],
                        [
                            -57.743412,
                            -35.468258,
                            0
                        ],
                        [
                            -57.74396,
                            -35.467608,
                            0
                        ],
                        [
                            -57.745064,
                            -35.467148,
                            0
                        ],
                        [
                            -57.746781,
                            -35.466668,
                            0
                        ],
                        [
                            -57.74796,
                            -35.465787,
                            0
                        ],
                        [
                            -57.748821,
                            -35.464779,
                            0
                        ],
                        [
                            -57.750058,
                            -35.463703,
                            0
                        ],
                        [
                            -57.750553,
                            -35.46296,
                            0
                        ],
                        [
                            -57.751787,
                            -35.461944,
                            0
                        ],
                        [
                            -57.75184,
                            -35.461904,
                            0
                        ],
                        [
                            -57.752425,
                            -35.461461,
                            0
                        ],
                        [
                            -57.753642,
                            -35.461142,
                            0
                        ],
                        [
                            -57.754235,
                            -35.460951,
                            0
                        ],
                        [
                            -57.755322,
                            -35.459909,
                            0
                        ],
                        [
                            -57.755854,
                            -35.459744,
                            0
                        ],
                        [
                            -57.756479,
                            -35.459765,
                            0
                        ],
                        [
                            -57.757414,
                            -35.460258,
                            0
                        ],
                        [
                            -57.757907,
                            -35.460816,
                            0
                        ],
                        [
                            -57.757887,
                            -35.461963,
                            0
                        ],
                        [
                            -57.758103,
                            -35.462248,
                            0
                        ],
                        [
                            -57.759127,
                            -35.462454,
                            0
                        ],
                        [
                            -57.760068,
                            -35.462535,
                            0
                        ],
                        [
                            -57.761149,
                            -35.462478,
                            0
                        ],
                        [
                            -57.763788,
                            -35.462611,
                            0
                        ],
                        [
                            -57.764903,
                            -35.462866,
                            0
                        ],
                        [
                            -57.765976,
                            -35.463457,
                            0
                        ],
                        [
                            -57.766904,
                            -35.463264,
                            0
                        ],
                        [
                            -57.767626,
                            -35.462213,
                            0
                        ],
                        [
                            -57.767261,
                            -35.460781,
                            0
                        ],
                        [
                            -57.767087,
                            -35.460084,
                            0
                        ],
                        [
                            -57.76794,
                            -35.460042,
                            0
                        ],
                        [
                            -57.76849,
                            -35.460125,
                            0
                        ],
                        [
                            -57.769161,
                            -35.460183,
                            0
                        ],
                        [
                            -57.769495,
                            -35.460007,
                            0
                        ],
                        [
                            -57.769704,
                            -35.459434,
                            0
                        ],
                        [
                            -57.769793,
                            -35.459134,
                            0
                        ],
                        [
                            -57.769898,
                            -35.45745,
                            0
                        ],
                        [
                            -57.769663,
                            -35.456679,
                            0
                        ],
                        [
                            -57.768452,
                            -35.456038,
                            0
                        ],
                        [
                            -57.768477,
                            -35.455427,
                            0
                        ],
                        [
                            -57.769467,
                            -35.453553,
                            0
                        ],
                        [
                            -57.769567,
                            -35.452854,
                            0
                        ],
                        [
                            -57.769114,
                            -35.447061,
                            0
                        ],
                        [
                            -57.769165,
                            -35.446014,
                            0
                        ],
                        [
                            -57.769079,
                            -35.444955,
                            0
                        ],
                        [
                            -57.768984,
                            -35.444644,
                            0
                        ],
                        [
                            -57.768323,
                            -35.44405,
                            0
                        ],
                        [
                            -57.768029,
                            -35.443553,
                            0
                        ],
                        [
                            -57.768097,
                            -35.442692,
                            0
                        ],
                        [
                            -57.768366,
                            -35.442105,
                            0
                        ],
                        [
                            -57.76944,
                            -35.441275,
                            0
                        ],
                        [
                            -57.770072,
                            -35.440791,
                            0
                        ],
                        [
                            -57.770554,
                            -35.440177,
                            0
                        ],
                        [
                            -57.771217,
                            -35.4394,
                            0
                        ],
                        [
                            -57.772433,
                            -35.439043,
                            0
                        ],
                        [
                            -57.773391,
                            -35.438825,
                            0
                        ],
                        [
                            -57.77478,
                            -35.439053,
                            0
                        ],
                        [
                            -57.77568,
                            -35.439134,
                            0
                        ],
                        [
                            -57.777263,
                            -35.438974,
                            0
                        ],
                        [
                            -57.778341,
                            -35.439083,
                            0
                        ],
                        [
                            -57.780188,
                            -35.439408,
                            0
                        ],
                        [
                            -57.781105,
                            -35.439651,
                            0
                        ],
                        [
                            -57.782079,
                            -35.441066,
                            0
                        ],
                        [
                            -57.783992,
                            -35.441877,
                            0
                        ],
                        [
                            -57.786093,
                            -35.443296,
                            0
                        ],
                        [
                            -57.787342,
                            -35.44352,
                            0
                        ],
                        [
                            -57.789864,
                            -35.444264,
                            0
                        ],
                        [
                            -57.793135,
                            -35.445165,
                            0
                        ],
                        [
                            -57.793851,
                            -35.445186,
                            0
                        ],
                        [
                            -57.796988,
                            -35.444828,
                            0
                        ],
                        [
                            -57.800412,
                            -35.44463,
                            0
                        ],
                        [
                            -57.800941,
                            -35.444215,
                            0
                        ],
                        [
                            -57.801439,
                            -35.44375,
                            0
                        ],
                        [
                            -57.801802,
                            -35.443474,
                            0
                        ],
                        [
                            -57.802228,
                            -35.443396,
                            0
                        ],
                        [
                            -57.802625,
                            -35.443468,
                            0
                        ],
                        [
                            -57.802871,
                            -35.443641,
                            0
                        ],
                        [
                            -57.803348,
                            -35.444136,
                            0
                        ],
                        [
                            -57.803976,
                            -35.444469,
                            0
                        ],
                        [
                            -57.804812,
                            -35.444537,
                            0
                        ],
                        [
                            -57.805573,
                            -35.444382,
                            0
                        ],
                        [
                            -57.80618,
                            -35.444116,
                            0
                        ],
                        [
                            -57.806923,
                            -35.4437,
                            0
                        ],
                        [
                            -57.808489,
                            -35.443353,
                            0
                        ],
                        [
                            -57.80975,
                            -35.442995,
                            0
                        ],
                        [
                            -57.810584,
                            -35.442516,
                            0
                        ],
                        [
                            -57.811909,
                            -35.44242,
                            0
                        ],
                        [
                            -57.812486,
                            -35.442254,
                            0
                        ],
                        [
                            -57.81337,
                            -35.442248,
                            0
                        ],
                        [
                            -57.814033,
                            -35.442208,
                            0
                        ],
                        [
                            -57.814533,
                            -35.441918,
                            0
                        ],
                        [
                            -57.814864,
                            -35.441579,
                            0
                        ],
                        [
                            -57.815118,
                            -35.441066,
                            0
                        ],
                        [
                            -57.815354,
                            -35.440217,
                            0
                        ],
                        [
                            -57.815605,
                            -35.439492,
                            0
                        ],
                        [
                            -57.81583,
                            -35.43908,
                            0
                        ],
                        [
                            -57.816479,
                            -35.438427,
                            0
                        ],
                        [
                            -57.817402,
                            -35.43786,
                            0
                        ],
                        [
                            -57.818614,
                            -35.437153,
                            0
                        ],
                        [
                            -57.819328,
                            -35.436874,
                            0
                        ],
                        [
                            -57.819919,
                            -35.436608,
                            0
                        ],
                        [
                            -57.820261,
                            -35.436346,
                            0
                        ],
                        [
                            -57.820502,
                            -35.436046,
                            0
                        ],
                        [
                            -57.820575,
                            -35.435746,
                            0
                        ],
                        [
                            -57.820602,
                            -35.435422,
                            0
                        ],
                        [
                            -57.820549,
                            -35.434699,
                            0
                        ],
                        [
                            -57.820591,
                            -35.434362,
                            0
                        ],
                        [
                            -57.820772,
                            -35.434161,
                            0
                        ],
                        [
                            -57.821501,
                            -35.433907,
                            0
                        ],
                        [
                            -57.82258,
                            -35.433638,
                            0
                        ],
                        [
                            -57.823429,
                            -35.433208,
                            0
                        ],
                        [
                            -57.824436,
                            -35.431855,
                            0
                        ],
                        [
                            -57.825527,
                            -35.431187,
                            0
                        ],
                        [
                            -57.826147,
                            -35.430734,
                            0
                        ],
                        [
                            -57.826847,
                            -35.429945,
                            0
                        ],
                        [
                            -57.827267,
                            -35.429294,
                            0
                        ],
                        [
                            -57.828374,
                            -35.427329,
                            0
                        ],
                        [
                            -57.828591,
                            -35.426143,
                            0
                        ],
                        [
                            -57.83004,
                            -35.424824,
                            0
                        ],
                        [
                            -57.83025,
                            -35.424524,
                            0
                        ],
                        [
                            -57.830536,
                            -35.424222,
                            0
                        ],
                        [
                            -57.830581,
                            -35.423662,
                            0
                        ],
                        [
                            -57.830575,
                            -35.423052,
                            0
                        ],
                        [
                            -57.830121,
                            -35.421933,
                            0
                        ],
                        [
                            -57.830097,
                            -35.421073,
                            0
                        ],
                        [
                            -57.830504,
                            -35.420621,
                            0
                        ],
                        [
                            -57.831261,
                            -35.420205,
                            0
                        ],
                        [
                            -57.831836,
                            -35.419789,
                            0
                        ],
                        [
                            -57.83191,
                            -35.419589,
                            0
                        ],
                        [
                            -57.831924,
                            -35.419427,
                            0
                        ],
                        [
                            -57.831491,
                            -35.418794,
                            0
                        ],
                        [
                            -57.831487,
                            -35.418483,
                            0
                        ],
                        [
                            -57.831894,
                            -35.417981,
                            0
                        ],
                        [
                            -57.832353,
                            -35.417307,
                            0
                        ],
                        [
                            -57.832439,
                            -35.416795,
                            0
                        ],
                        [
                            -57.83249,
                            -35.41581,
                            0
                        ],
                        [
                            -57.832685,
                            -35.415559,
                            0
                        ],
                        [
                            -57.834064,
                            -35.414814,
                            0
                        ],
                        [
                            -57.835596,
                            -35.414218,
                            0
                        ],
                        [
                            -57.837061,
                            -35.414395,
                            0
                        ],
                        [
                            -57.837957,
                            -35.414127,
                            0
                        ],
                        [
                            -57.839975,
                            -35.413377,
                            0
                        ],
                        [
                            -57.840441,
                            -35.41315,
                            0
                        ],
                        [
                            -57.840624,
                            -35.413186,
                            0
                        ],
                        [
                            -57.841312,
                            -35.413393,
                            0
                        ],
                        [
                            -57.842428,
                            -35.413784,
                            0
                        ],
                        [
                            -57.843772,
                            -35.414086,
                            0
                        ],
                        [
                            -57.844611,
                            -35.414155,
                            0
                        ],
                        [
                            -57.84531,
                            -35.414063,
                            0
                        ],
                        [
                            -57.84616,
                            -35.413771,
                            0
                        ],
                        [
                            -57.84669,
                            -35.413418,
                            0
                        ],
                        [
                            -57.847203,
                            -35.412953,
                            0
                        ],
                        [
                            -57.847839,
                            -35.412562,
                            0
                        ],
                        [
                            -57.848808,
                            -35.412372,
                            0
                        ],
                        [
                            -57.849692,
                            -35.412353,
                            0
                        ],
                        [
                            -57.85108,
                            -35.412493,
                            0
                        ],
                        [
                            -57.852192,
                            -35.412535,
                            0
                        ],
                        [
                            -57.85283,
                            -35.412306,
                            0
                        ],
                        [
                            -57.853193,
                            -35.412054,
                            0
                        ],
                        [
                            -57.854127,
                            -35.41105,
                            0
                        ],
                        [
                            -57.854289,
                            -35.410563,
                            0
                        ],
                        [
                            -57.854768,
                            -35.409712,
                            0
                        ],
                        [
                            -57.855155,
                            -35.408899,
                            0
                        ],
                        [
                            -57.85547,
                            -35.408435,
                            0
                        ],
                        [
                            -57.857395,
                            -35.407537,
                            0
                        ],
                        [
                            -57.858512,
                            -35.406737,
                            0
                        ],
                        [
                            -57.859561,
                            -35.405827,
                            0
                        ],
                        [
                            -57.859815,
                            -35.405314,
                            0
                        ],
                        [
                            -57.859792,
                            -35.404641,
                            0
                        ],
                        [
                            -57.859475,
                            -35.403471,
                            0
                        ],
                        [
                            -57.860307,
                            -35.402854,
                            0
                        ],
                        [
                            -57.86146,
                            -35.402497,
                            0
                        ],
                        [
                            -57.861714,
                            -35.402009,
                            0
                        ],
                        [
                            -57.861677,
                            -35.401336,
                            0
                        ],
                        [
                            -57.86159,
                            -35.400694,
                            0
                        ],
                        [
                            -57.862449,
                            -35.39979,
                            0
                        ],
                        [
                            -57.863435,
                            -35.399409,
                            0
                        ],
                        [
                            -57.864161,
                            -35.398955,
                            0
                        ],
                        [
                            -57.864918,
                            -35.398501,
                            0
                        ],
                        [
                            -57.86761,
                            -35.398182,
                            0
                        ],
                        [
                            -57.871294,
                            -35.397944,
                            0
                        ],
                        [
                            -57.872102,
                            -35.397593,
                            0
                        ],
                        [
                            -57.872752,
                            -35.397164,
                            0
                        ],
                        [
                            -57.873053,
                            -35.396788,
                            0
                        ],
                        [
                            -57.873185,
                            -35.396376,
                            0
                        ],
                        [
                            -57.873226,
                            -35.395927,
                            0
                        ],
                        [
                            -57.8731,
                            -35.395504,
                            0
                        ],
                        [
                            -57.872511,
                            -35.394598,
                            0
                        ],
                        [
                            -57.872276,
                            -35.394001,
                            0
                        ],
                        [
                            -57.872148,
                            -35.393404,
                            0
                        ],
                        [
                            -57.872092,
                            -35.392407,
                            0
                        ],
                        [
                            -57.872158,
                            -35.391448,
                            0
                        ],
                        [
                            -57.87253,
                            -35.389189,
                            0
                        ],
                        [
                            -57.872394,
                            -35.387906,
                            0
                        ],
                        [
                            -57.872416,
                            -35.387071,
                            0
                        ],
                        [
                            -57.873532,
                            -35.386115,
                            0
                        ],
                        [
                            -57.873938,
                            -35.385901,
                            0
                        ],
                        [
                            -57.875079,
                            -35.38583,
                            0
                        ],
                        [
                            -57.876679,
                            -35.385893,
                            0
                        ],
                        [
                            -57.877518,
                            -35.386012,
                            0
                        ],
                        [
                            -57.878373,
                            -35.386268,
                            0
                        ],
                        [
                            -57.879001,
                            -35.386587,
                            0
                        ],
                        [
                            -57.879358,
                            -35.387183,
                            0
                        ],
                        [
                            -57.879671,
                            -35.387941,
                            0
                        ],
                        [
                            -57.879889,
                            -35.388401,
                            0
                        ],
                        [
                            -57.880274,
                            -35.388772,
                            0
                        ],
                        [
                            -57.880666,
                            -35.388949,
                            0
                        ],
                        [
                            -57.881535,
                            -35.38908,
                            0
                        ],
                        [
                            -57.8823,
                            -35.389336,
                            0
                        ],
                        [
                            -57.882991,
                            -35.389917,
                            0
                        ],
                        [
                            -57.883391,
                            -35.390226,
                            0
                        ],
                        [
                            -57.884155,
                            -35.390444,
                            0
                        ],
                        [
                            -57.885373,
                            -35.390435,
                            0
                        ],
                        [
                            -57.886132,
                            -35.390218,
                            0
                        ],
                        [
                            -57.886513,
                            -35.390203,
                            0
                        ],
                        [
                            -57.886835,
                            -35.390425,
                            0
                        ],
                        [
                            -57.88778,
                            -35.391926,
                            0
                        ],
                        [
                            -57.888224,
                            -35.392122,
                            0
                        ],
                        [
                            -57.888726,
                            -35.392031,
                            0
                        ],
                        [
                            -57.888922,
                            -35.391688,
                            0
                        ],
                        [
                            -57.888928,
                            -35.390915,
                            0
                        ],
                        [
                            -57.888831,
                            -35.39033,
                            0
                        ],
                        [
                            -57.888721,
                            -35.390081,
                            0
                        ],
                        [
                            -57.887741,
                            -35.38954,
                            0
                        ],
                        [
                            -57.887318,
                            -35.388546,
                            0
                        ],
                        [
                            -57.887376,
                            -35.388234,
                            0
                        ],
                        [
                            -57.887606,
                            -35.387035,
                            0
                        ],
                        [
                            -57.887512,
                            -35.386054,
                            0
                        ],
                        [
                            -57.888472,
                            -35.384701,
                            0
                        ],
                        [
                            -57.889501,
                            -35.38417,
                            0
                        ],
                        [
                            -57.890925,
                            -35.383486,
                            0
                        ],
                        [
                            -57.892639,
                            -35.382837,
                            0
                        ],
                        [
                            -57.893486,
                            -35.382308,
                            0
                        ],
                        [
                            -57.894695,
                            -35.381476,
                            0
                        ],
                        [
                            -57.895993,
                            -35.380754,
                            0
                        ],
                        [
                            -57.897561,
                            -35.38073,
                            0
                        ],
                        [
                            -57.898944,
                            -35.380483,
                            0
                        ],
                        [
                            -57.900036,
                            -35.380076,
                            0
                        ],
                        [
                            -57.900447,
                            -35.380023,
                            0
                        ],
                        [
                            -57.901361,
                            -35.380054,
                            0
                        ],
                        [
                            -57.902856,
                            -35.380279,
                            0
                        ],
                        [
                            -57.904489,
                            -35.380641,
                            0
                        ],
                        [
                            -57.905385,
                            -35.380567,
                            0
                        ],
                        [
                            -57.906083,
                            -35.380337,
                            0
                        ],
                        [
                            -57.906705,
                            -35.380071,
                            0
                        ],
                        [
                            -57.907252,
                            -35.379992,
                            0
                        ],
                        [
                            -57.907664,
                            -35.380076,
                            0
                        ],
                        [
                            -57.908123,
                            -35.380247,
                            0
                        ],
                        [
                            -57.909485,
                            -35.380898,
                            0
                        ],
                        [
                            -57.910818,
                            -35.381586,
                            0
                        ],
                        [
                            -57.911903,
                            -35.381889,
                            0
                        ],
                        [
                            -57.912907,
                            -35.381844,
                            0
                        ],
                        [
                            -57.913376,
                            -35.381591,
                            0
                        ],
                        [
                            -57.91378,
                            -35.380915,
                            0
                        ],
                        [
                            -57.913925,
                            -35.380291,
                            0
                        ],
                        [
                            -57.913739,
                            -35.378659,
                            0
                        ],
                        [
                            -57.913607,
                            -35.3777,
                            0
                        ],
                        [
                            -57.913828,
                            -35.37705,
                            0
                        ],
                        [
                            -57.91439,
                            -35.376389,
                            0
                        ],
                        [
                            -57.915551,
                            -35.375433,
                            0
                        ],
                        [
                            -57.915943,
                            -35.375031,
                            0
                        ],
                        [
                            -57.916422,
                            -35.374292,
                            0
                        ],
                        [
                            -57.916917,
                            -35.372306,
                            0
                        ],
                        [
                            -57.917458,
                            -35.371716,
                            0
                        ],
                        [
                            -57.917862,
                            -35.371426,
                            0
                        ],
                        [
                            -57.918852,
                            -35.371443,
                            0
                        ],
                        [
                            -57.919555,
                            -35.371699,
                            0
                        ],
                        [
                            -57.920818,
                            -35.372949,
                            0
                        ],
                        [
                            -57.921462,
                            -35.373318,
                            0
                        ],
                        [
                            -57.923838,
                            -35.37335,
                            0
                        ],
                        [
                            -57.928057,
                            -35.37402,
                            0
                        ],
                        [
                            -57.928744,
                            -35.374227,
                            0
                        ],
                        [
                            -57.929543,
                            -35.374832,
                            0
                        ],
                        [
                            -57.930323,
                            -35.375112,
                            0
                        ],
                        [
                            -57.931192,
                            -35.375255,
                            0
                        ],
                        [
                            -57.932485,
                            -35.375096,
                            0
                        ],
                        [
                            -57.933564,
                            -35.375147,
                            0
                        ],
                        [
                            -57.934236,
                            -35.375292,
                            0
                        ],
                        [
                            -57.935891,
                            -35.376164,
                            0
                        ],
                        [
                            -57.936409,
                            -35.376197,
                            0
                        ],
                        [
                            -57.936833,
                            -35.376032,
                            0
                        ],
                        [
                            -57.937979,
                            -35.375063,
                            0
                        ],
                        [
                            -57.938644,
                            -35.374572,
                            0
                        ],
                        [
                            -57.939156,
                            -35.374119,
                            0
                        ],
                        [
                            -57.939868,
                            -35.37379,
                            0
                        ],
                        [
                            -57.940475,
                            -35.37366,
                            0
                        ],
                        [
                            -57.941482,
                            -35.373802,
                            0
                        ],
                        [
                            -57.942182,
                            -35.373784,
                            0
                        ],
                        [
                            -57.942789,
                            -35.37358,
                            0
                        ],
                        [
                            -57.943257,
                            -35.373202,
                            0
                        ],
                        [
                            -57.943491,
                            -35.372791,
                            0
                        ],
                        [
                            -57.943502,
                            -35.372455,
                            0
                        ],
                        [
                            -57.943399,
                            -35.371508,
                            0
                        ],
                        [
                            -57.943425,
                            -35.371096,
                            0
                        ],
                        [
                            -57.94359,
                            -35.370883,
                            0
                        ],
                        [
                            -57.944015,
                            -35.370718,
                            0
                        ],
                        [
                            -57.944456,
                            -35.370739,
                            0
                        ],
                        [
                            -57.944884,
                            -35.370848,
                            0
                        ],
                        [
                            -57.945637,
                            -35.371441,
                            0
                        ],
                        [
                            -57.946374,
                            -35.372008,
                            0
                        ],
                        [
                            -57.946772,
                            -35.372117,
                            0
                        ],
                        [
                            -57.947196,
                            -35.371952,
                            0
                        ],
                        [
                            -57.947497,
                            -35.371675,
                            0
                        ],
                        [
                            -57.94777,
                            -35.370264,
                            0
                        ],
                        [
                            -57.948049,
                            -35.36934,
                            0
                        ],
                        [
                            -57.949856,
                            -35.367643,
                            0
                        ],
                        [
                            -57.950156,
                            -35.367069,
                            0
                        ],
                        [
                            -57.950248,
                            -35.365784,
                            0
                        ],
                        [
                            -57.950478,
                            -35.364648,
                            0
                        ],
                        [
                            -57.950393,
                            -35.363926,
                            0
                        ],
                        [
                            -57.950428,
                            -35.363015,
                            0
                        ],
                        [
                            -57.950616,
                            -35.362141,
                            0
                        ],
                        [
                            -57.95178,
                            -35.360501,
                            0
                        ],
                        [
                            -57.95226,
                            -35.359886,
                            0
                        ],
                        [
                            -57.952742,
                            -35.359397,
                            0
                        ],
                        [
                            -57.955237,
                            -35.357956,
                            0
                        ],
                        [
                            -57.956793,
                            -35.356959,
                            0
                        ],
                        [
                            -57.958369,
                            -35.356298,
                            0
                        ],
                        [
                            -57.959823,
                            -35.355946,
                            0
                        ],
                        [
                            -57.961067,
                            -35.355562,
                            0
                        ],
                        [
                            -57.961444,
                            -35.355334,
                            0
                        ],
                        [
                            -57.962475,
                            -35.354952,
                            0
                        ],
                        [
                            -57.963188,
                            -35.354735,
                            0
                        ],
                        [
                            -57.964179,
                            -35.354889,
                            0
                        ],
                        [
                            -57.965232,
                            -35.355067,
                            0
                        ],
                        [
                            -57.966298,
                            -35.355121,
                            0
                        ],
                        [
                            -57.967118,
                            -35.354953,
                            0
                        ],
                        [
                            -57.968043,
                            -35.354609,
                            0
                        ],
                        [
                            -57.968587,
                            -35.354292,
                            0
                        ],
                        [
                            -57.968826,
                            -35.353854,
                            0
                        ],
                        [
                            -57.969099,
                            -35.353156,
                            0
                        ],
                        [
                            -57.969532,
                            -35.352442,
                            0
                        ],
                        [
                            -57.97027,
                            -35.35175,
                            0
                        ],
                        [
                            -57.971109,
                            -35.350621,
                            0
                        ],
                        [
                            -57.971802,
                            -35.350005,
                            0
                        ],
                        [
                            -57.972387,
                            -35.34929,
                            0
                        ],
                        [
                            -57.972706,
                            -35.347966,
                            0
                        ],
                        [
                            -57.973018,
                            -35.347365,
                            0
                        ],
                        [
                            -57.973339,
                            -35.346754,
                            0
                        ],
                        [
                            -57.975905,
                            -35.346185,
                            0
                        ],
                        [
                            -57.976814,
                            -35.345854,
                            0
                        ],
                        [
                            -57.979086,
                            -35.344925,
                            0
                        ],
                        [
                            -57.979357,
                            -35.344686,
                            0
                        ],
                        [
                            -57.979446,
                            -35.344424,
                            0
                        ],
                        [
                            -57.979366,
                            -35.344163,
                            0
                        ],
                        [
                            -57.9782,
                            -35.342269,
                            0
                        ],
                        [
                            -57.977225,
                            -35.339721,
                            0
                        ],
                        [
                            -57.977235,
                            -35.339285,
                            0
                        ],
                        [
                            -57.977603,
                            -35.338185,
                            0
                        ],
                        [
                            -57.978535,
                            -35.336671,
                            0
                        ],
                        [
                            -57.979245,
                            -35.336204,
                            0
                        ],
                        [
                            -57.979742,
                            -35.335801,
                            0
                        ],
                        [
                            -57.980208,
                            -35.335311,
                            0
                        ],
                        [
                            -57.980687,
                            -35.334672,
                            0
                        ],
                        [
                            -57.981088,
                            -35.333846,
                            0
                        ],
                        [
                            -57.981169,
                            -35.332985,
                            0
                        ],
                        [
                            -57.982331,
                            -35.332376,
                            0
                        ],
                        [
                            -57.983373,
                            -35.331893,
                            0
                        ],
                        [
                            -57.984276,
                            -35.331389,
                            0
                        ],
                        [
                            -57.984819,
                            -35.330663,
                            0
                        ],
                        [
                            -57.985,
                            -35.329713,
                            0
                        ],
                        [
                            -57.984907,
                            -35.328856,
                            0
                        ],
                        [
                            -57.985398,
                            -35.328468,
                            0
                        ],
                        [
                            -57.986253,
                            -35.328461,
                            0
                        ]
                    ]
                ]
            },
            "properties": {
                "description": {
                    "@type": "html",
                    "value": "Descripción: <br>CCA: 027<br>CDE: 06217<br>FNA: Partido de Chascomús<br>GNA: Partido<br>NAM: Chascomús<br>SAG: ARBA<br>ARA3: 3161.49<br>ARL: 3127.8<br>PARTIDO: 027<br>AREA_KM2: 3161.49<br>fill-opacity: 0"
                },
                "styleUrl": "#poly-000000-2287-0",
                "Descripción": "",
                "CCA": "027",
                "CDE": "06217",
                "FNA": "Partido de Chascomús",
                "GNA": "Partido",
                "NAM": "Chascomús",
                "SAG": "ARBA",
                "ARA3": "3161.49",
                "ARL": "3127.8",
                "PARTIDO": "027",
                "AREA_KM2": "3161.49"
            }
        }
    ]
}