{
    "type": "FeatureCollection",
    "features": [
        {
            "type": "Feature",
            "geometry": {
                "type": "Polygon",
                "coordinates": [
                    [
                        [
                            -57.987181,
                            -35.329009,
                            0
                        ],
                        [
                            -57.987961,
                            -35.329612,
                            0
                        ],
                        [
                            -57.989207,
                            -35.330054,
                            0
                        ],
                        [
                            -57.990649,
                            -35.330809,
                            0
                        ],
                        [
                            -57.991734,
                            -35.33159,
                            0
                        ],
                        [
                            -57.992928,
                            -35.33228,
                            0
                        ],
                        [
                            -57.993647,
                            -35.3325,
                            0
                        ],
                        [
                            -57.994832,
                            -35.33249,
                            0
                        ],
                        [
                            -57.995797,
                            -35.332482,
                            0
                        ],
                        [
                            -57.997118,
                            -35.332313,
                            0
                        ],
                        [
                            -57.998661,
                            -35.332256,
                            0
                        ],
                        [
                            -58.000391,
                            -35.332556,
                            0
                        ],
                        [
                            -58.000578,
                            -35.332502,
                            0
                        ],
                        [
                            -58.00122,
                            -35.332444,
                            0
                        ],
                        [
                            -58.001841,
                            -35.332463,
                            0
                        ],
                        [
                            -58.002298,
                            -35.332556,
                            0
                        ],
                        [
                            -58.002573,
                            -35.332708,
                            0
                        ],
                        [
                            -58.002724,
                            -35.332791,
                            0
                        ],
                        [
                            -58.00279,
                            -35.33287,
                            0
                        ],
                        [
                            -58.002747,
                            -35.333132,
                            0
                        ],
                        [
                            -58.002754,
                            -35.333668,
                            0
                        ],
                        [
                            -58.002944,
                            -35.334277,
                            0
                        ],
                        [
                            -58.003169,
                            -35.334843,
                            0
                        ],
                        [
                            -58.003574,
                            -35.335638,
                            0
                        ],
                        [
                            -58.004176,
                            -35.336269,
                            0
                        ],
                        [
                            -58.005006,
                            -35.336972,
                            0
                        ],
                        [
                            -58.005912,
                            -35.337601,
                            0
                        ],
                        [
                            -58.006592,
                            -35.338455,
                            0
                        ],
                        [
                            -58.006989,
                            -35.339558,
                            0
                        ],
                        [
                            -58.007475,
                            -35.340676,
                            0
                        ],
                        [
                            -58.007975,
                            -35.341719,
                            0
                        ],
                        [
                            -58.008058,
                            -35.342279,
                            0
                        ],
                        [
                            -58.008085,
                            -35.343883,
                            0
                        ],
                        [
                            -58.008449,
                            -35.344977,
                            0
                        ],
                        [
                            -58.008894,
                            -35.345297,
                            0
                        ],
                        [
                            -58.010661,
                            -35.345332,
                            0
                        ],
                        [
                            -58.011285,
                            -35.345327,
                            0
                        ],
                        [
                            -58.01194,
                            -35.345409,
                            0
                        ],
                        [
                            -58.01252,
                            -35.345529,
                            0
                        ],
                        [
                            -58.01304,
                            -35.345736,
                            0
                        ],
                        [
                            -58.013516,
                            -35.346019,
                            0
                        ],
                        [
                            -58.01401,
                            -35.346563,
                            0
                        ],
                        [
                            -58.014429,
                            -35.347208,
                            0
                        ],
                        [
                            -58.014992,
                            -35.347884,
                            0
                        ],
                        [
                            -58.015608,
                            -35.348427,
                            0
                        ],
                        [
                            -58.016544,
                            -35.349043,
                            0
                        ],
                        [
                            -58.017416,
                            -35.349409,
                            0
                        ],
                        [
                            -58.019904,
                            -35.350403,
                            0
                        ],
                        [
                            -58.020932,
                            -35.35103,
                            0
                        ],
                        [
                            -58.022726,
                            -35.352025,
                            0
                        ],
                        [
                            -58.023218,
                            -35.352394,
                            0
                        ],
                        [
                            -58.023991,
                            -35.353348,
                            0
                        ],
                        [
                            -58.024864,
                            -35.353814,
                            0
                        ],
                        [
                            -58.025487,
                            -35.353709,
                            0
                        ],
                        [
                            -58.026169,
                            -35.353466,
                            0
                        ],
                        [
                            -58.028239,
                            -35.351472,
                            0
                        ],
                        [
                            -58.029462,
                            -35.350638,
                            0
                        ],
                        [
                            -58.030003,
                            -35.350148,
                            0
                        ],
                        [
                            -58.030508,
                            -35.349158,
                            0
                        ],
                        [
                            -58.031065,
                            -35.348605,
                            0
                        ],
                        [
                            -58.032712,
                            -35.347669,
                            0
                        ],
                        [
                            -58.034913,
                            -35.347176,
                            0
                        ],
                        [
                            -58.03529,
                            -35.346911,
                            0
                        ],
                        [
                            -58.035294,
                            -35.346569,
                            0
                        ],
                        [
                            -58.034686,
                            -35.345632,
                            0
                        ],
                        [
                            -58.034705,
                            -35.345101,
                            0
                        ],
                        [
                            -58.035105,
                            -35.344588,
                            0
                        ],
                        [
                            -58.035703,
                            -35.344028,
                            0
                        ],
                        [
                            -58.03752,
                            -35.342695,
                            0
                        ],
                        [
                            -58.039166,
                            -35.341244,
                            0
                        ],
                        [
                            -58.039657,
                            -35.340632,
                            0
                        ],
                        [
                            -58.039789,
                            -35.340284,
                            0
                        ],
                        [
                            -58.040199,
                            -35.339265,
                            0
                        ],
                        [
                            -58.040437,
                            -35.338916,
                            0
                        ],
                        [
                            -58.040747,
                            -35.338679,
                            0
                        ],
                        [
                            -58.041631,
                            -35.33799,
                            0
                        ],
                        [
                            -58.042427,
                            -35.337513,
                            0
                        ],
                        [
                            -58.043041,
                            -35.337086,
                            0
                        ],
                        [
                            -58.043714,
                            -35.336461,
                            0
                        ],
                        [
                            -58.044386,
                            -35.335786,
                            0
                        ],
                        [
                            -58.044713,
                            -35.335374,
                            0
                        ],
                        [
                            -58.045009,
                            -35.334851,
                            0
                        ],
                        [
                            -58.045257,
                            -35.334156,
                            0
                        ],
                        [
                            -58.045424,
                            -35.33429,
                            0
                        ],
                        [
                            -58.048798,
                            -35.337407,
                            0
                        ],
                        [
                            -58.049592,
                            -35.338202,
                            0
                        ],
                        [
                            -58.055538,
                            -35.343658,
                            0
                        ],
                        [
                            -58.060159,
                            -35.347907,
                            0
                        ],
                        [
                            -58.068563,
                            -35.355604,
                            0
                        ],
                        [
                            -58.076483,
                            -35.362812,
                            0
                        ],
                        [
                            -58.085303,
                            -35.370934,
                            0
                        ],
                        [
                            -58.08837,
                            -35.37376,
                            0
                        ],
                        [
                            -58.09583,
                            -35.380674,
                            0
                        ],
                        [
                            -58.103291,
                            -35.387548,
                            0
                        ],
                        [
                            -58.106164,
                            -35.390218,
                            0
                        ],
                        [
                            -58.113381,
                            -35.396932,
                            0
                        ],
                        [
                            -58.122063,
                            -35.404837,
                            0
                        ],
                        [
                            -58.123282,
                            -35.405727,
                            0
                        ],
                        [
                            -58.134446,
                            -35.415787,
                            0
                        ],
                        [
                            -58.139054,
                            -35.419966,
                            0
                        ],
                        [
                            -58.145073,
                            -35.415462,
                            0
                        ],
                        [
                            -58.150539,
                            -35.4114,
                            0
                        ],
                        [
                            -58.152992,
                            -35.409496,
                            0
                        ],
                        [
                            -58.154707,
                            -35.408168,
                            0
                        ],
                        [
                            -58.164941,
                            -35.416546,
                            0
                        ],
                        [
                            -58.166301,
                            -35.417652,
                            0
                        ],
                        [
                            -58.175429,
                            -35.424988,
                            0
                        ],
                        [
                            -58.17789,
                            -35.427156,
                            0
                        ],
                        [
                            -58.178172,
                            -35.427538,
                            0
                        ],
                        [
                            -58.179637,
                            -35.428824,
                            0
                        ],
                        [
                            -58.19361,
                            -35.440851,
                            0
                        ],
                        [
                            -58.193758,
                            -35.440968,
                            0
                        ],
                        [
                            -58.177283,
                            -35.453474,
                            0
                        ],
                        [
                            -58.170578,
                            -35.458592,
                            0
                        ],
                        [
                            -58.167246,
                            -35.461104,
                            0
                        ],
                        [
                            -58.152236,
                            -35.472388,
                            0
                        ],
                        [
                            -58.161141,
                            -35.480224,
                            0
                        ],
                        [
                            -58.163001,
                            -35.482371,
                            0
                        ],
                        [
                            -58.164257,
                            -35.48353,
                            0
                        ],
                        [
                            -58.173627,
                            -35.49211,
                            0
                        ],
                        [
                            -58.181976,
                            -35.499602,
                            0
                        ],
                        [
                            -58.191471,
                            -35.508301,
                            0
                        ],
                        [
                            -58.203665,
                            -35.51868,
                            0
                        ],
                        [
                            -58.198921,
                            -35.522538,
                            0
                        ],
                        [
                            -58.208313,
                            -35.530292,
                            0
                        ],
                        [
                            -58.209053,
                            -35.530782,
                            0
                        ],
                        [
                            -58.219374,
                            -35.53923,
                            0
                        ],
                        [
                            -58.222998,
                            -35.542222,
                            0
                        ],
                        [
                            -58.225122,
                            -35.543974,
                            0
                        ],
                        [
                            -58.22968,
                            -35.547684,
                            0
                        ],
                        [
                            -58.236879,
                            -35.553618,
                            0
                        ],
                        [
                            -58.24473,
                            -35.56042,
                            0
                        ],
                        [
                            -58.250192,
                            -35.564592,
                            0
                        ],
                        [
                            -58.250471,
                            -35.564802,
                            0
                        ],
                        [
                            -58.254351,
                            -35.56812,
                            0
                        ],
                        [
                            -58.259473,
                            -35.572508,
                            0
                        ],
                        [
                            -58.264322,
                            -35.576672,
                            0
                        ],
                        [
                            -58.268822,
                            -35.580452,
                            0
                        ],
                        [
                            -58.270439,
                            -35.581866,
                            0
                        ],
                        [
                            -58.291375,
                            -35.599608,
                            0
                        ],
                        [
                            -58.291611,
                            -35.599664,
                            0
                        ],
                        [
                            -58.291903,
                            -35.599954,
                            0
                        ],
                        [
                            -58.294914,
                            -35.602546,
                            0
                        ],
                        [
                            -58.296362,
                            -35.603788,
                            0
                        ],
                        [
                            -58.299106,
                            -35.606216,
                            0
                        ],
                        [
                            -58.300624,
                            -35.607568,
                            0
                        ],
                        [
                            -58.301498,
                            -35.608334,
                            0
                        ],
                        [
                            -58.302348,
                            -35.609066,
                            0
                        ],
                        [
                            -58.304348,
                            -35.610782,
                            0
                        ],
                        [
                            -58.311196,
                            -35.61686,
                            0
                        ],
                        [
                            -58.313672,
                            -35.618999,
                            0
                        ],
                        [
                            -58.324041,
                            -35.628088,
                            0
                        ],
                        [
                            -58.327606,
                            -35.631192,
                            0
                        ],
                        [
                            -58.328298,
                            -35.63184,
                            0
                        ],
                        [
                            -58.332053,
                            -35.635078,
                            0
                        ],
                        [
                            -58.332317,
                            -35.635996,
                            0
                        ],
                        [
                            -58.332436,
                            -35.636202,
                            0
                        ],
                        [
                            -58.334481,
                            -35.640089,
                            0
                        ],
                        [
                            -58.34139,
                            -35.652019,
                            0
                        ],
                        [
                            -58.341632,
                            -35.652114,
                            0
                        ],
                        [
                            -58.352519,
                            -35.661242,
                            0
                        ],
                        [
                            -58.353257,
                            -35.661864,
                            0
                        ],
                        [
                            -58.358467,
                            -35.666252,
                            0
                        ],
                        [
                            -58.361646,
                            -35.669278,
                            0
                        ],
                        [
                            -58.365129,
                            -35.67218,
                            0
                        ],
                        [
                            -58.365517,
                            -35.67251,
                            0
                        ],
                        [
                            -58.369404,
                            -35.675792,
                            0
                        ],
                        [
                            -58.372631,
                            -35.678436,
                            0
                        ],
                        [
                            -58.372927,
                            -35.678667,
                            0
                        ],
                        [
                            -58.375951,
                            -35.681258,
                            0
                        ],
                        [
                            -58.377407,
                            -35.682546,
                            0
                        ],
                        [
                            -58.381324,
                            -35.685884,
                            0
                        ],
                        [
                            -58.382828,
                            -35.687174,
                            0
                        ],
                        [
                            -58.387758,
                            -35.691386,
                            0
                        ],
                        [
                            -58.388513,
                            -35.692074,
                            0
                        ],
                        [
                            -58.388868,
                            -35.692502,
                            0
                        ],
                        [
                            -58.390954,
                            -35.694258,
                            0
                        ],
                        [
                            -58.391497,
                            -35.694715,
                            0
                        ],
                        [
                            -58.394162,
                            -35.697044,
                            0
                        ],
                        [
                            -58.396732,
                            -35.699237,
                            0
                        ],
                        [
                            -58.401611,
                            -35.703532,
                            0
                        ],
                        [
                            -58.407351,
                            -35.708522,
                            0
                        ],
                        [
                            -58.412554,
                            -35.713013,
                            0
                        ],
                        [
                            -58.414875,
                            -35.714996,
                            0
                        ],
                        [
                            -58.418127,
                            -35.717817,
                            0
                        ],
                        [
                            -58.420416,
                            -35.719768,
                            0
                        ],
                        [
                            -58.421487,
                            -35.720706,
                            0
                        ],
                        [
                            -58.422491,
                            -35.721529,
                            0
                        ],
                        [
                            -58.426306,
                            -35.724834,
                            0
                        ],
                        [
                            -58.430004,
                            -35.728072,
                            0
                        ],
                        [
                            -58.431705,
                            -35.729462,
                            0
                        ],
                        [
                            -58.432046,
                            -35.729775,
                            0
                        ],
                        [
                            -58.435245,
                            -35.73247,
                            0
                        ],
                        [
                            -58.436095,
                            -35.733065,
                            0
                        ],
                        [
                            -58.436416,
                            -35.734076,
                            0
                        ],
                        [
                            -58.437241,
                            -35.735134,
                            0
                        ],
                        [
                            -58.438003,
                            -35.735525,
                            0
                        ],
                        [
                            -58.441154,
                            -35.736471,
                            0
                        ],
                        [
                            -58.442938,
                            -35.737004,
                            0
                        ],
                        [
                            -58.445374,
                            -35.738082,
                            0
                        ],
                        [
                            -58.446785,
                            -35.738803,
                            0
                        ],
                        [
                            -58.448991,
                            -35.739699,
                            0
                        ],
                        [
                            -58.450286,
                            -35.740329,
                            0
                        ],
                        [
                            -58.450934,
                            -35.740691,
                            0
                        ],
                        [
                            -58.45151,
                            -35.741207,
                            0
                        ],
                        [
                            -58.451864,
                            -35.742002,
                            0
                        ],
                        [
                            -58.452378,
                            -35.743226,
                            0
                        ],
                        [
                            -58.452741,
                            -35.744514,
                            0
                        ],
                        [
                            -58.452647,
                            -35.745561,
                            0
                        ],
                        [
                            -58.452028,
                            -35.74686,
                            0
                        ],
                        [
                            -58.45174,
                            -35.747602,
                            0
                        ],
                        [
                            -58.451112,
                            -35.748379,
                            0
                        ],
                        [
                            -58.450608,
                            -35.749397,
                            0
                        ],
                        [
                            -58.449657,
                            -35.7511,
                            0
                        ],
                        [
                            -58.449227,
                            -35.752336,
                            0
                        ],
                        [
                            -58.448647,
                            -35.753666,
                            0
                        ],
                        [
                            -58.448407,
                            -35.755053,
                            0
                        ],
                        [
                            -58.448577,
                            -35.756097,
                            0
                        ],
                        [
                            -58.449081,
                            -35.756767,
                            0
                        ],
                        [
                            -58.450071,
                            -35.757248,
                            0
                        ],
                        [
                            -58.451512,
                            -35.757568,
                            0
                        ],
                        [
                            -58.452467,
                            -35.758141,
                            0
                        ],
                        [
                            -58.453162,
                            -35.758994,
                            0
                        ],
                        [
                            -58.453781,
                            -35.759787,
                            0
                        ],
                        [
                            -58.453986,
                            -35.760676,
                            0
                        ],
                        [
                            -58.453897,
                            -35.762031,
                            0
                        ],
                        [
                            -58.453648,
                            -35.762864,
                            0
                        ],
                        [
                            -58.453511,
                            -35.763635,
                            0
                        ],
                        [
                            -58.453386,
                            -35.764982,
                            0
                        ],
                        [
                            -58.45323,
                            -35.766768,
                            0
                        ],
                        [
                            -58.45311,
                            -35.768492,
                            0
                        ],
                        [
                            -58.45275,
                            -35.769481,
                            0
                        ],
                        [
                            -58.45238,
                            -35.769885,
                            0
                        ],
                        [
                            -58.451292,
                            -35.770329,
                            0
                        ],
                        [
                            -58.44986,
                            -35.7705,
                            0
                        ],
                        [
                            -58.448841,
                            -35.770512,
                            0
                        ],
                        [
                            -58.447659,
                            -35.769942,
                            0
                        ],
                        [
                            -58.446894,
                            -35.769398,
                            0
                        ],
                        [
                            -58.445818,
                            -35.768365,
                            0
                        ],
                        [
                            -58.444978,
                            -35.767883,
                            0
                        ],
                        [
                            -58.443769,
                            -35.767866,
                            0
                        ],
                        [
                            -58.443127,
                            -35.768226,
                            0
                        ],
                        [
                            -58.441198,
                            -35.769835,
                            0
                        ],
                        [
                            -58.439743,
                            -35.770868,
                            0
                        ],
                        [
                            -58.437947,
                            -35.771781,
                            0
                        ],
                        [
                            -58.437011,
                            -35.772254,
                            0
                        ],
                        [
                            -58.435364,
                            -35.772726,
                            0
                        ],
                        [
                            -58.433293,
                            -35.773089,
                            0
                        ],
                        [
                            -58.432244,
                            -35.773563,
                            0
                        ],
                        [
                            -58.431129,
                            -35.774561,
                            0
                        ],
                        [
                            -58.429911,
                            -35.776205,
                            0
                        ],
                        [
                            -58.429293,
                            -35.777535,
                            0
                        ],
                        [
                            -58.429084,
                            -35.778522,
                            0
                        ],
                        [
                            -58.428723,
                            -35.77948,
                            0
                        ],
                        [
                            -58.428064,
                            -35.780626,
                            0
                        ],
                        [
                            -58.426388,
                            -35.781999,
                            0
                        ],
                        [
                            -58.424596,
                            -35.78316,
                            0
                        ],
                        [
                            -58.423629,
                            -35.784032,
                            0
                        ],
                        [
                            -58.422772,
                            -35.784688,
                            0
                        ],
                        [
                            -58.421086,
                            -35.785476,
                            0
                        ],
                        [
                            -58.420603,
                            -35.785944,
                            0
                        ],
                        [
                            -58.419532,
                            -35.78734,
                            0
                        ],
                        [
                            -58.418865,
                            -35.788087,
                            0
                        ],
                        [
                            -58.417708,
                            -35.788869,
                            0
                        ],
                        [
                            -58.417146,
                            -35.789884,
                            0
                        ],
                        [
                            -58.41661,
                            -35.791643,
                            0
                        ],
                        [
                            -58.415775,
                            -35.79353,
                            0
                        ],
                        [
                            -58.415374,
                            -35.794365,
                            0
                        ],
                        [
                            -58.415534,
                            -35.794886,
                            0
                        ],
                        [
                            -58.416221,
                            -35.795278,
                            0
                        ],
                        [
                            -58.417022,
                            -35.795668,
                            0
                        ],
                        [
                            -58.417943,
                            -35.796457,
                            0
                        ],
                        [
                            -58.418409,
                            -35.79719,
                            0
                        ],
                        [
                            -58.41877,
                            -35.798324,
                            0
                        ],
                        [
                            -58.418791,
                            -35.799554,
                            0
                        ],
                        [
                            -58.418516,
                            -35.801064,
                            0
                        ],
                        [
                            -58.418263,
                            -35.801713,
                            0
                        ],
                        [
                            -58.417729,
                            -35.803318,
                            0
                        ],
                        [
                            -58.417295,
                            -35.8044,
                            0
                        ],
                        [
                            -58.416707,
                            -35.80533,
                            0
                        ],
                        [
                            -58.41649,
                            -35.805855,
                            0
                        ],
                        [
                            -58.416548,
                            -35.807023,
                            0
                        ],
                        [
                            -58.416611,
                            -35.808438,
                            0
                        ],
                        [
                            -58.416343,
                            -35.810348,
                            0
                        ],
                        [
                            -58.415617,
                            -35.812017,
                            0
                        ],
                        [
                            -58.414735,
                            -35.813443,
                            0
                        ],
                        [
                            -58.413397,
                            -35.814751,
                            0
                        ],
                        [
                            -58.411791,
                            -35.815815,
                            0
                        ],
                        [
                            -58.410145,
                            -35.816757,
                            0
                        ],
                        [
                            -58.409135,
                            -35.817354,
                            0
                        ],
                        [
                            -58.408616,
                            -35.817944,
                            0
                        ],
                        [
                            -58.408323,
                            -35.818472,
                            0
                        ],
                        [
                            -58.407908,
                            -35.819142,
                            0
                        ],
                        [
                            -58.407346,
                            -35.819394,
                            0
                        ],
                        [
                            -58.406743,
                            -35.819494,
                            0
                        ],
                        [
                            -58.405987,
                            -35.819504,
                            0
                        ],
                        [
                            -58.405113,
                            -35.819268,
                            0
                        ],
                        [
                            -58.404503,
                            -35.818966,
                            0
                        ],
                        [
                            -58.404052,
                            -35.818846,
                            0
                        ],
                        [
                            -58.403545,
                            -35.818793,
                            0
                        ],
                        [
                            -58.402398,
                            -35.818649,
                            0
                        ],
                        [
                            -58.401335,
                            -35.818524,
                            0
                        ],
                        [
                            -58.400163,
                            -35.818362,
                            0
                        ],
                        [
                            -58.399522,
                            -35.818232,
                            0
                        ],
                        [
                            -58.39882,
                            -35.818044,
                            0
                        ],
                        [
                            -58.398457,
                            -35.81794,
                            0
                        ],
                        [
                            -58.397649,
                            -35.81792,
                            0
                        ],
                        [
                            -58.396721,
                            -35.817852,
                            0
                        ],
                        [
                            -58.395635,
                            -35.817747,
                            0
                        ],
                        [
                            -58.394851,
                            -35.817697,
                            0
                        ],
                        [
                            -58.393691,
                            -35.817554,
                            0
                        ],
                        [
                            -58.392254,
                            -35.817345,
                            0
                        ],
                        [
                            -58.391119,
                            -35.81726,
                            0
                        ],
                        [
                            -58.390514,
                            -35.8171,
                            0
                        ],
                        [
                            -58.389853,
                            -35.817186,
                            0
                        ],
                        [
                            -58.389278,
                            -35.81742,
                            0
                        ],
                        [
                            -58.388439,
                            -35.817644,
                            0
                        ],
                        [
                            -58.387457,
                            -35.818028,
                            0
                        ],
                        [
                            -58.386898,
                            -35.818262,
                            0
                        ],
                        [
                            -58.386108,
                            -35.818536,
                            0
                        ],
                        [
                            -58.385075,
                            -35.818754,
                            0
                        ],
                        [
                            -58.384222,
                            -35.818901,
                            0
                        ],
                        [
                            -58.383478,
                            -35.819067,
                            0
                        ],
                        [
                            -58.382808,
                            -35.819349,
                            0
                        ],
                        [
                            -58.382295,
                            -35.819659,
                            0
                        ],
                        [
                            -58.381319,
                            -35.820367,
                            0
                        ],
                        [
                            -58.3807,
                            -35.820854,
                            0
                        ],
                        [
                            -58.380147,
                            -35.821596,
                            0
                        ],
                        [
                            -58.379782,
                            -35.82212,
                            0
                        ],
                        [
                            -58.379631,
                            -35.822446,
                            0
                        ],
                        [
                            -58.379455,
                            -35.823045,
                            0
                        ],
                        [
                            -58.379268,
                            -35.824126,
                            0
                        ],
                        [
                            -58.379137,
                            -35.824873,
                            0
                        ],
                        [
                            -58.37899,
                            -35.825444,
                            0
                        ],
                        [
                            -58.37885,
                            -35.82574,
                            0
                        ],
                        [
                            -58.378545,
                            -35.826165,
                            0
                        ],
                        [
                            -58.377928,
                            -35.82676,
                            0
                        ],
                        [
                            -58.377408,
                            -35.827325,
                            0
                        ],
                        [
                            -58.377147,
                            -35.827613,
                            0
                        ],
                        [
                            -58.376905,
                            -35.82786,
                            0
                        ],
                        [
                            -58.376494,
                            -35.828482,
                            0
                        ],
                        [
                            -58.376081,
                            -35.829007,
                            0
                        ],
                        [
                            -58.375379,
                            -35.829545,
                            0
                        ],
                        [
                            -58.374663,
                            -35.829955,
                            0
                        ],
                        [
                            -58.373934,
                            -35.830267,
                            0
                        ],
                        [
                            -58.373567,
                            -35.830703,
                            0
                        ],
                        [
                            -58.372737,
                            -35.831497,
                            0
                        ],
                        [
                            -58.371943,
                            -35.832262,
                            0
                        ],
                        [
                            -58.371444,
                            -35.83268,
                            0
                        ],
                        [
                            -58.371107,
                            -35.832984,
                            0
                        ],
                        [
                            -58.371041,
                            -35.833338,
                            0
                        ],
                        [
                            -58.370829,
                            -35.833644,
                            0
                        ],
                        [
                            -58.37051,
                            -35.834,
                            0
                        ],
                        [
                            -58.370153,
                            -35.83427,
                            0
                        ],
                        [
                            -58.369709,
                            -35.834402,
                            0
                        ],
                        [
                            -58.369119,
                            -35.834438,
                            0
                        ],
                        [
                            -58.368696,
                            -35.834384,
                            0
                        ],
                        [
                            -58.368251,
                            -35.83439,
                            0
                        ],
                        [
                            -58.367611,
                            -35.834358,
                            0
                        ],
                        [
                            -58.366779,
                            -35.834348,
                            0
                        ],
                        [
                            -58.36619,
                            -35.834412,
                            0
                        ],
                        [
                            -58.365638,
                            -35.834546,
                            0
                        ],
                        [
                            -58.364906,
                            -35.83477,
                            0
                        ],
                        [
                            -58.364318,
                            -35.834934,
                            0
                        ],
                        [
                            -58.363779,
                            -35.835107,
                            0
                        ],
                        [
                            -58.363396,
                            -35.835268,
                            0
                        ],
                        [
                            -58.363077,
                            -35.835434,
                            0
                        ],
                        [
                            -58.362624,
                            -35.835704,
                            0
                        ],
                        [
                            -58.362325,
                            -35.835874,
                            0
                        ],
                        [
                            -58.361676,
                            -35.83598,
                            0
                        ],
                        [
                            -58.360847,
                            -35.836117,
                            0
                        ],
                        [
                            -58.360476,
                            -35.836248,
                            0
                        ],
                        [
                            -58.359851,
                            -35.836353,
                            0
                        ],
                        [
                            -58.359454,
                            -35.836446,
                            0
                        ],
                        [
                            -58.35906,
                            -35.836666,
                            0
                        ],
                        [
                            -58.35862,
                            -35.836975,
                            0
                        ],
                        [
                            -58.358023,
                            -35.837325,
                            0
                        ],
                        [
                            -58.357211,
                            -35.837796,
                            0
                        ],
                        [
                            -58.356697,
                            -35.838066,
                            0
                        ],
                        [
                            -58.355896,
                            -35.838438,
                            0
                        ],
                        [
                            -58.355609,
                            -35.838569,
                            0
                        ],
                        [
                            -58.354965,
                            -35.838868,
                            0
                        ],
                        [
                            -58.354427,
                            -35.839178,
                            0
                        ],
                        [
                            -58.354044,
                            -35.83933,
                            0
                        ],
                        [
                            -58.35371,
                            -35.8395,
                            0
                        ],
                        [
                            -58.35334,
                            -35.83976,
                            0
                        ],
                        [
                            -58.352532,
                            -35.840426,
                            0
                        ],
                        [
                            -58.35189,
                            -35.840982,
                            0
                        ],
                        [
                            -58.351187,
                            -35.841462,
                            0
                        ],
                        [
                            -58.350758,
                            -35.841712,
                            0
                        ],
                        [
                            -58.350266,
                            -35.841854,
                            0
                        ],
                        [
                            -58.349845,
                            -35.841928,
                            0
                        ],
                        [
                            -58.349199,
                            -35.84221,
                            0
                        ],
                        [
                            -58.348367,
                            -35.84221,
                            0
                        ],
                        [
                            -58.34785,
                            -35.842294,
                            0
                        ],
                        [
                            -58.34713,
                            -35.842458,
                            0
                        ],
                        [
                            -58.346255,
                            -35.842762,
                            0
                        ],
                        [
                            -58.345512,
                            -35.843056,
                            0
                        ],
                        [
                            -58.345201,
                            -35.843166,
                            0
                        ],
                        [
                            -58.34482,
                            -35.843316,
                            0
                        ],
                        [
                            -58.344293,
                            -35.843538,
                            0
                        ],
                        [
                            -58.343453,
                            -35.843762,
                            0
                        ],
                        [
                            -58.342974,
                            -35.843924,
                            0
                        ],
                        [
                            -58.342437,
                            -35.844293,
                            0
                        ],
                        [
                            -58.342273,
                            -35.84455,
                            0
                        ],
                        [
                            -58.342137,
                            -35.845081,
                            0
                        ],
                        [
                            -58.341967,
                            -35.845691,
                            0
                        ],
                        [
                            -58.341961,
                            -35.846074,
                            0
                        ],
                        [
                            -58.342063,
                            -35.847122,
                            0
                        ],
                        [
                            -58.342063,
                            -35.847857,
                            0
                        ],
                        [
                            -58.342057,
                            -35.848171,
                            0
                        ],
                        [
                            -58.341888,
                            -35.848918,
                            0
                        ],
                        [
                            -58.341821,
                            -35.849223,
                            0
                        ],
                        [
                            -58.341915,
                            -35.849771,
                            0
                        ],
                        [
                            -58.341995,
                            -35.850241,
                            0
                        ],
                        [
                            -58.342248,
                            -35.850964,
                            0
                        ],
                        [
                            -58.342333,
                            -35.851659,
                            0
                        ],
                        [
                            -58.342273,
                            -35.852425,
                            0
                        ],
                        [
                            -58.342245,
                            -35.852896,
                            0
                        ],
                        [
                            -58.342227,
                            -35.853276,
                            0
                        ],
                        [
                            -58.342269,
                            -35.853589,
                            0
                        ],
                        [
                            -58.3425,
                            -35.8544,
                            0
                        ],
                        [
                            -58.342692,
                            -35.855055,
                            0
                        ],
                        [
                            -58.342731,
                            -35.855364,
                            0
                        ],
                        [
                            -58.342796,
                            -35.856221,
                            0
                        ],
                        [
                            -58.342863,
                            -35.856672,
                            0
                        ],
                        [
                            -58.342883,
                            -35.857142,
                            0
                        ],
                        [
                            -58.34258,
                            -35.857782,
                            0
                        ],
                        [
                            -58.341907,
                            -35.858624,
                            0
                        ],
                        [
                            -58.340947,
                            -35.859615,
                            0
                        ],
                        [
                            -58.340614,
                            -35.859893,
                            0
                        ],
                        [
                            -58.339793,
                            -35.860521,
                            0
                        ],
                        [
                            -58.339489,
                            -35.861093,
                            0
                        ],
                        [
                            -58.339292,
                            -35.861546,
                            0
                        ],
                        [
                            -58.338982,
                            -35.861736,
                            0
                        ],
                        [
                            -58.338719,
                            -35.861886,
                            0
                        ],
                        [
                            -58.338269,
                            -35.862125,
                            0
                        ],
                        [
                            -58.337781,
                            -35.862523,
                            0
                        ],
                        [
                            -58.337245,
                            -35.862882,
                            0
                        ],
                        [
                            -58.336695,
                            -35.863163,
                            0
                        ],
                        [
                            -58.336228,
                            -35.863364,
                            0
                        ],
                        [
                            -58.335724,
                            -35.863546,
                            0
                        ],
                        [
                            -58.335161,
                            -35.863739,
                            0
                        ],
                        [
                            -58.334765,
                            -35.863861,
                            0
                        ],
                        [
                            -58.334332,
                            -35.863944,
                            0
                        ],
                        [
                            -58.333475,
                            -35.863886,
                            0
                        ],
                        [
                            -58.332364,
                            -35.86377,
                            0
                        ],
                        [
                            -58.331844,
                            -35.863698,
                            0
                        ],
                        [
                            -58.331482,
                            -35.863652,
                            0
                        ],
                        [
                            -58.331107,
                            -35.863588,
                            0
                        ],
                        [
                            -58.330756,
                            -35.863494,
                            0
                        ],
                        [
                            -58.330164,
                            -35.863422,
                            0
                        ],
                        [
                            -58.329573,
                            -35.863428,
                            0
                        ],
                        [
                            -58.32932,
                            -35.86346,
                            0
                        ],
                        [
                            -58.32896,
                            -35.863544,
                            0
                        ],
                        [
                            -58.328528,
                            -35.863666,
                            0
                        ],
                        [
                            -58.328062,
                            -35.86382,
                            0
                        ],
                        [
                            -58.327214,
                            -35.8643,
                            0
                        ],
                        [
                            -58.325941,
                            -35.865324,
                            0
                        ],
                        [
                            -58.325405,
                            -35.865762,
                            0
                        ],
                        [
                            -58.324881,
                            -35.86616,
                            0
                        ],
                        [
                            -58.324202,
                            -35.866628,
                            0
                        ],
                        [
                            -58.323617,
                            -35.866988,
                            0
                        ],
                        [
                            -58.322947,
                            -35.8673,
                            0
                        ],
                        [
                            -58.322264,
                            -35.867582,
                            0
                        ],
                        [
                            -58.321736,
                            -35.867706,
                            0
                        ],
                        [
                            -58.321025,
                            -35.867732,
                            0
                        ],
                        [
                            -58.320348,
                            -35.867661,
                            0
                        ],
                        [
                            -58.319914,
                            -35.867647,
                            0
                        ],
                        [
                            -58.318491,
                            -35.867672,
                            0
                        ],
                        [
                            -58.316154,
                            -35.867703,
                            0
                        ],
                        [
                            -58.314745,
                            -35.867787,
                            0
                        ],
                        [
                            -58.313408,
                            -35.86788,
                            0
                        ],
                        [
                            -58.312445,
                            -35.867998,
                            0
                        ],
                        [
                            -58.311793,
                            -35.867918,
                            0
                        ],
                        [
                            -58.310969,
                            -35.867702,
                            0
                        ],
                        [
                            -58.310179,
                            -35.867298,
                            0
                        ],
                        [
                            -58.309435,
                            -35.866834,
                            0
                        ],
                        [
                            -58.308946,
                            -35.866428,
                            0
                        ],
                        [
                            -58.308702,
                            -35.866216,
                            0
                        ],
                        [
                            -58.308226,
                            -35.865634,
                            0
                        ],
                        [
                            -58.308163,
                            -35.865458,
                            0
                        ],
                        [
                            -58.308105,
                            -35.864126,
                            0
                        ],
                        [
                            -58.307721,
                            -35.863482,
                            0
                        ],
                        [
                            -58.307079,
                            -35.862596,
                            0
                        ],
                        [
                            -58.306389,
                            -35.861702,
                            0
                        ],
                        [
                            -58.305931,
                            -35.861042,
                            0
                        ],
                        [
                            -58.305609,
                            -35.860564,
                            0
                        ],
                        [
                            -58.305385,
                            -35.860136,
                            0
                        ],
                        [
                            -58.304991,
                            -35.85962,
                            0
                        ],
                        [
                            -58.303954,
                            -35.858896,
                            0
                        ],
                        [
                            -58.30298,
                            -35.858308,
                            0
                        ],
                        [
                            -58.302322,
                            -35.857914,
                            0
                        ],
                        [
                            -58.301627,
                            -35.85741,
                            0
                        ],
                        [
                            -58.30107,
                            -35.856908,
                            0
                        ],
                        [
                            -58.300579,
                            -35.856384,
                            0
                        ],
                        [
                            -58.299977,
                            -35.855664,
                            0
                        ],
                        [
                            -58.299806,
                            -35.855478,
                            0
                        ],
                        [
                            -58.299509,
                            -35.85512,
                            0
                        ],
                        [
                            -58.299155,
                            -35.85481,
                            0
                        ],
                        [
                            -58.298644,
                            -35.85456,
                            0
                        ],
                        [
                            -58.298084,
                            -35.854224,
                            0
                        ],
                        [
                            -58.297611,
                            -35.854022,
                            0
                        ],
                        [
                            -58.297223,
                            -35.853889,
                            0
                        ],
                        [
                            -58.296644,
                            -35.853866,
                            0
                        ],
                        [
                            -58.295848,
                            -35.853865,
                            0
                        ],
                        [
                            -58.295199,
                            -35.85398,
                            0
                        ],
                        [
                            -58.29461,
                            -35.854074,
                            0
                        ],
                        [
                            -58.29408,
                            -35.85411,
                            0
                        ],
                        [
                            -58.293633,
                            -35.854065,
                            0
                        ],
                        [
                            -58.293007,
                            -35.854012,
                            0
                        ],
                        [
                            -58.292332,
                            -35.853989,
                            0
                        ],
                        [
                            -58.291876,
                            -35.854132,
                            0
                        ],
                        [
                            -58.291278,
                            -35.854442,
                            0
                        ],
                        [
                            -58.290921,
                            -35.85476,
                            0
                        ],
                        [
                            -58.290635,
                            -35.85496,
                            0
                        ],
                        [
                            -58.29015,
                            -35.855504,
                            0
                        ],
                        [
                            -58.289734,
                            -35.85591,
                            0
                        ],
                        [
                            -58.289341,
                            -35.85617,
                            0
                        ],
                        [
                            -58.288935,
                            -35.85644,
                            0
                        ],
                        [
                            -58.288469,
                            -35.85669,
                            0
                        ],
                        [
                            -58.287259,
                            -35.857174,
                            0
                        ],
                        [
                            -58.286756,
                            -35.857374,
                            0
                        ],
                        [
                            -58.285983,
                            -35.857724,
                            0
                        ],
                        [
                            -58.285445,
                            -35.857976,
                            0
                        ],
                        [
                            -58.284692,
                            -35.858416,
                            0
                        ],
                        [
                            -58.284168,
                            -35.858748,
                            0
                        ],
                        [
                            -58.283669,
                            -35.85925,
                            0
                        ],
                        [
                            -58.282917,
                            -35.860272,
                            0
                        ],
                        [
                            -58.282451,
                            -35.860754,
                            0
                        ],
                        [
                            -58.282059,
                            -35.86111,
                            0
                        ],
                        [
                            -58.281497,
                            -35.86143,
                            0
                        ],
                        [
                            -58.280896,
                            -35.861516,
                            0
                        ],
                        [
                            -58.280413,
                            -35.861462,
                            0
                        ],
                        [
                            -58.279903,
                            -35.861242,
                            0
                        ],
                        [
                            -58.279646,
                            -35.86102,
                            0
                        ],
                        [
                            -58.27926,
                            -35.8608,
                            0
                        ],
                        [
                            -58.278542,
                            -35.860376,
                            0
                        ],
                        [
                            -58.277983,
                            -35.860106,
                            0
                        ],
                        [
                            -58.277109,
                            -35.859734,
                            0
                        ],
                        [
                            -58.276721,
                            -35.85962,
                            0
                        ],
                        [
                            -58.275669,
                            -35.859406,
                            0
                        ],
                        [
                            -58.274677,
                            -35.8592,
                            0
                        ],
                        [
                            -58.273782,
                            -35.859034,
                            0
                        ],
                        [
                            -58.273273,
                            -35.858852,
                            0
                        ],
                        [
                            -58.272798,
                            -35.858612,
                            0
                        ],
                        [
                            -58.272238,
                            -35.858225,
                            0
                        ],
                        [
                            -58.271918,
                            -35.857856,
                            0
                        ],
                        [
                            -58.271569,
                            -35.857509,
                            0
                        ],
                        [
                            -58.271419,
                            -35.857157,
                            0
                        ],
                        [
                            -58.271277,
                            -35.8566,
                            0
                        ],
                        [
                            -58.271244,
                            -35.856002,
                            0
                        ],
                        [
                            -58.271307,
                            -35.855462,
                            0
                        ],
                        [
                            -58.27139,
                            -35.854559,
                            0
                        ],
                        [
                            -58.271672,
                            -35.854114,
                            0
                        ],
                        [
                            -58.271976,
                            -35.853532,
                            0
                        ],
                        [
                            -58.272249,
                            -35.852992,
                            0
                        ],
                        [
                            -58.272445,
                            -35.85245,
                            0
                        ],
                        [
                            -58.272579,
                            -35.851782,
                            0
                        ],
                        [
                            -58.27282,
                            -35.851016,
                            0
                        ],
                        [
                            -58.273027,
                            -35.850376,
                            0
                        ],
                        [
                            -58.273202,
                            -35.85004,
                            0
                        ],
                        [
                            -58.273616,
                            -35.849506,
                            0
                        ],
                        [
                            -58.273996,
                            -35.84915,
                            0
                        ],
                        [
                            -58.274713,
                            -35.848526,
                            0
                        ],
                        [
                            -58.275236,
                            -35.84805,
                            0
                        ],
                        [
                            -58.275544,
                            -35.847694,
                            0
                        ],
                        [
                            -58.275692,
                            -35.847152,
                            0
                        ],
                        [
                            -58.275683,
                            -35.846594,
                            0
                        ],
                        [
                            -58.27565,
                            -35.846054,
                            0
                        ],
                        [
                            -58.275472,
                            -35.845498,
                            0
                        ],
                        [
                            -58.275236,
                            -35.845038,
                            0
                        ],
                        [
                            -58.274736,
                            -35.844104,
                            0
                        ],
                        [
                            -58.27414,
                            -35.842974,
                            0
                        ],
                        [
                            -58.273728,
                            -35.842134,
                            0
                        ],
                        [
                            -58.273553,
                            -35.841714,
                            0
                        ],
                        [
                            -58.273354,
                            -35.841354,
                            0
                        ],
                        [
                            -58.272876,
                            -35.840848,
                            0
                        ],
                        [
                            -58.272225,
                            -35.840249,
                            0
                        ],
                        [
                            -58.271053,
                            -35.839301,
                            0
                        ],
                        [
                            -58.27,
                            -35.838292,
                            0
                        ],
                        [
                            -58.269069,
                            -35.837332,
                            0
                        ],
                        [
                            -58.268797,
                            -35.836942,
                            0
                        ],
                        [
                            -58.268411,
                            -35.83638,
                            0
                        ],
                        [
                            -58.26811,
                            -35.835678,
                            0
                        ],
                        [
                            -58.267923,
                            -35.835288,
                            0
                        ],
                        [
                            -58.267794,
                            -35.83474,
                            0
                        ],
                        [
                            -58.267635,
                            -35.833868,
                            0
                        ],
                        [
                            -58.267533,
                            -35.833476,
                            0
                        ],
                        [
                            -58.267282,
                            -35.832904,
                            0
                        ],
                        [
                            -58.26716,
                            -35.832598,
                            0
                        ],
                        [
                            -58.267476,
                            -35.830348,
                            0
                        ],
                        [
                            -58.267714,
                            -35.829154,
                            0
                        ],
                        [
                            -58.267757,
                            -35.828426,
                            0
                        ],
                        [
                            -58.267546,
                            -35.827622,
                            0
                        ],
                        [
                            -58.267104,
                            -35.826794,
                            0
                        ],
                        [
                            -58.266632,
                            -35.826156,
                            0
                        ],
                        [
                            -58.266187,
                            -35.82514,
                            0
                        ],
                        [
                            -58.26578,
                            -35.824446,
                            0
                        ],
                        [
                            -58.265031,
                            -35.823414,
                            0
                        ],
                        [
                            -58.26426,
                            -35.822644,
                            0
                        ],
                        [
                            -58.262965,
                            -35.82212,
                            0
                        ],
                        [
                            -58.261076,
                            -35.82155,
                            0
                        ],
                        [
                            -58.260079,
                            -35.821078,
                            0
                        ],
                        [
                            -58.258915,
                            -35.820446,
                            0
                        ],
                        [
                            -58.258148,
                            -35.81989,
                            0
                        ],
                        [
                            -58.257084,
                            -35.81939,
                            0
                        ],
                        [
                            -58.256319,
                            -35.81897,
                            0
                        ],
                        [
                            -58.255127,
                            -35.818686,
                            0
                        ],
                        [
                            -58.253543,
                            -35.81857,
                            0
                        ],
                        [
                            -58.251761,
                            -35.818508,
                            0
                        ],
                        [
                            -58.250407,
                            -35.818386,
                            0
                        ],
                        [
                            -58.249768,
                            -35.818394,
                            0
                        ],
                        [
                            -58.248656,
                            -35.81897,
                            0
                        ],
                        [
                            -58.247743,
                            -35.819622,
                            0
                        ],
                        [
                            -58.247157,
                            -35.820138,
                            0
                        ],
                        [
                            -58.246376,
                            -35.820764,
                            0
                        ],
                        [
                            -58.245722,
                            -35.821174,
                            0
                        ],
                        [
                            -58.244741,
                            -35.82172,
                            0
                        ],
                        [
                            -58.24356,
                            -35.822108,
                            0
                        ],
                        [
                            -58.242773,
                            -35.822386,
                            0
                        ],
                        [
                            -58.24212,
                            -35.822822,
                            0
                        ],
                        [
                            -58.24134,
                            -35.823528,
                            0
                        ],
                        [
                            -58.240624,
                            -35.824178,
                            0
                        ],
                        [
                            -58.239911,
                            -35.824964,
                            0
                        ],
                        [
                            -58.239259,
                            -35.825454,
                            0
                        ],
                        [
                            -58.238208,
                            -35.82576,
                            0
                        ],
                        [
                            -58.236728,
                            -35.82607,
                            0
                        ],
                        [
                            -58.234631,
                            -35.826924,
                            0
                        ],
                        [
                            -58.233907,
                            -35.82704,
                            0
                        ],
                        [
                            -58.23272,
                            -35.827106,
                            0
                        ],
                        [
                            -58.231768,
                            -35.826996,
                            0
                        ],
                        [
                            -58.230973,
                            -35.826762,
                            0
                        ],
                        [
                            -58.230607,
                            -35.826644,
                            0
                        ],
                        [
                            -58.230302,
                            -35.826648,
                            0
                        ],
                        [
                            -58.228984,
                            -35.826858,
                            0
                        ],
                        [
                            -58.227907,
                            -35.82671,
                            0
                        ],
                        [
                            -58.226902,
                            -35.826456,
                            0
                        ],
                        [
                            -58.225779,
                            -35.825946,
                            0
                        ],
                        [
                            -58.224758,
                            -35.825402,
                            0
                        ],
                        [
                            -58.224025,
                            -35.824754,
                            0
                        ],
                        [
                            -58.223836,
                            -35.824538,
                            0
                        ],
                        [
                            -58.223826,
                            -35.823882,
                            0
                        ],
                        [
                            -58.224085,
                            -35.823292,
                            0
                        ],
                        [
                            -58.224453,
                            -35.823036,
                            0
                        ],
                        [
                            -58.225169,
                            -35.822608,
                            0
                        ],
                        [
                            -58.22568,
                            -35.822216,
                            0
                        ],
                        [
                            -58.226064,
                            -35.821692,
                            0
                        ],
                        [
                            -58.226198,
                            -35.820984,
                            0
                        ],
                        [
                            -58.226004,
                            -35.820482,
                            0
                        ],
                        [
                            -58.225437,
                            -35.819882,
                            0
                        ],
                        [
                            -58.224875,
                            -35.819568,
                            0
                        ],
                        [
                            -58.223929,
                            -35.819218,
                            0
                        ],
                        [
                            -58.22341,
                            -35.819056,
                            0
                        ],
                        [
                            -58.222852,
                            -35.819028,
                            0
                        ],
                        [
                            -58.221946,
                            -35.819222,
                            0
                        ],
                        [
                            -58.221145,
                            -35.819466,
                            0
                        ],
                        [
                            -58.220652,
                            -35.819656,
                            0
                        ],
                        [
                            -58.220035,
                            -35.819813,
                            0
                        ],
                        [
                            -58.217622,
                            -35.821418,
                            0
                        ],
                        [
                            -58.21686,
                            -35.82161,
                            0
                        ],
                        [
                            -58.216139,
                            -35.821702,
                            0
                        ],
                        [
                            -58.214967,
                            -35.822032,
                            0
                        ],
                        [
                            -58.214123,
                            -35.82226,
                            0
                        ],
                        [
                            -58.213259,
                            -35.822488,
                            0
                        ],
                        [
                            -58.212809,
                            -35.822744,
                            0
                        ],
                        [
                            -58.212194,
                            -35.823086,
                            0
                        ],
                        [
                            -58.211865,
                            -35.82319,
                            0
                        ],
                        [
                            -58.211453,
                            -35.823244,
                            0
                        ],
                        [
                            -58.210467,
                            -35.823624,
                            0
                        ],
                        [
                            -58.209439,
                            -35.823954,
                            0
                        ],
                        [
                            -58.208015,
                            -35.82402,
                            0
                        ],
                        [
                            -58.207464,
                            -35.824478,
                            0
                        ],
                        [
                            -58.206816,
                            -35.824782,
                            0
                        ],
                        [
                            -58.205747,
                            -35.825128,
                            0
                        ],
                        [
                            -58.204758,
                            -35.825306,
                            0
                        ],
                        [
                            -58.204622,
                            -35.825862,
                            0
                        ],
                        [
                            -58.204469,
                            -35.82667,
                            0
                        ],
                        [
                            -58.204327,
                            -35.826858,
                            0
                        ],
                        [
                            -58.203344,
                            -35.827406,
                            0
                        ],
                        [
                            -58.202159,
                            -35.828274,
                            0
                        ],
                        [
                            -58.201367,
                            -35.829206,
                            0
                        ],
                        [
                            -58.200943,
                            -35.82985,
                            0
                        ],
                        [
                            -58.20091,
                            -35.830388,
                            0
                        ],
                        [
                            -58.201064,
                            -35.831026,
                            0
                        ],
                        [
                            -58.201129,
                            -35.831226,
                            0
                        ],
                        [
                            -58.201506,
                            -35.831908,
                            0
                        ],
                        [
                            -58.201946,
                            -35.832308,
                            0
                        ],
                        [
                            -58.202944,
                            -35.832896,
                            0
                        ],
                        [
                            -58.203518,
                            -35.833502,
                            0
                        ],
                        [
                            -58.203744,
                            -35.834064,
                            0
                        ],
                        [
                            -58.203998,
                            -35.834914,
                            0
                        ],
                        [
                            -58.204089,
                            -35.83559,
                            0
                        ],
                        [
                            -58.203967,
                            -35.836422,
                            0
                        ],
                        [
                            -58.20395,
                            -35.837056,
                            0
                        ],
                        [
                            -58.204291,
                            -35.838256,
                            0
                        ],
                        [
                            -58.204164,
                            -35.83876,
                            0
                        ],
                        [
                            -58.203588,
                            -35.83977,
                            0
                        ],
                        [
                            -58.203035,
                            -35.840476,
                            0
                        ],
                        [
                            -58.202614,
                            -35.841092,
                            0
                        ],
                        [
                            -58.2023,
                            -35.84162,
                            0
                        ],
                        [
                            -58.201988,
                            -35.842344,
                            0
                        ],
                        [
                            -58.201541,
                            -35.842982,
                            0
                        ],
                        [
                            -58.2008,
                            -35.84369,
                            0
                        ],
                        [
                            -58.200107,
                            -35.84409,
                            0
                        ],
                        [
                            -58.198158,
                            -35.844874,
                            0
                        ],
                        [
                            -58.197298,
                            -35.845668,
                            0
                        ],
                        [
                            -58.196585,
                            -35.846506,
                            0
                        ],
                        [
                            -58.196032,
                            -35.847254,
                            0
                        ],
                        [
                            -58.195085,
                            -35.848554,
                            0
                        ],
                        [
                            -58.193941,
                            -35.849309,
                            0
                        ],
                        [
                            -58.193359,
                            -35.849927,
                            0
                        ],
                        [
                            -58.192832,
                            -35.85061,
                            0
                        ],
                        [
                            -58.192223,
                            -35.851206,
                            0
                        ],
                        [
                            -58.191639,
                            -35.851714,
                            0
                        ],
                        [
                            -58.190815,
                            -35.852335,
                            0
                        ],
                        [
                            -58.190604,
                            -35.852599,
                            0
                        ],
                        [
                            -58.190211,
                            -35.853237,
                            0
                        ],
                        [
                            -58.189978,
                            -35.853851,
                            0
                        ],
                        [
                            -58.189719,
                            -35.854466,
                            0
                        ],
                        [
                            -58.189671,
                            -35.854882,
                            0
                        ],
                        [
                            -58.189708,
                            -35.855537,
                            0
                        ],
                        [
                            -58.189798,
                            -35.856148,
                            0
                        ],
                        [
                            -58.189644,
                            -35.856631,
                            0
                        ],
                        [
                            -58.189075,
                            -35.857595,
                            0
                        ],
                        [
                            -58.189027,
                            -35.857945,
                            0
                        ],
                        [
                            -58.18912,
                            -35.858797,
                            0
                        ],
                        [
                            -58.189048,
                            -35.859344,
                            0
                        ],
                        [
                            -58.188656,
                            -35.860091,
                            0
                        ],
                        [
                            -58.188285,
                            -35.860466,
                            0
                        ],
                        [
                            -58.187328,
                            -35.861174,
                            0
                        ],
                        [
                            -58.186693,
                            -35.861816,
                            0
                        ],
                        [
                            -58.185688,
                            -35.862918,
                            0
                        ],
                        [
                            -58.185079,
                            -35.863492,
                            0
                        ],
                        [
                            -58.184304,
                            -35.86385,
                            0
                        ],
                        [
                            -58.182806,
                            -35.86428,
                            0
                        ],
                        [
                            -58.181308,
                            -35.864754,
                            0
                        ],
                        [
                            -58.180696,
                            -35.865174,
                            0
                        ],
                        [
                            -58.178449,
                            -35.865874,
                            0
                        ],
                        [
                            -58.177003,
                            -35.866194,
                            0
                        ],
                        [
                            -58.176088,
                            -35.866138,
                            0
                        ],
                        [
                            -58.175362,
                            -35.86608,
                            0
                        ],
                        [
                            -58.174367,
                            -35.866068,
                            0
                        ],
                        [
                            -58.172629,
                            -35.86663,
                            0
                        ],
                        [
                            -58.171162,
                            -35.867388,
                            0
                        ],
                        [
                            -58.170011,
                            -35.867728,
                            0
                        ],
                        [
                            -58.169045,
                            -35.867824,
                            0
                        ],
                        [
                            -58.167862,
                            -35.86777,
                            0
                        ],
                        [
                            -58.167323,
                            -35.867666,
                            0
                        ],
                        [
                            -58.167079,
                            -35.867538,
                            0
                        ],
                        [
                            -58.166295,
                            -35.867218,
                            0
                        ],
                        [
                            -58.166081,
                            -35.867207,
                            0
                        ],
                        [
                            -58.165328,
                            -35.867149,
                            0
                        ],
                        [
                            -58.165199,
                            -35.856694,
                            0
                        ],
                        [
                            -58.164538,
                            -35.849123,
                            0
                        ],
                        [
                            -58.158429,
                            -35.843857,
                            0
                        ],
                        [
                            -58.150708,
                            -35.836884,
                            0
                        ],
                        [
                            -58.150714,
                            -35.836608,
                            0
                        ],
                        [
                            -58.147048,
                            -35.83306,
                            0
                        ],
                        [
                            -58.137425,
                            -35.825424,
                            0
                        ],
                        [
                            -58.139003,
                            -35.82421,
                            0
                        ],
                        [
                            -58.145739,
                            -35.819356,
                            0
                        ],
                        [
                            -58.145385,
                            -35.81906,
                            0
                        ],
                        [
                            -58.134456,
                            -35.806357,
                            0
                        ],
                        [
                            -58.131512,
                            -35.802878,
                            0
                        ],
                        [
                            -58.130449,
                            -35.803677,
                            0
                        ],
                        [
                            -58.118816,
                            -35.79359,
                            0
                        ],
                        [
                            -58.118517,
                            -35.793803,
                            0
                        ],
                        [
                            -58.113972,
                            -35.789906,
                            0
                        ],
                        [
                            -58.112733,
                            -35.788844,
                            0
                        ],
                        [
                            -58.109577,
                            -35.78614,
                            0
                        ],
                        [
                            -58.107225,
                            -35.784122,
                            0
                        ],
                        [
                            -58.105555,
                            -35.782696,
                            0
                        ],
                        [
                            -58.096555,
                            -35.775004,
                            0
                        ],
                        [
                            -58.088169,
                            -35.780828,
                            0
                        ],
                        [
                            -58.079752,
                            -35.78667,
                            0
                        ],
                        [
                            -58.079615,
                            -35.786764,
                            0
                        ],
                        [
                            -58.079212,
                            -35.786279,
                            0
                        ],
                        [
                            -58.078905,
                            -35.785717,
                            0
                        ],
                        [
                            -58.075844,
                            -35.779767,
                            0
                        ],
                        [
                            -58.073496,
                            -35.775125,
                            0
                        ],
                        [
                            -58.073346,
                            -35.775284,
                            0
                        ],
                        [
                            -58.072348,
                            -35.775956,
                            0
                        ],
                        [
                            -58.069201,
                            -35.778206,
                            0
                        ],
                        [
                            -58.058264,
                            -35.768532,
                            0
                        ],
                        [
                            -58.057842,
                            -35.76789,
                            0
                        ],
                        [
                            -58.055927,
                            -35.766171,
                            0
                        ],
                        [
                            -58.055403,
                            -35.765971,
                            0
                        ],
                        [
                            -58.045045,
                            -35.756317,
                            0
                        ],
                        [
                            -58.035976,
                            -35.761503,
                            0
                        ],
                        [
                            -58.035151,
                            -35.761791,
                            0
                        ],
                        [
                            -58.023554,
                            -35.751994,
                            0
                        ],
                        [
                            -58.023549,
                            -35.75176,
                            0
                        ],
                        [
                            -58.024625,
                            -35.750927,
                            0
                        ],
                        [
                            -58.018005,
                            -35.745287,
                            0
                        ],
                        [
                            -58.011542,
                            -35.739917,
                            0
                        ],
                        [
                            -58.010244,
                            -35.741093,
                            0
                        ],
                        [
                            -58.006036,
                            -35.744275,
                            0
                        ],
                        [
                            -57.99366,
                            -35.753429,
                            0
                        ],
                        [
                            -57.992513,
                            -35.754326,
                            0
                        ],
                        [
                            -57.990819,
                            -35.755154,
                            0
                        ],
                        [
                            -57.988044,
                            -35.756243,
                            0
                        ],
                        [
                            -57.985079,
                            -35.756971,
                            0
                        ],
                        [
                            -57.983139,
                            -35.757243,
                            0
                        ],
                        [
                            -57.981517,
                            -35.757328,
                            0
                        ],
                        [
                            -57.980154,
                            -35.757331,
                            0
                        ],
                        [
                            -57.972207,
                            -35.75099,
                            0
                        ],
                        [
                            -57.966319,
                            -35.746267,
                            0
                        ],
                        [
                            -57.958867,
                            -35.740277,
                            0
                        ],
                        [
                            -57.954264,
                            -35.736604,
                            0
                        ],
                        [
                            -57.953275,
                            -35.735794,
                            0
                        ],
                        [
                            -57.949063,
                            -35.732456,
                            0
                        ],
                        [
                            -57.944306,
                            -35.728606,
                            0
                        ],
                        [
                            -57.940467,
                            -35.725506,
                            0
                        ],
                        [
                            -57.939107,
                            -35.724439,
                            0
                        ],
                        [
                            -57.937506,
                            -35.723232,
                            0
                        ],
                        [
                            -57.929737,
                            -35.716931,
                            0
                        ],
                        [
                            -57.929088,
                            -35.716413,
                            0
                        ],
                        [
                            -57.927258,
                            -35.717729,
                            0
                        ],
                        [
                            -57.923704,
                            -35.714401,
                            0
                        ],
                        [
                            -57.916992,
                            -35.70808,
                            0
                        ],
                        [
                            -57.912868,
                            -35.704485,
                            0
                        ],
                        [
                            -57.911677,
                            -35.703451,
                            0
                        ],
                        [
                            -57.907196,
                            -35.699557,
                            0
                        ],
                        [
                            -57.899897,
                            -35.693133,
                            0
                        ],
                        [
                            -57.89803,
                            -35.691511,
                            0
                        ],
                        [
                            -57.896832,
                            -35.692427,
                            0
                        ],
                        [
                            -57.894991,
                            -35.693902,
                            0
                        ],
                        [
                            -57.892191,
                            -35.696003,
                            0
                        ],
                        [
                            -57.892296,
                            -35.696102,
                            0
                        ],
                        [
                            -57.887219,
                            -35.699885,
                            0
                        ],
                        [
                            -57.878763,
                            -35.692828,
                            0
                        ],
                        [
                            -57.8789,
                            -35.692734,
                            0
                        ],
                        [
                            -57.873398,
                            -35.687754,
                            0
                        ],
                        [
                            -57.87317,
                            -35.687559,
                            0
                        ],
                        [
                            -57.872517,
                            -35.68797,
                            0
                        ],
                        [
                            -57.867471,
                            -35.691744,
                            0
                        ],
                        [
                            -57.860841,
                            -35.685794,
                            0
                        ],
                        [
                            -57.851699,
                            -35.692568,
                            0
                        ],
                        [
                            -57.837635,
                            -35.702463,
                            0
                        ],
                        [
                            -57.834667,
                            -35.699899,
                            0
                        ],
                        [
                            -57.830709,
                            -35.702894,
                            0
                        ],
                        [
                            -57.828329,
                            -35.704692,
                            0
                        ],
                        [
                            -57.827033,
                            -35.705565,
                            0
                        ],
                        [
                            -57.826908,
                            -35.705802,
                            0
                        ],
                        [
                            -57.825095,
                            -35.70713,
                            0
                        ],
                        [
                            -57.820941,
                            -35.710306,
                            0
                        ],
                        [
                            -57.812305,
                            -35.716983,
                            0
                        ],
                        [
                            -57.813932,
                            -35.718396,
                            0
                        ],
                        [
                            -57.814379,
                            -35.718734,
                            0
                        ],
                        [
                            -57.81054,
                            -35.7217,
                            0
                        ],
                        [
                            -57.798509,
                            -35.730871,
                            0
                        ],
                        [
                            -57.783597,
                            -35.742149,
                            0
                        ],
                        [
                            -57.773117,
                            -35.749987,
                            0
                        ],
                        [
                            -57.763225,
                            -35.75774,
                            0
                        ],
                        [
                            -57.757556,
                            -35.762037,
                            0
                        ],
                        [
                            -57.753363,
                            -35.764392,
                            0
                        ],
                        [
                            -57.749686,
                            -35.766119,
                            0
                        ],
                        [
                            -57.741276,
                            -35.769147,
                            0
                        ],
                        [
                            -57.736329,
                            -35.770503,
                            0
                        ],
                        [
                            -57.71972,
                            -35.773095,
                            0
                        ],
                        [
                            -57.703179,
                            -35.775631,
                            0
                        ],
                        [
                            -57.689024,
                            -35.777908,
                            0
                        ],
                        [
                            -57.685294,
                            -35.778191,
                            0
                        ],
                        [
                            -57.6725,
                            -35.777712,
                            0
                        ],
                        [
                            -57.64989,
                            -35.776111,
                            0
                        ],
                        [
                            -57.636118,
                            -35.77503,
                            0
                        ],
                        [
                            -57.628869,
                            -35.774714,
                            0
                        ],
                        [
                            -57.623928,
                            -35.774856,
                            0
                        ],
                        [
                            -57.615071,
                            -35.776013,
                            0
                        ],
                        [
                            -57.607188,
                            -35.777884,
                            0
                        ],
                        [
                            -57.601345,
                            -35.77992,
                            0
                        ],
                        [
                            -57.596884,
                            -35.781568,
                            0
                        ],
                        [
                            -57.592122,
                            -35.783732,
                            0
                        ],
                        [
                            -57.575338,
                            -35.791592,
                            0
                        ],
                        [
                            -57.560609,
                            -35.798911,
                            0
                        ],
                        [
                            -57.552296,
                            -35.802562,
                            0
                        ],
                        [
                            -57.546406,
                            -35.804652,
                            0
                        ],
                        [
                            -57.540815,
                            -35.806195,
                            0
                        ],
                        [
                            -57.531237,
                            -35.808622,
                            0
                        ],
                        [
                            -57.523316,
                            -35.80971,
                            0
                        ],
                        [
                            -57.517477,
                            -35.810142,
                            0
                        ],
                        [
                            -57.508851,
                            -35.810505,
                            0
                        ],
                        [
                            -57.50038,
                            -35.810901,
                            0
                        ],
                        [
                            -57.497133,
                            -35.811405,
                            0
                        ],
                        [
                            -57.491863,
                            -35.811451,
                            0
                        ],
                        [
                            -57.489492,
                            -35.811525,
                            0
                        ],
                        [
                            -57.488203,
                            -35.810975,
                            0
                        ],
                        [
                            -57.486528,
                            -35.810295,
                            0
                        ],
                        [
                            -57.485222,
                            -35.809582,
                            0
                        ],
                        [
                            -57.484391,
                            -35.808898,
                            0
                        ],
                        [
                            -57.483641,
                            -35.807651,
                            0
                        ],
                        [
                            -57.483033,
                            -35.806508,
                            0
                        ],
                        [
                            -57.48198,
                            -35.80533,
                            0
                        ],
                        [
                            -57.481012,
                            -35.804386,
                            0
                        ],
                        [
                            -57.480398,
                            -35.803385,
                            0
                        ],
                        [
                            -57.479884,
                            -35.802123,
                            0
                        ],
                        [
                            -57.479001,
                            -35.801137,
                            0
                        ],
                        [
                            -57.478223,
                            -35.800732,
                            0
                        ],
                        [
                            -57.47763,
                            -35.800281,
                            0
                        ],
                        [
                            -57.477256,
                            -35.799856,
                            0
                        ],
                        [
                            -57.477168,
                            -35.799252,
                            0
                        ],
                        [
                            -57.477502,
                            -35.79866,
                            0
                        ],
                        [
                            -57.478158,
                            -35.798259,
                            0
                        ],
                        [
                            -57.478798,
                            -35.798119,
                            0
                        ],
                        [
                            -57.479676,
                            -35.798074,
                            0
                        ],
                        [
                            -57.480553,
                            -35.798015,
                            0
                        ],
                        [
                            -57.481226,
                            -35.797807,
                            0
                        ],
                        [
                            -57.481511,
                            -35.797366,
                            0
                        ],
                        [
                            -57.481961,
                            -35.796429,
                            0
                        ],
                        [
                            -57.482113,
                            -35.795802,
                            0
                        ],
                        [
                            -57.482127,
                            -35.795252,
                            0
                        ],
                        [
                            -57.482004,
                            -35.79451,
                            0
                        ],
                        [
                            -57.481545,
                            -35.793839,
                            0
                        ],
                        [
                            -57.480883,
                            -35.793305,
                            0
                        ],
                        [
                            -57.480239,
                            -35.792799,
                            0
                        ],
                        [
                            -57.480049,
                            -35.792127,
                            0
                        ],
                        [
                            -57.479977,
                            -35.791302,
                            0
                        ],
                        [
                            -57.479786,
                            -35.790451,
                            0
                        ],
                        [
                            -57.479367,
                            -35.789936,
                            0
                        ],
                        [
                            -57.478674,
                            -35.789692,
                            0
                        ],
                        [
                            -57.477779,
                            -35.78953,
                            0
                        ],
                        [
                            -57.476831,
                            -35.789136,
                            0
                        ],
                        [
                            -57.476458,
                            -35.788807,
                            0
                        ],
                        [
                            -57.476169,
                            -35.788355,
                            0
                        ],
                        [
                            -57.476114,
                            -35.787737,
                            0
                        ],
                        [
                            -57.476125,
                            -35.786761,
                            0
                        ],
                        [
                            -57.476288,
                            -35.785785,
                            0
                        ],
                        [
                            -57.476219,
                            -35.784896,
                            0
                        ],
                        [
                            -57.476063,
                            -35.784168,
                            0
                        ],
                        [
                            -57.475705,
                            -35.783551,
                            0
                        ],
                        [
                            -57.475044,
                            -35.783073,
                            0
                        ],
                        [
                            -57.474012,
                            -35.782609,
                            0
                        ],
                        [
                            -57.472971,
                            -35.782434,
                            0
                        ],
                        [
                            -57.472042,
                            -35.78219,
                            0
                        ],
                        [
                            -57.471517,
                            -35.781848,
                            0
                        ],
                        [
                            -57.471024,
                            -35.781342,
                            0
                        ],
                        [
                            -57.470515,
                            -35.780808,
                            0
                        ],
                        [
                            -57.469872,
                            -35.780549,
                            0
                        ],
                        [
                            -57.469062,
                            -35.780401,
                            0
                        ],
                        [
                            -57.468253,
                            -35.780501,
                            0
                        ],
                        [
                            -57.467698,
                            -35.78086,
                            0
                        ],
                        [
                            -57.467363,
                            -35.781356,
                            0
                        ],
                        [
                            -57.467199,
                            -35.782154,
                            0
                        ],
                        [
                            -57.467054,
                            -35.783336,
                            0
                        ],
                        [
                            -57.467059,
                            -35.784078,
                            0
                        ],
                        [
                            -57.466878,
                            -35.784931,
                            0
                        ],
                        [
                            -57.466512,
                            -35.785785,
                            0
                        ],
                        [
                            -57.466016,
                            -35.78636,
                            0
                        ],
                        [
                            -57.465326,
                            -35.786569,
                            0
                        ],
                        [
                            -57.464228,
                            -35.786381,
                            0
                        ],
                        [
                            -57.462892,
                            -35.785905,
                            0
                        ],
                        [
                            -57.460912,
                            -35.784827,
                            0
                        ],
                        [
                            -57.460106,
                            -35.784303,
                            0
                        ],
                        [
                            -57.459157,
                            -35.783482,
                            0
                        ],
                        [
                            -57.458701,
                            -35.783346,
                            0
                        ],
                        [
                            -57.458027,
                            -35.78361,
                            0
                        ],
                        [
                            -57.457844,
                            -35.78405,
                            0
                        ],
                        [
                            -57.457781,
                            -35.784807,
                            0
                        ],
                        [
                            -57.457869,
                            -35.78537,
                            0
                        ],
                        [
                            -57.458462,
                            -35.785807,
                            0
                        ],
                        [
                            -57.459156,
                            -35.786299,
                            0
                        ],
                        [
                            -57.45975,
                            -35.786819,
                            0
                        ],
                        [
                            -57.460089,
                            -35.787203,
                            0
                        ],
                        [
                            -57.460312,
                            -35.787752,
                            0
                        ],
                        [
                            -57.46013,
                            -35.788412,
                            0
                        ],
                        [
                            -57.459442,
                            -35.788951,
                            0
                        ],
                        [
                            -57.458496,
                            -35.789065,
                            0
                        ],
                        [
                            -57.457736,
                            -35.788917,
                            0
                        ],
                        [
                            -57.456991,
                            -35.788549,
                            0
                        ],
                        [
                            -57.456466,
                            -35.788097,
                            0
                        ],
                        [
                            -57.456039,
                            -35.787247,
                            0
                        ],
                        [
                            -57.455833,
                            -35.786698,
                            0
                        ],
                        [
                            -57.455337,
                            -35.785491,
                            0
                        ],
                        [
                            -57.455113,
                            -35.784653,
                            0
                        ],
                        [
                            -57.454599,
                            -35.783226,
                            0
                        ],
                        [
                            -57.454412,
                            -35.782586,
                            0
                        ],
                        [
                            -57.454629,
                            -35.782049,
                            0
                        ],
                        [
                            -57.455201,
                            -35.781772,
                            0
                        ],
                        [
                            -57.455943,
                            -35.781687,
                            0
                        ],
                        [
                            -57.456703,
                            -35.781945,
                            0
                        ],
                        [
                            -57.457447,
                            -35.782107,
                            0
                        ],
                        [
                            -57.458356,
                            -35.781842,
                            0
                        ],
                        [
                            -57.458961,
                            -35.781455,
                            0
                        ],
                        [
                            -57.45943,
                            -35.780753,
                            0
                        ],
                        [
                            -57.459713,
                            -35.780161,
                            0
                        ],
                        [
                            -57.459896,
                            -35.779775,
                            0
                        ],
                        [
                            -57.459691,
                            -35.779199,
                            0
                        ],
                        [
                            -57.458741,
                            -35.778364,
                            0
                        ],
                        [
                            -57.458007,
                            -35.777837,
                            0
                        ],
                        [
                            -57.457195,
                            -35.777469,
                            0
                        ],
                        [
                            -57.456553,
                            -35.777211,
                            0
                        ],
                        [
                            -57.455438,
                            -35.776995,
                            0
                        ],
                        [
                            -57.454594,
                            -35.776943,
                            0
                        ],
                        [
                            -57.453836,
                            -35.777111,
                            0
                        ],
                        [
                            -57.453298,
                            -35.777402,
                            0
                        ],
                        [
                            -57.452593,
                            -35.778105,
                            0
                        ],
                        [
                            -57.452041,
                            -35.778877,
                            0
                        ],
                        [
                            -57.451556,
                            -35.779621,
                            0
                        ],
                        [
                            -57.450901,
                            -35.780091,
                            0
                        ],
                        [
                            -57.45043,
                            -35.780326,
                            0
                        ],
                        [
                            -57.449727,
                            -35.780347,
                            0
                        ],
                        [
                            -57.448898,
                            -35.780034,
                            0
                        ],
                        [
                            -57.448203,
                            -35.779405,
                            0
                        ],
                        [
                            -57.447676,
                            -35.778747,
                            0
                        ],
                        [
                            -57.447353,
                            -35.778171,
                            0
                        ],
                        [
                            -57.446726,
                            -35.777734,
                            0
                        ],
                        [
                            -57.445982,
                            -35.777393,
                            0
                        ],
                        [
                            -57.445205,
                            -35.777299,
                            0
                        ],
                        [
                            -57.44416,
                            -35.777427,
                            0
                        ],
                        [
                            -57.443268,
                            -35.777801,
                            0
                        ],
                        [
                            -57.442545,
                            -35.778299,
                            0
                        ],
                        [
                            -57.442043,
                            -35.779043,
                            0
                        ],
                        [
                            -57.441541,
                            -35.779801,
                            0
                        ],
                        [
                            -57.441327,
                            -35.780695,
                            0
                        ],
                        [
                            -57.441263,
                            -35.781286,
                            0
                        ],
                        [
                            -57.441283,
                            -35.781822,
                            0
                        ],
                        [
                            -57.441216,
                            -35.782083,
                            0
                        ],
                        [
                            -57.441066,
                            -35.782345,
                            0
                        ],
                        [
                            -57.440681,
                            -35.782882,
                            0
                        ],
                        [
                            -57.440227,
                            -35.78309,
                            0
                        ],
                        [
                            -57.439486,
                            -35.782947,
                            0
                        ],
                        [
                            -57.438675,
                            -35.782785,
                            0
                        ],
                        [
                            -57.437881,
                            -35.782637,
                            0
                        ],
                        [
                            -57.436919,
                            -35.782572,
                            0
                        ],
                        [
                            -57.436211,
                            -35.78267,
                            0
                        ],
                        [
                            -57.435454,
                            -35.783058,
                            0
                        ],
                        [
                            -57.434867,
                            -35.783582,
                            0
                        ],
                        [
                            -57.434363,
                            -35.78401,
                            0
                        ],
                        [
                            -57.433808,
                            -35.784479,
                            0
                        ],
                        [
                            -57.433152,
                            -35.784825,
                            0
                        ],
                        [
                            -57.432445,
                            -35.785006,
                            0
                        ],
                        [
                            -57.431803,
                            -35.784968,
                            0
                        ],
                        [
                            -57.431093,
                            -35.784709,
                            0
                        ],
                        [
                            -57.430619,
                            -35.784298,
                            0
                        ],
                        [
                            -57.430414,
                            -35.783846,
                            0
                        ],
                        [
                            -57.430226,
                            -35.783324,
                            0
                        ],
                        [
                            -57.430238,
                            -35.782444,
                            0
                        ],
                        [
                            -57.430285,
                            -35.781853,
                            0
                        ],
                        [
                            -57.430248,
                            -35.781221,
                            0
                        ],
                        [
                            -57.429925,
                            -35.780755,
                            0
                        ],
                        [
                            -57.429439,
                            -35.780414,
                            0
                        ],
                        [
                            -57.429017,
                            -35.780292,
                            0
                        ],
                        [
                            -57.428477,
                            -35.780321,
                            0
                        ],
                        [
                            -57.428141,
                            -35.780501,
                            0
                        ],
                        [
                            -57.427923,
                            -35.780887,
                            0
                        ],
                        [
                            -57.427809,
                            -35.781533,
                            0
                        ],
                        [
                            -57.42783,
                            -35.78233,
                            0
                        ],
                        [
                            -57.427969,
                            -35.783182,
                            0
                        ],
                        [
                            -57.427973,
                            -35.783869,
                            0
                        ],
                        [
                            -57.427689,
                            -35.784337,
                            0
                        ],
                        [
                            -57.427168,
                            -35.784737,
                            0
                        ],
                        [
                            -57.426528,
                            -35.784918,
                            0
                        ],
                        [
                            -57.425938,
                            -35.785003,
                            0
                        ],
                        [
                            -57.425279,
                            -35.784923,
                            0
                        ],
                        [
                            -57.424636,
                            -35.784595,
                            0
                        ],
                        [
                            -57.424128,
                            -35.78424,
                            0
                        ],
                        [
                            -57.42377,
                            -35.783403,
                            0
                        ],
                        [
                            -57.42358,
                            -35.782634,
                            0
                        ],
                        [
                            -57.423791,
                            -35.781107,
                            0
                        ],
                        [
                            -57.424057,
                            -35.780424,
                            0
                        ],
                        [
                            -57.424627,
                            -35.779721,
                            0
                        ],
                        [
                            -57.425518,
                            -35.779168,
                            0
                        ],
                        [
                            -57.426308,
                            -35.778712,
                            0
                        ],
                        [
                            -57.427217,
                            -35.778352,
                            0
                        ],
                        [
                            -57.42789,
                            -35.778006,
                            0
                        ],
                        [
                            -57.428327,
                            -35.777564,
                            0
                        ],
                        [
                            -57.428442,
                            -35.776987,
                            0
                        ],
                        [
                            -57.428218,
                            -35.776259,
                            0
                        ],
                        [
                            -57.427642,
                            -35.77578,
                            0
                        ],
                        [
                            -57.42673,
                            -35.775618,
                            0
                        ],
                        [
                            -57.425381,
                            -35.775596,
                            0
                        ],
                        [
                            -57.424277,
                            -35.775523,
                            0
                        ],
                        [
                            -57.42345,
                            -35.77532,
                            0
                        ],
                        [
                            -57.422671,
                            -35.774828,
                            0
                        ],
                        [
                            -57.422008,
                            -35.773951,
                            0
                        ],
                        [
                            -57.421514,
                            -35.773004,
                            0
                        ],
                        [
                            -57.42097,
                            -35.772237,
                            0
                        ],
                        [
                            -57.419498,
                            -35.771348,
                            0
                        ],
                        [
                            -57.418415,
                            -35.770651,
                            0
                        ],
                        [
                            -57.417694,
                            -35.769929,
                            0
                        ],
                        [
                            -57.417388,
                            -35.769435,
                            0
                        ],
                        [
                            -57.417234,
                            -35.76912,
                            0
                        ],
                        [
                            -57.417178,
                            -35.768158,
                            0
                        ],
                        [
                            -57.417289,
                            -35.766783,
                            0
                        ],
                        [
                            -57.417266,
                            -35.765567,
                            0
                        ],
                        [
                            -57.417058,
                            -35.764496,
                            0
                        ],
                        [
                            -57.416413,
                            -35.763838,
                            0
                        ],
                        [
                            -57.415569,
                            -35.763608,
                            0
                        ],
                        [
                            -57.414911,
                            -35.763651,
                            0
                        ],
                        [
                            -57.413903,
                            -35.764273,
                            0
                        ],
                        [
                            -57.413063,
                            -35.764936,
                            0
                        ],
                        [
                            -57.412677,
                            -35.765445,
                            0
                        ],
                        [
                            -57.412448,
                            -35.766848,
                            0
                        ],
                        [
                            -57.412176,
                            -35.767613,
                            0
                        ],
                        [
                            -57.411927,
                            -35.76837,
                            0
                        ],
                        [
                            -57.411357,
                            -35.7691,
                            0
                        ],
                        [
                            -57.410735,
                            -35.769501,
                            0
                        ],
                        [
                            -57.409892,
                            -35.76949,
                            0
                        ],
                        [
                            -57.408997,
                            -35.769342,
                            0
                        ],
                        [
                            -57.408304,
                            -35.769028,
                            0
                        ],
                        [
                            -57.407592,
                            -35.768385,
                            0
                        ],
                        [
                            -57.40737,
                            -35.767891,
                            0
                        ],
                        [
                            -57.407552,
                            -35.767203,
                            0
                        ],
                        [
                            -57.407936,
                            -35.766391,
                            0
                        ],
                        [
                            -57.408551,
                            -35.765598,
                            0
                        ],
                        [
                            -57.40897,
                            -35.764937,
                            0
                        ],
                        [
                            -57.409186,
                            -35.764373,
                            0
                        ],
                        [
                            -57.409285,
                            -35.763823,
                            0
                        ],
                        [
                            -57.409026,
                            -35.762766,
                            0
                        ],
                        [
                            -57.40865,
                            -35.761764,
                            0
                        ],
                        [
                            -57.408528,
                            -35.761123,
                            0
                        ],
                        [
                            -57.408507,
                            -35.760367,
                            0
                        ],
                        [
                            -57.408536,
                            -35.759433,
                            0
                        ],
                        [
                            -57.408348,
                            -35.758911,
                            0
                        ],
                        [
                            -57.407925,
                            -35.758583,
                            0
                        ],
                        [
                            -57.406744,
                            -35.758573,
                            0
                        ],
                        [
                            -57.405531,
                            -35.758783,
                            0
                        ],
                        [
                            -57.404502,
                            -35.758856,
                            0
                        ],
                        [
                            -57.403506,
                            -35.758708,
                            0
                        ],
                        [
                            -57.402712,
                            -35.758408,
                            0
                        ],
                        [
                            -57.402187,
                            -35.757984,
                            0
                        ],
                        [
                            -57.401915,
                            -35.75749,
                            0
                        ],
                        [
                            -57.401828,
                            -35.756927,
                            0
                        ],
                        [
                            -57.401809,
                            -35.756528,
                            0
                        ],
                        [
                            -57.401975,
                            -35.75606,
                            0
                        ],
                        [
                            -57.40236,
                            -35.755664,
                            0
                        ],
                        [
                            -57.402796,
                            -35.75514,
                            0
                        ],
                        [
                            -57.403401,
                            -35.754726,
                            0
                        ],
                        [
                            -57.404108,
                            -35.754352,
                            0
                        ],
                        [
                            -57.405589,
                            -35.753688,
                            0
                        ],
                        [
                            -57.406043,
                            -35.753439,
                            0
                        ],
                        [
                            -57.406378,
                            -35.752984,
                            0
                        ],
                        [
                            -57.406848,
                            -35.752557,
                            0
                        ],
                        [
                            -57.407297,
                            -35.751318,
                            0
                        ],
                        [
                            -57.407714,
                            -35.75041,
                            0
                        ],
                        [
                            -57.408251,
                            -35.749872,
                            0
                        ],
                        [
                            -57.408687,
                            -35.749527,
                            0
                        ],
                        [
                            -57.409249,
                            -35.748993,
                            0
                        ],
                        [
                            -57.410038,
                            -35.748303,
                            0
                        ],
                        [
                            -57.410524,
                            -35.747628,
                            0
                        ],
                        [
                            -57.410756,
                            -35.746899,
                            0
                        ],
                        [
                            -57.410599,
                            -35.745883,
                            0
                        ],
                        [
                            -57.410273,
                            -35.744743,
                            0
                        ],
                        [
                            -57.409915,
                            -35.743802,
                            0
                        ],
                        [
                            -57.40944,
                            -35.743103,
                            0
                        ],
                        [
                            -57.408848,
                            -35.742734,
                            0
                        ],
                        [
                            -57.407918,
                            -35.742366,
                            0
                        ],
                        [
                            -57.406589,
                            -35.742274,
                            0
                        ],
                        [
                            -57.405292,
                            -35.742539,
                            0
                        ],
                        [
                            -57.404165,
                            -35.742996,
                            0
                        ],
                        [
                            -57.403375,
                            -35.743645,
                            0
                        ],
                        [
                            -57.402789,
                            -35.744389,
                            0
                        ],
                        [
                            -57.401898,
                            -35.744983,
                            0
                        ],
                        [
                            -57.401209,
                            -35.745425,
                            0
                        ],
                        [
                            -57.400299,
                            -35.745483,
                            0
                        ],
                        [
                            -57.399506,
                            -35.745403,
                            0
                        ],
                        [
                            -57.39878,
                            -35.745255,
                            0
                        ],
                        [
                            -57.397714,
                            -35.744667,
                            0
                        ],
                        [
                            -57.397179,
                            -35.744268,
                            0
                        ],
                        [
                            -57.396705,
                            -35.743816,
                            0
                        ],
                        [
                            -57.39645,
                            -35.743432,
                            0
                        ],
                        [
                            -57.396347,
                            -35.743048,
                            0
                        ],
                        [
                            -57.396377,
                            -35.742347,
                            0
                        ],
                        [
                            -57.39671,
                            -35.741576,
                            0
                        ],
                        [
                            -57.396977,
                            -35.740929,
                            0
                        ],
                        [
                            -57.397361,
                            -35.74009,
                            0
                        ],
                        [
                            -57.397577,
                            -35.739567,
                            0
                        ],
                        [
                            -57.397609,
                            -35.739127,
                            0
                        ],
                        [
                            -57.397404,
                            -35.73866,
                            0
                        ],
                        [
                            -57.397115,
                            -35.738263,
                            0
                        ],
                        [
                            -57.396692,
                            -35.737893,
                            0
                        ],
                        [
                            -57.395478,
                            -35.73798,
                            0
                        ],
                        [
                            -57.394311,
                            -35.738141,
                            0
                        ],
                        [
                            -57.392879,
                            -35.738256,
                            0
                        ],
                        [
                            -57.391579,
                            -35.738054,
                            0
                        ],
                        [
                            -57.39006,
                            -35.737729,
                            0
                        ],
                        [
                            -57.387729,
                            -35.736843,
                            0
                        ],
                        [
                            -57.386588,
                            -35.73667,
                            0
                        ],
                        [
                            -57.385561,
                            -35.737058,
                            0
                        ],
                        [
                            -57.384839,
                            -35.737583,
                            0
                        ],
                        [
                            -57.384555,
                            -35.738092,
                            0
                        ],
                        [
                            -57.384456,
                            -35.738628,
                            0
                        ],
                        [
                            -57.384527,
                            -35.739343,
                            0
                        ],
                        [
                            -57.384767,
                            -35.740167,
                            0
                        ],
                        [
                            -57.385093,
                            -35.741292,
                            0
                        ],
                        [
                            -57.385298,
                            -35.742042,
                            0
                        ],
                        [
                            -57.385252,
                            -35.742921,
                            0
                        ],
                        [
                            -57.384868,
                            -35.743788,
                            0
                        ],
                        [
                            -57.38445,
                            -35.74434,
                            0
                        ],
                        [
                            -57.383794,
                            -35.744864,
                            0
                        ],
                        [
                            -57.38292,
                            -35.745306,
                            0
                        ],
                        [
                            -57.381319,
                            -35.745628,
                            0
                        ],
                        [
                            -57.379702,
                            -35.74599,
                            0
                        ],
                        [
                            -57.37878,
                            -35.745918,
                            0
                        ],
                        [
                            -57.376822,
                            -35.745635,
                            0
                        ],
                        [
                            -57.375202,
                            -35.745393,
                            0
                        ],
                        [
                            -57.373835,
                            -35.745136,
                            0
                        ],
                        [
                            -57.371191,
                            -35.745068,
                            0
                        ],
                        [
                            -57.366473,
                            -35.74603,
                            0
                        ],
                        [
                            -57.366019,
                            -35.745221,
                            0
                        ],
                        [
                            -57.365725,
                            -35.744591,
                            0
                        ],
                        [
                            -57.365366,
                            -35.744563,
                            0
                        ],
                        [
                            -57.365149,
                            -35.744417,
                            0
                        ],
                        [
                            -57.364859,
                            -35.743861,
                            0
                        ],
                        [
                            -57.364786,
                            -35.743598,
                            0
                        ],
                        [
                            -57.364676,
                            -35.743071,
                            0
                        ],
                        [
                            -57.364602,
                            -35.742544,
                            0
                        ],
                        [
                            -57.364601,
                            -35.742366,
                            0
                        ],
                        [
                            -57.364619,
                            -35.742357,
                            0
                        ],
                        [
                            -57.364023,
                            -35.741755,
                            0
                        ],
                        [
                            -57.363554,
                            -35.741346,
                            0
                        ],
                        [
                            -57.362942,
                            -35.740879,
                            0
                        ],
                        [
                            -57.362367,
                            -35.74091,
                            0
                        ],
                        [
                            -57.362224,
                            -35.741086,
                            0
                        ],
                        [
                            -57.361937,
                            -35.741263,
                            0
                        ],
                        [
                            -57.361435,
                            -35.741323,
                            0
                        ],
                        [
                            -57.360788,
                            -35.741354,
                            0
                        ],
                        [
                            -57.360104,
                            -35.741034,
                            0
                        ],
                        [
                            -57.359888,
                            -35.740888,
                            0
                        ],
                        [
                            -57.35988,
                            -35.740871,
                            0
                        ],
                        [
                            -57.359851,
                            -35.740801,
                            0
                        ],
                        [
                            -57.359779,
                            -35.740684,
                            0
                        ],
                        [
                            -57.359778,
                            -35.740567,
                            0
                        ],
                        [
                            -57.360135,
                            -35.740009,
                            0
                        ],
                        [
                            -57.360312,
                            -35.739423,
                            0
                        ],
                        [
                            -57.360443,
                            -35.739205,
                            0
                        ],
                        [
                            -57.360417,
                            -35.738829,
                            0
                        ],
                        [
                            -57.360409,
                            -35.73872,
                            0
                        ],
                        [
                            -57.360157,
                            -35.738363,
                            0
                        ],
                        [
                            -57.359875,
                            -35.738047,
                            0
                        ],
                        [
                            -57.359622,
                            -35.737697,
                            0
                        ],
                        [
                            -57.359333,
                            -35.737346,
                            0
                        ],
                        [
                            -57.359081,
                            -35.7372,
                            0
                        ],
                        [
                            -57.358651,
                            -35.737465,
                            0
                        ],
                        [
                            -57.358148,
                            -35.737584,
                            0
                        ],
                        [
                            -57.357825,
                            -35.737526,
                            0
                        ],
                        [
                            -57.357681,
                            -35.737269,
                            0
                        ],
                        [
                            -57.357774,
                            -35.737052,
                            0
                        ],
                        [
                            -57.357867,
                            -35.736834,
                            0
                        ],
                        [
                            -57.357834,
                            -35.736426,
                            0
                        ],
                        [
                            -57.357567,
                            -35.736121,
                            0
                        ],
                        [
                            -57.357422,
                            -35.735858,
                            0
                        ],
                        [
                            -57.357564,
                            -35.735506,
                            0
                        ],
                        [
                            -57.357311,
                            -35.735126,
                            0
                        ],
                        [
                            -57.35713,
                            -35.734804,
                            0
                        ],
                        [
                            -57.357056,
                            -35.734453,
                            0
                        ],
                        [
                            -57.357007,
                            -35.734275,
                            0
                        ],
                        [
                            -57.356983,
                            -35.734189,
                            0
                        ],
                        [
                            -57.356479,
                            -35.733957,
                            0
                        ],
                        [
                            -57.356156,
                            -35.733899,
                            0
                        ],
                        [
                            -57.355903,
                            -35.733519,
                            0
                        ],
                        [
                            -57.355722,
                            -35.733314,
                            0
                        ],
                        [
                            -57.355326,
                            -35.73314,
                            0
                        ],
                        [
                            -57.355289,
                            -35.732759,
                            0
                        ],
                        [
                            -57.354892,
                            -35.73238,
                            0
                        ],
                        [
                            -57.354747,
                            -35.732175,
                            0
                        ],
                        [
                            -57.354576,
                            -35.731875,
                            0
                        ],
                        [
                            -57.35453,
                            -35.731795,
                            0
                        ],
                        [
                            -57.354313,
                            -35.731532,
                            0
                        ],
                        [
                            -57.354096,
                            -35.731181,
                            0
                        ],
                        [
                            -57.354059,
                            -35.730976,
                            0
                        ],
                        [
                            -57.354022,
                            -35.730654,
                            0
                        ],
                        [
                            -57.353841,
                            -35.730303,
                            0
                        ],
                        [
                            -57.35366,
                            -35.730069,
                            0
                        ],
                        [
                            -57.353444,
                            -35.729865,
                            0
                        ],
                        [
                            -57.353262,
                            -35.729688,
                            0
                        ],
                        [
                            -57.353245,
                            -35.729693,
                            0
                        ],
                        [
                            -57.352761,
                            -35.729779,
                            0
                        ],
                        [
                            -57.35251,
                            -35.729838,
                            0
                        ],
                        [
                            -57.352437,
                            -35.729633,
                            0
                        ],
                        [
                            -57.352723,
                            -35.72931,
                            0
                        ],
                        [
                            -57.352865,
                            -35.729076,
                            0
                        ],
                        [
                            -57.352792,
                            -35.728724,
                            0
                        ],
                        [
                            -57.352251,
                            -35.728316,
                            0
                        ],
                        [
                            -57.351783,
                            -35.728083,
                            0
                        ],
                        [
                            -57.351459,
                            -35.727879,
                            0
                        ],
                        [
                            -57.351242,
                            -35.727499,
                            0
                        ],
                        [
                            -57.351268,
                            -35.727359,
                            0
                        ],
                        [
                            -57.351312,
                            -35.727118,
                            0
                        ],
                        [
                            -57.350987,
                            -35.726738,
                            0
                        ],
                        [
                            -57.350806,
                            -35.726416,
                            0
                        ],
                        [
                            -57.350661,
                            -35.726065,
                            0
                        ],
                        [
                            -57.35048,
                            -35.725743,
                            0
                        ],
                        [
                            -57.350299,
                            -35.72548,
                            0
                        ],
                        [
                            -57.350046,
                            -35.725129,
                            0
                        ],
                        [
                            -57.349973,
                            -35.724866,
                            0
                        ],
                        [
                            -57.349935,
                            -35.724456,
                            0
                        ],
                        [
                            -57.349945,
                            -35.724371,
                            0
                        ],
                        [
                            -57.34997,
                            -35.724163,
                            0
                        ],
                        [
                            -57.350256,
                            -35.723781,
                            0
                        ],
                        [
                            -57.350542,
                            -35.723429,
                            0
                        ],
                        [
                            -57.35054,
                            -35.723078,
                            0
                        ],
                        [
                            -57.350251,
                            -35.722698,
                            0
                        ],
                        [
                            -57.349962,
                            -35.722376,
                            0
                        ],
                        [
                            -57.3496,
                            -35.721792,
                            0
                        ],
                        [
                            -57.34942,
                            -35.721587,
                            0
                        ],
                        [
                            -57.349204,
                            -35.721437,
                            0
                        ],
                        [
                            -57.348737,
                            -35.721523,
                            0
                        ],
                        [
                            -57.348252,
                            -35.72172,
                            0
                        ],
                        [
                            -57.348096,
                            -35.721595,
                            0
                        ],
                        [
                            -57.347983,
                            -35.721503,
                            0
                        ],
                        [
                            -57.347767,
                            -35.721358,
                            0
                        ],
                        [
                            -57.347658,
                            -35.721036,
                            0
                        ],
                        [
                            -57.347764,
                            -35.720655,
                            0
                        ],
                        [
                            -57.34787,
                            -35.72042,
                            0
                        ],
                        [
                            -57.34829,
                            -35.72015,
                            0
                        ],
                        [
                            -57.347975,
                            -35.719775,
                            0
                        ],
                        [
                            -57.347506,
                            -35.719249,
                            0
                        ],
                        [
                            -57.347326,
                            -35.71925,
                            0
                        ],
                        [
                            -57.347074,
                            -35.719046,
                            0
                        ],
                        [
                            -57.347038,
                            -35.718928,
                            0
                        ],
                        [
                            -57.347,
                            -35.718606,
                            0
                        ],
                        [
                            -57.34707,
                            -35.718079,
                            0
                        ],
                        [
                            -57.346925,
                            -35.717728,
                            0
                        ],
                        [
                            -57.346851,
                            -35.717377,
                            0
                        ],
                        [
                            -57.346814,
                            -35.717025,
                            0
                        ],
                        [
                            -57.347028,
                            -35.716702,
                            0
                        ],
                        [
                            -57.347278,
                            -35.716409,
                            0
                        ],
                        [
                            -57.348011,
                            -35.715815,
                            0
                        ],
                        [
                            -57.349353,
                            -35.715378,
                            0
                        ],
                        [
                            -57.349804,
                            -35.714804,
                            0
                        ],
                        [
                            -57.350738,
                            -35.713973,
                            0
                        ],
                        [
                            -57.351702,
                            -35.713478,
                            0
                        ],
                        [
                            -57.352154,
                            -35.713286,
                            0
                        ],
                        [
                            -57.353294,
                            -35.713117,
                            0
                        ],
                        [
                            -57.354309,
                            -35.712923,
                            0
                        ],
                        [
                            -57.355012,
                            -35.712806,
                            0
                        ],
                        [
                            -57.355448,
                            -35.712525,
                            0
                        ],
                        [
                            -57.356023,
                            -35.711835,
                            0
                        ],
                        [
                            -57.356629,
                            -35.711018,
                            0
                        ],
                        [
                            -57.357345,
                            -35.710431,
                            0
                        ],
                        [
                            -57.358078,
                            -35.710135,
                            0
                        ],
                        [
                            -57.358687,
                            -35.710006,
                            0
                        ],
                        [
                            -57.359749,
                            -35.710003,
                            0
                        ],
                        [
                            -57.360921,
                            -35.709885,
                            0
                        ],
                        [
                            -57.361623,
                            -35.709603,
                            0
                        ],
                        [
                            -57.36246,
                            -35.709129,
                            0
                        ],
                        [
                            -57.363161,
                            -35.708745,
                            0
                        ],
                        [
                            -57.364036,
                            -35.708615,
                            0
                        ],
                        [
                            -57.364489,
                            -35.708702,
                            0
                        ],
                        [
                            -57.364818,
                            -35.708905,
                            0
                        ],
                        [
                            -57.365118,
                            -35.709516,
                            0
                        ],
                        [
                            -57.365277,
                            -35.710165,
                            0
                        ],
                        [
                            -57.36572,
                            -35.711335,
                            0
                        ],
                        [
                            -57.365878,
                            -35.711704,
                            0
                        ],
                        [
                            -57.366473,
                            -35.711982,
                            0
                        ],
                        [
                            -57.366974,
                            -35.712031,
                            0
                        ],
                        [
                            -57.367441,
                            -35.711826,
                            0
                        ],
                        [
                            -57.367971,
                            -35.711455,
                            0
                        ],
                        [
                            -57.368234,
                            -35.710881,
                            0
                        ],
                        [
                            -57.368607,
                            -35.710473,
                            0
                        ],
                        [
                            -57.368934,
                            -35.710243,
                            0
                        ],
                        [
                            -57.369465,
                            -35.710177,
                            0
                        ],
                        [
                            -57.369903,
                            -35.710265,
                            0
                        ],
                        [
                            -57.370342,
                            -35.710518,
                            0
                        ],
                        [
                            -57.370578,
                            -35.710823,
                            0
                        ],
                        [
                            -57.370642,
                            -35.711218,
                            0
                        ],
                        [
                            -57.370785,
                            -35.711765,
                            0
                        ],
                        [
                            -57.371115,
                            -35.712197,
                            0
                        ],
                        [
                            -57.371695,
                            -35.712565,
                            0
                        ],
                        [
                            -57.372306,
                            -35.712728,
                            0
                        ],
                        [
                            -57.372711,
                            -35.712625,
                            0
                        ],
                        [
                            -57.373007,
                            -35.712268,
                            0
                        ],
                        [
                            -57.37316,
                            -35.711719,
                            0
                        ],
                        [
                            -57.37322,
                            -35.711095,
                            0
                        ],
                        [
                            -57.373405,
                            -35.710585,
                            0
                        ],
                        [
                            -57.373747,
                            -35.710075,
                            0
                        ],
                        [
                            -57.374167,
                            -35.70987,
                            0
                        ],
                        [
                            -57.374727,
                            -35.709907,
                            0
                        ],
                        [
                            -57.375134,
                            -35.710033,
                            0
                        ],
                        [
                            -57.375479,
                            -35.710274,
                            0
                        ],
                        [
                            -57.376014,
                            -35.710934,
                            0
                        ],
                        [
                            -57.37614,
                            -35.711227,
                            0
                        ],
                        [
                            -57.376283,
                            -35.711838,
                            0
                        ],
                        [
                            -57.376459,
                            -35.712576,
                            0
                        ],
                        [
                            -57.376632,
                            -35.712855,
                            0
                        ],
                        [
                            -57.377196,
                            -35.713096,
                            0
                        ],
                        [
                            -57.377852,
                            -35.713195,
                            0
                        ],
                        [
                            -57.378837,
                            -35.713154,
                            0
                        ],
                        [
                            -57.379945,
                            -35.712947,
                            0
                        ],
                        [
                            -57.380788,
                            -35.71274,
                            0
                        ],
                        [
                            -57.381365,
                            -35.712446,
                            0
                        ],
                        [
                            -57.381581,
                            -35.711872,
                            0
                        ],
                        [
                            -57.381642,
                            -35.71149,
                            0
                        ],
                        [
                            -57.381436,
                            -35.711019,
                            0
                        ],
                        [
                            -57.380355,
                            -35.710399,
                            0
                        ],
                        [
                            -57.379366,
                            -35.709934,
                            0
                        ],
                        [
                            -57.378786,
                            -35.709503,
                            0
                        ],
                        [
                            -57.378627,
                            -35.708879,
                            0
                        ],
                        [
                            -57.378717,
                            -35.708077,
                            0
                        ],
                        [
                            -57.379043,
                            -35.707643,
                            0
                        ],
                        [
                            -57.379619,
                            -35.707284,
                            0
                        ],
                        [
                            -57.380023,
                            -35.706837,
                            0
                        ],
                        [
                            -57.380316,
                            -35.705996,
                            0
                        ],
                        [
                            -57.380343,
                            -35.705092,
                            0
                        ],
                        [
                            -57.380309,
                            -35.704433,
                            0
                        ],
                        [
                            -57.380026,
                            -35.704014,
                            0
                        ],
                        [
                            -57.379756,
                            -35.703238,
                            0
                        ],
                        [
                            -57.378989,
                            -35.70282,
                            0
                        ],
                        [
                            -57.378298,
                            -35.702147,
                            0
                        ],
                        [
                            -57.377952,
                            -35.70169,
                            0
                        ],
                        [
                            -57.377841,
                            -35.701181,
                            0
                        ],
                        [
                            -57.377963,
                            -35.700747,
                            0
                        ],
                        [
                            -57.378618,
                            -35.700401,
                            0
                        ],
                        [
                            -57.379257,
                            -35.700094,
                            0
                        ],
                        [
                            -57.379708,
                            -35.699621,
                            0
                        ],
                        [
                            -57.37969,
                            -35.699124,
                            0
                        ],
                        [
                            -57.379626,
                            -35.698528,
                            0
                        ],
                        [
                            -57.37964,
                            -35.69826,
                            0
                        ],
                        [
                            -57.379701,
                            -35.697904,
                            0
                        ],
                        [
                            -57.379886,
                            -35.697381,
                            0
                        ],
                        [
                            -57.379978,
                            -35.696999,
                            0
                        ],
                        [
                            -57.380805,
                            -35.696652,
                            0
                        ],
                        [
                            -57.381709,
                            -35.696344,
                            0
                        ],
                        [
                            -57.382489,
                            -35.696112,
                            0
                        ],
                        [
                            -57.382801,
                            -35.695996,
                            0
                        ],
                        [
                            -57.383001,
                            -35.695372,
                            0
                        ],
                        [
                            -57.382983,
                            -35.694748,
                            0
                        ],
                        [
                            -57.382809,
                            -35.694213,
                            0
                        ],
                        [
                            -57.382526,
                            -35.693947,
                            0
                        ],
                        [
                            -57.381979,
                            -35.69391,
                            0
                        ],
                        [
                            -57.381308,
                            -35.694002,
                            0
                        ],
                        [
                            -57.380653,
                            -35.694348,
                            0
                        ],
                        [
                            -57.379858,
                            -35.694694,
                            0
                        ],
                        [
                            -57.378936,
                            -35.694633,
                            0
                        ],
                        [
                            -57.378355,
                            -35.694087,
                            0
                        ],
                        [
                            -57.378212,
                            -35.693515,
                            0
                        ],
                        [
                            -57.37835,
                            -35.69298,
                            0
                        ],
                        [
                            -57.378942,
                            -35.69257,
                            0
                        ],
                        [
                            -57.379902,
                            -35.692199,
                            0
                        ],
                        [
                            -57.380493,
                            -35.691777,
                            0
                        ],
                        [
                            -57.380898,
                            -35.691355,
                            0
                        ],
                        [
                            -57.380879,
                            -35.690731,
                            0
                        ],
                        [
                            -57.380751,
                            -35.690044,
                            0
                        ],
                        [
                            -57.380561,
                            -35.689561,
                            0
                        ],
                        [
                            -57.380075,
                            -35.689206,
                            0
                        ],
                        [
                            -57.379402,
                            -35.689029,
                            0
                        ],
                        [
                            -57.37884,
                            -35.689019,
                            0
                        ],
                        [
                            -57.378356,
                            -35.68916,
                            0
                        ],
                        [
                            -57.378045,
                            -35.689479,
                            0
                        ],
                        [
                            -57.377844,
                            -35.689824,
                            0
                        ],
                        [
                            -57.377472,
                            -35.690538,
                            0
                        ],
                        [
                            -57.377146,
                            -35.690972,
                            0
                        ],
                        [
                            -57.376694,
                            -35.691177,
                            0
                        ],
                        [
                            -57.376257,
                            -35.691281,
                            0
                        ],
                        [
                            -57.375664,
                            -35.691295,
                            0
                        ],
                        [
                            -57.375288,
                            -35.691246,
                            0
                        ],
                        [
                            -57.374787,
                            -35.69098,
                            0
                        ],
                        [
                            -57.374676,
                            -35.690623,
                            0
                        ],
                        [
                            -57.374674,
                            -35.690254,
                            0
                        ],
                        [
                            -57.374673,
                            -35.689948,
                            0
                        ],
                        [
                            -57.374844,
                            -35.68977,
                            0
                        ],
                        [
                            -57.375077,
                            -35.689527,
                            0
                        ],
                        [
                            -57.37556,
                            -35.689271,
                            0
                        ],
                        [
                            -57.375997,
                            -35.689066,
                            0
                        ],
                        [
                            -57.376276,
                            -35.688568,
                            0
                        ],
                        [
                            -57.376336,
                            -35.688058,
                            0
                        ],
                        [
                            -57.376271,
                            -35.687562,
                            0
                        ],
                        [
                            -57.376019,
                            -35.687143,
                            0
                        ],
                        [
                            -57.375783,
                            -35.686736,
                            0
                        ],
                        [
                            -57.375344,
                            -35.686406,
                            0
                        ],
                        [
                            -57.374905,
                            -35.686204,
                            0
                        ],
                        [
                            -57.374015,
                            -35.686232,
                            0
                        ],
                        [
                            -57.373438,
                            -35.686501,
                            0
                        ],
                        [
                            -57.373097,
                            -35.686999,
                            0
                        ],
                        [
                            -57.372849,
                            -35.687433,
                            0
                        ],
                        [
                            -57.372367,
                            -35.687918,
                            0
                        ],
                        [
                            -57.371712,
                            -35.688162,
                            0
                        ],
                        [
                            -57.370978,
                            -35.688177,
                            0
                        ],
                        [
                            -57.370415,
                            -35.687975,
                            0
                        ],
                        [
                            -57.369975,
                            -35.687582,
                            0
                        ],
                        [
                            -57.369644,
                            -35.686933,
                            0
                        ],
                        [
                            -57.369588,
                            -35.68626,
                            0
                        ],
                        [
                            -57.369758,
                            -35.68575,
                            0
                        ],
                        [
                            -57.369928,
                            -35.685368,
                            0
                        ],
                        [
                            -57.370348,
                            -35.685125,
                            0
                        ],
                        [
                            -57.370958,
                            -35.685237,
                            0
                        ],
                        [
                            -57.371834,
                            -35.685438,
                            0
                        ],
                        [
                            -57.372646,
                            -35.685487,
                            0
                        ],
                        [
                            -57.373239,
                            -35.685281,
                            0
                        ],
                        [
                            -57.373784,
                            -35.684923,
                            0
                        ],
                        [
                            -57.374219,
                            -35.684323,
                            0
                        ],
                        [
                            -57.374341,
                            -35.683648,
                            0
                        ],
                        [
                            -57.374292,
                            -35.683189,
                            0
                        ],
                        [
                            -57.374118,
                            -35.682808,
                            0
                        ],
                        [
                            -57.373649,
                            -35.682707,
                            0
                        ],
                        [
                            -57.373087,
                            -35.682798,
                            0
                        ],
                        [
                            -57.372604,
                            -35.683029,
                            0
                        ],
                        [
                            -57.371653,
                            -35.683401,
                            0
                        ],
                        [
                            -57.370809,
                            -35.683442,
                            0
                        ],
                        [
                            -57.370387,
                            -35.683329,
                            0
                        ],
                        [
                            -57.370167,
                            -35.683049,
                            0
                        ],
                        [
                            -57.37018,
                            -35.682578,
                            0
                        ],
                        [
                            -57.370474,
                            -35.681864,
                            0
                        ],
                        [
                            -57.370688,
                            -35.681434,
                            0
                        ],
                        [
                            -57.370577,
                            -35.681154,
                            0
                        ],
                        [
                            -57.370123,
                            -35.680965,
                            0
                        ],
                        [
                            -57.369014,
                            -35.680815,
                            0
                        ],
                        [
                            -57.368482,
                            -35.680664,
                            0
                        ],
                        [
                            -57.368386,
                            -35.680244,
                            0
                        ],
                        [
                            -57.368556,
                            -35.679836,
                            0
                        ],
                        [
                            -57.368898,
                            -35.679568,
                            0
                        ],
                        [
                            -57.369459,
                            -35.679133,
                            0
                        ],
                        [
                            -57.369613,
                            -35.678776,
                            0
                        ],
                        [
                            -57.369503,
                            -35.678522,
                            0
                        ],
                        [
                            -57.369252,
                            -35.678319,
                            0
                        ],
                        [
                            -57.368611,
                            -35.678219,
                            0
                        ],
                        [
                            -57.367909,
                            -35.678335,
                            0
                        ],
                        [
                            -57.367081,
                            -35.678364,
                            0
                        ],
                        [
                            -57.366596,
                            -35.678212,
                            0
                        ],
                        [
                            -57.366266,
                            -35.677767,
                            0
                        ],
                        [
                            -57.366186,
                            -35.677424,
                            0
                        ],
                        [
                            -57.366309,
                            -35.677029,
                            0
                        ],
                        [
                            -57.36673,
                            -35.67676,
                            0
                        ],
                        [
                            -57.367784,
                            -35.676368,
                            0
                        ],
                        [
                            -57.369874,
                            -35.675776,
                            0
                        ],
                        [
                            -57.370746,
                            -35.675162,
                            0
                        ],
                        [
                            -57.371758,
                            -35.674509,
                            0
                        ],
                        [
                            -57.372538,
                            -35.67415,
                            0
                        ],
                        [
                            -57.373786,
                            -35.673841,
                            0
                        ],
                        [
                            -57.374863,
                            -35.673736,
                            0
                        ],
                        [
                            -57.375598,
                            -35.673873,
                            0
                        ],
                        [
                            -57.376225,
                            -35.674304,
                            0
                        ],
                        [
                            -57.376602,
                            -35.674724,
                            0
                        ],
                        [
                            -57.376823,
                            -35.675245,
                            0
                        ],
                        [
                            -57.37678,
                            -35.675699,
                            0
                        ],
                        [
                            -57.376781,
                            -35.675979,
                            0
                        ],
                        [
                            -57.376345,
                            -35.67621,
                            0
                        ],
                        [
                            -57.375939,
                            -35.676186,
                            0
                        ],
                        [
                            -57.375189,
                            -35.676112,
                            0
                        ],
                        [
                            -57.374704,
                            -35.676037,
                            0
                        ],
                        [
                            -57.373924,
                            -35.676192,
                            0
                        ],
                        [
                            -57.373567,
                            -35.676562,
                            0
                        ],
                        [
                            -57.373334,
                            -35.677047,
                            0
                        ],
                        [
                            -57.373354,
                            -35.677837,
                            0
                        ],
                        [
                            -57.37342,
                            -35.67855,
                            0
                        ],
                        [
                            -57.373625,
                            -35.678982,
                            0
                        ],
                        [
                            -57.374095,
                            -35.679324,
                            0
                        ],
                        [
                            -57.374517,
                            -35.679501,
                            0
                        ],
                        [
                            -57.375143,
                            -35.679563,
                            0
                        ],
                        [
                            -57.375689,
                            -35.679434,
                            0
                        ],
                        [
                            -57.376187,
                            -35.679178,
                            0
                        ],
                        [
                            -57.376591,
                            -35.678552,
                            0
                        ],
                        [
                            -57.376837,
                            -35.677928,
                            0
                        ],
                        [
                            -57.377309,
                            -35.676956,
                            0
                        ],
                        [
                            -57.377744,
                            -35.676293,
                            0
                        ],
                        [
                            -57.378133,
                            -35.675948,
                            0
                        ],
                        [
                            -57.378819,
                            -35.675818,
                            0
                        ],
                        [
                            -57.379273,
                            -35.675931,
                            0
                        ],
                        [
                            -57.379508,
                            -35.676211,
                            0
                        ],
                        [
                            -57.379448,
                            -35.676746,
                            0
                        ],
                        [
                            -57.379217,
                            -35.677383,
                            0
                        ],
                        [
                            -57.378985,
                            -35.677843,
                            0
                        ],
                        [
                            -57.37908,
                            -35.678059,
                            0
                        ],
                        [
                            -57.379238,
                            -35.678428,
                            0
                        ],
                        [
                            -57.379661,
                            -35.678732,
                            0
                        ],
                        [
                            -57.380319,
                            -35.679175,
                            0
                        ],
                        [
                            -57.380929,
                            -35.679365,
                            0
                        ],
                        [
                            -57.381851,
                            -35.679362,
                            0
                        ],
                        [
                            -57.382881,
                            -35.679218,
                            0
                        ],
                        [
                            -57.383865,
                            -35.679317,
                            0
                        ],
                        [
                            -57.384567,
                            -35.679022,
                            0
                        ],
                        [
                            -57.384877,
                            -35.678601,
                            0
                        ],
                        [
                            -57.384813,
                            -35.678168,
                            0
                        ],
                        [
                            -57.384546,
                            -35.677799,
                            0
                        ],
                        [
                            -57.384107,
                            -35.677508,
                            0
                        ],
                        [
                            -57.383589,
                            -35.67714,
                            0
                        ],
                        [
                            -57.383135,
                            -35.676849,
                            0
                        ],
                        [
                            -57.382992,
                            -35.676289,
                            0
                        ],
                        [
                            -57.383068,
                            -35.675932,
                            0
                        ],
                        [
                            -57.383551,
                            -35.675574,
                            0
                        ],
                        [
                            -57.384098,
                            -35.675572,
                            0
                        ],
                        [
                            -57.384567,
                            -35.675787,
                            0
                        ],
                        [
                            -57.384756,
                            -35.676118,
                            0
                        ],
                        [
                            -57.385102,
                            -35.676677,
                            0
                        ],
                        [
                            -57.385495,
                            -35.677134,
                            0
                        ],
                        [
                            -57.385932,
                            -35.677133,
                            0
                        ],
                        [
                            -57.386181,
                            -35.676903,
                            0
                        ],
                        [
                            -57.386148,
                            -35.676295,
                            0
                        ],
                        [
                            -57.386224,
                            -35.676015,
                            0
                        ],
                        [
                            -57.386659,
                            -35.675529,
                            0
                        ],
                        [
                            -57.387283,
                            -35.675184,
                            0
                        ],
                        [
                            -57.387531,
                            -35.674915,
                            0
                        ],
                        [
                            -57.387311,
                            -35.674572,
                            0
                        ],
                        [
                            -57.386684,
                            -35.674141,
                            0
                        ],
                        [
                            -57.385948,
                            -35.673813,
                            0
                        ],
                        [
                            -57.385728,
                            -35.673482,
                            0
                        ],
                        [
                            -57.385726,
                            -35.673138,
                            0
                        ],
                        [
                            -57.385959,
                            -35.672692,
                            0
                        ],
                        [
                            -57.386378,
                            -35.672245,
                            0
                        ],
                        [
                            -57.386797,
                            -35.671683,
                            0
                        ],
                        [
                            -57.386888,
                            -35.671084,
                            0
                        ],
                        [
                            -57.387088,
                            -35.670536,
                            0
                        ],
                        [
                            -57.3873,
                            -35.670253,
                            0
                        ],
                        [
                            -57.387768,
                            -35.670099,
                            0
                        ],
                        [
                            -57.388439,
                            -35.67016,
                            0
                        ],
                        [
                            -57.389347,
                            -35.670437,
                            0
                        ],
                        [
                            -57.390099,
                            -35.670919,
                            0
                        ],
                        [
                            -57.390975,
                            -35.671196,
                            0
                        ],
                        [
                            -57.391492,
                            -35.6715,
                            0
                        ],
                        [
                            -57.392041,
                            -35.671982,
                            0
                        ],
                        [
                            -57.393043,
                            -35.672578,
                            0
                        ],
                        [
                            -57.393902,
                            -35.672613,
                            0
                        ],
                        [
                            -57.394682,
                            -35.672267,
                            0
                        ],
                        [
                            -57.395242,
                            -35.671857,
                            0
                        ],
                        [
                            -57.395785,
                            -35.671053,
                            0
                        ],
                        [
                            -57.395782,
                            -35.670607,
                            0
                        ],
                        [
                            -57.395533,
                            -35.670192,
                            0
                        ],
                        [
                            -57.395282,
                            -35.670027,
                            0
                        ],
                        [
                            -57.394687,
                            -35.669673,
                            0
                        ],
                        [
                            -57.394481,
                            -35.669164,
                            0
                        ],
                        [
                            -57.394525,
                            -35.668476,
                            0
                        ],
                        [
                            -57.39488,
                            -35.667736,
                            0
                        ],
                        [
                            -57.395673,
                            -35.667077,
                            0
                        ],
                        [
                            -57.397079,
                            -35.666631,
                            0
                        ],
                        [
                            -57.398121,
                            -35.666269,
                            0
                        ],
                        [
                            -57.39898,
                            -35.666111,
                            0
                        ],
                        [
                            -57.399546,
                            -35.666099,
                            0
                        ],
                        [
                            -57.400163,
                            -35.66641,
                            0
                        ],
                        [
                            -57.400825,
                            -35.666823,
                            0
                        ],
                        [
                            -57.401417,
                            -35.666959,
                            0
                        ],
                        [
                            -57.401736,
                            -35.666656,
                            0
                        ],
                        [
                            -57.402196,
                            -35.666338,
                            0
                        ],
                        [
                            -57.401641,
                            -35.665212,
                            0
                        ],
                        [
                            -57.401441,
                            -35.664729,
                            0
                        ],
                        [
                            -57.401329,
                            -35.664299,
                            0
                        ],
                        [
                            -57.401658,
                            -35.664119,
                            0
                        ],
                        [
                            -57.402273,
                            -35.664189,
                            0
                        ],
                        [
                            -57.402976,
                            -35.664276,
                            0
                        ],
                        [
                            -57.403216,
                            -35.664132,
                            0
                        ],
                        [
                            -57.403302,
                            -35.663774,
                            0
                        ],
                        [
                            -57.403235,
                            -35.663398,
                            0
                        ],
                        [
                            -57.403211,
                            -35.663004,
                            0
                        ],
                        [
                            -57.403385,
                            -35.662699,
                            0
                        ],
                        [
                            -57.403669,
                            -35.662447,
                            0
                        ],
                        [
                            -57.403998,
                            -35.662339,
                            0
                        ],
                        [
                            -57.404371,
                            -35.662409,
                            0
                        ],
                        [
                            -57.40479,
                            -35.662838,
                            0
                        ],
                        [
                            -57.405233,
                            -35.663534,
                            0
                        ],
                        [
                            -57.405874,
                            -35.664374,
                            0
                        ],
                        [
                            -57.406469,
                            -35.664837,
                            0
                        ],
                        [
                            -57.407589,
                            -35.665013,
                            0
                        ],
                        [
                            -57.408642,
                            -35.664937,
                            0
                        ],
                        [
                            -57.410221,
                            -35.664646,
                            0
                        ],
                        [
                            -57.410856,
                            -35.664232,
                            0
                        ],
                        [
                            -57.41103,
                            -35.663909,
                            0
                        ],
                        [
                            -57.411005,
                            -35.663443,
                            0
                        ],
                        [
                            -57.410748,
                            -35.663127,
                            0
                        ],
                        [
                            -57.410176,
                            -35.662807,
                            0
                        ],
                        [
                            -57.409977,
                            -35.662557,
                            0
                        ],
                        [
                            -57.409865,
                            -35.66211,
                            0
                        ],
                        [
                            -57.410082,
                            -35.661643,
                            0
                        ],
                        [
                            -57.410753,
                            -35.659833,
                            0
                        ],
                        [
                            -57.410795,
                            -35.659367,
                            0
                        ],
                        [
                            -57.410879,
                            -35.658597,
                            0
                        ],
                        [
                            -57.411052,
                            -35.65822,
                            0
                        ],
                        [
                            -57.411425,
                            -35.658111,
                            0
                        ],
                        [
                            -57.411952,
                            -35.658199,
                            0
                        ],
                        [
                            -57.412483,
                            -35.658878,
                            0
                        ],
                        [
                            -57.41299,
                            -35.659377,
                            0
                        ],
                        [
                            -57.413539,
                            -35.659483,
                            0
                        ],
                        [
                            -57.414285,
                            -35.659391,
                            0
                        ],
                        [
                            -57.414986,
                            -35.659048,
                            0
                        ],
                        [
                            -57.415618,
                            -35.658312,
                            0
                        ],
                        [
                            -57.418149,
                            -35.655277,
                            0
                        ],
                        [
                            -57.418561,
                            -35.654363,
                            0
                        ],
                        [
                            -57.418534,
                            -35.65388,
                            0
                        ],
                        [
                            -57.41851,
                            -35.653468,
                            0
                        ],
                        [
                            -57.41842,
                            -35.653021,
                            0
                        ],
                        [
                            -57.418155,
                            -35.652825,
                            0
                        ],
                        [
                            -57.417366,
                            -35.652881,
                            0
                        ],
                        [
                            -57.416071,
                            -35.652993,
                            0
                        ],
                        [
                            -57.415589,
                            -35.653031,
                            0
                        ],
                        [
                            -57.41482,
                            -35.65289,
                            0
                        ],
                        [
                            -57.414049,
                            -35.652374,
                            0
                        ],
                        [
                            -57.413322,
                            -35.651821,
                            0
                        ],
                        [
                            -57.413013,
                            -35.6515,
                            0
                        ],
                        [
                            -57.412989,
                            -35.651124,
                            0
                        ],
                        [
                            -57.413119,
                            -35.650765,
                            0
                        ],
                        [
                            -57.415838,
                            -35.646101,
                            0
                        ],
                        [
                            -57.416097,
                            -35.645258,
                            0
                        ],
                        [
                            -57.416461,
                            -35.644644,
                            0
                        ],
                        [
                            -57.416876,
                            -35.644303,
                            0
                        ],
                        [
                            -57.417314,
                            -35.644068,
                            0
                        ],
                        [
                            -57.418103,
                            -35.643869,
                            0
                        ],
                        [
                            -57.419552,
                            -35.6439,
                            0
                        ],
                        [
                            -57.420495,
                            -35.643842,
                            0
                        ],
                        [
                            -57.42124,
                            -35.643679,
                            0
                        ],
                        [
                            -57.422137,
                            -35.643156,
                            0
                        ],
                        [
                            -57.422465,
                            -35.642922,
                            0
                        ],
                        [
                            -57.423079,
                            -35.642795,
                            0
                        ],
                        [
                            -57.423651,
                            -35.643079,
                            0
                        ],
                        [
                            -57.424907,
                            -35.643988,
                            0
                        ],
                        [
                            -57.425809,
                            -35.644468,
                            0
                        ],
                        [
                            -57.426885,
                            -35.64459,
                            0
                        ],
                        [
                            -57.427367,
                            -35.644409,
                            0
                        ],
                        [
                            -57.428101,
                            -35.643855,
                            0
                        ],
                        [
                            -57.43005,
                            -35.643025,
                            0
                        ],
                        [
                            -57.430553,
                            -35.642593,
                            0
                        ],
                        [
                            -57.43125,
                            -35.641767,
                            0
                        ],
                        [
                            -57.432123,
                            -35.640743,
                            0
                        ],
                        [
                            -57.433062,
                            -35.639916,
                            0
                        ],
                        [
                            -57.434264,
                            -35.639106,
                            0
                        ],
                        [
                            -57.435147,
                            -35.638649,
                            0
                        ],
                        [
                            -57.437579,
                            -35.637834,
                            0
                        ],
                        [
                            -57.438586,
                            -35.637401,
                            0
                        ],
                        [
                            -57.438977,
                            -35.636737,
                            0
                        ],
                        [
                            -57.439236,
                            -35.63593,
                            0
                        ],
                        [
                            -57.439406,
                            -35.634891,
                            0
                        ],
                        [
                            -57.439773,
                            -35.633869,
                            0
                        ],
                        [
                            -57.439857,
                            -35.633099,
                            0
                        ],
                        [
                            -57.439607,
                            -35.632011,
                            0
                        ],
                        [
                            -57.438984,
                            -35.630401,
                            0
                        ],
                        [
                            -57.438363,
                            -35.629115,
                            0
                        ],
                        [
                            -57.438246,
                            -35.627772,
                            0
                        ],
                        [
                            -57.438172,
                            -35.626394,
                            0
                        ],
                        [
                            -57.437928,
                            -35.625768,
                            0
                        ],
                        [
                            -57.436995,
                            -35.62364,
                            0
                        ],
                        [
                            -57.436664,
                            -35.623319,
                            0
                        ],
                        [
                            -57.43621,
                            -35.623139,
                            0
                        ],
                        [
                            -57.435267,
                            -35.623214,
                            0
                        ],
                        [
                            -57.434632,
                            -35.623449,
                            0
                        ],
                        [
                            -57.434262,
                            -35.623844,
                            0
                        ],
                        [
                            -57.434003,
                            -35.624669,
                            0
                        ],
                        [
                            -57.433677,
                            -35.625261,
                            0
                        ],
                        [
                            -57.433217,
                            -35.625441,
                            0
                        ],
                        [
                            -57.431438,
                            -35.625143,
                            0
                        ],
                        [
                            -57.430364,
                            -35.625273,
                            0
                        ],
                        [
                            -57.429442,
                            -35.625276,
                            0
                        ],
                        [
                            -57.429024,
                            -35.625062,
                            0
                        ],
                        [
                            -57.428912,
                            -35.624562,
                            0
                        ],
                        [
                            -57.429018,
                            -35.623899,
                            0
                        ],
                        [
                            -57.429256,
                            -35.623164,
                            0
                        ],
                        [
                            -57.429249,
                            -35.62238,
                            0
                        ],
                        [
                            -57.429292,
                            -35.622093,
                            0
                        ],
                        [
                            -57.429105,
                            -35.620088,
                            0
                        ],
                        [
                            -57.428704,
                            -35.618836,
                            0
                        ],
                        [
                            -57.427929,
                            -35.617514,
                            0
                        ],
                        [
                            -57.42707,
                            -35.616819,
                            0
                        ],
                        [
                            -57.426671,
                            -35.61614,
                            0
                        ],
                        [
                            -57.426799,
                            -35.615387,
                            0
                        ],
                        [
                            -57.427432,
                            -35.614776,
                            0
                        ],
                        [
                            -57.428088,
                            -35.614488,
                            0
                        ],
                        [
                            -57.42914,
                            -35.614269,
                            0
                        ],
                        [
                            -57.430697,
                            -35.614084,
                            0
                        ],
                        [
                            -57.432011,
                            -35.613757,
                            0
                        ],
                        [
                            -57.433498,
                            -35.613206,
                            0
                        ],
                        [
                            -57.434615,
                            -35.612862,
                            0
                        ],
                        [
                            -57.435774,
                            -35.612231,
                            0
                        ],
                        [
                            -57.43746,
                            -35.611652,
                            0
                        ],
                        [
                            -57.439806,
                            -35.611339,
                            0
                        ],
                        [
                            -57.440923,
                            -35.61112,
                            0
                        ],
                        [
                            -57.445347,
                            -35.609796,
                            0
                        ],
                        [
                            -57.446858,
                            -35.609415,
                            0
                        ],
                        [
                            -57.447624,
                            -35.609,
                            0
                        ],
                        [
                            -57.448334,
                            -35.608193,
                            0
                        ],
                        [
                            -57.448617,
                            -35.607816,
                            0
                        ],
                        [
                            -57.448789,
                            -35.607242,
                            0
                        ],
                        [
                            -57.448918,
                            -35.606776,
                            0
                        ],
                        [
                            -57.449001,
                            -35.605934,
                            0
                        ],
                        [
                            -57.449062,
                            -35.605093,
                            0
                        ],
                        [
                            -57.449299,
                            -35.604322,
                            0
                        ],
                        [
                            -57.449668,
                            -35.60364,
                            0
                        ],
                        [
                            -57.450388,
                            -35.602921,
                            0
                        ],
                        [
                            -57.451262,
                            -35.602327,
                            0
                        ],
                        [
                            -57.452268,
                            -35.601732,
                            0
                        ],
                        [
                            -57.452834,
                            -35.600978,
                            0
                        ],
                        [
                            -57.45329,
                            -35.600153,
                            0
                        ],
                        [
                            -57.453768,
                            -35.599345,
                            0
                        ],
                        [
                            -57.454379,
                            -35.598806,
                            0
                        ],
                        [
                            -57.455206,
                            -35.598631,
                            0
                        ],
                        [
                            -57.457202,
                            -35.598641,
                            0
                        ],
                        [
                            -57.45832,
                            -35.598493,
                            0
                        ],
                        [
                            -57.45926,
                            -35.597988,
                            0
                        ],
                        [
                            -57.461577,
                            -35.596619,
                            0
                        ],
                        [
                            -57.462932,
                            -35.595826,
                            0
                        ],
                        [
                            -57.463499,
                            -35.595268,
                            0
                        ],
                        [
                            -57.463895,
                            -35.59452,
                            0
                        ],
                        [
                            -57.464105,
                            -35.592836,
                            0
                        ],
                        [
                            -57.464601,
                            -35.591348,
                            0
                        ],
                        [
                            -57.464858,
                            -35.590273,
                            0
                        ],
                        [
                            -57.464831,
                            -35.589449,
                            0
                        ],
                        [
                            -57.464649,
                            -35.588376,
                            0
                        ],
                        [
                            -57.464314,
                            -35.587195,
                            0
                        ],
                        [
                            -57.463673,
                            -35.58641,
                            0
                        ],
                        [
                            -57.46293,
                            -35.585792,
                            0
                        ],
                        [
                            -57.462556,
                            -35.585704,
                            0
                        ],
                        [
                            -57.462118,
                            -35.585741,
                            0
                        ],
                        [
                            -57.46155,
                            -35.586155,
                            0
                        ],
                        [
                            -57.461005,
                            -35.586676,
                            0
                        ],
                        [
                            -57.460393,
                            -35.587019,
                            0
                        ],
                        [
                            -57.459714,
                            -35.587165,
                            0
                        ],
                        [
                            -57.459164,
                            -35.586916,
                            0
                        ],
                        [
                            -57.45868,
                            -35.586631,
                            0
                        ],
                        [
                            -57.458282,
                            -35.586042,
                            0
                        ],
                        [
                            -57.457682,
                            -35.584702,
                            0
                        ],
                        [
                            -57.457306,
                            -35.584112,
                            0
                        ],
                        [
                            -57.456203,
                            -35.582899,
                            0
                        ],
                        [
                            -57.455982,
                            -35.582595,
                            0
                        ],
                        [
                            -57.455691,
                            -35.581558,
                            0
                        ],
                        [
                            -57.455378,
                            -35.580538,
                            0
                        ],
                        [
                            -57.454731,
                            -35.579146,
                            0
                        ],
                        [
                            -57.45442,
                            -35.578413,
                            0
                        ],
                        [
                            -57.454241,
                            -35.577697,
                            0
                        ],
                        [
                            -57.454281,
                            -35.57707,
                            0
                        ],
                        [
                            -57.454366,
                            -35.576605,
                            0
                        ],
                        [
                            -57.454626,
                            -35.575977,
                            0
                        ],
                        [
                            -57.454776,
                            -35.575385,
                            0
                        ],
                        [
                            -57.454835,
                            -35.574239,
                            0
                        ],
                        [
                            -57.454939,
                            -35.573236,
                            0
                        ],
                        [
                            -57.455044,
                            -35.572358,
                            0
                        ],
                        [
                            -57.45526,
                            -35.571749,
                            0
                        ],
                        [
                            -57.455693,
                            -35.57087,
                            0
                        ],
                        [
                            -57.455863,
                            -35.570208,
                            0
                        ],
                        [
                            -57.455883,
                            -35.569922,
                            0
                        ],
                        [
                            -57.455859,
                            -35.56951,
                            0
                        ],
                        [
                            -57.455526,
                            -35.568777,
                            0
                        ],
                        [
                            -57.454621,
                            -35.567742,
                            0
                        ],
                        [
                            -57.453518,
                            -35.566529,
                            0
                        ],
                        [
                            -57.452589,
                            -35.565028,
                            0
                        ],
                        [
                            -57.452363,
                            -35.563919,
                            0
                        ],
                        [
                            -57.452313,
                            -35.562773,
                            0
                        ],
                        [
                            -57.452464,
                            -35.56197,
                            0
                        ],
                        [
                            -57.452962,
                            -35.560858,
                            0
                        ],
                        [
                            -57.453463,
                            -35.560247,
                            0
                        ],
                        [
                            -57.45379,
                            -35.559959,
                            0
                        ],
                        [
                            -57.454556,
                            -35.559795,
                            0
                        ],
                        [
                            -57.455126,
                            -35.559829,
                            0
                        ],
                        [
                            -57.456027,
                            -35.560076,
                            0
                        ],
                        [
                            -57.457079,
                            -35.560108,
                            0
                        ],
                        [
                            -57.457801,
                            -35.559908,
                            0
                        ],
                        [
                            -57.458521,
                            -35.559297,
                            0
                        ],
                        [
                            -57.459021,
                            -35.558561,
                            0
                        ],
                        [
                            -57.459148,
                            -35.557754,
                            0
                        ],
                        [
                            -57.459144,
                            -35.557074,
                            0
                        ],
                        [
                            -57.458943,
                            -35.556359,
                            0
                        ],
                        [
                            -57.458302,
                            -35.555466,
                            0
                        ],
                        [
                            -57.457487,
                            -35.554717,
                            0
                        ],
                        [
                            -57.456147,
                            -35.554221,
                            0
                        ],
                        [
                            -57.45527,
                            -35.554188,
                            0
                        ],
                        [
                            -57.454241,
                            -35.554389,
                            0
                        ],
                        [
                            -57.452795,
                            -35.554591,
                            0
                        ],
                        [
                            -57.451699,
                            -35.554578,
                            0
                        ],
                        [
                            -57.451259,
                            -35.554311,
                            0
                        ],
                        [
                            -57.451037,
                            -35.55381,
                            0
                        ],
                        [
                            -57.451012,
                            -35.553114,
                            0
                        ],
                        [
                            -57.451055,
                            -35.552827,
                            0
                        ],
                        [
                            -57.451729,
                            -35.551876,
                            0
                        ],
                        [
                            -57.45299,
                            -35.549991,
                            0
                        ],
                        [
                            -57.453269,
                            -35.548987,
                            0
                        ],
                        [
                            -57.45337,
                            -35.547465,
                            0
                        ],
                        [
                            -57.453561,
                            -35.546318,
                            0
                        ],
                        [
                            -57.454103,
                            -35.545224,
                            0
                        ],
                        [
                            -57.454209,
                            -35.544704,
                            0
                        ],
                        [
                            -57.453987,
                            -35.544096,
                            0
                        ],
                        [
                            -57.453469,
                            -35.543672,
                            0
                        ],
                        [
                            -57.452876,
                            -35.543424,
                            0
                        ],
                        [
                            -57.451997,
                            -35.543015,
                            0
                        ],
                        [
                            -57.45127,
                            -35.542427,
                            0
                        ],
                        [
                            -57.450431,
                            -35.541248,
                            0
                        ],
                        [
                            -57.450077,
                            -35.540695,
                            0
                        ],
                        [
                            -57.449768,
                            -35.540338,
                            0
                        ],
                        [
                            -57.449174,
                            -35.539928,
                            0
                        ],
                        [
                            -57.447527,
                            -35.539343,
                            0
                        ],
                        [
                            -57.447044,
                            -35.539077,
                            0
                        ],
                        [
                            -57.446813,
                            -35.538043,
                            0
                        ],
                        [
                            -57.446697,
                            -35.536898,
                            0
                        ],
                        [
                            -57.446821,
                            -35.535483,
                            0
                        ],
                        [
                            -57.446744,
                            -35.533585,
                            0
                        ],
                        [
                            -57.446849,
                            -35.53269,
                            0
                        ],
                        [
                            -57.446801,
                            -35.532009,
                            0
                        ],
                        [
                            -57.446535,
                            -35.531473,
                            0
                        ],
                        [
                            -57.446117,
                            -35.531134,
                            0
                        ],
                        [
                            -57.445656,
                            -35.530957,
                            0
                        ],
                        [
                            -57.445042,
                            -35.530959,
                            0
                        ],
                        [
                            -57.444056,
                            -35.530963,
                            0
                        ],
                        [
                            -57.443135,
                            -35.530841,
                            0
                        ],
                        [
                            -57.442761,
                            -35.530484,
                            0
                        ],
                        [
                            -57.442474,
                            -35.530109,
                            0
                        ],
                        [
                            -57.442599,
                            -35.529485,
                            0
                        ],
                        [
                            -57.443119,
                            -35.52848,
                            0
                        ],
                        [
                            -57.443685,
                            -35.527798,
                            0
                        ],
                        [
                            -57.444185,
                            -35.527044,
                            0
                        ],
                        [
                            -57.444575,
                            -35.526201,
                            0
                        ],
                        [
                            -57.444812,
                            -35.525519,
                            0
                        ],
                        [
                            -57.44483,
                            -35.524785,
                            0
                        ],
                        [
                            -57.444631,
                            -35.524482,
                            0
                        ],
                        [
                            -57.444476,
                            -35.524196,
                            0
                        ],
                        [
                            -57.443949,
                            -35.523947,
                            0
                        ],
                        [
                            -57.443422,
                            -35.523877,
                            0
                        ],
                        [
                            -57.442875,
                            -35.523969,
                            0
                        ],
                        [
                            -57.442285,
                            -35.524222,
                            0
                        ],
                        [
                            -57.441388,
                            -35.524476,
                            0
                        ],
                        [
                            -57.441058,
                            -35.524298,
                            0
                        ],
                        [
                            -57.440661,
                            -35.523852,
                            0
                        ],
                        [
                            -57.440419,
                            -35.52353,
                            0
                        ],
                        [
                            -57.440088,
                            -35.523191,
                            0
                        ],
                        [
                            -57.439666,
                            -35.522858,
                            0
                        ],
                        [
                            -57.439292,
                            -35.522537,
                            0
                        ],
                        [
                            -57.438501,
                            -35.5222,
                            0
                        ],
                        [
                            -57.437358,
                            -35.521613,
                            0
                        ],
                        [
                            -57.43694,
                            -35.521257,
                            0
                        ],
                        [
                            -57.436412,
                            -35.520883,
                            0
                        ],
                        [
                            -57.435971,
                            -35.520401,
                            0
                        ],
                        [
                            -57.435661,
                            -35.51965,
                            0
                        ],
                        [
                            -57.435547,
                            -35.518934,
                            0
                        ],
                        [
                            -57.435695,
                            -35.517823,
                            0
                        ],
                        [
                            -57.436254,
                            -35.516013,
                            0
                        ],
                        [
                            -57.436993,
                            -35.514828,
                            0
                        ],
                        [
                            -57.43734,
                            -35.514129,
                            0
                        ],
                        [
                            -57.437457,
                            -35.513449,
                            0
                        ],
                        [
                            -57.437605,
                            -35.512517,
                            0
                        ],
                        [
                            -57.438017,
                            -35.511746,
                            0
                        ],
                        [
                            -57.438737,
                            -35.511045,
                            0
                        ],
                        [
                            -57.43972,
                            -35.510522,
                            0
                        ],
                        [
                            -57.440923,
                            -35.510124,
                            0
                        ],
                        [
                            -57.442433,
                            -35.509885,
                            0
                        ],
                        [
                            -57.44377,
                            -35.50997,
                            0
                        ],
                        [
                            -57.444185,
                            -35.509843,
                            0
                        ],
                        [
                            -57.445077,
                            -35.50873,
                            0
                        ],
                        [
                            -57.445973,
                            -35.508207,
                            0
                        ],
                        [
                            -57.447046,
                            -35.508114,
                            0
                        ],
                        [
                            -57.447373,
                            -35.507898,
                            0
                        ],
                        [
                            -57.447765,
                            -35.507413,
                            0
                        ],
                        [
                            -57.448504,
                            -35.506318,
                            0
                        ],
                        [
                            -57.449617,
                            -35.505526,
                            0
                        ],
                        [
                            -57.450643,
                            -35.504931,
                            0
                        ],
                        [
                            -57.451603,
                            -35.504582,
                            0
                        ],
                        [
                            -57.452609,
                            -35.504256,
                            0
                        ],
                        [
                            -57.453659,
                            -35.503876,
                            0
                        ],
                        [
                            -57.454491,
                            -35.503819,
                            0
                        ],
                        [
                            -57.455697,
                            -35.504047,
                            0
                        ],
                        [
                            -57.456727,
                            -35.504079,
                            0
                        ],
                        [
                            -57.458808,
                            -35.504107,
                            0
                        ],
                        [
                            -57.46034,
                            -35.503904,
                            0
                        ],
                        [
                            -57.461294,
                            -35.503696,
                            0
                        ],
                        [
                            -57.462258,
                            -35.503567,
                            0
                        ],
                        [
                            -57.464269,
                            -35.502932,
                            0
                        ],
                        [
                            -57.466018,
                            -35.502299,
                            0
                        ],
                        [
                            -57.467022,
                            -35.501704,
                            0
                        ],
                        [
                            -57.468269,
                            -35.501251,
                            0
                        ],
                        [
                            -57.469602,
                            -35.500727,
                            0
                        ],
                        [
                            -57.470343,
                            -35.500169,
                            0
                        ],
                        [
                            -57.470406,
                            -35.499596,
                            0
                        ],
                        [
                            -57.470228,
                            -35.499221,
                            0
                        ],
                        [
                            -57.469852,
                            -35.498797,
                            0
                        ],
                        [
                            -57.469236,
                            -35.498423,
                            0
                        ],
                        [
                            -57.467742,
                            -35.497695,
                            0
                        ],
                        [
                            -57.464031,
                            -35.496026,
                            0
                        ],
                        [
                            -57.462955,
                            -35.495672,
                            0
                        ],
                        [
                            -57.462406,
                            -35.495388,
                            0
                        ],
                        [
                            -57.46203,
                            -35.494799,
                            0
                        ],
                        [
                            -57.462006,
                            -35.494279,
                            0
                        ],
                        [
                            -57.462112,
                            -35.49367,
                            0
                        ],
                        [
                            -57.463353,
                            -35.492412,
                            0
                        ],
                        [
                            -57.464007,
                            -35.491872,
                            0
                        ],
                        [
                            -57.465098,
                            -35.49117,
                            0
                        ],
                        [
                            -57.466278,
                            -35.490682,
                            0
                        ],
                        [
                            -57.467482,
                            -35.490516,
                            0
                        ],
                        [
                            -57.469058,
                            -35.490438,
                            0
                        ],
                        [
                            -57.470219,
                            -35.490326,
                            0
                        ],
                        [
                            -57.471641,
                            -35.490124,
                            0
                        ],
                        [
                            -57.473059,
                            -35.489766,
                            0
                        ],
                        [
                            -57.474656,
                            -35.48942,
                            0
                        ],
                        [
                            -57.47634,
                            -35.489145,
                            0
                        ],
                        [
                            -57.478463,
                            -35.48876,
                            0
                        ],
                        [
                            -57.479644,
                            -35.488469,
                            0
                        ],
                        [
                            -57.480298,
                            -35.488055,
                            0
                        ],
                        [
                            -57.480931,
                            -35.487551,
                            0
                        ],
                        [
                            -57.4813,
                            -35.487137,
                            0
                        ],
                        [
                            -57.481319,
                            -35.486582,
                            0
                        ],
                        [
                            -57.481032,
                            -35.486189,
                            0
                        ],
                        [
                            -57.480636,
                            -35.485833,
                            0
                        ],
                        [
                            -57.479777,
                            -35.48543,
                            0
                        ],
                        [
                            -57.479249,
                            -35.485074,
                            0
                        ],
                        [
                            -57.478478,
                            -35.484379,
                            0
                        ],
                        [
                            -57.478016,
                            -35.483987,
                            0
                        ],
                        [
                            -57.477859,
                            -35.483415,
                            0
                        ],
                        [
                            -57.478076,
                            -35.483038,
                            0
                        ],
                        [
                            -57.478687,
                            -35.482713,
                            0
                        ],
                        [
                            -57.479474,
                            -35.482441,
                            0
                        ],
                        [
                            -57.480348,
                            -35.482044,
                            0
                        ],
                        [
                            -57.481001,
                            -35.481486,
                            0
                        ],
                        [
                            -57.481675,
                            -35.480642,
                            0
                        ],
                        [
                            -57.482217,
                            -35.479727,
                            0
                        ],
                        [
                            -57.48256,
                            -35.47849,
                            0
                        ],
                        [
                            -57.48254,
                            -35.477724,
                            0
                        ],
                        [
                            -57.482272,
                            -35.476955,
                            0
                        ],
                        [
                            -57.481917,
                            -35.476133,
                            0
                        ],
                        [
                            -57.481825,
                            -35.475453,
                            0
                        ],
                        [
                            -57.481889,
                            -35.475059,
                            0
                        ],
                        [
                            -57.482193,
                            -35.474646,
                            0
                        ],
                        [
                            -57.482475,
                            -35.474286,
                            0
                        ],
                        [
                            -57.482538,
                            -35.473767,
                            0
                        ],
                        [
                            -57.482448,
                            -35.473481,
                            0
                        ],
                        [
                            -57.482161,
                            -35.472963,
                            0
                        ],
                        [
                            -57.48196,
                            -35.47239,
                            0
                        ],
                        [
                            -57.482002,
                            -35.471996,
                            0
                        ],
                        [
                            -57.482219,
                            -35.471727,
                            0
                        ],
                        [
                            -57.482765,
                            -35.471474,
                            0
                        ],
                        [
                            -57.483312,
                            -35.471382,
                            0
                        ],
                        [
                            -57.484079,
                            -35.471522,
                            0
                        ],
                        [
                            -57.484891,
                            -35.47177,
                            0
                        ],
                        [
                            -57.485593,
                            -35.471964,
                            0
                        ],
                        [
                            -57.486228,
                            -35.471944,
                            0
                        ],
                        [
                            -57.486992,
                            -35.471529,
                            0
                        ],
                        [
                            -57.487883,
                            -35.470504,
                            0
                        ],
                        [
                            -57.488321,
                            -35.469449,
                            0
                        ],
                        [
                            -57.488426,
                            -35.468661,
                            0
                        ],
                        [
                            -57.48831,
                            -35.467569,
                            0
                        ],
                        [
                            -57.487954,
                            -35.466711,
                            0
                        ],
                        [
                            -57.487182,
                            -35.465693,
                            0
                        ],
                        [
                            -57.486143,
                            -35.464122,
                            0
                        ],
                        [
                            -57.486046,
                            -35.463272,
                            0
                        ],
                        [
                            -57.485958,
                            -35.462493,
                            0
                        ],
                        [
                            -57.486345,
                            -35.461396,
                            0
                        ],
                        [
                            -57.486999,
                            -35.460752,
                            0
                        ],
                        [
                            -57.487502,
                            -35.460732,
                            0
                        ],
                        [
                            -57.488029,
                            -35.461017,
                            0
                        ],
                        [
                            -57.488426,
                            -35.461427,
                            0
                        ],
                        [
                            -57.488758,
                            -35.462106,
                            0
                        ],
                        [
                            -57.488828,
                            -35.462696,
                            0
                        ],
                        [
                            -57.48879,
                            -35.463789,
                            0
                        ],
                        [
                            -57.489013,
                            -35.464361,
                            0
                        ],
                        [
                            -57.489322,
                            -35.464825,
                            0
                        ],
                        [
                            -57.490005,
                            -35.465431,
                            0
                        ],
                        [
                            -57.490577,
                            -35.465841,
                            0
                        ],
                        [
                            -57.491104,
                            -35.466143,
                            0
                        ],
                        [
                            -57.491303,
                            -35.466554,
                            0
                        ],
                        [
                            -57.49149,
                            -35.466906,
                            0
                        ],
                        [
                            -57.491558,
                            -35.467246,
                            0
                        ],
                        [
                            -57.49156,
                            -35.467604,
                            0
                        ],
                        [
                            -57.49154,
                            -35.467945,
                            0
                        ],
                        [
                            -57.491477,
                            -35.468303,
                            0
                        ],
                        [
                            -57.49148,
                            -35.468858,
                            0
                        ],
                        [
                            -57.491636,
                            -35.469323,
                            0
                        ],
                        [
                            -57.491814,
                            -35.469752,
                            0
                        ],
                        [
                            -57.492036,
                            -35.470217,
                            0
                        ],
                        [
                            -57.492324,
                            -35.470717,
                            0
                        ],
                        [
                            -57.492632,
                            -35.471056,
                            0
                        ],
                        [
                            -57.49316,
                            -35.47143,
                            0
                        ],
                        [
                            -57.493681,
                            -35.471654,
                            0
                        ],
                        [
                            -57.494188,
                            -35.471734,
                            0
                        ],
                        [
                            -57.494694,
                            -35.471728,
                            0
                        ],
                        [
                            -57.495113,
                            -35.471652,
                            0
                        ],
                        [
                            -57.495567,
                            -35.471395,
                            0
                        ],
                        [
                            -57.496132,
                            -35.471045,
                            0
                        ],
                        [
                            -57.496459,
                            -35.470426,
                            0
                        ],
                        [
                            -57.496619,
                            -35.469633,
                            0
                        ],
                        [
                            -57.496778,
                            -35.468513,
                            0
                        ],
                        [
                            -57.497057,
                            -35.467797,
                            0
                        ],
                        [
                            -57.497668,
                            -35.467408,
                            0
                        ],
                        [
                            -57.498423,
                            -35.467231,
                            0
                        ],
                        [
                            -57.499226,
                            -35.467151,
                            0
                        ],
                        [
                            -57.49998,
                            -35.466935,
                            0
                        ],
                        [
                            -57.500404,
                            -35.466682,
                            0
                        ],
                        [
                            -57.500521,
                            -35.466585,
                            0
                        ],
                        [
                            -57.501111,
                            -35.466486,
                            0
                        ],
                        [
                            -57.501701,
                            -35.466368,
                            0
                        ],
                        [
                            -57.502412,
                            -35.46639,
                            0
                        ],
                        [
                            -57.503135,
                            -35.466654,
                            0
                        ],
                        [
                            -57.503845,
                            -35.46696,
                            0
                        ],
                        [
                            -57.504602,
                            -35.46713,
                            0
                        ],
                        [
                            -57.505619,
                            -35.467377,
                            0
                        ],
                        [
                            -57.50666,
                            -35.467585,
                            0
                        ],
                        [
                            -57.507345,
                            -35.467659,
                            0
                        ],
                        [
                            -57.507841,
                            -35.467696,
                            0
                        ],
                        [
                            -57.508619,
                            -35.467519,
                            0
                        ],
                        [
                            -57.509161,
                            -35.467285,
                            0
                        ],
                        [
                            -57.509773,
                            -35.466935,
                            0
                        ],
                        [
                            -57.510363,
                            -35.466797,
                            0
                        ],
                        [
                            -57.510929,
                            -35.466795,
                            0
                        ],
                        [
                            -57.511521,
                            -35.466947,
                            0
                        ],
                        [
                            -57.512184,
                            -35.46733,
                            0
                        ],
                        [
                            -57.512969,
                            -35.468099,
                            0
                        ],
                        [
                            -57.513468,
                            -35.46858,
                            0
                        ],
                        [
                            -57.51425,
                            -35.468982,
                            0
                        ],
                        [
                            -57.515734,
                            -35.469136,
                            0
                        ],
                        [
                            -57.516824,
                            -35.469595,
                            0
                        ],
                        [
                            -57.517984,
                            -35.470034,
                            0
                        ],
                        [
                            -57.518978,
                            -35.470397,
                            0
                        ],
                        [
                            -57.519689,
                            -35.470761,
                            0
                        ],
                        [
                            -57.52026,
                            -35.471338,
                            0
                        ],
                        [
                            -57.520904,
                            -35.472416,
                            0
                        ],
                        [
                            -57.521167,
                            -35.472859,
                            0
                        ],
                        [
                            -57.521688,
                            -35.473108,
                            0
                        ],
                        [
                            -57.522184,
                            -35.473048,
                            0
                        ],
                        [
                            -57.522466,
                            -35.472854,
                            0
                        ],
                        [
                            -57.523005,
                            -35.472195,
                            0
                        ],
                        [
                            -57.523544,
                            -35.471671,
                            0
                        ],
                        [
                            -57.524085,
                            -35.471205,
                            0
                        ],
                        [
                            -57.52479,
                            -35.470777,
                            0
                        ],
                        [
                            -57.525733,
                            -35.470522,
                            0
                        ],
                        [
                            -57.526748,
                            -35.470324,
                            0
                        ],
                        [
                            -57.527504,
                            -35.470321,
                            0
                        ],
                        [
                            -57.528662,
                            -35.470471,
                            0
                        ],
                        [
                            -57.530009,
                            -35.470677,
                            0
                        ],
                        [
                            -57.531732,
                            -35.470786,
                            0
                        ],
                        [
                            -57.533339,
                            -35.470856,
                            0
                        ],
                        [
                            -57.534119,
                            -35.470911,
                            0
                        ],
                        [
                            -57.534592,
                            -35.471025,
                            0
                        ],
                        [
                            -57.534971,
                            -35.471216,
                            0
                        ],
                        [
                            -57.535752,
                            -35.471483,
                            0
                        ],
                        [
                            -57.536674,
                            -35.471653,
                            0
                        ],
                        [
                            -57.537997,
                            -35.471666,
                            0
                        ],
                        [
                            -57.538751,
                            -35.47145,
                            0
                        ],
                        [
                            -57.539718,
                            -35.471195,
                            0
                        ],
                        [
                            -57.54085,
                            -35.471016,
                            0
                        ],
                        [
                            -57.542079,
                            -35.471049,
                            0
                        ],
                        [
                            -57.543237,
                            -35.47116,
                            0
                        ],
                        [
                            -57.544323,
                            -35.471078,
                            0
                        ],
                        [
                            -57.544722,
                            -35.470767,
                            0
                        ],
                        [
                            -57.545185,
                            -35.470292,
                            0
                        ],
                        [
                            -57.54589,
                            -35.469709,
                            0
                        ],
                        [
                            -57.546713,
                            -35.469165,
                            0
                        ],
                        [
                            -57.546948,
                            -35.468932,
                            0
                        ],
                        [
                            -57.547087,
                            -35.468584,
                            0
                        ],
                        [
                            -57.547224,
                            -35.467926,
                            0
                        ],
                        [
                            -57.547505,
                            -35.4675,
                            0
                        ],
                        [
                            -57.54781,
                            -35.467286,
                            0
                        ],
                        [
                            -57.548353,
                            -35.467265,
                            0
                        ],
                        [
                            -57.54885,
                            -35.467378,
                            0
                        ],
                        [
                            -57.549395,
                            -35.467646,
                            0
                        ],
                        [
                            -57.549776,
                            -35.468146,
                            0
                        ],
                        [
                            -57.550088,
                            -35.468782,
                            0
                        ],
                        [
                            -57.550587,
                            -35.469224,
                            0
                        ],
                        [
                            -57.551272,
                            -35.469298,
                            0
                        ],
                        [
                            -57.55186,
                            -35.468967,
                            0
                        ],
                        [
                            -57.552399,
                            -35.468385,
                            0
                        ],
                        [
                            -57.552558,
                            -35.467438,
                            0
                        ],
                        [
                            -57.552483,
                            -35.466821,
                            0
                        ],
                        [
                            -57.55229,
                            -35.466184,
                            0
                        ],
                        [
                            -57.55172,
                            -35.465381,
                            0
                        ],
                        [
                            -57.550765,
                            -35.463975,
                            0
                        ],
                        [
                            -57.550524,
                            -35.463223,
                            0
                        ],
                        [
                            -57.550471,
                            -35.462374,
                            0
                        ],
                        [
                            -57.550679,
                            -35.461755,
                            0
                        ],
                        [
                            -57.551053,
                            -35.461174,
                            0
                        ],
                        [
                            -57.551499,
                            -35.460689,
                            0
                        ],
                        [
                            -57.552251,
                            -35.460241,
                            0
                        ],
                        [
                            -57.553146,
                            -35.45987,
                            0
                        ],
                        [
                            -57.554159,
                            -35.459479,
                            0
                        ],
                        [
                            -57.554982,
                            -35.459032,
                            0
                        ],
                        [
                            -57.555476,
                            -35.458662,
                            0
                        ],
                        [
                            -57.556038,
                            -35.457984,
                            0
                        ],
                        [
                            -57.556643,
                            -35.456687,
                            0
                        ],
                        [
                            -57.557172,
                            -35.455968,
                            0
                        ],
                        [
                            -57.557832,
                            -35.455791,
                            0
                        ],
                        [
                            -57.558446,
                            -35.455788,
                            0
                        ],
                        [
                            -57.559534,
                            -35.456034,
                            0
                        ],
                        [
                            -57.560693,
                            -35.456396,
                            0
                        ],
                        [
                            -57.562112,
                            -35.456737,
                            0
                        ],
                        [
                            -57.563224,
                            -35.457041,
                            0
                        ],
                        [
                            -57.564123,
                            -35.457152,
                            0
                        ],
                        [
                            -57.565374,
                            -35.457108,
                            0
                        ],
                        [
                            -57.566295,
                            -35.457161,
                            0
                        ],
                        [
                            -57.567524,
                            -35.457349,
                            0
                        ],
                        [
                            -57.569291,
                            -35.457712,
                            0
                        ],
                        [
                            -57.569645,
                            -35.457729,
                            0
                        ],
                        [
                            -57.570635,
                            -35.457493,
                            0
                        ],
                        [
                            -57.571649,
                            -35.457237,
                            0
                        ],
                        [
                            -57.573134,
                            -35.456902,
                            0
                        ],
                        [
                            -57.574102,
                            -35.456858,
                            0
                        ],
                        [
                            -57.575426,
                            -35.457142,
                            0
                        ],
                        [
                            -57.576798,
                            -35.457406,
                            0
                        ],
                        [
                            -57.578335,
                            -35.457727,
                            0
                        ],
                        [
                            -57.579211,
                            -35.458012,
                            0
                        ],
                        [
                            -57.57978,
                            -35.458318,
                            0
                        ],
                        [
                            -57.580586,
                            -35.458855,
                            0
                        ],
                        [
                            -57.581061,
                            -35.459123,
                            0
                        ],
                        [
                            -57.581674,
                            -35.459024,
                            0
                        ],
                        [
                            -57.582074,
                            -35.458829,
                            0
                        ],
                        [
                            -57.582497,
                            -35.458518,
                            0
                        ],
                        [
                            -57.582708,
                            -35.458285,
                            0
                        ],
                        [
                            -57.583574,
                            -35.45791,
                            0
                        ],
                        [
                            -57.583975,
                            -35.457753,
                            0
                        ],
                        [
                            -57.584421,
                            -35.457442,
                            0
                        ],
                        [
                            -57.584702,
                            -35.457093,
                            0
                        ],
                        [
                            -57.584912,
                            -35.456706,
                            0
                        ],
                        [
                            -57.585073,
                            -35.456087,
                            0
                        ],
                        [
                            -57.585259,
                            -35.455758,
                            0
                        ],
                        [
                            -57.585707,
                            -35.455678,
                            0
                        ],
                        [
                            -57.586156,
                            -35.455715,
                            0
                        ],
                        [
                            -57.586724,
                            -35.455886,
                            0
                        ],
                        [
                            -57.587411,
                            -35.456172,
                            0
                        ],
                        [
                            -57.588096,
                            -35.456265,
                            0
                        ],
                        [
                            -57.588544,
                            -35.456109,
                            0
                        ],
                        [
                            -57.589157,
                            -35.456067,
                            0
                        ],
                        [
                            -57.589677,
                            -35.456103,
                            0
                        ],
                        [
                            -57.590506,
                            -35.45637,
                            0
                        ],
                        [
                            -57.591098,
                            -35.456618,
                            0
                        ],
                        [
                            -57.591546,
                            -35.456558,
                            0
                        ],
                        [
                            -57.592112,
                            -35.456516,
                            0
                        ],
                        [
                            -57.592466,
                            -35.456418,
                            0
                        ],
                        [
                            -57.592821,
                            -35.456493,
                            0
                        ],
                        [
                            -57.593224,
                            -35.456762,
                            0
                        ],
                        [
                            -57.593463,
                            -35.457166,
                            0
                        ],
                        [
                            -57.593728,
                            -35.457802,
                            0
                        ],
                        [
                            -57.594039,
                            -35.45838,
                            0
                        ],
                        [
                            -57.594396,
                            -35.458726,
                            0
                        ],
                        [
                            -57.594931,
                            -35.458839,
                            0
                        ],
                        [
                            -57.595853,
                            -35.459008,
                            0
                        ],
                        [
                            -57.597343,
                            -35.45929,
                            0
                        ],
                        [
                            -57.599425,
                            -35.459782,
                            0
                        ],
                        [
                            -57.600845,
                            -35.460181,
                            0
                        ],
                        [
                            -57.602546,
                            -35.460346,
                            0
                        ],
                        [
                            -57.604387,
                            -35.460182,
                            0
                        ],
                        [
                            -57.605847,
                            -35.459712,
                            0
                        ],
                        [
                            -57.606718,
                            -35.459263,
                            0
                        ],
                        [
                            -57.607492,
                            -35.458603,
                            0
                        ],
                        [
                            -57.607986,
                            -35.458407,
                            0
                        ],
                        [
                            -57.608411,
                            -35.458385,
                            0
                        ],
                        [
                            -57.608697,
                            -35.458635,
                            0
                        ],
                        [
                            -57.608836,
                            -35.459108,
                            0
                        ],
                        [
                            -57.608985,
                            -35.460169,
                            0
                        ],
                        [
                            -57.609038,
                            -35.460845,
                            0
                        ],
                        [
                            -57.609467,
                            -35.461364,
                            0
                        ],
                        [
                            -57.610438,
                            -35.461745,
                            0
                        ],
                        [
                            -57.611313,
                            -35.461934,
                            0
                        ],
                        [
                            -57.612992,
                            -35.462196,
                            0
                        ],
                        [
                            -57.614908,
                            -35.462611,
                            0
                        ],
                        [
                            -57.616824,
                            -35.463045,
                            0
                        ],
                        [
                            -57.61822,
                            -35.463463,
                            0
                        ],
                        [
                            -57.619335,
                            -35.464037,
                            0
                        ],
                        [
                            -57.620169,
                            -35.465056,
                            0
                        ],
                        [
                            -57.621003,
                            -35.465998,
                            0
                        ],
                        [
                            -57.621615,
                            -35.466635,
                            0
                        ],
                        [
                            -57.62208,
                            -35.467126,
                            0
                        ],
                        [
                            -57.622271,
                            -35.467238,
                            0
                        ],
                        [
                            -57.62244,
                            -35.467357,
                            0
                        ],
                        [
                            -57.622631,
                            -35.467499,
                            0
                        ],
                        [
                            -57.622814,
                            -35.467624,
                            0
                        ],
                        [
                            -57.622968,
                            -35.467695,
                            0
                        ],
                        [
                            -57.623287,
                            -35.467872,
                            0
                        ],
                        [
                            -57.623793,
                            -35.468049,
                            0
                        ],
                        [
                            -57.624079,
                            -35.468167,
                            0
                        ],
                        [
                            -57.624276,
                            -35.468201,
                            0
                        ],
                        [
                            -57.624474,
                            -35.46829,
                            0
                        ],
                        [
                            -57.624678,
                            -35.468387,
                            0
                        ],
                        [
                            -57.624855,
                            -35.468477,
                            0
                        ],
                        [
                            -57.625127,
                            -35.468612,
                            0
                        ],
                        [
                            -57.625171,
                            -35.468642,
                            0
                        ],
                        [
                            -57.62553,
                            -35.468771,
                            0
                        ],
                        [
                            -57.625709,
                            -35.468812,
                            0
                        ],
                        [
                            -57.626028,
                            -35.468916,
                            0
                        ],
                        [
                            -57.626151,
                            -35.468974,
                            0
                        ],
                        [
                            -57.626317,
                            -35.469013,
                            0
                        ],
                        [
                            -57.626383,
                            -35.469049,
                            0
                        ],
                        [
                            -57.626588,
                            -35.469071,
                            0
                        ],
                        [
                            -57.62665,
                            -35.469089,
                            0
                        ],
                        [
                            -57.626875,
                            -35.469127,
                            0
                        ],
                        [
                            -57.627109,
                            -35.469146,
                            0
                        ],
                        [
                            -57.627292,
                            -35.469175,
                            0
                        ],
                        [
                            -57.62739,
                            -35.469184,
                            0
                        ],
                        [
                            -57.627573,
                            -35.469222,
                            0
                        ],
                        [
                            -57.627862,
                            -35.469265,
                            0
                        ],
                        [
                            -57.62803,
                            -35.46927,
                            0
                        ],
                        [
                            -57.628191,
                            -35.469296,
                            0
                        ],
                        [
                            -57.628339,
                            -35.469307,
                            0
                        ],
                        [
                            -57.628555,
                            -35.469327,
                            0
                        ],
                        [
                            -57.628854,
                            -35.469346,
                            0
                        ],
                        [
                            -57.628983,
                            -35.469367,
                            0
                        ],
                        [
                            -57.629319,
                            -35.469424,
                            0
                        ],
                        [
                            -57.629454,
                            -35.469457,
                            0
                        ],
                        [
                            -57.629687,
                            -35.469494,
                            0
                        ],
                        [
                            -57.629866,
                            -35.469517,
                            0
                        ],
                        [
                            -57.630264,
                            -35.469527,
                            0
                        ],
                        [
                            -57.630907,
                            -35.469521,
                            0
                        ],
                        [
                            -57.631413,
                            -35.469533,
                            0
                        ],
                        [
                            -57.63172,
                            -35.469549,
                            0
                        ],
                        [
                            -57.631928,
                            -35.469521,
                            0
                        ],
                        [
                            -57.63215,
                            -35.469502,
                            0
                        ],
                        [
                            -57.632402,
                            -35.469477,
                            0
                        ],
                        [
                            -57.632603,
                            -35.469443,
                            0
                        ],
                        [
                            -57.632785,
                            -35.469406,
                            0
                        ],
                        [
                            -57.632957,
                            -35.469361,
                            0
                        ],
                        [
                            -57.633091,
                            -35.469303,
                            0
                        ],
                        [
                            -57.633372,
                            -35.469247,
                            0
                        ],
                        [
                            -57.633883,
                            -35.469184,
                            0
                        ],
                        [
                            -57.634335,
                            -35.46911,
                            0
                        ],
                        [
                            -57.635283,
                            -35.46889,
                            0
                        ],
                        [
                            -57.635822,
                            -35.468696,
                            0
                        ],
                        [
                            -57.63623,
                            -35.468491,
                            0
                        ],
                        [
                            -57.636945,
                            -35.468344,
                            0
                        ],
                        [
                            -57.637937,
                            -35.468236,
                            0
                        ],
                        [
                            -57.639043,
                            -35.467971,
                            0
                        ],
                        [
                            -57.639872,
                            -35.467724,
                            0
                        ],
                        [
                            -57.64068,
                            -35.467283,
                            0
                        ],
                        [
                            -57.641703,
                            -35.466549,
                            0
                        ],
                        [
                            -57.642809,
                            -35.466252,
                            0
                        ],
                        [
                            -57.644034,
                            -35.466068,
                            0
                        ],
                        [
                            -57.645139,
                            -35.465754,
                            0
                        ],
                        [
                            -57.645793,
                            -35.465816,
                            0
                        ],
                        [
                            -57.646745,
                            -35.466118,
                            0
                        ],
                        [
                            -57.647592,
                            -35.466346,
                            0
                        ],
                        [
                            -57.648659,
                            -35.466162,
                            0
                        ],
                        [
                            -57.649999,
                            -35.465491,
                            0
                        ],
                        [
                            -57.651297,
                            -35.464595,
                            0
                        ],
                        [
                            -57.653028,
                            -35.463275,
                            0
                        ],
                        [
                            -57.654367,
                            -35.462588,
                            0
                        ],
                        [
                            -57.655511,
                            -35.462113,
                            0
                        ],
                        [
                            -57.656755,
                            -35.461815,
                            0
                        ],
                        [
                            -57.657883,
                            -35.461906,
                            0
                        ],
                        [
                            -57.659746,
                            -35.462642,
                            0
                        ],
                        [
                            -57.661649,
                            -35.463069,
                            0
                        ],
                        [
                            -57.664204,
                            -35.463395,
                            0
                        ],
                        [
                            -57.666678,
                            -35.463575,
                            0
                        ],
                        [
                            -57.668814,
                            -35.463466,
                            0
                        ],
                        [
                            -57.670096,
                            -35.463022,
                            0
                        ],
                        [
                            -57.671185,
                            -35.463097,
                            0
                        ],
                        [
                            -57.671845,
                            -35.463951,
                            0
                        ],
                        [
                            -57.672755,
                            -35.465282,
                            0
                        ],
                        [
                            -57.673055,
                            -35.465701,
                            0
                        ],
                        [
                            -57.674438,
                            -35.467797,
                            0
                        ],
                        [
                            -57.675795,
                            -35.469277,
                            0
                        ],
                        [
                            -57.677494,
                            -35.471068,
                            0
                        ],
                        [
                            -57.677641,
                            -35.471254,
                            0
                        ],
                        [
                            -57.677852,
                            -35.471441,
                            0
                        ],
                        [
                            -57.677978,
                            -35.471645,
                            0
                        ],
                        [
                            -57.678148,
                            -35.471933,
                            0
                        ],
                        [
                            -57.678361,
                            -35.472478,
                            0
                        ],
                        [
                            -57.67849,
                            -35.47292,
                            0
                        ],
                        [
                            -57.678722,
                            -35.473209,
                            0
                        ],
                        [
                            -57.678893,
                            -35.473787,
                            0
                        ],
                        [
                            -57.678981,
                            -35.474264,
                            0
                        ],
                        [
                            -57.679129,
                            -35.475222,
                            0
                        ],
                        [
                            -57.679279,
                            -35.476041,
                            0
                        ],
                        [
                            -57.679355,
                            -35.47648,
                            0
                        ],
                        [
                            -57.679465,
                            -35.476831,
                            0
                        ],
                        [
                            -57.679774,
                            -35.477359,
                            0
                        ],
                        [
                            -57.679901,
                            -35.47759,
                            0
                        ],
                        [
                            -57.680084,
                            -35.478028,
                            0
                        ],
                        [
                            -57.680231,
                            -35.478467,
                            0
                        ],
                        [
                            -57.680414,
                            -35.478905,
                            0
                        ],
                        [
                            -57.680596,
                            -35.479256,
                            0
                        ],
                        [
                            -57.680778,
                            -35.479694,
                            0
                        ],
                        [
                            -57.681214,
                            -35.480394,
                            0
                        ],
                        [
                            -57.681503,
                            -35.480686,
                            0
                        ],
                        [
                            -57.682511,
                            -35.481324,
                            0
                        ],
                        [
                            -57.683036,
                            -35.481723,
                            0
                        ],
                        [
                            -57.683233,
                            -35.481965,
                            0
                        ],
                        [
                            -57.683576,
                            -35.482348,
                            0
                        ],
                        [
                            -57.683878,
                            -35.482541,
                            0
                        ],
                        [
                            -57.684318,
                            -35.482824,
                            0
                        ],
                        [
                            -57.684675,
                            -35.483128,
                            0
                        ],
                        [
                            -57.685485,
                            -35.48351,
                            0
                        ],
                        [
                            -57.685929,
                            -35.483688,
                            0
                        ],
                        [
                            -57.686168,
                            -35.483756,
                            0
                        ],
                        [
                            -57.686543,
                            -35.483907,
                            0
                        ],
                        [
                            -57.686795,
                            -35.483966,
                            0
                        ],
                        [
                            -57.687872,
                            -35.484252,
                            0
                        ],
                        [
                            -57.688374,
                            -35.484308,
                            0
                        ],
                        [
                            -57.688875,
                            -35.484276,
                            0
                        ],
                        [
                            -57.689376,
                            -35.484215,
                            0
                        ],
                        [
                            -57.689876,
                            -35.484095,
                            0
                        ],
                        [
                            -57.690769,
                            -35.483796,
                            0
                        ],
                        [
                            -57.691706,
                            -35.483417,
                            0
                        ],
                        [
                            -57.691954,
                            -35.483362,
                            0
                        ],
                        [
                            -57.692243,
                            -35.483238,
                            0
                        ],
                        [
                            -57.692804,
                            -35.483082,
                            0
                        ],
                        [
                            -57.693304,
                            -35.482874,
                            0
                        ],
                        [
                            -57.693769,
                            -35.482783,
                            0
                        ],
                        [
                            -57.694233,
                            -35.482663,
                            0
                        ],
                        [
                            -57.694698,
                            -35.482573,
                            0
                        ],
                        [
                            -57.695294,
                            -35.482485,
                            0
                        ],
                        [
                            -57.697535,
                            -35.482069,
                            0
                        ],
                        [
                            -57.699731,
                            -35.482072,
                            0
                        ],
                        [
                            -57.702534,
                            -35.48128,
                            0
                        ],
                        [
                            -57.70433,
                            -35.480767,
                            0
                        ],
                        [
                            -57.706743,
                            -35.480559,
                            0
                        ],
                        [
                            -57.707868,
                            -35.480213,
                            0
                        ],
                        [
                            -57.709025,
                            -35.479512,
                            0
                        ],
                        [
                            -57.709459,
                            -35.479347,
                            0
                        ],
                        [
                            -57.710284,
                            -35.478679,
                            0
                        ],
                        [
                            -57.710836,
                            -35.478401,
                            0
                        ],
                        [
                            -57.711786,
                            -35.478428,
                            0
                        ],
                        [
                            -57.712164,
                            -35.478652,
                            0
                        ],
                        [
                            -57.712564,
                            -35.479167,
                            0
                        ],
                        [
                            -57.71334,
                            -35.479632,
                            0
                        ],
                        [
                            -57.713973,
                            -35.47958,
                            0
                        ],
                        [
                            -57.715139,
                            -35.479427,
                            0
                        ],
                        [
                            -57.716703,
                            -35.479483,
                            0
                        ],
                        [
                            -57.718329,
                            -35.479861,
                            0
                        ],
                        [
                            -57.720307,
                            -35.479833,
                            0
                        ],
                        [
                            -57.72226,
                            -35.479328,
                            0
                        ],
                        [
                            -57.723127,
                            -35.478983,
                            0
                        ],
                        [
                            -57.724645,
                            -35.478327,
                            0
                        ],
                        [
                            -57.725547,
                            -35.477432,
                            0
                        ],
                        [
                            -57.7269,
                            -35.476032,
                            0
                        ],
                        [
                            -57.727419,
                            -35.475799,
                            0
                        ],
                        [
                            -57.728298,
                            -35.475766,
                            0
                        ],
                        [
                            -57.729995,
                            -35.476123,
                            0
                        ],
                        [
                            -57.732113,
                            -35.476191,
                            0
                        ],
                        [
                            -57.733473,
                            -35.475665,
                            0
                        ],
                        [
                            -57.734472,
                            -35.474511,
                            0
                        ],
                        [
                            -57.73591,
                            -35.473806,
                            0
                        ],
                        [
                            -57.737512,
                            -35.473797,
                            0
                        ],
                        [
                            -57.739371,
                            -35.474037,
                            0
                        ],
                        [
                            -57.740241,
                            -35.474064,
                            0
                        ],
                        [
                            -57.740775,
                            -35.474012,
                            0
                        ],
                        [
                            -57.742826,
                            -35.473255,
                            0
                        ],
                        [
                            -57.743933,
                            -35.473135,
                            0
                        ],
                        [
                            -57.744528,
                            -35.473229,
                            0
                        ],
                        [
                            -57.745335,
                            -35.473212,
                            0
                        ],
                        [
                            -57.745832,
                            -35.473059,
                            0
                        ],
                        [
                            -57.746144,
                            -35.472636,
                            0
                        ],
                        [
                            -57.74614,
                            -35.472151,
                            0
                        ],
                        [
                            -57.745917,
                            -35.471586,
                            0
                        ],
                        [
                            -57.743707,
                            -35.470046,
                            0
                        ],
                        [
                            -57.743365,
                            -35.469482,
                            0
                        ],
                        [
                            -57.743164,
                            -35.468614,
                            0
                        ],
                        [
                            -57.743259,
                            -35.468273,
                            0
                        ],
                        [
                            -57.743807,
                            -35.467623,
                            0
                        ],
                        [
                            -57.744911,
                            -35.467163,
                            0
                        ],
                        [
                            -57.746628,
                            -35.466683,
                            0
                        ],
                        [
                            -57.747807,
                            -35.465802,
                            0
                        ],
                        [
                            -57.748668,
                            -35.464794,
                            0
                        ],
                        [
                            -57.749905,
                            -35.463718,
                            0
                        ],
                        [
                            -57.7504,
                            -35.462975,
                            0
                        ],
                        [
                            -57.751634,
                            -35.461959,
                            0
                        ],
                        [
                            -57.751687,
                            -35.461919,
                            0
                        ],
                        [
                            -57.752272,
                            -35.461476,
                            0
                        ],
                        [
                            -57.753489,
                            -35.461157,
                            0
                        ],
                        [
                            -57.754082,
                            -35.460966,
                            0
                        ],
                        [
                            -57.755169,
                            -35.459924,
                            0
                        ],
                        [
                            -57.755701,
                            -35.459759,
                            0
                        ],
                        [
                            -57.756326,
                            -35.45978,
                            0
                        ],
                        [
                            -57.757261,
                            -35.460273,
                            0
                        ],
                        [
                            -57.757754,
                            -35.460831,
                            0
                        ],
                        [
                            -57.757734,
                            -35.461978,
                            0
                        ],
                        [
                            -57.75795,
                            -35.462263,
                            0
                        ],
                        [
                            -57.758974,
                            -35.462469,
                            0
                        ],
                        [
                            -57.759915,
                            -35.46255,
                            0
                        ],
                        [
                            -57.760996,
                            -35.462493,
                            0
                        ],
                        [
                            -57.763635,
                            -35.462626,
                            0
                        ],
                        [
                            -57.76475,
                            -35.462881,
                            0
                        ],
                        [
                            -57.765823,
                            -35.463472,
                            0
                        ],
                        [
                            -57.766751,
                            -35.463279,
                            0
                        ],
                        [
                            -57.767473,
                            -35.462228,
                            0
                        ],
                        [
                            -57.767108,
                            -35.460796,
                            0
                        ],
                        [
                            -57.766934,
                            -35.460099,
                            0
                        ],
                        [
                            -57.767787,
                            -35.460057,
                            0
                        ],
                        [
                            -57.768337,
                            -35.46014,
                            0
                        ],
                        [
                            -57.769008,
                            -35.460198,
                            0
                        ],
                        [
                            -57.769342,
                            -35.460022,
                            0
                        ],
                        [
                            -57.769551,
                            -35.459449,
                            0
                        ],
                        [
                            -57.76964,
                            -35.459149,
                            0
                        ],
                        [
                            -57.769745,
                            -35.457465,
                            0
                        ],
                        [
                            -57.76951,
                            -35.456694,
                            0
                        ],
                        [
                            -57.768299,
                            -35.456053,
                            0
                        ],
                        [
                            -57.768324,
                            -35.455442,
                            0
                        ],
                        [
                            -57.769314,
                            -35.453568,
                            0
                        ],
                        [
                            -57.769414,
                            -35.452869,
                            0
                        ],
                        [
                            -57.768961,
                            -35.447076,
                            0
                        ],
                        [
                            -57.769012,
                            -35.446029,
                            0
                        ],
                        [
                            -57.768926,
                            -35.44497,
                            0
                        ],
                        [
                            -57.768831,
                            -35.444659,
                            0
                        ],
                        [
                            -57.76817,
                            -35.444065,
                            0
                        ],
                        [
                            -57.767876,
                            -35.443568,
                            0
                        ],
                        [
                            -57.767944,
                            -35.442707,
                            0
                        ],
                        [
                            -57.768213,
                            -35.44212,
                            0
                        ],
                        [
                            -57.769287,
                            -35.44129,
                            0
                        ],
                        [
                            -57.769919,
                            -35.440806,
                            0
                        ],
                        [
                            -57.770401,
                            -35.440192,
                            0
                        ],
                        [
                            -57.771064,
                            -35.439415,
                            0
                        ],
                        [
                            -57.77228,
                            -35.439058,
                            0
                        ],
                        [
                            -57.773238,
                            -35.43884,
                            0
                        ],
                        [
                            -57.774627,
                            -35.439068,
                            0
                        ],
                        [
                            -57.775527,
                            -35.439149,
                            0
                        ],
                        [
                            -57.77711,
                            -35.438989,
                            0
                        ],
                        [
                            -57.778188,
                            -35.439098,
                            0
                        ],
                        [
                            -57.780035,
                            -35.439423,
                            0
                        ],
                        [
                            -57.780952,
                            -35.439666,
                            0
                        ],
                        [
                            -57.781926,
                            -35.441081,
                            0
                        ],
                        [
                            -57.783839,
                            -35.441892,
                            0
                        ],
                        [
                            -57.78594,
                            -35.443311,
                            0
                        ],
                        [
                            -57.787189,
                            -35.443535,
                            0
                        ],
                        [
                            -57.789711,
                            -35.444279,
                            0
                        ],
                        [
                            -57.792982,
                            -35.44518,
                            0
                        ],
                        [
                            -57.793698,
                            -35.445201,
                            0
                        ],
                        [
                            -57.796835,
                            -35.444843,
                            0
                        ],
                        [
                            -57.800259,
                            -35.444645,
                            0
                        ],
                        [
                            -57.800788,
                            -35.44423,
                            0
                        ],
                        [
                            -57.801286,
                            -35.443765,
                            0
                        ],
                        [
                            -57.801649,
                            -35.443489,
                            0
                        ],
                        [
                            -57.802075,
                            -35.443411,
                            0
                        ],
                        [
                            -57.802472,
                            -35.443483,
                            0
                        ],
                        [
                            -57.802718,
                            -35.443656,
                            0
                        ],
                        [
                            -57.803195,
                            -35.444151,
                            0
                        ],
                        [
                            -57.803823,
                            -35.444484,
                            0
                        ],
                        [
                            -57.804659,
                            -35.444552,
                            0
                        ],
                        [
                            -57.80542,
                            -35.444397,
                            0
                        ],
                        [
                            -57.806027,
                            -35.444131,
                            0
                        ],
                        [
                            -57.80677,
                            -35.443715,
                            0
                        ],
                        [
                            -57.808336,
                            -35.443368,
                            0
                        ],
                        [
                            -57.809597,
                            -35.44301,
                            0
                        ],
                        [
                            -57.810431,
                            -35.442531,
                            0
                        ],
                        [
                            -57.811756,
                            -35.442435,
                            0
                        ],
                        [
                            -57.812333,
                            -35.442269,
                            0
                        ],
                        [
                            -57.813217,
                            -35.442263,
                            0
                        ],
                        [
                            -57.81388,
                            -35.442223,
                            0
                        ],
                        [
                            -57.81438,
                            -35.441933,
                            0
                        ],
                        [
                            -57.814711,
                            -35.441594,
                            0
                        ],
                        [
                            -57.814965,
                            -35.441081,
                            0
                        ],
                        [
                            -57.815201,
                            -35.440232,
                            0
                        ],
                        [
                            -57.815452,
                            -35.439507,
                            0
                        ],
                        [
                            -57.815677,
                            -35.439095,
                            0
                        ],
                        [
                            -57.816326,
                            -35.438442,
                            0
                        ],
                        [
                            -57.817249,
                            -35.437875,
                            0
                        ],
                        [
                            -57.818461,
                            -35.437168,
                            0
                        ],
                        [
                            -57.819175,
                            -35.436889,
                            0
                        ],
                        [
                            -57.819766,
                            -35.436623,
                            0
                        ],
                        [
                            -57.820108,
                            -35.436361,
                            0
                        ],
                        [
                            -57.820349,
                            -35.436061,
                            0
                        ],
                        [
                            -57.820422,
                            -35.435761,
                            0
                        ],
                        [
                            -57.820449,
                            -35.435437,
                            0
                        ],
                        [
                            -57.820396,
                            -35.434714,
                            0
                        ],
                        [
                            -57.820438,
                            -35.434377,
                            0
                        ],
                        [
                            -57.820619,
                            -35.434176,
                            0
                        ],
                        [
                            -57.821348,
                            -35.433922,
                            0
                        ],
                        [
                            -57.822427,
                            -35.433653,
                            0
                        ],
                        [
                            -57.823276,
                            -35.433223,
                            0
                        ],
                        [
                            -57.824283,
                            -35.43187,
                            0
                        ],
                        [
                            -57.825374,
                            -35.431202,
                            0
                        ],
                        [
                            -57.825994,
                            -35.430749,
                            0
                        ],
                        [
                            -57.826694,
                            -35.42996,
                            0
                        ],
                        [
                            -57.827114,
                            -35.429309,
                            0
                        ],
                        [
                            -57.828221,
                            -35.427344,
                            0
                        ],
                        [
                            -57.828438,
                            -35.426158,
                            0
                        ],
                        [
                            -57.829887,
                            -35.424839,
                            0
                        ],
                        [
                            -57.830097,
                            -35.424539,
                            0
                        ],
                        [
                            -57.830383,
                            -35.424237,
                            0
                        ],
                        [
                            -57.830428,
                            -35.423677,
                            0
                        ],
                        [
                            -57.830422,
                            -35.423067,
                            0
                        ],
                        [
                            -57.829968,
                            -35.421948,
                            0
                        ],
                        [
                            -57.829944,
                            -35.421088,
                            0
                        ],
                        [
                            -57.830351,
                            -35.420636,
                            0
                        ],
                        [
                            -57.831108,
                            -35.42022,
                            0
                        ],
                        [
                            -57.831683,
                            -35.419804,
                            0
                        ],
                        [
                            -57.831757,
                            -35.419604,
                            0
                        ],
                        [
                            -57.831771,
                            -35.419442,
                            0
                        ],
                        [
                            -57.831338,
                            -35.418809,
                            0
                        ],
                        [
                            -57.831334,
                            -35.418498,
                            0
                        ],
                        [
                            -57.831741,
                            -35.417996,
                            0
                        ],
                        [
                            -57.8322,
                            -35.417322,
                            0
                        ],
                        [
                            -57.832286,
                            -35.41681,
                            0
                        ],
                        [
                            -57.832337,
                            -35.415825,
                            0
                        ],
                        [
                            -57.832532,
                            -35.415574,
                            0
                        ],
                        [
                            -57.833911,
                            -35.414829,
                            0
                        ],
                        [
                            -57.835443,
                            -35.414233,
                            0
                        ],
                        [
                            -57.836908,
                            -35.41441,
                            0
                        ],
                        [
                            -57.837804,
                            -35.414142,
                            0
                        ],
                        [
                            -57.839822,
                            -35.413392,
                            0
                        ],
                        [
                            -57.840288,
                            -35.413165,
                            0
                        ],
                        [
                            -57.840471,
                            -35.413201,
                            0
                        ],
                        [
                            -57.841159,
                            -35.413408,
                            0
                        ],
                        [
                            -57.842275,
                            -35.413799,
                            0
                        ],
                        [
                            -57.843619,
                            -35.414101,
                            0
                        ],
                        [
                            -57.844458,
                            -35.41417,
                            0
                        ],
                        [
                            -57.845157,
                            -35.414078,
                            0
                        ],
                        [
                            -57.846007,
                            -35.413786,
                            0
                        ],
                        [
                            -57.846537,
                            -35.413433,
                            0
                        ],
                        [
                            -57.84705,
                            -35.412968,
                            0
                        ],
                        [
                            -57.847686,
                            -35.412577,
                            0
                        ],
                        [
                            -57.848655,
                            -35.412387,
                            0
                        ],
                        [
                            -57.849539,
                            -35.412368,
                            0
                        ],
                        [
                            -57.850927,
                            -35.412508,
                            0
                        ],
                        [
                            -57.852039,
                            -35.41255,
                            0
                        ],
                        [
                            -57.852677,
                            -35.412321,
                            0
                        ],
                        [
                            -57.85304,
                            -35.412069,
                            0
                        ],
                        [
                            -57.853974,
                            -35.411065,
                            0
                        ],
                        [
                            -57.854136,
                            -35.410578,
                            0
                        ],
                        [
                            -57.854615,
                            -35.409727,
                            0
                        ],
                        [
                            -57.855002,
                            -35.408914,
                            0
                        ],
                        [
                            -57.855317,
                            -35.40845,
                            0
                        ],
                        [
                            -57.857242,
                            -35.407552,
                            0
                        ],
                        [
                            -57.858359,
                            -35.406752,
                            0
                        ],
                        [
                            -57.859408,
                            -35.405842,
                            0
                        ],
                        [
                            -57.859662,
                            -35.405329,
                            0
                        ],
                        [
                            -57.859639,
                            -35.404656,
                            0
                        ],
                        [
                            -57.859322,
                            -35.403486,
                            0
                        ],
                        [
                            -57.860154,
                            -35.402869,
                            0
                        ],
                        [
                            -57.861307,
                            -35.402512,
                            0
                        ],
                        [
                            -57.861561,
                            -35.402024,
                            0
                        ],
                        [
                            -57.861524,
                            -35.401351,
                            0
                        ],
                        [
                            -57.861437,
                            -35.400709,
                            0
                        ],
                        [
                            -57.862296,
                            -35.399805,
                            0
                        ],
                        [
                            -57.863282,
                            -35.399424,
                            0
                        ],
                        [
                            -57.864008,
                            -35.39897,
                            0
                        ],
                        [
                            -57.864765,
                            -35.398516,
                            0
                        ],
                        [
                            -57.867457,
                            -35.398197,
                            0
                        ],
                        [
                            -57.871141,
                            -35.397959,
                            0
                        ],
                        [
                            -57.871949,
                            -35.397608,
                            0
                        ],
                        [
                            -57.872599,
                            -35.397179,
                            0
                        ],
                        [
                            -57.8729,
                            -35.396803,
                            0
                        ],
                        [
                            -57.873032,
                            -35.396391,
                            0
                        ],
                        [
                            -57.873073,
                            -35.395942,
                            0
                        ],
                        [
                            -57.872947,
                            -35.395519,
                            0
                        ],
                        [
                            -57.872358,
                            -35.394613,
                            0
                        ],
                        [
                            -57.872123,
                            -35.394016,
                            0
                        ],
                        [
                            -57.871995,
                            -35.393419,
                            0
                        ],
                        [
                            -57.871939,
                            -35.392422,
                            0
                        ],
                        [
                            -57.872005,
                            -35.391463,
                            0
                        ],
                        [
                            -57.872377,
                            -35.389204,
                            0
                        ],
                        [
                            -57.872241,
                            -35.387921,
                            0
                        ],
                        [
                            -57.872263,
                            -35.387086,
                            0
                        ],
                        [
                            -57.873379,
                            -35.38613,
                            0
                        ],
                        [
                            -57.873785,
                            -35.385916,
                            0
                        ],
                        [
                            -57.874926,
                            -35.385845,
                            0
                        ],
                        [
                            -57.876526,
                            -35.385908,
                            0
                        ],
                        [
                            -57.877365,
                            -35.386027,
                            0
                        ],
                        [
                            -57.87822,
                            -35.386283,
                            0
                        ],
                        [
                            -57.878848,
                            -35.386602,
                            0
                        ],
                        [
                            -57.879205,
                            -35.387198,
                            0
                        ],
                        [
                            -57.879518,
                            -35.387956,
                            0
                        ],
                        [
                            -57.879736,
                            -35.388416,
                            0
                        ],
                        [
                            -57.880121,
                            -35.388787,
                            0
                        ],
                        [
                            -57.880513,
                            -35.388964,
                            0
                        ],
                        [
                            -57.881382,
                            -35.389095,
                            0
                        ],
                        [
                            -57.882147,
                            -35.389351,
                            0
                        ],
                        [
                            -57.882838,
                            -35.389932,
                            0
                        ],
                        [
                            -57.883238,
                            -35.390241,
                            0
                        ],
                        [
                            -57.884002,
                            -35.390459,
                            0
                        ],
                        [
                            -57.88522,
                            -35.39045,
                            0
                        ],
                        [
                            -57.885979,
                            -35.390233,
                            0
                        ],
                        [
                            -57.88636,
                            -35.390218,
                            0
                        ],
                        [
                            -57.886682,
                            -35.39044,
                            0
                        ],
                        [
                            -57.887627,
                            -35.391941,
                            0
                        ],
                        [
                            -57.888071,
                            -35.392137,
                            0
                        ],
                        [
                            -57.888573,
                            -35.392046,
                            0
                        ],
                        [
                            -57.888769,
                            -35.391703,
                            0
                        ],
                        [
                            -57.888775,
                            -35.39093,
                            0
                        ],
                        [
                            -57.888678,
                            -35.390345,
                            0
                        ],
                        [
                            -57.888568,
                            -35.390096,
                            0
                        ],
                        [
                            -57.887588,
                            -35.389555,
                            0
                        ],
                        [
                            -57.887165,
                            -35.388561,
                            0
                        ],
                        [
                            -57.887223,
                            -35.388249,
                            0
                        ],
                        [
                            -57.887453,
                            -35.38705,
                            0
                        ],
                        [
                            -57.887359,
                            -35.386069,
                            0
                        ],
                        [
                            -57.888319,
                            -35.384716,
                            0
                        ],
                        [
                            -57.889348,
                            -35.384185,
                            0
                        ],
                        [
                            -57.890772,
                            -35.383501,
                            0
                        ],
                        [
                            -57.892486,
                            -35.382852,
                            0
                        ],
                        [
                            -57.893333,
                            -35.382323,
                            0
                        ],
                        [
                            -57.894542,
                            -35.381491,
                            0
                        ],
                        [
                            -57.89584,
                            -35.380769,
                            0
                        ],
                        [
                            -57.897408,
                            -35.380745,
                            0
                        ],
                        [
                            -57.898791,
                            -35.380498,
                            0
                        ],
                        [
                            -57.899883,
                            -35.380091,
                            0
                        ],
                        [
                            -57.900294,
                            -35.380038,
                            0
                        ],
                        [
                            -57.901208,
                            -35.380069,
                            0
                        ],
                        [
                            -57.902703,
                            -35.380294,
                            0
                        ],
                        [
                            -57.904336,
                            -35.380656,
                            0
                        ],
                        [
                            -57.905232,
                            -35.380582,
                            0
                        ],
                        [
                            -57.90593,
                            -35.380352,
                            0
                        ],
                        [
                            -57.906552,
                            -35.380086,
                            0
                        ],
                        [
                            -57.907099,
                            -35.380007,
                            0
                        ],
                        [
                            -57.907511,
                            -35.380091,
                            0
                        ],
                        [
                            -57.90797,
                            -35.380262,
                            0
                        ],
                        [
                            -57.909332,
                            -35.380913,
                            0
                        ],
                        [
                            -57.910665,
                            -35.381601,
                            0
                        ],
                        [
                            -57.91175,
                            -35.381904,
                            0
                        ],
                        [
                            -57.912754,
                            -35.381859,
                            0
                        ],
                        [
                            -57.913223,
                            -35.381606,
                            0
                        ],
                        [
                            -57.913627,
                            -35.38093,
                            0
                        ],
                        [
                            -57.913772,
                            -35.380306,
                            0
                        ],
                        [
                            -57.913586,
                            -35.378674,
                            0
                        ],
                        [
                            -57.913454,
                            -35.377715,
                            0
                        ],
                        [
                            -57.913675,
                            -35.377065,
                            0
                        ],
                        [
                            -57.914237,
                            -35.376404,
                            0
                        ],
                        [
                            -57.915398,
                            -35.375448,
                            0
                        ],
                        [
                            -57.91579,
                            -35.375046,
                            0
                        ],
                        [
                            -57.916269,
                            -35.374307,
                            0
                        ],
                        [
                            -57.916764,
                            -35.372321,
                            0
                        ],
                        [
                            -57.917305,
                            -35.371731,
                            0
                        ],
                        [
                            -57.917709,
                            -35.371441,
                            0
                        ],
                        [
                            -57.918699,
                            -35.371458,
                            0
                        ],
                        [
                            -57.919402,
                            -35.371714,
                            0
                        ],
                        [
                            -57.920665,
                            -35.372964,
                            0
                        ],
                        [
                            -57.921309,
                            -35.373333,
                            0
                        ],
                        [
                            -57.923685,
                            -35.373365,
                            0
                        ],
                        [
                            -57.927904,
                            -35.374035,
                            0
                        ],
                        [
                            -57.928591,
                            -35.374242,
                            0
                        ],
                        [
                            -57.92939,
                            -35.374847,
                            0
                        ],
                        [
                            -57.93017,
                            -35.375127,
                            0
                        ],
                        [
                            -57.931039,
                            -35.37527,
                            0
                        ],
                        [
                            -57.932332,
                            -35.375111,
                            0
                        ],
                        [
                            -57.933411,
                            -35.375162,
                            0
                        ],
                        [
                            -57.934083,
                            -35.375307,
                            0
                        ],
                        [
                            -57.935738,
                            -35.376179,
                            0
                        ],
                        [
                            -57.936256,
                            -35.376212,
                            0
                        ],
                        [
                            -57.93668,
                            -35.376047,
                            0
                        ],
                        [
                            -57.937826,
                            -35.375078,
                            0
                        ],
                        [
                            -57.938491,
                            -35.374587,
                            0
                        ],
                        [
                            -57.939003,
                            -35.374134,
                            0
                        ],
                        [
                            -57.939715,
                            -35.373805,
                            0
                        ],
                        [
                            -57.940322,
                            -35.373675,
                            0
                        ],
                        [
                            -57.941329,
                            -35.373817,
                            0
                        ],
                        [
                            -57.942029,
                            -35.373799,
                            0
                        ],
                        [
                            -57.942636,
                            -35.373595,
                            0
                        ],
                        [
                            -57.943104,
                            -35.373217,
                            0
                        ],
                        [
                            -57.943338,
                            -35.372806,
                            0
                        ],
                        [
                            -57.943349,
                            -35.37247,
                            0
                        ],
                        [
                            -57.943246,
                            -35.371523,
                            0
                        ],
                        [
                            -57.943272,
                            -35.371111,
                            0
                        ],
                        [
                            -57.943437,
                            -35.370898,
                            0
                        ],
                        [
                            -57.943862,
                            -35.370733,
                            0
                        ],
                        [
                            -57.944303,
                            -35.370754,
                            0
                        ],
                        [
                            -57.944731,
                            -35.370863,
                            0
                        ],
                        [
                            -57.945484,
                            -35.371456,
                            0
                        ],
                        [
                            -57.946221,
                            -35.372023,
                            0
                        ],
                        [
                            -57.946619,
                            -35.372132,
                            0
                        ],
                        [
                            -57.947043,
                            -35.371967,
                            0
                        ],
                        [
                            -57.947344,
                            -35.37169,
                            0
                        ],
                        [
                            -57.947617,
                            -35.370279,
                            0
                        ],
                        [
                            -57.947896,
                            -35.369355,
                            0
                        ],
                        [
                            -57.949703,
                            -35.367658,
                            0
                        ],
                        [
                            -57.950003,
                            -35.367084,
                            0
                        ],
                        [
                            -57.950095,
                            -35.365799,
                            0
                        ],
                        [
                            -57.950325,
                            -35.364663,
                            0
                        ],
                        [
                            -57.95024,
                            -35.363941,
                            0
                        ],
                        [
                            -57.950275,
                            -35.36303,
                            0
                        ],
                        [
                            -57.950463,
                            -35.362156,
                            0
                        ],
                        [
                            -57.951627,
                            -35.360516,
                            0
                        ],
                        [
                            -57.952107,
                            -35.359901,
                            0
                        ],
                        [
                            -57.952589,
                            -35.359412,
                            0
                        ],
                        [
                            -57.955084,
                            -35.357971,
                            0
                        ],
                        [
                            -57.95664,
                            -35.356974,
                            0
                        ],
                        [
                            -57.958216,
                            -35.356313,
                            0
                        ],
                        [
                            -57.95967,
                            -35.355961,
                            0
                        ],
                        [
                            -57.960914,
                            -35.355577,
                            0
                        ],
                        [
                            -57.961291,
                            -35.355349,
                            0
                        ],
                        [
                            -57.962322,
                            -35.354967,
                            0
                        ],
                        [
                            -57.963035,
                            -35.35475,
                            0
                        ],
                        [
                            -57.964026,
                            -35.354904,
                            0
                        ],
                        [
                            -57.965079,
                            -35.355082,
                            0
                        ],
                        [
                            -57.966145,
                            -35.355136,
                            0
                        ],
                        [
                            -57.966965,
                            -35.354968,
                            0
                        ],
                        [
                            -57.96789,
                            -35.354624,
                            0
                        ],
                        [
                            -57.968434,
                            -35.354307,
                            0
                        ],
                        [
                            -57.968673,
                            -35.353869,
                            0
                        ],
                        [
                            -57.968946,
                            -35.353171,
                            0
                        ],
                        [
                            -57.969379,
                            -35.352457,
                            0
                        ],
                        [
                            -57.970117,
                            -35.351765,
                            0
                        ],
                        [
                            -57.970956,
                            -35.350636,
                            0
                        ],
                        [
                            -57.971649,
                            -35.35002,
                            0
                        ],
                        [
                            -57.972234,
                            -35.349305,
                            0
                        ],
                        [
                            -57.972553,
                            -35.347981,
                            0
                        ],
                        [
                            -57.972865,
                            -35.34738,
                            0
                        ],
                        [
                            -57.973186,
                            -35.346769,
                            0
                        ],
                        [
                            -57.975752,
                            -35.3462,
                            0
                        ],
                        [
                            -57.976661,
                            -35.345869,
                            0
                        ],
                        [
                            -57.978933,
                            -35.34494,
                            0
                        ],
                        [
                            -57.979204,
                            -35.344701,
                            0
                        ],
                        [
                            -57.979293,
                            -35.344439,
                            0
                        ],
                        [
                            -57.979213,
                            -35.344178,
                            0
                        ],
                        [
                            -57.978047,
                            -35.342284,
                            0
                        ],
                        [
                            -57.977072,
                            -35.339736,
                            0
                        ],
                        [
                            -57.977082,
                            -35.3393,
                            0
                        ],
                        [
                            -57.97745,
                            -35.3382,
                            0
                        ],
                        [
                            -57.978382,
                            -35.336686,
                            0
                        ],
                        [
                            -57.979092,
                            -35.336219,
                            0
                        ],
                        [
                            -57.979589,
                            -35.335816,
                            0
                        ],
                        [
                            -57.980055,
                            -35.335326,
                            0
                        ],
                        [
                            -57.980534,
                            -35.334687,
                            0
                        ],
                        [
                            -57.980935,
                            -35.333861,
                            0
                        ],
                        [
                            -57.981016,
                            -35.333,
                            0
                        ],
                        [
                            -57.982178,
                            -35.332391,
                            0
                        ],
                        [
                            -57.98322,
                            -35.331908,
                            0
                        ],
                        [
                            -57.984123,
                            -35.331404,
                            0
                        ],
                        [
                            -57.984666,
                            -35.330678,
                            0
                        ],
                        [
                            -57.984847,
                            -35.329728,
                            0
                        ],
                        [
                            -57.984754,
                            -35.328871,
                            0
                        ],
                        [
                            -57.985245,
                            -35.328483,
                            0
                        ],
                        [
                            -57.9861,
                            -35.328476,
                            0
                        ],
                        [
                            -57.987181,
                            -35.329009,
                            0
                        ]
                    ]
                ]
            },
            "properties": {
                "description": {
                    "@type": "html",
                    "value": "Descripción: <br>nombre: <br>clave: <br>calle: <br>nro: <br>telefono: <br>email: <br>sector: <br>dependencia: <br>ambito: <br>modalidad: <br>nivel: <br>matricula: <br>emoji: <br>styleUrl: #falseColor<br>fill-opacity: 0"
                },
                "styleUrl": "#falseColor",
                "fill-opacity": "0",
                "fill": "#0f9d58",
                "stroke-opacity": 1,
                "stroke": "#0f9d58",
                "stroke-width": 2,
                "Descripción": "",
                "nombre": "",
                "clave": "",
                "calle": "",
                "nro": "",
                "telefono": "",
                "email": "",
                "sector": "",
                "dependencia": "",
                "ambito": "",
                "modalidad": "",
                "nivel": "",
                "matricula": "",
                "emoji": ""
            }
        },
        {
            "type": "Feature",
            "geometry": {
                "type": "Point",
                "coordinates": [
                    -58.021344,
                    -35.573404,
                    0
                ]
            },
            "properties": {
                "description": {
                    "@type": "html",
                    "value": "Descripción: <br>nombre: ESCUELA ESPECIAL Nº501 \"JUAN BAUTISTA ALBERDI\"<br>clave: 0027EE0501<br>calle: BOLIVAR<br>nro: 554<br>telefono: 42-3442<br>email: especial501chascomus@abc.gob.ar<br>sector: Estatal<br>dependencia: Oficial<br>ambito: Urbano<br>modalidad: Educación Especial<br>nivel: Formación Integral<br>matricula: 35<br>emoji: 🏫<br>styleUrl: <br>fill-opacity: "
                },
                "styleUrl": "",
                "label-scale": 0,
                "icon-opacity": 1,
                "icon-color": "#0288d1",
                "icon-scale": 1,
                "icon-offset": [
                    32,
                    64
                ],
                "icon-offset-units": [
                    "pixels",
                    "insetPixels"
                ],
                "icon": "https://www.gstatic.com/mapspro/images/stock/503-wht-blank_maps.png",
                "Descripción": "",
                "nombre": "ESCUELA ESPECIAL Nº501 \"JUAN BAUTISTA ALBERDI\"",
                "clave": "0027EE0501",
                "calle": "BOLIVAR",
                "nro": "554",
                "telefono": "42-3442",
                "email": "especial501chascomus@abc.gob.ar",
                "sector": "Estatal",
                "dependencia": "Oficial",
                "ambito": "Urbano",
                "modalidad": "Educación Especial",
                "nivel": "Formación Integral",
                "matricula": "35",
                "emoji": "🏫",
                "fill-opacity": ""
            }
        },
        {
            "type": "Feature",
            "geometry": {
                "type": "Point",
                "coordinates": [
                    -58.010407,
                    -35.564631,
                    0
                ]
            },
            "properties": {
                "description": {
                    "@type": "html",
                    "value": "Descripción: <br>nombre: ESCUELA ESPECIAL Nº502 \"25 DE MAYO\"<br>clave: 0027EE0502<br>calle: BOLIVIA E/ MACHADO E YRIGOYEN<br>nro: 16<br>telefono: 42-3383<br>email: especial502chascomus@abc.gob.ar<br>sector: Estatal<br>dependencia: Oficial<br>ambito: Urbano<br>modalidad: Educación Especial<br>nivel: Formación Integral<br>matricula: 89<br>emoji: 🏫<br>styleUrl: <br>fill-opacity: "
                },
                "styleUrl": "",
                "label-scale": 0,
                "icon-opacity": 1,
                "icon-color": "#0288d1",
                "icon-scale": 1,
                "icon-offset": [
                    32,
                    64
                ],
                "icon-offset-units": [
                    "pixels",
                    "insetPixels"
                ],
                "icon": "https://www.gstatic.com/mapspro/images/stock/503-wht-blank_maps.png",
                "Descripción": "",
                "nombre": "ESCUELA ESPECIAL Nº502 \"25 DE MAYO\"",
                "clave": "0027EE0502",
                "calle": "BOLIVIA E/ MACHADO E YRIGOYEN",
                "nro": "16",
                "telefono": "42-3383",
                "email": "especial502chascomus@abc.gob.ar",
                "sector": "Estatal",
                "dependencia": "Oficial",
                "ambito": "Urbano",
                "modalidad": "Educación Especial",
                "nivel": "Formación Integral",
                "matricula": "89",
                "emoji": "🏫",
                "fill-opacity": ""
            }
        },
        {
            "type": "Feature",
            "geometry": {
                "type": "Point",
                "coordinates": [
                    -58.019054,
                    -35.57647,
                    0
                ]
            },
            "properties": {
                "description": {
                    "@type": "html",
                    "value": "Descripción: <br>nombre: ESCUELA ESPECIAL Nº504<br>clave: 0027EE0504<br>calle: SOLER<br>nro: 461<br>telefono: 42-2961<br>email: ee504chascomus@gmail.com<br>sector: Estatal<br>dependencia: Oficial<br>ambito: Urbano<br>modalidad: Educación Especial<br>nivel: Nivel Primario<br>matricula: 27<br>emoji: 🏫<br>styleUrl: <br>fill-opacity: "
                },
                "styleUrl": "",
                "label-scale": 0,
                "icon-opacity": 1,
                "icon-color": "#0288d1",
                "icon-scale": 1,
                "icon-offset": [
                    32,
                    64
                ],
                "icon-offset-units": [
                    "pixels",
                    "insetPixels"
                ],
                "icon": "https://www.gstatic.com/mapspro/images/stock/503-wht-blank_maps.png",
                "Descripción": "",
                "nombre": "ESCUELA ESPECIAL Nº504",
                "clave": "0027EE0504",
                "calle": "SOLER",
                "nro": "461",
                "telefono": "42-2961",
                "email": "ee504chascomus@gmail.com",
                "sector": "Estatal",
                "dependencia": "Oficial",
                "ambito": "Urbano",
                "modalidad": "Educación Especial",
                "nivel": "Nivel Primario",
                "matricula": "27",
                "emoji": "🏫",
                "fill-opacity": ""
            }
        },
        {
            "type": "Feature",
            "geometry": {
                "type": "Point",
                "coordinates": [
                    -58.007852,
                    -35.576606,
                    0
                ]
            },
            "properties": {
                "description": {
                    "@type": "html",
                    "value": "Descripción: <br>nombre: ESCUELA DE EDUCACIÓN TEMPRANA Nº 1<br>clave: 0027ET0001<br>calle: MACHADO<br>nro: 25<br>telefono: 43-0715<br>email: ceat1chascomus@gmail.com.ar<br>sector: Estatal<br>dependencia: Oficial<br>ambito: Urbano<br>modalidad: Educación Especial<br>nivel: Nivel Inicial<br>matricula: 46<br>emoji: 🏫<br>styleUrl: <br>fill-opacity: "
                },
                "styleUrl": "",
                "label-scale": 0,
                "icon-opacity": 1,
                "icon-color": "#0288d1",
                "icon-scale": 1,
                "icon-offset": [
                    32,
                    64
                ],
                "icon-offset-units": [
                    "pixels",
                    "insetPixels"
                ],
                "icon": "https://www.gstatic.com/mapspro/images/stock/503-wht-blank_maps.png",
                "Descripción": "",
                "nombre": "ESCUELA DE EDUCACIÓN TEMPRANA Nº 1",
                "clave": "0027ET0001",
                "calle": "MACHADO",
                "nro": "25",
                "telefono": "43-0715",
                "email": "ceat1chascomus@gmail.com.ar",
                "sector": "Estatal",
                "dependencia": "Oficial",
                "ambito": "Urbano",
                "modalidad": "Educación Especial",
                "nivel": "Nivel Inicial",
                "matricula": "46",
                "emoji": "🏫",
                "fill-opacity": ""
            }
        },
        {
            "type": "Feature",
            "geometry": {
                "type": "Point",
                "coordinates": [
                    -58.015702,
                    -35.571726,
                    0
                ]
            },
            "properties": {
                "description": {
                    "@type": "html",
                    "value": "Descripción: <br>nombre: JARDÍN DE INFANTES Nº901 \"MERCEDITAS\"<br>clave: 0027JI0901<br>calle: MAZZINI ESQUINA BELGRANO<br>nro: 252<br>telefono: 42-2005<br>email: jardin901chascomus@abc.gob.ar<br>sector: Estatal<br>dependencia: Oficial<br>ambito: Urbano<br>modalidad: Educación Común<br>nivel: Nivel Inicial<br>matricula: 169<br>emoji: 🌱<br>styleUrl: <br>fill-opacity: "
                },
                "styleUrl": "",
                "label-scale": 0,
                "icon-opacity": 1,
                "icon-color": "#0288d1",
                "icon-scale": 1,
                "icon-offset": [
                    32,
                    64
                ],
                "icon-offset-units": [
                    "pixels",
                    "insetPixels"
                ],
                "icon": "https://www.gstatic.com/mapspro/images/stock/503-wht-blank_maps.png",
                "Descripción": "",
                "nombre": "JARDÍN DE INFANTES Nº901 \"MERCEDITAS\"",
                "clave": "0027JI0901",
                "calle": "MAZZINI ESQUINA BELGRANO",
                "nro": "252",
                "telefono": "42-2005",
                "email": "jardin901chascomus@abc.gob.ar",
                "sector": "Estatal",
                "dependencia": "Oficial",
                "ambito": "Urbano",
                "modalidad": "Educación Común",
                "nivel": "Nivel Inicial",
                "matricula": "169",
                "emoji": "🌱",
                "fill-opacity": ""
            }
        },
        {
            "type": "Feature",
            "geometry": {
                "type": "Point",
                "coordinates": [
                    -58.010761,
                    -35.582328,
                    0
                ]
            },
            "properties": {
                "description": {
                    "@type": "html",
                    "value": "Descripción: <br>nombre: JARDÍN DE INFANTES Nº903 \"ROSARIO VERA PEÑALOZA\"<br>clave: 0027JI0903<br>calle: COLON ESQ. DOLORES<br>nro: 129<br>telefono: 42-2805<br>email: jardin903chascomus@abc.gob.ar<br>sector: Estatal<br>dependencia: Oficial<br>ambito: Urbano<br>modalidad: Educación Común<br>nivel: Nivel Inicial<br>matricula: 124<br>emoji: 🌱<br>styleUrl: <br>fill-opacity: "
                },
                "styleUrl": "",
                "label-scale": 0,
                "icon-opacity": 1,
                "icon-color": "#0288d1",
                "icon-scale": 1,
                "icon-offset": [
                    32,
                    64
                ],
                "icon-offset-units": [
                    "pixels",
                    "insetPixels"
                ],
                "icon": "https://www.gstatic.com/mapspro/images/stock/503-wht-blank_maps.png",
                "Descripción": "",
                "nombre": "JARDÍN DE INFANTES Nº903 \"ROSARIO VERA PEÑALOZA\"",
                "clave": "0027JI0903",
                "calle": "COLON ESQ. DOLORES",
                "nro": "129",
                "telefono": "42-2805",
                "email": "jardin903chascomus@abc.gob.ar",
                "sector": "Estatal",
                "dependencia": "Oficial",
                "ambito": "Urbano",
                "modalidad": "Educación Común",
                "nivel": "Nivel Inicial",
                "matricula": "124",
                "emoji": "🌱",
                "fill-opacity": ""
            }
        },
        {
            "type": "Feature",
            "geometry": {
                "type": "Point",
                "coordinates": [
                    -58.015507,
                    -35.555386,
                    0
                ]
            },
            "properties": {
                "description": {
                    "@type": "html",
                    "value": "Descripción: <br>nombre: JARDÍN DE INFANTES Nº904 \"PROFESORA INES JOSEFINA KILLIAN\"<br>clave: 0027JI0904<br>calle: LOS CEDROS E/ ALVEAR Y QUINTANA<br>nro: 125<br>telefono: 42-4324<br>email: chascomusji904@gmail.com<br>sector: Estatal<br>dependencia: Oficial<br>ambito: Urbano<br>modalidad: Educación Común<br>nivel: Nivel Inicial<br>matricula: 89<br>emoji: 🌱<br>styleUrl: <br>fill-opacity: "
                },
                "styleUrl": "",
                "label-scale": 0,
                "icon-opacity": 1,
                "icon-color": "#0288d1",
                "icon-scale": 1,
                "icon-offset": [
                    32,
                    64
                ],
                "icon-offset-units": [
                    "pixels",
                    "insetPixels"
                ],
                "icon": "https://www.gstatic.com/mapspro/images/stock/503-wht-blank_maps.png",
                "Descripción": "",
                "nombre": "JARDÍN DE INFANTES Nº904 \"PROFESORA INES JOSEFINA KILLIAN\"",
                "clave": "0027JI0904",
                "calle": "LOS CEDROS E/ ALVEAR Y QUINTANA",
                "nro": "125",
                "telefono": "42-4324",
                "email": "chascomusji904@gmail.com",
                "sector": "Estatal",
                "dependencia": "Oficial",
                "ambito": "Urbano",
                "modalidad": "Educación Común",
                "nivel": "Nivel Inicial",
                "matricula": "89",
                "emoji": "🌱",
                "fill-opacity": ""
            }
        },
        {
            "type": "Feature",
            "geometry": {
                "type": "Point",
                "coordinates": [
                    -58.000734,
                    -35.563441,
                    0
                ]
            },
            "properties": {
                "description": {
                    "@type": "html",
                    "value": "Descripción: <br>nombre: JARDÍN DE INFANTES Nº905 \"MARIA EMMA ZULOAGA\"<br>clave: 0027JI0905<br>calle: BOLIVIA<br>nro: 390<br>telefono: 42-5498<br>email: jardin905chascomus@abc.gob.ar<br>sector: Estatal<br>dependencia: Oficial<br>ambito: Urbano<br>modalidad: Educación Común<br>nivel: Nivel Inicial<br>matricula: 82<br>emoji: 🌱<br>styleUrl: <br>fill-opacity: "
                },
                "styleUrl": "",
                "label-scale": 0,
                "icon-opacity": 1,
                "icon-color": "#0288d1",
                "icon-scale": 1,
                "icon-offset": [
                    32,
                    64
                ],
                "icon-offset-units": [
                    "pixels",
                    "insetPixels"
                ],
                "icon": "https://www.gstatic.com/mapspro/images/stock/503-wht-blank_maps.png",
                "Descripción": "",
                "nombre": "JARDÍN DE INFANTES Nº905 \"MARIA EMMA ZULOAGA\"",
                "clave": "0027JI0905",
                "calle": "BOLIVIA",
                "nro": "390",
                "telefono": "42-5498",
                "email": "jardin905chascomus@abc.gob.ar",
                "sector": "Estatal",
                "dependencia": "Oficial",
                "ambito": "Urbano",
                "modalidad": "Educación Común",
                "nivel": "Nivel Inicial",
                "matricula": "82",
                "emoji": "🌱",
                "fill-opacity": ""
            }
        },
        {
            "type": "Feature",
            "geometry": {
                "type": "Point",
                "coordinates": [
                    -57.988631,
                    -35.57728,
                    0
                ]
            },
            "properties": {
                "description": {
                    "@type": "html",
                    "value": "Descripción: <br>nombre: JARDÍN DE INFANTES Nº906 \"MARIA NILDA CIRAUS\"<br>clave: 0027JI0906<br>calle: BAHIA BLANCA<br>nro: 118<br>telefono: 43-0076<br>email: j.i906@hotmail.com<br>sector: Estatal<br>dependencia: Oficial<br>ambito: Urbano<br>modalidad: Educación Común<br>nivel: Nivel Inicial<br>matricula: 82<br>emoji: 🌱<br>styleUrl: <br>fill-opacity: "
                },
                "styleUrl": "",
                "label-scale": 0,
                "icon-opacity": 1,
                "icon-color": "#0288d1",
                "icon-scale": 1,
                "icon-offset": [
                    32,
                    64
                ],
                "icon-offset-units": [
                    "pixels",
                    "insetPixels"
                ],
                "icon": "https://www.gstatic.com/mapspro/images/stock/503-wht-blank_maps.png",
                "Descripción": "",
                "nombre": "JARDÍN DE INFANTES Nº906 \"MARIA NILDA CIRAUS\"",
                "clave": "0027JI0906",
                "calle": "BAHIA BLANCA",
                "nro": "118",
                "telefono": "43-0076",
                "email": "j.i906@hotmail.com",
                "sector": "Estatal",
                "dependencia": "Oficial",
                "ambito": "Urbano",
                "modalidad": "Educación Común",
                "nivel": "Nivel Inicial",
                "matricula": "82",
                "emoji": "🌱",
                "fill-opacity": ""
            }
        },
        {
            "type": "Feature",
            "geometry": {
                "type": "Point",
                "coordinates": [
                    -57.969018,
                    -35.572555,
                    0
                ]
            },
            "properties": {
                "description": {
                    "@type": "html",
                    "value": "Descripción: <br>nombre: JARDÍN DE INFANTES Nº907 \"PEDRO BOLOQUI\"<br>clave: 0027JI0907<br>calle: RUTA PROVINCIAL NUMERO 58<br>nro: S/N<br>telefono: 43-6757<br>email: jardin907chascomus@abc.gob.ar<br>sector: Estatal<br>dependencia: Oficial<br>ambito: Urbano<br>modalidad: Educación Común<br>nivel: Nivel Inicial<br>matricula: 34<br>emoji: 🌱<br>styleUrl: <br>fill-opacity: "
                },
                "styleUrl": "",
                "label-scale": 0,
                "icon-opacity": 1,
                "icon-color": "#0288d1",
                "icon-scale": 1,
                "icon-offset": [
                    32,
                    64
                ],
                "icon-offset-units": [
                    "pixels",
                    "insetPixels"
                ],
                "icon": "https://www.gstatic.com/mapspro/images/stock/503-wht-blank_maps.png",
                "Descripción": "",
                "nombre": "JARDÍN DE INFANTES Nº907 \"PEDRO BOLOQUI\"",
                "clave": "0027JI0907",
                "calle": "RUTA PROVINCIAL NUMERO 58",
                "nro": "S/N",
                "telefono": "43-6757",
                "email": "jardin907chascomus@abc.gob.ar",
                "sector": "Estatal",
                "dependencia": "Oficial",
                "ambito": "Urbano",
                "modalidad": "Educación Común",
                "nivel": "Nivel Inicial",
                "matricula": "34",
                "emoji": "🌱",
                "fill-opacity": ""
            }
        },
        {
            "type": "Feature",
            "geometry": {
                "type": "Point",
                "coordinates": [
                    -58.014132,
                    -35.531743,
                    0
                ]
            },
            "properties": {
                "description": {
                    "@type": "html",
                    "value": "Descripción: <br>nombre: JARDÍN DE INFANTES Nº908<br>clave: 0027JI0908<br>calle: DAVALOS<br>nro: 255<br>telefono: 15-49-9759<br>email: jardin908chascomus@abc.gob.ar<br>sector: Estatal<br>dependencia: Oficial<br>ambito: Rural Agrupado<br>modalidad: Educación Común<br>nivel: Nivel Inicial<br>matricula: 90<br>emoji: 🌱<br>styleUrl: <br>fill-opacity: "
                },
                "styleUrl": "",
                "label-scale": 0,
                "icon-opacity": 1,
                "icon-color": "#0288d1",
                "icon-scale": 1,
                "icon-offset": [
                    32,
                    64
                ],
                "icon-offset-units": [
                    "pixels",
                    "insetPixels"
                ],
                "icon": "https://www.gstatic.com/mapspro/images/stock/503-wht-blank_maps.png",
                "Descripción": "",
                "nombre": "JARDÍN DE INFANTES Nº908",
                "clave": "0027JI0908",
                "calle": "DAVALOS",
                "nro": "255",
                "telefono": "15-49-9759",
                "email": "jardin908chascomus@abc.gob.ar",
                "sector": "Estatal",
                "dependencia": "Oficial",
                "ambito": "Rural Agrupado",
                "modalidad": "Educación Común",
                "nivel": "Nivel Inicial",
                "matricula": "90",
                "emoji": "🌱",
                "fill-opacity": ""
            }
        },
        {
            "type": "Feature",
            "geometry": {
                "type": "Point",
                "coordinates": [
                    -58.013387,
                    -35.562821,
                    0
                ]
            },
            "properties": {
                "description": {
                    "@type": "html",
                    "value": "Descripción: <br>nombre: JARDÍN DE INFANTES Nº909  \"MARÍA ELENA WALSH\"<br>clave: 0027JI0909<br>calle: SAN LORENZO E/ QUINTANA Y CASALINS<br>nro: 64<br>telefono: 43-0537<br>email: jardin909chascomus@abc.gob.ar<br>sector: Estatal<br>dependencia: Oficial<br>ambito: Urbano<br>modalidad: Educación Común<br>nivel: Nivel Inicial<br>matricula: 51<br>emoji: 🌱<br>styleUrl: <br>fill-opacity: "
                },
                "styleUrl": "",
                "label-scale": 0,
                "icon-opacity": 1,
                "icon-color": "#0288d1",
                "icon-scale": 1,
                "icon-offset": [
                    32,
                    64
                ],
                "icon-offset-units": [
                    "pixels",
                    "insetPixels"
                ],
                "icon": "https://www.gstatic.com/mapspro/images/stock/503-wht-blank_maps.png",
                "Descripción": "",
                "nombre": "JARDÍN DE INFANTES Nº909  \"MARÍA ELENA WALSH\"",
                "clave": "0027JI0909",
                "calle": "SAN LORENZO E/ QUINTANA Y CASALINS",
                "nro": "64",
                "telefono": "43-0537",
                "email": "jardin909chascomus@abc.gob.ar",
                "sector": "Estatal",
                "dependencia": "Oficial",
                "ambito": "Urbano",
                "modalidad": "Educación Común",
                "nivel": "Nivel Inicial",
                "matricula": "51",
                "emoji": "🌱",
                "fill-opacity": ""
            }
        },
        {
            "type": "Feature",
            "geometry": {
                "type": "Point",
                "coordinates": [
                    -58.005127,
                    -35.577381,
                    0
                ]
            },
            "properties": {
                "description": {
                    "@type": "html",
                    "value": "Descripción: <br>nombre: JARDÍN DE INFANTES Nº910 \"ESCUELA NORMAL SUP. DE CHASCOMUS\"<br>clave: 0027JI0910<br>calle: VARELA<br>nro: 20<br>telefono: 43-6732<br>email: chascomusji910@gmail.com<br>sector: Estatal<br>dependencia: Oficial<br>ambito: Urbano<br>modalidad: Educación Común<br>nivel: Nivel Inicial<br>matricula: 93<br>emoji: 🌱<br>styleUrl: <br>fill-opacity: "
                },
                "styleUrl": "",
                "label-scale": 0,
                "icon-opacity": 1,
                "icon-color": "#0288d1",
                "icon-scale": 1,
                "icon-offset": [
                    32,
                    64
                ],
                "icon-offset-units": [
                    "pixels",
                    "insetPixels"
                ],
                "icon": "https://www.gstatic.com/mapspro/images/stock/503-wht-blank_maps.png",
                "Descripción": "",
                "nombre": "JARDÍN DE INFANTES Nº910 \"ESCUELA NORMAL SUP. DE CHASCOMUS\"",
                "clave": "0027JI0910",
                "calle": "VARELA",
                "nro": "20",
                "telefono": "43-6732",
                "email": "chascomusji910@gmail.com",
                "sector": "Estatal",
                "dependencia": "Oficial",
                "ambito": "Urbano",
                "modalidad": "Educación Común",
                "nivel": "Nivel Inicial",
                "matricula": "93",
                "emoji": "🌱",
                "fill-opacity": ""
            }
        },
        {
            "type": "Feature",
            "geometry": {
                "type": "Point",
                "coordinates": [
                    -57.678711,
                    -35.61993,
                    0
                ]
            },
            "properties": {
                "description": {
                    "@type": "html",
                    "value": "Descripción: <br>nombre: JARDÍN DE INFANTES Nº911<br>clave: 0027JI0911<br>calle: GIRIBONE<br>nro: S/N<br>telefono: 46-9492<br>email: jardin911chascomus@abc.gob.ar<br>sector: Estatal<br>dependencia: Oficial<br>ambito: Rural Disperso<br>modalidad: Educación Común<br>nivel: Nivel Inicial<br>matricula: 10<br>emoji: 🌱<br>styleUrl: <br>fill-opacity: "
                },
                "styleUrl": "",
                "label-scale": 0,
                "icon-opacity": 1,
                "icon-color": "#0288d1",
                "icon-scale": 1,
                "icon-offset": [
                    32,
                    64
                ],
                "icon-offset-units": [
                    "pixels",
                    "insetPixels"
                ],
                "icon": "https://www.gstatic.com/mapspro/images/stock/503-wht-blank_maps.png",
                "Descripción": "",
                "nombre": "JARDÍN DE INFANTES Nº911",
                "clave": "0027JI0911",
                "calle": "GIRIBONE",
                "nro": "S/N",
                "telefono": "46-9492",
                "email": "jardin911chascomus@abc.gob.ar",
                "sector": "Estatal",
                "dependencia": "Oficial",
                "ambito": "Rural Disperso",
                "modalidad": "Educación Común",
                "nivel": "Nivel Inicial",
                "matricula": "10",
                "emoji": "🌱",
                "fill-opacity": ""
            }
        },
        {
            "type": "Feature",
            "geometry": {
                "type": "Point",
                "coordinates": [
                    -58.011242,
                    -35.551778,
                    0
                ]
            },
            "properties": {
                "description": {
                    "@type": "html",
                    "value": "Descripción: <br>nombre: JARDÍN DE INFANTES Nº912 \"EMILIA FERREIRO\"<br>clave: 0027JI0912<br>calle: AV. 30 DE MAYO<br>nro: 1352<br>telefono: 61-0994<br>email: jardin912chascomus@abc.gob.ar<br>sector: Estatal<br>dependencia: Oficial<br>ambito: Urbano<br>modalidad: Educación Común<br>nivel: Nivel Inicial<br>matricula: 126<br>emoji: 🌱<br>styleUrl: <br>fill-opacity: "
                },
                "styleUrl": "",
                "label-scale": 0,
                "icon-opacity": 1,
                "icon-color": "#0288d1",
                "icon-scale": 1,
                "icon-offset": [
                    32,
                    64
                ],
                "icon-offset-units": [
                    "pixels",
                    "insetPixels"
                ],
                "icon": "https://www.gstatic.com/mapspro/images/stock/503-wht-blank_maps.png",
                "Descripción": "",
                "nombre": "JARDÍN DE INFANTES Nº912 \"EMILIA FERREIRO\"",
                "clave": "0027JI0912",
                "calle": "AV. 30 DE MAYO",
                "nro": "1352",
                "telefono": "61-0994",
                "email": "jardin912chascomus@abc.gob.ar",
                "sector": "Estatal",
                "dependencia": "Oficial",
                "ambito": "Urbano",
                "modalidad": "Educación Común",
                "nivel": "Nivel Inicial",
                "matricula": "126",
                "emoji": "🌱",
                "fill-opacity": ""
            }
        },
        {
            "type": "Feature",
            "geometry": {
                "type": "Point",
                "coordinates": [
                    -58.053595,
                    -35.428015,
                    0
                ]
            },
            "properties": {
                "description": {
                    "@type": "html",
                    "value": "Descripción: <br>nombre: JARDÍN DE INFANTES RURAL Nº1<br>clave: 0027JS0001<br>calle: RUTA 59 - CUARTEL VI<br>nro: S/N<br>telefono: 43-6494<br>email: chascomusjirimm1@gmail.com<br>sector: Estatal<br>dependencia: Oficial<br>ambito: Rural Disperso<br>modalidad: Educación Común<br>nivel: Nivel Inicial<br>matricula: 7<br>emoji: 🌱<br>styleUrl: <br>fill-opacity: "
                },
                "styleUrl": "",
                "label-scale": 0,
                "icon-opacity": 1,
                "icon-color": "#0288d1",
                "icon-scale": 1,
                "icon-offset": [
                    32,
                    64
                ],
                "icon-offset-units": [
                    "pixels",
                    "insetPixels"
                ],
                "icon": "https://www.gstatic.com/mapspro/images/stock/503-wht-blank_maps.png",
                "Descripción": "",
                "nombre": "JARDÍN DE INFANTES RURAL Nº1",
                "clave": "0027JS0001",
                "calle": "RUTA 59 - CUARTEL VI",
                "nro": "S/N",
                "telefono": "43-6494",
                "email": "chascomusjirimm1@gmail.com",
                "sector": "Estatal",
                "dependencia": "Oficial",
                "ambito": "Rural Disperso",
                "modalidad": "Educación Común",
                "nivel": "Nivel Inicial",
                "matricula": "7",
                "emoji": "🌱",
                "fill-opacity": ""
            }
        },
        {
            "type": "Feature",
            "geometry": {
                "type": "Point",
                "coordinates": [
                    -57.955642,
                    -35.68496,
                    0
                ]
            },
            "properties": {
                "description": {
                    "@type": "html",
                    "value": "Descripción: <br>nombre: JARDÍN DE INFANTES RURAL Nº2<br>clave: 0027JS0002<br>calle: RUTA Nº2 KM 134,5<br>nro: S/N<br>telefono: 5924-3119<br>email: jardinrural2chascomus@abc.gob.ar<br>sector: Estatal<br>dependencia: Oficial<br>ambito: Rural Disperso<br>modalidad: Educación Común<br>nivel: Nivel Inicial<br>matricula: 5<br>emoji: 🌱<br>styleUrl: <br>fill-opacity: "
                },
                "styleUrl": "",
                "label-scale": 0,
                "icon-opacity": 1,
                "icon-color": "#0288d1",
                "icon-scale": 1,
                "icon-offset": [
                    32,
                    64
                ],
                "icon-offset-units": [
                    "pixels",
                    "insetPixels"
                ],
                "icon": "https://www.gstatic.com/mapspro/images/stock/503-wht-blank_maps.png",
                "Descripción": "",
                "nombre": "JARDÍN DE INFANTES RURAL Nº2",
                "clave": "0027JS0002",
                "calle": "RUTA Nº2 KM 134,5",
                "nro": "S/N",
                "telefono": "5924-3119",
                "email": "jardinrural2chascomus@abc.gob.ar",
                "sector": "Estatal",
                "dependencia": "Oficial",
                "ambito": "Rural Disperso",
                "modalidad": "Educación Común",
                "nivel": "Nivel Inicial",
                "matricula": "5",
                "emoji": "🌱",
                "fill-opacity": ""
            }
        },
        {
            "type": "Feature",
            "geometry": {
                "type": "Point",
                "coordinates": [
                    -57.772914,
                    -35.494361,
                    0
                ]
            },
            "properties": {
                "description": {
                    "@type": "html",
                    "value": "Descripción: <br>nombre: JARDÍN DE INFANTES RURAL Nº3<br>clave: 0027JS0003<br>calle: CUARTEL VI<br>nro: S/N<br>telefono: 15-58-0476<br>email: jardinrural3chascomus@abc.gob.ar<br>sector: Estatal<br>dependencia: Oficial<br>ambito: Rural Disperso<br>modalidad: Educación Común<br>nivel: Nivel Inicial<br>matricula: 6<br>emoji: 🌱<br>styleUrl: <br>fill-opacity: "
                },
                "styleUrl": "",
                "label-scale": 0,
                "icon-opacity": 1,
                "icon-color": "#0288d1",
                "icon-scale": 1,
                "icon-offset": [
                    32,
                    64
                ],
                "icon-offset-units": [
                    "pixels",
                    "insetPixels"
                ],
                "icon": "https://www.gstatic.com/mapspro/images/stock/503-wht-blank_maps.png",
                "Descripción": "",
                "nombre": "JARDÍN DE INFANTES RURAL Nº3",
                "clave": "0027JS0003",
                "calle": "CUARTEL VI",
                "nro": "S/N",
                "telefono": "15-58-0476",
                "email": "jardinrural3chascomus@abc.gob.ar",
                "sector": "Estatal",
                "dependencia": "Oficial",
                "ambito": "Rural Disperso",
                "modalidad": "Educación Común",
                "nivel": "Nivel Inicial",
                "matricula": "6",
                "emoji": "🌱",
                "fill-opacity": ""
            }
        },
        {
            "type": "Feature",
            "geometry": {
                "type": "Point",
                "coordinates": [
                    -57.892426,
                    -35.605108,
                    0
                ]
            },
            "properties": {
                "description": {
                    "@type": "html",
                    "value": "Descripción: <br>nombre: JARDÍN DE INFANTES RURAL Nº4<br>clave: 0027JS0004<br>calle: CUARTEL III<br>nro: S/N<br>telefono: 15-67-8563<br>email: jardinrural4chascomus@abc.gob.ar<br>sector: Estatal<br>dependencia: Oficial<br>ambito: Rural Disperso<br>modalidad: Educación Común<br>nivel: Nivel Inicial<br>matricula: 3<br>emoji: 🌱<br>styleUrl: <br>fill-opacity: "
                },
                "styleUrl": "",
                "label-scale": 0,
                "icon-opacity": 1,
                "icon-color": "#0288d1",
                "icon-scale": 1,
                "icon-offset": [
                    32,
                    64
                ],
                "icon-offset-units": [
                    "pixels",
                    "insetPixels"
                ],
                "icon": "https://www.gstatic.com/mapspro/images/stock/503-wht-blank_maps.png",
                "Descripción": "",
                "nombre": "JARDÍN DE INFANTES RURAL Nº4",
                "clave": "0027JS0004",
                "calle": "CUARTEL III",
                "nro": "S/N",
                "telefono": "15-67-8563",
                "email": "jardinrural4chascomus@abc.gob.ar",
                "sector": "Estatal",
                "dependencia": "Oficial",
                "ambito": "Rural Disperso",
                "modalidad": "Educación Común",
                "nivel": "Nivel Inicial",
                "matricula": "3",
                "emoji": "🌱",
                "fill-opacity": ""
            }
        },
        {
            "type": "Feature",
            "geometry": {
                "type": "Point",
                "coordinates": [
                    -58.069826,
                    -35.769215,
                    0
                ]
            },
            "properties": {
                "description": {
                    "@type": "html",
                    "value": "Descripción: <br>nombre: JARDÍN DE INFANTES RURAL Nº5<br>clave: 0027JS0005<br>calle: CUARTEL X<br>nro: S/N<br>telefono: 15-57-1074<br>email: chascomusjirimm5@gmail.com<br>sector: Estatal<br>dependencia: Oficial<br>ambito: Rural Disperso<br>modalidad: Educación Común<br>nivel: Nivel Inicial<br>matricula: 5<br>emoji: 🌱<br>styleUrl: <br>fill-opacity: "
                },
                "styleUrl": "",
                "label-scale": 0,
                "icon-opacity": 1,
                "icon-color": "#0288d1",
                "icon-scale": 1,
                "icon-offset": [
                    32,
                    64
                ],
                "icon-offset-units": [
                    "pixels",
                    "insetPixels"
                ],
                "icon": "https://www.gstatic.com/mapspro/images/stock/503-wht-blank_maps.png",
                "Descripción": "",
                "nombre": "JARDÍN DE INFANTES RURAL Nº5",
                "clave": "0027JS0005",
                "calle": "CUARTEL X",
                "nro": "S/N",
                "telefono": "15-57-1074",
                "email": "chascomusjirimm5@gmail.com",
                "sector": "Estatal",
                "dependencia": "Oficial",
                "ambito": "Rural Disperso",
                "modalidad": "Educación Común",
                "nivel": "Nivel Inicial",
                "matricula": "5",
                "emoji": "🌱",
                "fill-opacity": ""
            }
        },
        {
            "type": "Feature",
            "geometry": {
                "type": "Point",
                "coordinates": [
                    -57.726047,
                    -35.72931,
                    0
                ]
            },
            "properties": {
                "description": {
                    "@type": "html",
                    "value": "Descripción: <br>nombre: JARDÍN DE INFANTES RURAL Nº6<br>clave: 0027JS0006<br>calle: CUARTEL VIII<br>nro: S/N<br>telefono: 57-2415<br>email: jardinrural6chascomus@abc.gob.ar<br>sector: Estatal<br>dependencia: Oficial<br>ambito: Rural Disperso<br>modalidad: Educación Común<br>nivel: Nivel Inicial<br>matricula: 5<br>emoji: 🌱<br>styleUrl: <br>fill-opacity: "
                },
                "styleUrl": "",
                "label-scale": 0,
                "icon-opacity": 1,
                "icon-color": "#0288d1",
                "icon-scale": 1,
                "icon-offset": [
                    32,
                    64
                ],
                "icon-offset-units": [
                    "pixels",
                    "insetPixels"
                ],
                "icon": "https://www.gstatic.com/mapspro/images/stock/503-wht-blank_maps.png",
                "Descripción": "",
                "nombre": "JARDÍN DE INFANTES RURAL Nº6",
                "clave": "0027JS0006",
                "calle": "CUARTEL VIII",
                "nro": "S/N",
                "telefono": "57-2415",
                "email": "jardinrural6chascomus@abc.gob.ar",
                "sector": "Estatal",
                "dependencia": "Oficial",
                "ambito": "Rural Disperso",
                "modalidad": "Educación Común",
                "nivel": "Nivel Inicial",
                "matricula": "5",
                "emoji": "🌱",
                "fill-opacity": ""
            }
        },
        {
            "type": "Feature",
            "geometry": {
                "type": "Point",
                "coordinates": [
                    -58.201467,
                    -35.674705,
                    0
                ]
            },
            "properties": {
                "description": {
                    "@type": "html",
                    "value": "Descripción: <br>nombre: JARDÍN DE INFANTES RURAL Nº7<br>clave: 0027JS0007<br>calle: CUARTEL XI<br>nro: S/N<br>telefono: 56-0628<br>email: chascomusjirimm7@gmail.com<br>sector: Estatal<br>dependencia: Oficial<br>ambito: Rural Disperso<br>modalidad: Educación Común<br>nivel: Nivel Inicial<br>matricula: 2<br>emoji: 🌱<br>styleUrl: <br>fill-opacity: "
                },
                "styleUrl": "",
                "label-scale": 0,
                "icon-opacity": 1,
                "icon-color": "#0288d1",
                "icon-scale": 1,
                "icon-offset": [
                    32,
                    64
                ],
                "icon-offset-units": [
                    "pixels",
                    "insetPixels"
                ],
                "icon": "https://www.gstatic.com/mapspro/images/stock/503-wht-blank_maps.png",
                "Descripción": "",
                "nombre": "JARDÍN DE INFANTES RURAL Nº7",
                "clave": "0027JS0007",
                "calle": "CUARTEL XI",
                "nro": "S/N",
                "telefono": "56-0628",
                "email": "chascomusjirimm7@gmail.com",
                "sector": "Estatal",
                "dependencia": "Oficial",
                "ambito": "Rural Disperso",
                "modalidad": "Educación Común",
                "nivel": "Nivel Inicial",
                "matricula": "2",
                "emoji": "🌱",
                "fill-opacity": ""
            }
        },
        {
            "type": "Feature",
            "geometry": {
                "type": "Point",
                "coordinates": [
                    -57.657902,
                    -35.526124,
                    0
                ]
            },
            "properties": {
                "description": {
                    "@type": "html",
                    "value": "Descripción: <br>nombre: JARDÍN DE INFANTES RURAL E ISLAS DE MATRÍCULA MÍNIMA N°8<br>clave: 0027JS0008<br>calle: CUARTEL VII<br>nro: S/N<br>telefono: 40-8772<br>email: <br>sector: Estatal<br>dependencia: Oficial<br>ambito: Rural Disperso<br>modalidad: Educación Común<br>nivel: Nivel Inicial<br>matricula: 2<br>emoji: 🌱<br>styleUrl: <br>fill-opacity: "
                },
                "styleUrl": "",
                "label-scale": 0,
                "icon-opacity": 1,
                "icon-color": "#0288d1",
                "icon-scale": 1,
                "icon-offset": [
                    32,
                    64
                ],
                "icon-offset-units": [
                    "pixels",
                    "insetPixels"
                ],
                "icon": "https://www.gstatic.com/mapspro/images/stock/503-wht-blank_maps.png",
                "Descripción": "",
                "nombre": "JARDÍN DE INFANTES RURAL E ISLAS DE MATRÍCULA MÍNIMA N°8",
                "clave": "0027JS0008",
                "calle": "CUARTEL VII",
                "nro": "S/N",
                "telefono": "40-8772",
                "email": "",
                "sector": "Estatal",
                "dependencia": "Oficial",
                "ambito": "Rural Disperso",
                "modalidad": "Educación Común",
                "nivel": "Nivel Inicial",
                "matricula": "2",
                "emoji": "🌱",
                "fill-opacity": ""
            }
        },
        {
            "type": "Feature",
            "geometry": {
                "type": "Point",
                "coordinates": [
                    -58.009147,
                    -35.558069,
                    0
                ]
            },
            "properties": {
                "description": {
                    "@type": "html",
                    "value": "Descripción: <br>nombre: ESCUELA DE EDUCACIÓN SECUNDARIA AGRARIA Nº1<br>clave: 0027MA0001<br>calle: SAAVEDRA<br>nro: 1006<br>telefono: 43-6795<br>email: eesa1chascomus@abc.gob.ar<br>sector: Estatal<br>dependencia: Oficial<br>ambito: Urbano<br>modalidad: Educación Técnico Profesional<br>nivel: Nivel Secundario<br>matricula: 151<br>emoji: 🎓<br>styleUrl: <br>fill-opacity: "
                },
                "styleUrl": "",
                "label-scale": 0,
                "icon-opacity": 1,
                "icon-color": "#0288d1",
                "icon-scale": 1,
                "icon-offset": [
                    32,
                    64
                ],
                "icon-offset-units": [
                    "pixels",
                    "insetPixels"
                ],
                "icon": "https://www.gstatic.com/mapspro/images/stock/503-wht-blank_maps.png",
                "Descripción": "",
                "nombre": "ESCUELA DE EDUCACIÓN SECUNDARIA AGRARIA Nº1",
                "clave": "0027MA0001",
                "calle": "SAAVEDRA",
                "nro": "1006",
                "telefono": "43-6795",
                "email": "eesa1chascomus@abc.gob.ar",
                "sector": "Estatal",
                "dependencia": "Oficial",
                "ambito": "Urbano",
                "modalidad": "Educación Técnico Profesional",
                "nivel": "Nivel Secundario",
                "matricula": "151",
                "emoji": "🎓",
                "fill-opacity": ""
            }
        },
        {
            "type": "Feature",
            "geometry": {
                "type": "Point",
                "coordinates": [
                    -57.638757,
                    -35.669368,
                    0
                ]
            },
            "properties": {
                "description": {
                    "@type": "html",
                    "value": "Descripción: <br>nombre: ANEXO I DE ESCUELA DE EDUCACIÓN SECUNDARIA AGRARIA Nº1<br>clave: 0027MA0041<br>calle: ZONA RURAL CAMINO LIBRE DEL SUR<br>nro: S/N<br>telefono: 43-6795<br>email: eesa1chascomus@abc.gob.ar<br>sector: Estatal<br>dependencia: Oficial<br>ambito: Rural Disperso<br>modalidad: Educación Técnico Profesional<br>nivel: Nivel Secundario<br>matricula: 11<br>emoji: 🎓<br>styleUrl: <br>fill-opacity: "
                },
                "styleUrl": "",
                "label-scale": 0,
                "icon-opacity": 1,
                "icon-color": "#0288d1",
                "icon-scale": 1,
                "icon-offset": [
                    32,
                    64
                ],
                "icon-offset-units": [
                    "pixels",
                    "insetPixels"
                ],
                "icon": "https://www.gstatic.com/mapspro/images/stock/503-wht-blank_maps.png",
                "Descripción": "",
                "nombre": "ANEXO I DE ESCUELA DE EDUCACIÓN SECUNDARIA AGRARIA Nº1",
                "clave": "0027MA0041",
                "calle": "ZONA RURAL CAMINO LIBRE DEL SUR",
                "nro": "S/N",
                "telefono": "43-6795",
                "email": "eesa1chascomus@abc.gob.ar",
                "sector": "Estatal",
                "dependencia": "Oficial",
                "ambito": "Rural Disperso",
                "modalidad": "Educación Técnico Profesional",
                "nivel": "Nivel Secundario",
                "matricula": "11",
                "emoji": "🎓",
                "fill-opacity": ""
            }
        },
        {
            "type": "Feature",
            "geometry": {
                "type": "Point",
                "coordinates": [
                    -58.016326,
                    -35.576388,
                    0
                ]
            },
            "properties": {
                "description": {
                    "@type": "html",
                    "value": "Descripción: <br>nombre: ESCUELA DE EDUCACIÓN SECUNDARIA Nº1 \"DOMINGO CATALINO\"<br>clave: 0027MS0001<br>calle: WASHINGTON<br>nro: 72<br>telefono: 42-4448<br>email: secundaria1chascomus@abc.gob.ar<br>sector: Estatal<br>dependencia: Oficial<br>ambito: Urbano<br>modalidad: Educación Común<br>nivel: Nivel Secundario<br>matricula: 370<br>emoji: 🎓<br>styleUrl: <br>fill-opacity: "
                },
                "styleUrl": "",
                "label-scale": 0,
                "icon-opacity": 1,
                "icon-color": "#0288d1",
                "icon-scale": 1,
                "icon-offset": [
                    32,
                    64
                ],
                "icon-offset-units": [
                    "pixels",
                    "insetPixels"
                ],
                "icon": "https://www.gstatic.com/mapspro/images/stock/503-wht-blank_maps.png",
                "Descripción": "",
                "nombre": "ESCUELA DE EDUCACIÓN SECUNDARIA Nº1 \"DOMINGO CATALINO\"",
                "clave": "0027MS0001",
                "calle": "WASHINGTON",
                "nro": "72",
                "telefono": "42-4448",
                "email": "secundaria1chascomus@abc.gob.ar",
                "sector": "Estatal",
                "dependencia": "Oficial",
                "ambito": "Urbano",
                "modalidad": "Educación Común",
                "nivel": "Nivel Secundario",
                "matricula": "370",
                "emoji": "🎓",
                "fill-opacity": ""
            }
        },
        {
            "type": "Feature",
            "geometry": {
                "type": "Point",
                "coordinates": [
                    -58.004833,
                    -35.577001,
                    0
                ]
            },
            "properties": {
                "description": {
                    "@type": "html",
                    "value": "Descripción: <br>nombre: ESCUELA DE EDUCACIÓN SECUNDARIA Nº3<br>clave: 0027MS0003<br>calle: AV. RAUL RICARDO ALFONSIN<br>nro: 552<br>telefono: 43-6803<br>email: secundaria3chascomus@gmail.com<br>sector: Estatal<br>dependencia: Oficial<br>ambito: Urbano<br>modalidad: Educación Común<br>nivel: Nivel Secundario<br>matricula: 583<br>emoji: 🎓<br>styleUrl: <br>fill-opacity: "
                },
                "styleUrl": "",
                "label-scale": 0,
                "icon-opacity": 1,
                "icon-color": "#0288d1",
                "icon-scale": 1,
                "icon-offset": [
                    32,
                    64
                ],
                "icon-offset-units": [
                    "pixels",
                    "insetPixels"
                ],
                "icon": "https://www.gstatic.com/mapspro/images/stock/503-wht-blank_maps.png",
                "Descripción": "",
                "nombre": "ESCUELA DE EDUCACIÓN SECUNDARIA Nº3",
                "clave": "0027MS0003",
                "calle": "AV. RAUL RICARDO ALFONSIN",
                "nro": "552",
                "telefono": "43-6803",
                "email": "secundaria3chascomus@gmail.com",
                "sector": "Estatal",
                "dependencia": "Oficial",
                "ambito": "Urbano",
                "modalidad": "Educación Común",
                "nivel": "Nivel Secundario",
                "matricula": "583",
                "emoji": "🎓",
                "fill-opacity": ""
            }
        },
        {
            "type": "Feature",
            "geometry": {
                "type": "Point",
                "coordinates": [
                    -58.015663,
                    -35.567656,
                    0
                ]
            },
            "properties": {
                "description": {
                    "@type": "html",
                    "value": "Descripción: <br>nombre: ESCUELA DE EDUCACIÓN SECUNDARIA Nº 4 \"MARÍA REMEDIOS DEL VALLE\"<br>clave: 0027MS0004<br>calle: BELGRANO<br>nro: 506<br>telefono: 42-6275<br>email: ess4chascomus@gmail.com<br>sector: Estatal<br>dependencia: Oficial<br>ambito: Urbano<br>modalidad: Educación Común<br>nivel: Nivel Secundario<br>matricula: 191<br>emoji: 🎓<br>styleUrl: <br>fill-opacity: "
                },
                "styleUrl": "",
                "label-scale": 0,
                "icon-opacity": 1,
                "icon-color": "#0288d1",
                "icon-scale": 1,
                "icon-offset": [
                    32,
                    64
                ],
                "icon-offset-units": [
                    "pixels",
                    "insetPixels"
                ],
                "icon": "https://www.gstatic.com/mapspro/images/stock/503-wht-blank_maps.png",
                "Descripción": "",
                "nombre": "ESCUELA DE EDUCACIÓN SECUNDARIA Nº 4 \"MARÍA REMEDIOS DEL VALLE\"",
                "clave": "0027MS0004",
                "calle": "BELGRANO",
                "nro": "506",
                "telefono": "42-6275",
                "email": "ess4chascomus@gmail.com",
                "sector": "Estatal",
                "dependencia": "Oficial",
                "ambito": "Urbano",
                "modalidad": "Educación Común",
                "nivel": "Nivel Secundario",
                "matricula": "191",
                "emoji": "🎓",
                "fill-opacity": ""
            }
        },
        {
            "type": "Feature",
            "geometry": {
                "type": "Point",
                "coordinates": [
                    -58.013907,
                    -35.572803,
                    0
                ]
            },
            "properties": {
                "description": {
                    "@type": "html",
                    "value": "Descripción: <br>nombre: ESCUELA DE EDUCACIÓN SECUNDARIA Nº5 \"LIBRES DEL SUR\"<br>clave: 0027MS0005<br>calle: BOLIVAR<br>nro: 173<br>telefono: 43-6792<br>email: ees5libresdelsur@gmail.com<br>sector: Estatal<br>dependencia: Oficial<br>ambito: Urbano<br>modalidad: Educación Común<br>nivel: Nivel Secundario<br>matricula: 309<br>emoji: 🎓<br>styleUrl: <br>fill-opacity: "
                },
                "styleUrl": "",
                "label-scale": 0,
                "icon-opacity": 1,
                "icon-color": "#0288d1",
                "icon-scale": 1,
                "icon-offset": [
                    32,
                    64
                ],
                "icon-offset-units": [
                    "pixels",
                    "insetPixels"
                ],
                "icon": "https://www.gstatic.com/mapspro/images/stock/503-wht-blank_maps.png",
                "Descripción": "",
                "nombre": "ESCUELA DE EDUCACIÓN SECUNDARIA Nº5 \"LIBRES DEL SUR\"",
                "clave": "0027MS0005",
                "calle": "BOLIVAR",
                "nro": "173",
                "telefono": "43-6792",
                "email": "ees5libresdelsur@gmail.com",
                "sector": "Estatal",
                "dependencia": "Oficial",
                "ambito": "Urbano",
                "modalidad": "Educación Común",
                "nivel": "Nivel Secundario",
                "matricula": "309",
                "emoji": "🎓",
                "fill-opacity": ""
            }
        },
        {
            "type": "Feature",
            "geometry": {
                "type": "Point",
                "coordinates": [
                    -58.013718,
                    -35.562808,
                    0
                ]
            },
            "properties": {
                "description": {
                    "@type": "html",
                    "value": "Descripción: <br>nombre: ESCUELA DE EDUCACIÓN SECUNDARIA Nº 6 \"RAÚL RICARDO ALFONSÍN\"<br>clave: 0027MS0006<br>calle: JULIÁN QUINTANA<br>nro: 758<br>telefono: 43-6722<br>email: sec6chascomus@gmail.com<br>sector: Estatal<br>dependencia: Oficial<br>ambito: Urbano<br>modalidad: Educación Común<br>nivel: Nivel Secundario<br>matricula: 152<br>emoji: 🎓<br>styleUrl: <br>fill-opacity: "
                },
                "styleUrl": "",
                "label-scale": 0,
                "icon-opacity": 1,
                "icon-color": "#0288d1",
                "icon-scale": 1,
                "icon-offset": [
                    32,
                    64
                ],
                "icon-offset-units": [
                    "pixels",
                    "insetPixels"
                ],
                "icon": "https://www.gstatic.com/mapspro/images/stock/503-wht-blank_maps.png",
                "Descripción": "",
                "nombre": "ESCUELA DE EDUCACIÓN SECUNDARIA Nº 6 \"RAÚL RICARDO ALFONSÍN\"",
                "clave": "0027MS0006",
                "calle": "JULIÁN QUINTANA",
                "nro": "758",
                "telefono": "43-6722",
                "email": "sec6chascomus@gmail.com",
                "sector": "Estatal",
                "dependencia": "Oficial",
                "ambito": "Urbano",
                "modalidad": "Educación Común",
                "nivel": "Nivel Secundario",
                "matricula": "152",
                "emoji": "🎓",
                "fill-opacity": ""
            }
        },
        {
            "type": "Feature",
            "geometry": {
                "type": "Point",
                "coordinates": [
                    -57.993712,
                    -35.558099,
                    0
                ]
            },
            "properties": {
                "description": {
                    "@type": "html",
                    "value": "Descripción: <br>nombre: ESCUELA DE EDUCACIÓN SECUNDARIA Nº7<br>clave: 0027MS0007<br>calle: MARÍA DE LOS SANTOS VÁZQUEZ<br>nro: 756<br>telefono: <br>email: sec7chascomus@gmail.com<br>sector: Estatal<br>dependencia: Oficial<br>ambito: Urbano<br>modalidad: Educación Común<br>nivel: Nivel Secundario<br>matricula: 86<br>emoji: 🎓<br>styleUrl: <br>fill-opacity: "
                },
                "styleUrl": "",
                "label-scale": 0,
                "icon-opacity": 1,
                "icon-color": "#0288d1",
                "icon-scale": 1,
                "icon-offset": [
                    32,
                    64
                ],
                "icon-offset-units": [
                    "pixels",
                    "insetPixels"
                ],
                "icon": "https://www.gstatic.com/mapspro/images/stock/503-wht-blank_maps.png",
                "Descripción": "",
                "nombre": "ESCUELA DE EDUCACIÓN SECUNDARIA Nº7",
                "clave": "0027MS0007",
                "calle": "MARÍA DE LOS SANTOS VÁZQUEZ",
                "nro": "756",
                "telefono": "",
                "email": "sec7chascomus@gmail.com",
                "sector": "Estatal",
                "dependencia": "Oficial",
                "ambito": "Urbano",
                "modalidad": "Educación Común",
                "nivel": "Nivel Secundario",
                "matricula": "86",
                "emoji": "🎓",
                "fill-opacity": ""
            }
        },
        {
            "type": "Feature",
            "geometry": {
                "type": "Point",
                "coordinates": [
                    -57.979749,
                    -35.586913,
                    0
                ]
            },
            "properties": {
                "description": {
                    "@type": "html",
                    "value": "Descripción: <br>nombre: ESCUELA DE EDUCACIÓN SECUNDARIA Nº8 \"BOMBERO VOLUNTARIO JOSÉ ALDABE\"<br>clave: 0027MS0008<br>calle: AVELLANEDA<br>nro: 1063<br>telefono: 42-4149<br>email: escuelasecundariabasica7@gmail.com<br>sector: Estatal<br>dependencia: Oficial<br>ambito: Urbano<br>modalidad: Educación Común<br>nivel: Nivel Secundario<br>matricula: 85<br>emoji: 🎓<br>styleUrl: <br>fill-opacity: "
                },
                "styleUrl": "",
                "label-scale": 0,
                "icon-opacity": 1,
                "icon-color": "#0288d1",
                "icon-scale": 1,
                "icon-offset": [
                    32,
                    64
                ],
                "icon-offset-units": [
                    "pixels",
                    "insetPixels"
                ],
                "icon": "https://www.gstatic.com/mapspro/images/stock/503-wht-blank_maps.png",
                "Descripción": "",
                "nombre": "ESCUELA DE EDUCACIÓN SECUNDARIA Nº8 \"BOMBERO VOLUNTARIO JOSÉ ALDABE\"",
                "clave": "0027MS0008",
                "calle": "AVELLANEDA",
                "nro": "1063",
                "telefono": "42-4149",
                "email": "escuelasecundariabasica7@gmail.com",
                "sector": "Estatal",
                "dependencia": "Oficial",
                "ambito": "Urbano",
                "modalidad": "Educación Común",
                "nivel": "Nivel Secundario",
                "matricula": "85",
                "emoji": "🎓",
                "fill-opacity": ""
            }
        },
        {
            "type": "Feature",
            "geometry": {
                "type": "Point",
                "coordinates": [
                    -57.969219,
                    -35.57248,
                    0
                ]
            },
            "properties": {
                "description": {
                    "@type": "html",
                    "value": "Descripción: <br>nombre: ESCUELA DE EDUCACIÓN SECUNDARIA Nº9 \"JORGE GALEANO\"<br>clave: 0027MS0009<br>calle: RUTA PROVINCIAL N°58<br>nro: 2070<br>telefono: 43-1707<br>email: escuelasecundariabasica7@gmail.com<br>sector: Estatal<br>dependencia: Oficial<br>ambito: Urbano<br>modalidad: Educación Común<br>nivel: Nivel Secundario<br>matricula: 107<br>emoji: 🎓<br>styleUrl: <br>fill-opacity: "
                },
                "styleUrl": "",
                "label-scale": 0,
                "icon-opacity": 1,
                "icon-color": "#0288d1",
                "icon-scale": 1,
                "icon-offset": [
                    32,
                    64
                ],
                "icon-offset-units": [
                    "pixels",
                    "insetPixels"
                ],
                "icon": "https://www.gstatic.com/mapspro/images/stock/503-wht-blank_maps.png",
                "Descripción": "",
                "nombre": "ESCUELA DE EDUCACIÓN SECUNDARIA Nº9 \"JORGE GALEANO\"",
                "clave": "0027MS0009",
                "calle": "RUTA PROVINCIAL N°58",
                "nro": "2070",
                "telefono": "43-1707",
                "email": "escuelasecundariabasica7@gmail.com",
                "sector": "Estatal",
                "dependencia": "Oficial",
                "ambito": "Urbano",
                "modalidad": "Educación Común",
                "nivel": "Nivel Secundario",
                "matricula": "107",
                "emoji": "🎓",
                "fill-opacity": ""
            }
        },
        {
            "type": "Feature",
            "geometry": {
                "type": "Point",
                "coordinates": [
                    -58.069694,
                    -35.769271,
                    0
                ]
            },
            "properties": {
                "description": {
                    "@type": "html",
                    "value": "Descripción: <br>nombre: EXTENSION I DE ESCUELA DE EDUCACIÓN SECUNDARIA Nº7<br>clave: 0027MS2070<br>calle: PARAJE MANANTIALES CUARTEL X<br>nro: S/N<br>telefono: 15-40-0066<br>email: sec7chascomus@gmail.com<br>sector: Estatal<br>dependencia: Oficial<br>ambito: Rural Disperso<br>modalidad: Educación Común<br>nivel: Nivel Secundario<br>matricula: 22<br>emoji: 🎓<br>styleUrl: <br>fill-opacity: "
                },
                "styleUrl": "",
                "label-scale": 0,
                "icon-opacity": 1,
                "icon-color": "#0288d1",
                "icon-scale": 1,
                "icon-offset": [
                    32,
                    64
                ],
                "icon-offset-units": [
                    "pixels",
                    "insetPixels"
                ],
                "icon": "https://www.gstatic.com/mapspro/images/stock/503-wht-blank_maps.png",
                "Descripción": "",
                "nombre": "EXTENSION I DE ESCUELA DE EDUCACIÓN SECUNDARIA Nº7",
                "clave": "0027MS2070",
                "calle": "PARAJE MANANTIALES CUARTEL X",
                "nro": "S/N",
                "telefono": "15-40-0066",
                "email": "sec7chascomus@gmail.com",
                "sector": "Estatal",
                "dependencia": "Oficial",
                "ambito": "Rural Disperso",
                "modalidad": "Educación Común",
                "nivel": "Nivel Secundario",
                "matricula": "22",
                "emoji": "🎓",
                "fill-opacity": ""
            }
        },
        {
            "type": "Feature",
            "geometry": {
                "type": "Point",
                "coordinates": [
                    -57.773372,
                    -35.494223,
                    0
                ]
            },
            "properties": {
                "description": {
                    "@type": "html",
                    "value": "Descripción: <br>nombre: ESCUELA DE EDUCACIÓN SECUNDARIA Nº6 - ANEXO I<br>clave: 0027MS3060<br>calle: CUARTEL VI<br>nro: S/N<br>telefono: 436722<br>email: secundaria6chascomus@abc.gob.ar<br>sector: Estatal<br>dependencia: Oficial<br>ambito: Rural Disperso<br>modalidad: Educación Común<br>nivel: Nivel Secundario<br>matricula: 12<br>emoji: 🎓<br>styleUrl: <br>fill-opacity: "
                },
                "styleUrl": "",
                "label-scale": 0,
                "icon-opacity": 1,
                "icon-color": "#0288d1",
                "icon-scale": 1,
                "icon-offset": [
                    32,
                    64
                ],
                "icon-offset-units": [
                    "pixels",
                    "insetPixels"
                ],
                "icon": "https://www.gstatic.com/mapspro/images/stock/503-wht-blank_maps.png",
                "Descripción": "",
                "nombre": "ESCUELA DE EDUCACIÓN SECUNDARIA Nº6 - ANEXO I",
                "clave": "0027MS3060",
                "calle": "CUARTEL VI",
                "nro": "S/N",
                "telefono": "436722",
                "email": "secundaria6chascomus@abc.gob.ar",
                "sector": "Estatal",
                "dependencia": "Oficial",
                "ambito": "Rural Disperso",
                "modalidad": "Educación Común",
                "nivel": "Nivel Secundario",
                "matricula": "12",
                "emoji": "🎓",
                "fill-opacity": ""
            }
        },
        {
            "type": "Feature",
            "geometry": {
                "type": "Point",
                "coordinates": [
                    -57.67787,
                    -35.620338,
                    0
                ]
            },
            "properties": {
                "description": {
                    "@type": "html",
                    "value": "Descripción: <br>nombre: ESCUELA DE EDUCACIÓN SECUNDARIA Nº8 - ANEXO I<br>clave: 0027MS3081<br>calle: RUTA PROVINCIAL Nº58 - CUARTEL VIII<br>nro: S/N<br>telefono: <br>email: escuelasecundariabasica7@gmail.com<br>sector: Estatal<br>dependencia: Oficial<br>ambito: Rural Disperso<br>modalidad: Educación Común<br>nivel: Nivel Secundario<br>matricula: 41<br>emoji: 🎓<br>styleUrl: <br>fill-opacity: "
                },
                "styleUrl": "",
                "label-scale": 0,
                "icon-opacity": 1,
                "icon-color": "#0288d1",
                "icon-scale": 1,
                "icon-offset": [
                    32,
                    64
                ],
                "icon-offset-units": [
                    "pixels",
                    "insetPixels"
                ],
                "icon": "https://www.gstatic.com/mapspro/images/stock/503-wht-blank_maps.png",
                "Descripción": "",
                "nombre": "ESCUELA DE EDUCACIÓN SECUNDARIA Nº8 - ANEXO I",
                "clave": "0027MS3081",
                "calle": "RUTA PROVINCIAL Nº58 - CUARTEL VIII",
                "nro": "S/N",
                "telefono": "",
                "email": "escuelasecundariabasica7@gmail.com",
                "sector": "Estatal",
                "dependencia": "Oficial",
                "ambito": "Rural Disperso",
                "modalidad": "Educación Común",
                "nivel": "Nivel Secundario",
                "matricula": "41",
                "emoji": "🎓",
                "fill-opacity": ""
            }
        },
        {
            "type": "Feature",
            "geometry": {
                "type": "Point",
                "coordinates": [
                    -58.017698,
                    -35.56797,
                    0
                ]
            },
            "properties": {
                "description": {
                    "@type": "html",
                    "value": "Descripción: <br>nombre: ESCUELA DE EDUCACIÓN SECUNDARIA TÉCNICA Nº1<br>clave: 0027MT0001<br>calle: PEDRO NICOLAS ESCRIBANO<br>nro: 352<br>telefono: 42-5897<br>email: eet1_chascomus@yahoo.com.ar<br>sector: Estatal<br>dependencia: Oficial<br>ambito: Urbano<br>modalidad: Educación Técnico Profesional<br>nivel: Nivel Secundario<br>matricula: 705<br>emoji: 🎓<br>styleUrl: <br>fill-opacity: "
                },
                "styleUrl": "",
                "label-scale": 0,
                "icon-opacity": 1,
                "icon-color": "#0288d1",
                "icon-scale": 1,
                "icon-offset": [
                    32,
                    64
                ],
                "icon-offset-units": [
                    "pixels",
                    "insetPixels"
                ],
                "icon": "https://www.gstatic.com/mapspro/images/stock/503-wht-blank_maps.png",
                "Descripción": "",
                "nombre": "ESCUELA DE EDUCACIÓN SECUNDARIA TÉCNICA Nº1",
                "clave": "0027MT0001",
                "calle": "PEDRO NICOLAS ESCRIBANO",
                "nro": "352",
                "telefono": "42-5897",
                "email": "eet1_chascomus@yahoo.com.ar",
                "sector": "Estatal",
                "dependencia": "Oficial",
                "ambito": "Urbano",
                "modalidad": "Educación Técnico Profesional",
                "nivel": "Nivel Secundario",
                "matricula": "705",
                "emoji": "🎓",
                "fill-opacity": ""
            }
        },
        {
            "type": "Feature",
            "geometry": {
                "type": "Point",
                "coordinates": [
                    -58.009941,
                    -35.578995,
                    0
                ]
            },
            "properties": {
                "description": {
                    "@type": "html",
                    "value": "Descripción: <br>nombre: ESCUELA DE EDUCACIÓN PRIMARIA Nº1 \"BERNARDINO RIVADAVIA\"<br>clave: 0027PP0001<br>calle: SAN MARTÍN<br>nro: 77<br>telefono: 42-2313<br>email: primaria1chascomus@abc.gob.ar<br>sector: Estatal<br>dependencia: Oficial<br>ambito: Urbano<br>modalidad: Educación Común<br>nivel: Nivel Primario<br>matricula: 214<br>emoji: 📚<br>styleUrl: <br>fill-opacity: "
                },
                "styleUrl": "",
                "label-scale": 0,
                "icon-opacity": 1,
                "icon-color": "#0288d1",
                "icon-scale": 1,
                "icon-offset": [
                    32,
                    64
                ],
                "icon-offset-units": [
                    "pixels",
                    "insetPixels"
                ],
                "icon": "https://www.gstatic.com/mapspro/images/stock/503-wht-blank_maps.png",
                "Descripción": "",
                "nombre": "ESCUELA DE EDUCACIÓN PRIMARIA Nº1 \"BERNARDINO RIVADAVIA\"",
                "clave": "0027PP0001",
                "calle": "SAN MARTÍN",
                "nro": "77",
                "telefono": "42-2313",
                "email": "primaria1chascomus@abc.gob.ar",
                "sector": "Estatal",
                "dependencia": "Oficial",
                "ambito": "Urbano",
                "modalidad": "Educación Común",
                "nivel": "Nivel Primario",
                "matricula": "214",
                "emoji": "📚",
                "fill-opacity": ""
            }
        },
        {
            "type": "Feature",
            "geometry": {
                "type": "Point",
                "coordinates": [
                    -58.013806,
                    -35.573394,
                    0
                ]
            },
            "properties": {
                "description": {
                    "@type": "html",
                    "value": "Descripción: <br>nombre: ESCUELA DE EDUCACIÓN PRIMARIA Nº2 \"DOMINGO FAUSTINO SARMIENTO\"<br>clave: 0027PP0002<br>calle: FRANKLIN<br>nro: 166<br>telefono: 43-6710<br>email: primaria2chascomus@abc.gob.ar<br>sector: Estatal<br>dependencia: Oficial<br>ambito: Urbano<br>modalidad: Educación Común<br>nivel: Nivel Primario<br>matricula: 560<br>emoji: 📚<br>styleUrl: <br>fill-opacity: "
                },
                "styleUrl": "",
                "label-scale": 0,
                "icon-opacity": 1,
                "icon-color": "#0288d1",
                "icon-scale": 1,
                "icon-offset": [
                    32,
                    64
                ],
                "icon-offset-units": [
                    "pixels",
                    "insetPixels"
                ],
                "icon": "https://www.gstatic.com/mapspro/images/stock/503-wht-blank_maps.png",
                "Descripción": "",
                "nombre": "ESCUELA DE EDUCACIÓN PRIMARIA Nº2 \"DOMINGO FAUSTINO SARMIENTO\"",
                "clave": "0027PP0002",
                "calle": "FRANKLIN",
                "nro": "166",
                "telefono": "43-6710",
                "email": "primaria2chascomus@abc.gob.ar",
                "sector": "Estatal",
                "dependencia": "Oficial",
                "ambito": "Urbano",
                "modalidad": "Educación Común",
                "nivel": "Nivel Primario",
                "matricula": "560",
                "emoji": "📚",
                "fill-opacity": ""
            }
        },
        {
            "type": "Feature",
            "geometry": {
                "type": "Point",
                "coordinates": [
                    -58.013823,
                    -35.562759,
                    0
                ]
            },
            "properties": {
                "description": {
                    "@type": "html",
                    "value": "Descripción: <br>nombre: ESCUELA DE EDUCACIÓN PRIMARIA Nº3 \"SARGENTO CABRAL\"<br>clave: 0027PP0003<br>calle: JULIÁN QUINTANA<br>nro: 758<br>telefono: 43-6722<br>email: primaria3chascomus@abc.gob.ar<br>sector: Estatal<br>dependencia: Oficial<br>ambito: Urbano<br>modalidad: Educación Común<br>nivel: Nivel Primario<br>matricula: 80<br>emoji: 📚<br>styleUrl: <br>fill-opacity: "
                },
                "styleUrl": "",
                "label-scale": 0,
                "icon-opacity": 1,
                "icon-color": "#0288d1",
                "icon-scale": 1,
                "icon-offset": [
                    32,
                    64
                ],
                "icon-offset-units": [
                    "pixels",
                    "insetPixels"
                ],
                "icon": "https://www.gstatic.com/mapspro/images/stock/503-wht-blank_maps.png",
                "Descripción": "",
                "nombre": "ESCUELA DE EDUCACIÓN PRIMARIA Nº3 \"SARGENTO CABRAL\"",
                "clave": "0027PP0003",
                "calle": "JULIÁN QUINTANA",
                "nro": "758",
                "telefono": "43-6722",
                "email": "primaria3chascomus@abc.gob.ar",
                "sector": "Estatal",
                "dependencia": "Oficial",
                "ambito": "Urbano",
                "modalidad": "Educación Común",
                "nivel": "Nivel Primario",
                "matricula": "80",
                "emoji": "📚",
                "fill-opacity": ""
            }
        },
        {
            "type": "Feature",
            "geometry": {
                "type": "Point",
                "coordinates": [
                    -57.657628,
                    -35.526199,
                    0
                ]
            },
            "properties": {
                "description": {
                    "@type": "html",
                    "value": "Descripción: <br>nombre: ESCUELA DE EDUCACIÓN PRIMARIA Nº4 \"MANUEL BELGRANO\"<br>clave: 0027PP0004<br>calle: CUARTEL VII<br>nro: S/N<br>telefono: 53-0358<br>email: primaria4chascomus@abc.gob.ar<br>sector: Estatal<br>dependencia: Oficial<br>ambito: Rural Disperso<br>modalidad: Educación Común<br>nivel: Nivel Primario<br>matricula: 6<br>emoji: 📚<br>styleUrl: <br>fill-opacity: "
                },
                "styleUrl": "",
                "label-scale": 0,
                "icon-opacity": 1,
                "icon-color": "#0288d1",
                "icon-scale": 1,
                "icon-offset": [
                    32,
                    64
                ],
                "icon-offset-units": [
                    "pixels",
                    "insetPixels"
                ],
                "icon": "https://www.gstatic.com/mapspro/images/stock/503-wht-blank_maps.png",
                "Descripción": "",
                "nombre": "ESCUELA DE EDUCACIÓN PRIMARIA Nº4 \"MANUEL BELGRANO\"",
                "clave": "0027PP0004",
                "calle": "CUARTEL VII",
                "nro": "S/N",
                "telefono": "53-0358",
                "email": "primaria4chascomus@abc.gob.ar",
                "sector": "Estatal",
                "dependencia": "Oficial",
                "ambito": "Rural Disperso",
                "modalidad": "Educación Común",
                "nivel": "Nivel Primario",
                "matricula": "6",
                "emoji": "📚",
                "fill-opacity": ""
            }
        },
        {
            "type": "Feature",
            "geometry": {
                "type": "Point",
                "coordinates": [
                    -58.015739,
                    -35.56772,
                    0
                ]
            },
            "properties": {
                "description": {
                    "@type": "html",
                    "value": "Descripción: <br>nombre: ESCUELA DE EDUCACIÓN PRIMARIA Nº5 \"ABANDERADO LASTRA\"<br>clave: 0027PP0005<br>calle: LIBRES. DEL SUR E/26 DE JULIO Y ESCRIBANO<br>nro: 527<br>telefono: 43-0630<br>email: primaria5chascomus@abc.gob.ar<br>sector: Estatal<br>dependencia: Oficial<br>ambito: Urbano<br>modalidad: Educación Común<br>nivel: Nivel Primario<br>matricula: 277<br>emoji: 📚<br>styleUrl: <br>fill-opacity: "
                },
                "styleUrl": "",
                "label-scale": 0,
                "icon-opacity": 1,
                "icon-color": "#0288d1",
                "icon-scale": 1,
                "icon-offset": [
                    32,
                    64
                ],
                "icon-offset-units": [
                    "pixels",
                    "insetPixels"
                ],
                "icon": "https://www.gstatic.com/mapspro/images/stock/503-wht-blank_maps.png",
                "Descripción": "",
                "nombre": "ESCUELA DE EDUCACIÓN PRIMARIA Nº5 \"ABANDERADO LASTRA\"",
                "clave": "0027PP0005",
                "calle": "LIBRES. DEL SUR E/26 DE JULIO Y ESCRIBANO",
                "nro": "527",
                "telefono": "43-0630",
                "email": "primaria5chascomus@abc.gob.ar",
                "sector": "Estatal",
                "dependencia": "Oficial",
                "ambito": "Urbano",
                "modalidad": "Educación Común",
                "nivel": "Nivel Primario",
                "matricula": "277",
                "emoji": "📚",
                "fill-opacity": ""
            }
        },
        {
            "type": "Feature",
            "geometry": {
                "type": "Point",
                "coordinates": [
                    -57.955719,
                    -35.684921,
                    0
                ]
            },
            "properties": {
                "description": {
                    "@type": "html",
                    "value": "Descripción: <br>nombre: ESCUELA DE EDUCACIÓN PRIMARIA Nº7 \"ESTEBAN ECHEVERRÍA\"<br>clave: 0027PP0007<br>calle: RUTA Nº 2 KM. 134,50<br>nro: S/N<br>telefono: 67-6798<br>email: primaria7chscomus@abc.gob.ar<br>sector: Estatal<br>dependencia: Oficial<br>ambito: Rural Disperso<br>modalidad: Educación Común<br>nivel: Nivel Primario<br>matricula: 18<br>emoji: 📚<br>styleUrl: <br>fill-opacity: "
                },
                "styleUrl": "",
                "label-scale": 0,
                "icon-opacity": 1,
                "icon-color": "#0288d1",
                "icon-scale": 1,
                "icon-offset": [
                    32,
                    64
                ],
                "icon-offset-units": [
                    "pixels",
                    "insetPixels"
                ],
                "icon": "https://www.gstatic.com/mapspro/images/stock/503-wht-blank_maps.png",
                "Descripción": "",
                "nombre": "ESCUELA DE EDUCACIÓN PRIMARIA Nº7 \"ESTEBAN ECHEVERRÍA\"",
                "clave": "0027PP0007",
                "calle": "RUTA Nº 2 KM. 134,50",
                "nro": "S/N",
                "telefono": "67-6798",
                "email": "primaria7chscomus@abc.gob.ar",
                "sector": "Estatal",
                "dependencia": "Oficial",
                "ambito": "Rural Disperso",
                "modalidad": "Educación Común",
                "nivel": "Nivel Primario",
                "matricula": "18",
                "emoji": "📚",
                "fill-opacity": ""
            }
        },
        {
            "type": "Feature",
            "geometry": {
                "type": "Point",
                "coordinates": [
                    -57.969233,
                    -35.572489,
                    0
                ]
            },
            "properties": {
                "description": {
                    "@type": "html",
                    "value": "Descripción: <br>nombre: ESCUELA DE EDUCACIÓN PRIMARIA Nº8 \"RICARDO GUTIERREZ\"<br>clave: 0027PP0008<br>calle: AV. CAMPAÑA DEL DESIERTO<br>nro: 1200<br>telefono: 43-1707<br>email: primaria8chascomus@abc.gob.ar<br>sector: Estatal<br>dependencia: Oficial<br>ambito: Urbano<br>modalidad: Educación Común<br>nivel: Nivel Primario<br>matricula: 98<br>emoji: 📚<br>styleUrl: <br>fill-opacity: "
                },
                "styleUrl": "",
                "label-scale": 0,
                "icon-opacity": 1,
                "icon-color": "#0288d1",
                "icon-scale": 1,
                "icon-offset": [
                    32,
                    64
                ],
                "icon-offset-units": [
                    "pixels",
                    "insetPixels"
                ],
                "icon": "https://www.gstatic.com/mapspro/images/stock/503-wht-blank_maps.png",
                "Descripción": "",
                "nombre": "ESCUELA DE EDUCACIÓN PRIMARIA Nº8 \"RICARDO GUTIERREZ\"",
                "clave": "0027PP0008",
                "calle": "AV. CAMPAÑA DEL DESIERTO",
                "nro": "1200",
                "telefono": "43-1707",
                "email": "primaria8chascomus@abc.gob.ar",
                "sector": "Estatal",
                "dependencia": "Oficial",
                "ambito": "Urbano",
                "modalidad": "Educación Común",
                "nivel": "Nivel Primario",
                "matricula": "98",
                "emoji": "📚",
                "fill-opacity": ""
            }
        },
        {
            "type": "Feature",
            "geometry": {
                "type": "Point",
                "coordinates": [
                    -57.988568,
                    -35.57773,
                    0
                ]
            },
            "properties": {
                "description": {
                    "@type": "html",
                    "value": "Descripción: <br>nombre: ESCUELA DE EDUCACIÓN PRIMARIA Nº9 \"REMEDIOS DE ESCALADA\"<br>clave: 0027PP0009<br>calle: BAHIA BLANCA E/ MORENO Y ALMAFUERTE<br>nro: 118<br>telefono: 43-1165<br>email: epn9chascomus@yahoo.com.ar<br>sector: Estatal<br>dependencia: Oficial<br>ambito: Urbano<br>modalidad: Educación Común<br>nivel: Nivel Primario<br>matricula: 188<br>emoji: 📚<br>styleUrl: <br>fill-opacity: "
                },
                "styleUrl": "",
                "label-scale": 0,
                "icon-opacity": 1,
                "icon-color": "#0288d1",
                "icon-scale": 1,
                "icon-offset": [
                    32,
                    64
                ],
                "icon-offset-units": [
                    "pixels",
                    "insetPixels"
                ],
                "icon": "https://www.gstatic.com/mapspro/images/stock/503-wht-blank_maps.png",
                "Descripción": "",
                "nombre": "ESCUELA DE EDUCACIÓN PRIMARIA Nº9 \"REMEDIOS DE ESCALADA\"",
                "clave": "0027PP0009",
                "calle": "BAHIA BLANCA E/ MORENO Y ALMAFUERTE",
                "nro": "118",
                "telefono": "43-1165",
                "email": "epn9chascomus@yahoo.com.ar",
                "sector": "Estatal",
                "dependencia": "Oficial",
                "ambito": "Urbano",
                "modalidad": "Educación Común",
                "nivel": "Nivel Primario",
                "matricula": "188",
                "emoji": "📚",
                "fill-opacity": ""
            }
        },
        {
            "type": "Feature",
            "geometry": {
                "type": "Point",
                "coordinates": [
                    -58.053532,
                    -35.427706,
                    0
                ]
            },
            "properties": {
                "description": {
                    "@type": "html",
                    "value": "Descripción: <br>nombre: ESCUELA DE EDUCACIÓN PRIMARIA Nº11 \"DON JOSÉ BILBAO\"<br>clave: 0027PP0011<br>calle: RUTA 59 - CUARTEL VI<br>nro: S/N<br>telefono: 50-5722<br>email: primaria11chascomus@abc.gob.ar<br>sector: Estatal<br>dependencia: Oficial<br>ambito: Rural Disperso<br>modalidad: Educación Común<br>nivel: Nivel Primario<br>matricula: 29<br>emoji: 📚<br>styleUrl: <br>fill-opacity: "
                },
                "styleUrl": "",
                "label-scale": 0,
                "icon-opacity": 1,
                "icon-color": "#0288d1",
                "icon-scale": 1,
                "icon-offset": [
                    32,
                    64
                ],
                "icon-offset-units": [
                    "pixels",
                    "insetPixels"
                ],
                "icon": "https://www.gstatic.com/mapspro/images/stock/503-wht-blank_maps.png",
                "Descripción": "",
                "nombre": "ESCUELA DE EDUCACIÓN PRIMARIA Nº11 \"DON JOSÉ BILBAO\"",
                "clave": "0027PP0011",
                "calle": "RUTA 59 - CUARTEL VI",
                "nro": "S/N",
                "telefono": "50-5722",
                "email": "primaria11chascomus@abc.gob.ar",
                "sector": "Estatal",
                "dependencia": "Oficial",
                "ambito": "Rural Disperso",
                "modalidad": "Educación Común",
                "nivel": "Nivel Primario",
                "matricula": "29",
                "emoji": "📚",
                "fill-opacity": ""
            }
        },
        {
            "type": "Feature",
            "geometry": {
                "type": "Point",
                "coordinates": [
                    -57.993788,
                    -35.558163,
                    0
                ]
            },
            "properties": {
                "description": {
                    "@type": "html",
                    "value": "Descripción: <br>nombre: ESCUELA DE EDUCACIÓN PRIMARIA Nº13 \"NUESTRA SEÑORA DE LAS MERCEDES\"<br>clave: 0027PP0013<br>calle: MARÍA DE LOS SANTOS VAZQUEZ<br>nro: S/N<br>telefono: 47-4419<br>email: primaria13chascomus@abc.gob.ar<br>sector: Estatal<br>dependencia: Oficial<br>ambito: Urbano<br>modalidad: Educación Común<br>nivel: Nivel Primario<br>matricula: 64<br>emoji: 📚<br>styleUrl: <br>fill-opacity: "
                },
                "styleUrl": "",
                "label-scale": 0,
                "icon-opacity": 1,
                "icon-color": "#0288d1",
                "icon-scale": 1,
                "icon-offset": [
                    32,
                    64
                ],
                "icon-offset-units": [
                    "pixels",
                    "insetPixels"
                ],
                "icon": "https://www.gstatic.com/mapspro/images/stock/503-wht-blank_maps.png",
                "Descripción": "",
                "nombre": "ESCUELA DE EDUCACIÓN PRIMARIA Nº13 \"NUESTRA SEÑORA DE LAS MERCEDES\"",
                "clave": "0027PP0013",
                "calle": "MARÍA DE LOS SANTOS VAZQUEZ",
                "nro": "S/N",
                "telefono": "47-4419",
                "email": "primaria13chascomus@abc.gob.ar",
                "sector": "Estatal",
                "dependencia": "Oficial",
                "ambito": "Urbano",
                "modalidad": "Educación Común",
                "nivel": "Nivel Primario",
                "matricula": "64",
                "emoji": "📚",
                "fill-opacity": ""
            }
        },
        {
            "type": "Feature",
            "geometry": {
                "type": "Point",
                "coordinates": [
                    -58.201397,
                    -35.674636,
                    0
                ]
            },
            "properties": {
                "description": {
                    "@type": "html",
                    "value": "Descripción: <br>nombre: ESCUELA DE EDUCACIÓN PRIMARIA Nº14 \"PATRICIAS ARGENTINAS\"<br>clave: 0027PP0014<br>calle: CUARTEL XI<br>nro: S/N<br>telefono: 56-4519<br>email: primaria14chascomus@abc.gob.ar<br>sector: Estatal<br>dependencia: Oficial<br>ambito: Rural Disperso<br>modalidad: Educación Común<br>nivel: Nivel Primario<br>matricula: 5<br>emoji: 📚<br>styleUrl: <br>fill-opacity: "
                },
                "styleUrl": "",
                "label-scale": 0,
                "icon-opacity": 1,
                "icon-color": "#0288d1",
                "icon-scale": 1,
                "icon-offset": [
                    32,
                    64
                ],
                "icon-offset-units": [
                    "pixels",
                    "insetPixels"
                ],
                "icon": "https://www.gstatic.com/mapspro/images/stock/503-wht-blank_maps.png",
                "Descripción": "",
                "nombre": "ESCUELA DE EDUCACIÓN PRIMARIA Nº14 \"PATRICIAS ARGENTINAS\"",
                "clave": "0027PP0014",
                "calle": "CUARTEL XI",
                "nro": "S/N",
                "telefono": "56-4519",
                "email": "primaria14chascomus@abc.gob.ar",
                "sector": "Estatal",
                "dependencia": "Oficial",
                "ambito": "Rural Disperso",
                "modalidad": "Educación Común",
                "nivel": "Nivel Primario",
                "matricula": "5",
                "emoji": "📚",
                "fill-opacity": ""
            }
        },
        {
            "type": "Feature",
            "geometry": {
                "type": "Point",
                "coordinates": [
                    -57.892188,
                    -35.605063,
                    0
                ]
            },
            "properties": {
                "description": {
                    "@type": "html",
                    "value": "Descripción: <br>nombre: ESCUELA DE EDUCACIÓN PRIMARIA Nº15 \"PABLO A. PIZZURNO\"<br>clave: 0027PP0015<br>calle: CUARTEL III<br>nro: S/N<br>telefono: 47-4419<br>email: primaria15chascomus@abc.gob.ar<br>sector: Estatal<br>dependencia: Oficial<br>ambito: Rural Disperso<br>modalidad: Educación Común<br>nivel: Nivel Primario<br>matricula: 11<br>emoji: 📚<br>styleUrl: <br>fill-opacity: "
                },
                "styleUrl": "",
                "label-scale": 0,
                "icon-opacity": 1,
                "icon-color": "#0288d1",
                "icon-scale": 1,
                "icon-offset": [
                    32,
                    64
                ],
                "icon-offset-units": [
                    "pixels",
                    "insetPixels"
                ],
                "icon": "https://www.gstatic.com/mapspro/images/stock/503-wht-blank_maps.png",
                "Descripción": "",
                "nombre": "ESCUELA DE EDUCACIÓN PRIMARIA Nº15 \"PABLO A. PIZZURNO\"",
                "clave": "0027PP0015",
                "calle": "CUARTEL III",
                "nro": "S/N",
                "telefono": "47-4419",
                "email": "primaria15chascomus@abc.gob.ar",
                "sector": "Estatal",
                "dependencia": "Oficial",
                "ambito": "Rural Disperso",
                "modalidad": "Educación Común",
                "nivel": "Nivel Primario",
                "matricula": "11",
                "emoji": "📚",
                "fill-opacity": ""
            }
        },
        {
            "type": "Feature",
            "geometry": {
                "type": "Point",
                "coordinates": [
                    -58.164016,
                    -35.80687,
                    0
                ]
            },
            "properties": {
                "description": {
                    "@type": "html",
                    "value": "Descripción: <br>nombre: ESCUELA DE EDUCACIÓN PRIMARIA Nº16 \"JULIO ARGENTINO ROCA\"<br>clave: 0027PP0016<br>calle: CUARTEL X<br>nro: S/N<br>telefono: 15-54-3059<br>email: primaria16chascomus@abc.gob.ar<br>sector: Estatal<br>dependencia: Oficial<br>ambito: Rural Disperso<br>modalidad: Educación Común<br>nivel: Nivel Primario<br>matricula: 6<br>emoji: 📚<br>styleUrl: <br>fill-opacity: "
                },
                "styleUrl": "",
                "label-scale": 0,
                "icon-opacity": 1,
                "icon-color": "#0288d1",
                "icon-scale": 1,
                "icon-offset": [
                    32,
                    64
                ],
                "icon-offset-units": [
                    "pixels",
                    "insetPixels"
                ],
                "icon": "https://www.gstatic.com/mapspro/images/stock/503-wht-blank_maps.png",
                "Descripción": "",
                "nombre": "ESCUELA DE EDUCACIÓN PRIMARIA Nº16 \"JULIO ARGENTINO ROCA\"",
                "clave": "0027PP0016",
                "calle": "CUARTEL X",
                "nro": "S/N",
                "telefono": "15-54-3059",
                "email": "primaria16chascomus@abc.gob.ar",
                "sector": "Estatal",
                "dependencia": "Oficial",
                "ambito": "Rural Disperso",
                "modalidad": "Educación Común",
                "nivel": "Nivel Primario",
                "matricula": "6",
                "emoji": "📚",
                "fill-opacity": ""
            }
        },
        {
            "type": "Feature",
            "geometry": {
                "type": "Point",
                "coordinates": [
                    -58.007701,
                    -35.572072,
                    0
                ]
            },
            "properties": {
                "description": {
                    "@type": "html",
                    "value": "Descripción: <br>nombre: ESCUELA DE EDUCACIÓN PRIMARIA Nº17 \"COMANDANTE JACINTO MACHADO\"<br>clave: 0027PP0017<br>calle: MACHADO<br>nro: 246<br>telefono: 43-6725<br>email: primaria17chascomus@abc.gob.ar<br>sector: Estatal<br>dependencia: Oficial<br>ambito: Urbano<br>modalidad: Educación Común<br>nivel: Nivel Primario<br>matricula: 119<br>emoji: 📚<br>styleUrl: <br>fill-opacity: "
                },
                "styleUrl": "",
                "label-scale": 0,
                "icon-opacity": 1,
                "icon-color": "#0288d1",
                "icon-scale": 1,
                "icon-offset": [
                    32,
                    64
                ],
                "icon-offset-units": [
                    "pixels",
                    "insetPixels"
                ],
                "icon": "https://www.gstatic.com/mapspro/images/stock/503-wht-blank_maps.png",
                "Descripción": "",
                "nombre": "ESCUELA DE EDUCACIÓN PRIMARIA Nº17 \"COMANDANTE JACINTO MACHADO\"",
                "clave": "0027PP0017",
                "calle": "MACHADO",
                "nro": "246",
                "telefono": "43-6725",
                "email": "primaria17chascomus@abc.gob.ar",
                "sector": "Estatal",
                "dependencia": "Oficial",
                "ambito": "Urbano",
                "modalidad": "Educación Común",
                "nivel": "Nivel Primario",
                "matricula": "119",
                "emoji": "📚",
                "fill-opacity": ""
            }
        },
        {
            "type": "Feature",
            "geometry": {
                "type": "Point",
                "coordinates": [
                    -57.89438,
                    -35.49183,
                    0
                ]
            },
            "properties": {
                "description": {
                    "@type": "html",
                    "value": "Descripción: <br>nombre: ESCUELA DE EDUCACIÓN PRIMARIA Nº19 \"NUEVE DE JULIO\"<br>clave: 0027PP0019<br>calle: RUTA Nº20 KM.68<br>nro: S/N<br>telefono: 56-0464<br>email: primaria19chascomus@abc.gob.ar<br>sector: Estatal<br>dependencia: Oficial<br>ambito: Rural Disperso<br>modalidad: Educación Común<br>nivel: Nivel Primario<br>matricula: 12<br>emoji: 📚<br>styleUrl: <br>fill-opacity: "
                },
                "styleUrl": "",
                "label-scale": 0,
                "icon-opacity": 1,
                "icon-color": "#0288d1",
                "icon-scale": 1,
                "icon-offset": [
                    32,
                    64
                ],
                "icon-offset-units": [
                    "pixels",
                    "insetPixels"
                ],
                "icon": "https://www.gstatic.com/mapspro/images/stock/503-wht-blank_maps.png",
                "Descripción": "",
                "nombre": "ESCUELA DE EDUCACIÓN PRIMARIA Nº19 \"NUEVE DE JULIO\"",
                "clave": "0027PP0019",
                "calle": "RUTA Nº20 KM.68",
                "nro": "S/N",
                "telefono": "56-0464",
                "email": "primaria19chascomus@abc.gob.ar",
                "sector": "Estatal",
                "dependencia": "Oficial",
                "ambito": "Rural Disperso",
                "modalidad": "Educación Común",
                "nivel": "Nivel Primario",
                "matricula": "12",
                "emoji": "📚",
                "fill-opacity": ""
            }
        },
        {
            "type": "Feature",
            "geometry": {
                "type": "Point",
                "coordinates": [
                    -57.773492,
                    -35.494579,
                    0
                ]
            },
            "properties": {
                "description": {
                    "@type": "html",
                    "value": "Descripción: <br>nombre: ESCUELA DE EDUCACIÓN PRIMARIA Nº20 \"ANGÉLICA NEWTON DEL LAGOS\"<br>clave: 0027PP0020<br>calle: CUARTEL VI<br>nro: S/N<br>telefono: 15-53-8012<br>email: opp0270020@abc.gov.ar<br>sector: Estatal<br>dependencia: Oficial<br>ambito: Rural Disperso<br>modalidad: Educación Común<br>nivel: Nivel Primario<br>matricula: 5<br>emoji: 📚<br>styleUrl: <br>fill-opacity: "
                },
                "styleUrl": "",
                "label-scale": 0,
                "icon-opacity": 1,
                "icon-color": "#0288d1",
                "icon-scale": 1,
                "icon-offset": [
                    32,
                    64
                ],
                "icon-offset-units": [
                    "pixels",
                    "insetPixels"
                ],
                "icon": "https://www.gstatic.com/mapspro/images/stock/503-wht-blank_maps.png",
                "Descripción": "",
                "nombre": "ESCUELA DE EDUCACIÓN PRIMARIA Nº20 \"ANGÉLICA NEWTON DEL LAGOS\"",
                "clave": "0027PP0020",
                "calle": "CUARTEL VI",
                "nro": "S/N",
                "telefono": "15-53-8012",
                "email": "opp0270020@abc.gov.ar",
                "sector": "Estatal",
                "dependencia": "Oficial",
                "ambito": "Rural Disperso",
                "modalidad": "Educación Común",
                "nivel": "Nivel Primario",
                "matricula": "5",
                "emoji": "📚",
                "fill-opacity": ""
            }
        },
        {
            "type": "Feature",
            "geometry": {
                "type": "Point",
                "coordinates": [
                    -58.09463,
                    -35.4458,
                    0
                ]
            },
            "properties": {
                "description": {
                    "@type": "html",
                    "value": "Descripción: <br>nombre: ESCUELA DE EDUCACIÓN PRIMARIA Nº21 \"VEINTICINCO DE MAYO\"<br>clave: 0027PP0021<br>calle: MANUEL BELGRANO<br>nro: S/N<br>telefono: 53-3799<br>email: ep21chascomus@gmail.com<br>sector: Estatal<br>dependencia: Oficial<br>ambito: Rural Disperso<br>modalidad: Educación Común<br>nivel: Nivel Primario<br>matricula: 26<br>emoji: 📚<br>styleUrl: <br>fill-opacity: "
                },
                "styleUrl": "",
                "label-scale": 0,
                "icon-opacity": 1,
                "icon-color": "#0288d1",
                "icon-scale": 1,
                "icon-offset": [
                    32,
                    64
                ],
                "icon-offset-units": [
                    "pixels",
                    "insetPixels"
                ],
                "icon": "https://www.gstatic.com/mapspro/images/stock/503-wht-blank_maps.png",
                "Descripción": "",
                "nombre": "ESCUELA DE EDUCACIÓN PRIMARIA Nº21 \"VEINTICINCO DE MAYO\"",
                "clave": "0027PP0021",
                "calle": "MANUEL BELGRANO",
                "nro": "S/N",
                "telefono": "53-3799",
                "email": "ep21chascomus@gmail.com",
                "sector": "Estatal",
                "dependencia": "Oficial",
                "ambito": "Rural Disperso",
                "modalidad": "Educación Común",
                "nivel": "Nivel Primario",
                "matricula": "26",
                "emoji": "📚",
                "fill-opacity": ""
            }
        },
        {
            "type": "Feature",
            "geometry": {
                "type": "Point",
                "coordinates": [
                    -58.359748,
                    -35.700175,
                    0
                ]
            },
            "properties": {
                "description": {
                    "@type": "html",
                    "value": "Descripción: <br>nombre: ESCUELA DE EDUCACIÓN PRIMARIA Nº22 \"CORNELIO SAAVEDRA\"<br>clave: 0027PP0022<br>calle: CUARTEL X<br>nro: S/N<br>telefono: 15-56-0688<br>email: anamaote@outlook.com<br>sector: Estatal<br>dependencia: Oficial<br>ambito: Rural Disperso<br>modalidad: Educación Común<br>nivel: Nivel Primario<br>matricula: 1<br>emoji: 📚<br>styleUrl: <br>fill-opacity: "
                },
                "styleUrl": "",
                "label-scale": 0,
                "icon-opacity": 1,
                "icon-color": "#0288d1",
                "icon-scale": 1,
                "icon-offset": [
                    32,
                    64
                ],
                "icon-offset-units": [
                    "pixels",
                    "insetPixels"
                ],
                "icon": "https://www.gstatic.com/mapspro/images/stock/503-wht-blank_maps.png",
                "Descripción": "",
                "nombre": "ESCUELA DE EDUCACIÓN PRIMARIA Nº22 \"CORNELIO SAAVEDRA\"",
                "clave": "0027PP0022",
                "calle": "CUARTEL X",
                "nro": "S/N",
                "telefono": "15-56-0688",
                "email": "anamaote@outlook.com",
                "sector": "Estatal",
                "dependencia": "Oficial",
                "ambito": "Rural Disperso",
                "modalidad": "Educación Común",
                "nivel": "Nivel Primario",
                "matricula": "1",
                "emoji": "📚",
                "fill-opacity": ""
            }
        },
        {
            "type": "Feature",
            "geometry": {
                "type": "Point",
                "coordinates": [
                    -58.079389,
                    -35.550139,
                    0
                ]
            },
            "properties": {
                "description": {
                    "@type": "html",
                    "value": "Descripción: <br>nombre: ESCUELA DE EDUCACIÓN PRIMARIA Nº25 \"JOSÉ DE SAN MARTÍN\"<br>clave: 0027PP0025<br>calle: RUTA 20 - KM 84 - ZONA RURAL<br>nro: 440<br>telefono: 15-46-2805<br>email: primaria25chascomus@abc.gob.ar<br>sector: Estatal<br>dependencia: Oficial<br>ambito: Rural Disperso<br>modalidad: Educación Común<br>nivel: Nivel Primario<br>matricula: 30<br>emoji: 📚<br>styleUrl: <br>fill-opacity: "
                },
                "styleUrl": "",
                "label-scale": 0,
                "icon-opacity": 1,
                "icon-color": "#0288d1",
                "icon-scale": 1,
                "icon-offset": [
                    32,
                    64
                ],
                "icon-offset-units": [
                    "pixels",
                    "insetPixels"
                ],
                "icon": "https://www.gstatic.com/mapspro/images/stock/503-wht-blank_maps.png",
                "Descripción": "",
                "nombre": "ESCUELA DE EDUCACIÓN PRIMARIA Nº25 \"JOSÉ DE SAN MARTÍN\"",
                "clave": "0027PP0025",
                "calle": "RUTA 20 - KM 84 - ZONA RURAL",
                "nro": "440",
                "telefono": "15-46-2805",
                "email": "primaria25chascomus@abc.gob.ar",
                "sector": "Estatal",
                "dependencia": "Oficial",
                "ambito": "Rural Disperso",
                "modalidad": "Educación Común",
                "nivel": "Nivel Primario",
                "matricula": "30",
                "emoji": "📚",
                "fill-opacity": ""
            }
        },
        {
            "type": "Feature",
            "geometry": {
                "type": "Point",
                "coordinates": [
                    -57.590479,
                    -35.783108,
                    0
                ]
            },
            "properties": {
                "description": {
                    "@type": "html",
                    "value": "Descripción: <br>nombre: ESCUELA DE EDUCACIÓN PRIMARIA Nº26 \"MARTÍN MIGUEL DE GÜEMES\"<br>clave: 0027PP0026<br>calle: CUARTEL VIII<br>nro: S/N<br>telefono: 49-6009<br>email: primaria26chascomus@abc.gob.ar<br>sector: Estatal<br>dependencia: Oficial<br>ambito: Rural Disperso<br>modalidad: Educación Común<br>nivel: Nivel Primario<br>matricula: 3<br>emoji: 📚<br>styleUrl: <br>fill-opacity: "
                },
                "styleUrl": "",
                "label-scale": 0,
                "icon-opacity": 1,
                "icon-color": "#0288d1",
                "icon-scale": 1,
                "icon-offset": [
                    32,
                    64
                ],
                "icon-offset-units": [
                    "pixels",
                    "insetPixels"
                ],
                "icon": "https://www.gstatic.com/mapspro/images/stock/503-wht-blank_maps.png",
                "Descripción": "",
                "nombre": "ESCUELA DE EDUCACIÓN PRIMARIA Nº26 \"MARTÍN MIGUEL DE GÜEMES\"",
                "clave": "0027PP0026",
                "calle": "CUARTEL VIII",
                "nro": "S/N",
                "telefono": "49-6009",
                "email": "primaria26chascomus@abc.gob.ar",
                "sector": "Estatal",
                "dependencia": "Oficial",
                "ambito": "Rural Disperso",
                "modalidad": "Educación Común",
                "nivel": "Nivel Primario",
                "matricula": "3",
                "emoji": "📚",
                "fill-opacity": ""
            }
        },
        {
            "type": "Feature",
            "geometry": {
                "type": "Point",
                "coordinates": [
                    -57.677946,
                    -35.620402,
                    0
                ]
            },
            "properties": {
                "description": {
                    "@type": "html",
                    "value": "Descripción: <br>nombre: ESCUELA DE EDUCACIÓN PRIMARIA Nº27 \"GUILLERMO BROWN\"<br>clave: 0027PP0027<br>calle: RUTA PROVINCIAL Nº58 - CUARTEL VIII<br>nro: S/N<br>telefono: 15-54-0069<br>email: ep27chascomus@gmail.com<br>sector: Estatal<br>dependencia: Oficial<br>ambito: Rural Disperso<br>modalidad: Educación Común<br>nivel: Nivel Primario<br>matricula: 20<br>emoji: 📚<br>styleUrl: <br>fill-opacity: "
                },
                "styleUrl": "",
                "label-scale": 0,
                "icon-opacity": 1,
                "icon-color": "#0288d1",
                "icon-scale": 1,
                "icon-offset": [
                    32,
                    64
                ],
                "icon-offset-units": [
                    "pixels",
                    "insetPixels"
                ],
                "icon": "https://www.gstatic.com/mapspro/images/stock/503-wht-blank_maps.png",
                "Descripción": "",
                "nombre": "ESCUELA DE EDUCACIÓN PRIMARIA Nº27 \"GUILLERMO BROWN\"",
                "clave": "0027PP0027",
                "calle": "RUTA PROVINCIAL Nº58 - CUARTEL VIII",
                "nro": "S/N",
                "telefono": "15-54-0069",
                "email": "ep27chascomus@gmail.com",
                "sector": "Estatal",
                "dependencia": "Oficial",
                "ambito": "Rural Disperso",
                "modalidad": "Educación Común",
                "nivel": "Nivel Primario",
                "matricula": "20",
                "emoji": "📚",
                "fill-opacity": ""
            }
        },
        {
            "type": "Feature",
            "geometry": {
                "type": "Point",
                "coordinates": [
                    -57.726401,
                    -35.729413,
                    0
                ]
            },
            "properties": {
                "description": {
                    "@type": "html",
                    "value": "Descripción: <br>nombre: ESCUELA DE EDUCACIÓN PRIMARIA Nº30 \"MARIANO MOLLA VILLANUEVA\"<br>clave: 0027PP0030<br>calle: CUARTEL VIII<br>nro: S/N<br>telefono: 53-9503<br>email: primaria30chascomus@abc.gob.ar<br>sector: Estatal<br>dependencia: Oficial<br>ambito: Rural Disperso<br>modalidad: Educación Común<br>nivel: Nivel Primario<br>matricula: 7<br>emoji: 📚<br>styleUrl: <br>fill-opacity: "
                },
                "styleUrl": "",
                "label-scale": 0,
                "icon-opacity": 1,
                "icon-color": "#0288d1",
                "icon-scale": 1,
                "icon-offset": [
                    32,
                    64
                ],
                "icon-offset-units": [
                    "pixels",
                    "insetPixels"
                ],
                "icon": "https://www.gstatic.com/mapspro/images/stock/503-wht-blank_maps.png",
                "Descripción": "",
                "nombre": "ESCUELA DE EDUCACIÓN PRIMARIA Nº30 \"MARIANO MOLLA VILLANUEVA\"",
                "clave": "0027PP0030",
                "calle": "CUARTEL VIII",
                "nro": "S/N",
                "telefono": "53-9503",
                "email": "primaria30chascomus@abc.gob.ar",
                "sector": "Estatal",
                "dependencia": "Oficial",
                "ambito": "Rural Disperso",
                "modalidad": "Educación Común",
                "nivel": "Nivel Primario",
                "matricula": "7",
                "emoji": "📚",
                "fill-opacity": ""
            }
        },
        {
            "type": "Feature",
            "geometry": {
                "type": "Point",
                "coordinates": [
                    -58.017579,
                    -35.626853,
                    0
                ]
            },
            "properties": {
                "description": {
                    "@type": "html",
                    "value": "Descripción: <br>nombre: ESCUELA DE EDUCACIÓN PRIMARIA Nº31 \"DEAN GREGORIO FUNES\"<br>clave: 0027PP0031<br>calle: BARRIO PARQUE GIRADO<br>nro: S/N<br>telefono: 56-0791<br>email: primaria31chascomus@abc.gob.ar<br>sector: Estatal<br>dependencia: Oficial<br>ambito: Rural Agrupado<br>modalidad: Educación Común<br>nivel: Nivel Primario<br>matricula: 52<br>emoji: 📚<br>styleUrl: <br>fill-opacity: "
                },
                "styleUrl": "",
                "label-scale": 0,
                "icon-opacity": 1,
                "icon-color": "#0288d1",
                "icon-scale": 1,
                "icon-offset": [
                    32,
                    64
                ],
                "icon-offset-units": [
                    "pixels",
                    "insetPixels"
                ],
                "icon": "https://www.gstatic.com/mapspro/images/stock/503-wht-blank_maps.png",
                "Descripción": "",
                "nombre": "ESCUELA DE EDUCACIÓN PRIMARIA Nº31 \"DEAN GREGORIO FUNES\"",
                "clave": "0027PP0031",
                "calle": "BARRIO PARQUE GIRADO",
                "nro": "S/N",
                "telefono": "56-0791",
                "email": "primaria31chascomus@abc.gob.ar",
                "sector": "Estatal",
                "dependencia": "Oficial",
                "ambito": "Rural Agrupado",
                "modalidad": "Educación Común",
                "nivel": "Nivel Primario",
                "matricula": "52",
                "emoji": "📚",
                "fill-opacity": ""
            }
        },
        {
            "type": "Feature",
            "geometry": {
                "type": "Point",
                "coordinates": [
                    -58.069769,
                    -35.769336,
                    0
                ]
            },
            "properties": {
                "description": {
                    "@type": "html",
                    "value": "Descripción: <br>nombre: ESCUELA DE EDUCACIÓN PRIMARIA Nº34 \"HIPÓLITO YRIGOYEN\"<br>clave: 0027PP0034<br>calle: CUARTEL X<br>nro: S/N<br>telefono: 40-0066<br>email: primaria34chascomus@abc.gob.ar<br>sector: Estatal<br>dependencia: Oficial<br>ambito: Rural Disperso<br>modalidad: Educación Común<br>nivel: Nivel Primario<br>matricula: 23<br>emoji: 📚<br>styleUrl: <br>fill-opacity: "
                },
                "styleUrl": "",
                "label-scale": 0,
                "icon-opacity": 1,
                "icon-color": "#0288d1",
                "icon-scale": 1,
                "icon-offset": [
                    32,
                    64
                ],
                "icon-offset-units": [
                    "pixels",
                    "insetPixels"
                ],
                "icon": "https://www.gstatic.com/mapspro/images/stock/503-wht-blank_maps.png",
                "Descripción": "",
                "nombre": "ESCUELA DE EDUCACIÓN PRIMARIA Nº34 \"HIPÓLITO YRIGOYEN\"",
                "clave": "0027PP0034",
                "calle": "CUARTEL X",
                "nro": "S/N",
                "telefono": "40-0066",
                "email": "primaria34chascomus@abc.gob.ar",
                "sector": "Estatal",
                "dependencia": "Oficial",
                "ambito": "Rural Disperso",
                "modalidad": "Educación Común",
                "nivel": "Nivel Primario",
                "matricula": "23",
                "emoji": "📚",
                "fill-opacity": ""
            }
        },
        {
            "type": "Feature",
            "geometry": {
                "type": "Point",
                "coordinates": [
                    -57.549162,
                    -35.558613,
                    0
                ]
            },
            "properties": {
                "description": {
                    "@type": "html",
                    "value": "Descripción: <br>nombre: ESCUELA DE EDUCACIÓN PRIMARIA Nº37 \"ISLAS MALVINAS\"<br>clave: 0027PP0037<br>calle: CUARTEL VIII COMTE GIRIBONE<br>nro: S/N<br>telefono: 53-4807<br>email: primaria37chascomus@abc.gob.ar<br>sector: Estatal<br>dependencia: Oficial<br>ambito: Rural Disperso<br>modalidad: Educación Común<br>nivel: Nivel Primario<br>matricula: 2<br>emoji: 📚<br>styleUrl: <br>fill-opacity: "
                },
                "styleUrl": "",
                "label-scale": 0,
                "icon-opacity": 1,
                "icon-color": "#0288d1",
                "icon-scale": 1,
                "icon-offset": [
                    32,
                    64
                ],
                "icon-offset-units": [
                    "pixels",
                    "insetPixels"
                ],
                "icon": "https://www.gstatic.com/mapspro/images/stock/503-wht-blank_maps.png",
                "Descripción": "",
                "nombre": "ESCUELA DE EDUCACIÓN PRIMARIA Nº37 \"ISLAS MALVINAS\"",
                "clave": "0027PP0037",
                "calle": "CUARTEL VIII COMTE GIRIBONE",
                "nro": "S/N",
                "telefono": "53-4807",
                "email": "primaria37chascomus@abc.gob.ar",
                "sector": "Estatal",
                "dependencia": "Oficial",
                "ambito": "Rural Disperso",
                "modalidad": "Educación Común",
                "nivel": "Nivel Primario",
                "matricula": "2",
                "emoji": "📚",
                "fill-opacity": ""
            }
        },
        {
            "type": "Feature",
            "geometry": {
                "type": "Point",
                "coordinates": [
                    -57.993766,
                    -35.469151,
                    0
                ]
            },
            "properties": {
                "description": {
                    "@type": "html",
                    "value": "Descripción: <br>nombre: ESCUELA DE EDUCACIÓN PRIMARIA Nº38 \"PAULA ALBARRACIN DE SARMIENTO\"<br>clave: 0027PP0038<br>calle: CUARTEL VI<br>nro: S/N<br>telefono: 15-46-7410<br>email: primaria38chascomus@abc.gob.ar<br>sector: Estatal<br>dependencia: Oficial<br>ambito: Rural Disperso<br>modalidad: Educación Común<br>nivel: Nivel Primario<br>matricula: 9<br>emoji: 📚<br>styleUrl: <br>fill-opacity: "
                },
                "styleUrl": "",
                "label-scale": 0,
                "icon-opacity": 1,
                "icon-color": "#0288d1",
                "icon-scale": 1,
                "icon-offset": [
                    32,
                    64
                ],
                "icon-offset-units": [
                    "pixels",
                    "insetPixels"
                ],
                "icon": "https://www.gstatic.com/mapspro/images/stock/503-wht-blank_maps.png",
                "Descripción": "",
                "nombre": "ESCUELA DE EDUCACIÓN PRIMARIA Nº38 \"PAULA ALBARRACIN DE SARMIENTO\"",
                "clave": "0027PP0038",
                "calle": "CUARTEL VI",
                "nro": "S/N",
                "telefono": "15-46-7410",
                "email": "primaria38chascomus@abc.gob.ar",
                "sector": "Estatal",
                "dependencia": "Oficial",
                "ambito": "Rural Disperso",
                "modalidad": "Educación Común",
                "nivel": "Nivel Primario",
                "matricula": "9",
                "emoji": "📚",
                "fill-opacity": ""
            }
        },
        {
            "type": "Feature",
            "geometry": {
                "type": "Point",
                "coordinates": [
                    -58.137524,
                    -35.673841,
                    0
                ]
            },
            "properties": {
                "description": {
                    "@type": "html",
                    "value": "Descripción: <br>nombre: ESCUELA DE EDUCACIÓN PRIMARIA Nº41 \"CEFERINO NAMUNCURA\"<br>clave: 0027PP0041<br>calle: CUARTEL XI<br>nro: S/N<br>telefono: 49-6727<br>email: primaria41chascomus@abc.gob.ar<br>sector: Estatal<br>dependencia: Oficial<br>ambito: Rural Disperso<br>modalidad: Educación Común<br>nivel: Nivel Primario<br>matricula: 4<br>emoji: 📚<br>styleUrl: <br>fill-opacity: "
                },
                "styleUrl": "",
                "label-scale": 0,
                "icon-opacity": 1,
                "icon-color": "#0288d1",
                "icon-scale": 1,
                "icon-offset": [
                    32,
                    64
                ],
                "icon-offset-units": [
                    "pixels",
                    "insetPixels"
                ],
                "icon": "https://www.gstatic.com/mapspro/images/stock/503-wht-blank_maps.png",
                "Descripción": "",
                "nombre": "ESCUELA DE EDUCACIÓN PRIMARIA Nº41 \"CEFERINO NAMUNCURA\"",
                "clave": "0027PP0041",
                "calle": "CUARTEL XI",
                "nro": "S/N",
                "telefono": "49-6727",
                "email": "primaria41chascomus@abc.gob.ar",
                "sector": "Estatal",
                "dependencia": "Oficial",
                "ambito": "Rural Disperso",
                "modalidad": "Educación Común",
                "nivel": "Nivel Primario",
                "matricula": "4",
                "emoji": "📚",
                "fill-opacity": ""
            }
        },
        {
            "type": "Feature",
            "geometry": {
                "type": "Point",
                "coordinates": [
                    -58.013143,
                    -35.532219,
                    0
                ]
            },
            "properties": {
                "description": {
                    "@type": "html",
                    "value": "Descripción: <br>nombre: ESCUELA DE EDUCACIÓN PRIMARIA Nº45 \"JOSÉ MANUEL ESTRADA\"<br>clave: 0027PP0045<br>calle: LUIS CANÉ<br>nro: 225<br>telefono: 15-57-6433<br>email: ep45chascomus@gmail.com<br>sector: Estatal<br>dependencia: Oficial<br>ambito: Rural Agrupado<br>modalidad: Educación Común<br>nivel: Nivel Primario<br>matricula: 160<br>emoji: 📚<br>styleUrl: <br>fill-opacity: "
                },
                "styleUrl": "",
                "label-scale": 0,
                "icon-opacity": 1,
                "icon-color": "#0288d1",
                "icon-scale": 1,
                "icon-offset": [
                    32,
                    64
                ],
                "icon-offset-units": [
                    "pixels",
                    "insetPixels"
                ],
                "icon": "https://www.gstatic.com/mapspro/images/stock/503-wht-blank_maps.png",
                "Descripción": "",
                "nombre": "ESCUELA DE EDUCACIÓN PRIMARIA Nº45 \"JOSÉ MANUEL ESTRADA\"",
                "clave": "0027PP0045",
                "calle": "LUIS CANÉ",
                "nro": "225",
                "telefono": "15-57-6433",
                "email": "ep45chascomus@gmail.com",
                "sector": "Estatal",
                "dependencia": "Oficial",
                "ambito": "Rural Agrupado",
                "modalidad": "Educación Común",
                "nivel": "Nivel Primario",
                "matricula": "160",
                "emoji": "📚",
                "fill-opacity": ""
            }
        },
        {
            "type": "Feature",
            "geometry": {
                "type": "Point",
                "coordinates": [
                    -57.485568,
                    -35.688604,
                    0
                ]
            },
            "properties": {
                "description": {
                    "@type": "html",
                    "value": "Descripción: <br>nombre: ESCUELA DE EDUCACIÓN PRIMARIA Nº47 \"MARIANO MORENO\"<br>clave: 0027PP0047<br>calle: CUARTEL VIII<br>nro: S/N<br>telefono: 57-2068<br>email: ep47chascomus@gmail.com<br>sector: Estatal<br>dependencia: Oficial<br>ambito: Rural Disperso<br>modalidad: Educación Común<br>nivel: Nivel Primario<br>matricula: 5<br>emoji: 📚<br>styleUrl: <br>fill-opacity: "
                },
                "styleUrl": "",
                "label-scale": 0,
                "icon-opacity": 1,
                "icon-color": "#0288d1",
                "icon-scale": 1,
                "icon-offset": [
                    32,
                    64
                ],
                "icon-offset-units": [
                    "pixels",
                    "insetPixels"
                ],
                "icon": "https://www.gstatic.com/mapspro/images/stock/503-wht-blank_maps.png",
                "Descripción": "",
                "nombre": "ESCUELA DE EDUCACIÓN PRIMARIA Nº47 \"MARIANO MORENO\"",
                "clave": "0027PP0047",
                "calle": "CUARTEL VIII",
                "nro": "S/N",
                "telefono": "57-2068",
                "email": "ep47chascomus@gmail.com",
                "sector": "Estatal",
                "dependencia": "Oficial",
                "ambito": "Rural Disperso",
                "modalidad": "Educación Común",
                "nivel": "Nivel Primario",
                "matricula": "5",
                "emoji": "📚",
                "fill-opacity": ""
            }
        },
        {
            "type": "Feature",
            "geometry": {
                "type": "Point",
                "coordinates": [
                    -58.28569,
                    -35.78882,
                    0
                ]
            },
            "properties": {
                "description": {
                    "@type": "html",
                    "value": "Descripción: <br>nombre: ESCUELA DE EDUCACIÓN PRIMARIA Nº53 \"ALEJANDRA CERNADAS\"<br>clave: 0027PP0053<br>calle: CIRC. X SECC. RURAL PARCELA 1007 D<br>nro: S/N<br>telefono: 15-46-0135<br>email: primaria53chascomus@abc.gob.ar<br>sector: Estatal<br>dependencia: Oficial<br>ambito: Rural Disperso<br>modalidad: Educación Común<br>nivel: Nivel Primario<br>matricula: 6<br>emoji: 📚<br>styleUrl: <br>fill-opacity: "
                },
                "styleUrl": "",
                "label-scale": 0,
                "icon-opacity": 1,
                "icon-color": "#0288d1",
                "icon-scale": 1,
                "icon-offset": [
                    32,
                    64
                ],
                "icon-offset-units": [
                    "pixels",
                    "insetPixels"
                ],
                "icon": "https://www.gstatic.com/mapspro/images/stock/503-wht-blank_maps.png",
                "Descripción": "",
                "nombre": "ESCUELA DE EDUCACIÓN PRIMARIA Nº53 \"ALEJANDRA CERNADAS\"",
                "clave": "0027PP0053",
                "calle": "CIRC. X SECC. RURAL PARCELA 1007 D",
                "nro": "S/N",
                "telefono": "15-46-0135",
                "email": "primaria53chascomus@abc.gob.ar",
                "sector": "Estatal",
                "dependencia": "Oficial",
                "ambito": "Rural Disperso",
                "modalidad": "Educación Común",
                "nivel": "Nivel Primario",
                "matricula": "6",
                "emoji": "📚",
                "fill-opacity": ""
            }
        },
        {
            "type": "Feature",
            "geometry": {
                "type": "Point",
                "coordinates": [
                    -58.004847,
                    -35.576881,
                    0
                ]
            },
            "properties": {
                "description": {
                    "@type": "html",
                    "value": "Descripción: <br>nombre: ESCUELA DE EDUCACIÓN PRIMARIA Nº55<br>clave: 0027PP0055<br>calle: PRESIDENTE RAUL  ALFONSIN<br>nro: 588<br>telefono: 43-6556<br>email: escuelanormalep55@outlook.es<br>sector: Estatal<br>dependencia: Oficial<br>ambito: Urbano<br>modalidad: Educación Común<br>nivel: Nivel Primario<br>matricula: 434<br>emoji: 📚<br>styleUrl: <br>fill-opacity: "
                },
                "styleUrl": "",
                "label-scale": 0,
                "icon-opacity": 1,
                "icon-color": "#0288d1",
                "icon-scale": 1,
                "icon-offset": [
                    32,
                    64
                ],
                "icon-offset-units": [
                    "pixels",
                    "insetPixels"
                ],
                "icon": "https://www.gstatic.com/mapspro/images/stock/503-wht-blank_maps.png",
                "Descripción": "",
                "nombre": "ESCUELA DE EDUCACIÓN PRIMARIA Nº55",
                "clave": "0027PP0055",
                "calle": "PRESIDENTE RAUL  ALFONSIN",
                "nro": "588",
                "telefono": "43-6556",
                "email": "escuelanormalep55@outlook.es",
                "sector": "Estatal",
                "dependencia": "Oficial",
                "ambito": "Urbano",
                "modalidad": "Educación Común",
                "nivel": "Nivel Primario",
                "matricula": "434",
                "emoji": "📚",
                "fill-opacity": ""
            }
        },
        {
            "type": "Feature",
            "geometry": {
                "type": "Point",
                "coordinates": [
                    -57.994224,
                    -35.568257,
                    0
                ]
            },
            "properties": {
                "description": {
                    "@type": "html",
                    "value": "Descripción: <br>nombre: JARDÍN MUNICIPAL Nº1<br>clave: 3027JI1489<br>calle: STO.CABRAL<br>nro: S/N<br>telefono: 43-1100<br>email: jardinmaternalcamezaga@hotmail.com<br>sector: Estatal<br>dependencia: Municipal<br>ambito: Urbano<br>modalidad: Educación Común<br>nivel: Nivel Inicial<br>matricula: 212<br>emoji: 🌱<br>styleUrl: <br>fill-opacity: "
                },
                "styleUrl": "",
                "label-scale": 0,
                "icon-opacity": 1,
                "icon-color": "#0288d1",
                "icon-scale": 1,
                "icon-offset": [
                    32,
                    64
                ],
                "icon-offset-units": [
                    "pixels",
                    "insetPixels"
                ],
                "icon": "https://www.gstatic.com/mapspro/images/stock/503-wht-blank_maps.png",
                "Descripción": "",
                "nombre": "JARDÍN MUNICIPAL Nº1",
                "clave": "3027JI1489",
                "calle": "STO.CABRAL",
                "nro": "S/N",
                "telefono": "43-1100",
                "email": "jardinmaternalcamezaga@hotmail.com",
                "sector": "Estatal",
                "dependencia": "Municipal",
                "ambito": "Urbano",
                "modalidad": "Educación Común",
                "nivel": "Nivel Inicial",
                "matricula": "212",
                "emoji": "🌱",
                "fill-opacity": ""
            }
        },
        {
            "type": "Feature",
            "geometry": {
                "type": "Point",
                "coordinates": [
                    -58.015177,
                    -35.555739,
                    0
                ]
            },
            "properties": {
                "description": {
                    "@type": "html",
                    "value": "Descripción: <br>nombre: ESB JUAN GALO DE LAVALLE<br>clave: 3027MS6941<br>calle: JULIAN QUINTANA<br>nro: 1167<br>telefono: 43-1147<br>email: escuelasecundariamunicipal@gmail.com<br>sector: Estatal<br>dependencia: Municipal<br>ambito: Urbano<br>modalidad: Educación Común<br>nivel: Nivel Secundario<br>matricula: 415<br>emoji: 🎓<br>styleUrl: <br>fill-opacity: "
                },
                "styleUrl": "",
                "label-scale": 0,
                "icon-opacity": 1,
                "icon-color": "#0288d1",
                "icon-scale": 1,
                "icon-offset": [
                    32,
                    64
                ],
                "icon-offset-units": [
                    "pixels",
                    "insetPixels"
                ],
                "icon": "https://www.gstatic.com/mapspro/images/stock/503-wht-blank_maps.png",
                "Descripción": "",
                "nombre": "ESB JUAN GALO DE LAVALLE",
                "clave": "3027MS6941",
                "calle": "JULIAN QUINTANA",
                "nro": "1167",
                "telefono": "43-1147",
                "email": "escuelasecundariamunicipal@gmail.com",
                "sector": "Estatal",
                "dependencia": "Municipal",
                "ambito": "Urbano",
                "modalidad": "Educación Común",
                "nivel": "Nivel Secundario",
                "matricula": "415",
                "emoji": "🎓",
                "fill-opacity": ""
            }
        },
        {
            "type": "Feature",
            "geometry": {
                "type": "Point",
                "coordinates": [
                    -58.01609,
                    -35.579597,
                    0
                ]
            },
            "properties": {
                "description": {
                    "@type": "html",
                    "value": "Descripción: <br>nombre: ESCUELA MUNICIPAL Nº1 \"JUAN GALO DE LAVALLE\"<br>clave: 3027PP0803<br>calle: SAN MARTÍN E/ SANTA FE Y MUÑIZ<br>nro: 405<br>telefono: 43-0924<br>email: epmunicipal1@gmail.com<br>sector: Estatal<br>dependencia: Municipal<br>ambito: Urbano<br>modalidad: Educación Común<br>nivel: Nivel Primario<br>matricula: 287<br>emoji: 📚<br>styleUrl: <br>fill-opacity: "
                },
                "styleUrl": "",
                "label-scale": 0,
                "icon-opacity": 1,
                "icon-color": "#0288d1",
                "icon-scale": 1,
                "icon-offset": [
                    32,
                    64
                ],
                "icon-offset-units": [
                    "pixels",
                    "insetPixels"
                ],
                "icon": "https://www.gstatic.com/mapspro/images/stock/503-wht-blank_maps.png",
                "Descripción": "",
                "nombre": "ESCUELA MUNICIPAL Nº1 \"JUAN GALO DE LAVALLE\"",
                "clave": "3027PP0803",
                "calle": "SAN MARTÍN E/ SANTA FE Y MUÑIZ",
                "nro": "405",
                "telefono": "43-0924",
                "email": "epmunicipal1@gmail.com",
                "sector": "Estatal",
                "dependencia": "Municipal",
                "ambito": "Urbano",
                "modalidad": "Educación Común",
                "nivel": "Nivel Primario",
                "matricula": "287",
                "emoji": "📚",
                "fill-opacity": ""
            }
        },
        {
            "type": "Feature",
            "geometry": {
                "type": "Point",
                "coordinates": [
                    -58.015812,
                    -35.555618,
                    0
                ]
            },
            "properties": {
                "description": {
                    "@type": "html",
                    "value": "Descripción: <br>nombre: ESCUELA MUNICIPAL Nº2 \"HIPOLITO BOUCHARD\"<br>clave: 3027PP1364<br>calle: ALVEAR E/ LOS CEDROS Y LOS ROBLES<br>nro: 1160<br>telefono: 43-0616<br>email: escuelamunicipal2@yahoo.com.ar<br>sector: Estatal<br>dependencia: Municipal<br>ambito: Urbano<br>modalidad: Educación Común<br>nivel: Nivel Primario<br>matricula: 285<br>emoji: 📚<br>styleUrl: <br>fill-opacity: "
                },
                "styleUrl": "",
                "label-scale": 0,
                "icon-opacity": 1,
                "icon-color": "#0288d1",
                "icon-scale": 1,
                "icon-offset": [
                    32,
                    64
                ],
                "icon-offset-units": [
                    "pixels",
                    "insetPixels"
                ],
                "icon": "https://www.gstatic.com/mapspro/images/stock/503-wht-blank_maps.png",
                "Descripción": "",
                "nombre": "ESCUELA MUNICIPAL Nº2 \"HIPOLITO BOUCHARD\"",
                "clave": "3027PP1364",
                "calle": "ALVEAR E/ LOS CEDROS Y LOS ROBLES",
                "nro": "1160",
                "telefono": "43-0616",
                "email": "escuelamunicipal2@yahoo.com.ar",
                "sector": "Estatal",
                "dependencia": "Municipal",
                "ambito": "Urbano",
                "modalidad": "Educación Común",
                "nivel": "Nivel Primario",
                "matricula": "285",
                "emoji": "📚",
                "fill-opacity": ""
            }
        },
        {
            "type": "Feature",
            "geometry": {
                "type": "Point",
                "coordinates": [
                    -58.000474,
                    -35.568948,
                    0
                ]
            },
            "properties": {
                "description": {
                    "@type": "html",
                    "value": "Descripción: <br>nombre: ESCUELA MUNICIPAL FEDERICO WENCESLAO GANDARA<br>clave: 3027PP2401<br>calle: INMIGRANTES ARABES<br>nro: 396<br>telefono: 43-0943<br>email: federicowgandara@hotmail.com<br>sector: Estatal<br>dependencia: Municipal<br>ambito: Urbano<br>modalidad: Educación Común<br>nivel: Nivel Primario<br>matricula: 134<br>emoji: 📚<br>styleUrl: <br>fill-opacity: "
                },
                "styleUrl": "",
                "label-scale": 0,
                "icon-opacity": 1,
                "icon-color": "#0288d1",
                "icon-scale": 1,
                "icon-offset": [
                    32,
                    64
                ],
                "icon-offset-units": [
                    "pixels",
                    "insetPixels"
                ],
                "icon": "https://www.gstatic.com/mapspro/images/stock/503-wht-blank_maps.png",
                "Descripción": "",
                "nombre": "ESCUELA MUNICIPAL FEDERICO WENCESLAO GANDARA",
                "clave": "3027PP2401",
                "calle": "INMIGRANTES ARABES",
                "nro": "396",
                "telefono": "43-0943",
                "email": "federicowgandara@hotmail.com",
                "sector": "Estatal",
                "dependencia": "Municipal",
                "ambito": "Urbano",
                "modalidad": "Educación Común",
                "nivel": "Nivel Primario",
                "matricula": "134",
                "emoji": "📚",
                "fill-opacity": ""
            }
        },
        {
            "type": "Feature",
            "geometry": {
                "type": "Point",
                "coordinates": [
                    -58.010206,
                    -35.574351,
                    0
                ]
            },
            "properties": {
                "description": {
                    "@type": "html",
                    "value": "Descripción: <br>nombre: JARDINDE INFANTES CORAZON DE MARIA<br>clave: 4027JI1693<br>calle: REMEDIOS DE ESCALADA<br>nro: 45<br>telefono: 42-4277<br>email: jardincorazondemaria1693@gmail.com<br>sector: Privado<br>dependencia: Privada<br>ambito: Urbano<br>modalidad: Educación Común<br>nivel: Nivel Inicial<br>matricula: 188<br>emoji: 🌱<br>styleUrl: <br>fill-opacity: "
                },
                "styleUrl": "",
                "label-scale": 0,
                "icon-opacity": 1,
                "icon-color": "#0288d1",
                "icon-scale": 1,
                "icon-offset": [
                    32,
                    64
                ],
                "icon-offset-units": [
                    "pixels",
                    "insetPixels"
                ],
                "icon": "https://www.gstatic.com/mapspro/images/stock/503-wht-blank_maps.png",
                "Descripción": "",
                "nombre": "JARDINDE INFANTES CORAZON DE MARIA",
                "clave": "4027JI1693",
                "calle": "REMEDIOS DE ESCALADA",
                "nro": "45",
                "telefono": "42-4277",
                "email": "jardincorazondemaria1693@gmail.com",
                "sector": "Privado",
                "dependencia": "Privada",
                "ambito": "Urbano",
                "modalidad": "Educación Común",
                "nivel": "Nivel Inicial",
                "matricula": "188",
                "emoji": "🌱",
                "fill-opacity": ""
            }
        },
        {
            "type": "Feature",
            "geometry": {
                "type": "Point",
                "coordinates": [
                    -58.013588,
                    -35.565979,
                    0
                ]
            },
            "properties": {
                "description": {
                    "@type": "html",
                    "value": "Descripción: <br>nombre: JARDÍN DE INFANTES PORTAL DE BELEN<br>clave: 4027JI2051<br>calle: 26 DE JULIO Y QUINTANA<br>nro: 107<br>telefono: 42-6227<br>email: portaldebelen2051@hotmail.com<br>sector: Privado<br>dependencia: Privada<br>ambito: Urbano<br>modalidad: Educación Común<br>nivel: Nivel Inicial<br>matricula: 79<br>emoji: 🌱<br>styleUrl: <br>fill-opacity: "
                },
                "styleUrl": "",
                "label-scale": 0,
                "icon-opacity": 1,
                "icon-color": "#0288d1",
                "icon-scale": 1,
                "icon-offset": [
                    32,
                    64
                ],
                "icon-offset-units": [
                    "pixels",
                    "insetPixels"
                ],
                "icon": "https://www.gstatic.com/mapspro/images/stock/503-wht-blank_maps.png",
                "Descripción": "",
                "nombre": "JARDÍN DE INFANTES PORTAL DE BELEN",
                "clave": "4027JI2051",
                "calle": "26 DE JULIO Y QUINTANA",
                "nro": "107",
                "telefono": "42-6227",
                "email": "portaldebelen2051@hotmail.com",
                "sector": "Privado",
                "dependencia": "Privada",
                "ambito": "Urbano",
                "modalidad": "Educación Común",
                "nivel": "Nivel Inicial",
                "matricula": "79",
                "emoji": "🌱",
                "fill-opacity": ""
            }
        },
        {
            "type": "Feature",
            "geometry": {
                "type": "Point",
                "coordinates": [
                    -58.002532,
                    -35.571023,
                    0
                ]
            },
            "properties": {
                "description": {
                    "@type": "html",
                    "value": "Descripción: <br>nombre: JARDÍN DE INFANTES LA MEDALLA MILAGROSA<br>clave: 4027JI2152<br>calle: BELBEZE E/ RICO Y GRITO DE DOLORES<br>nro: 297<br>telefono: 43-0204<br>email: nuchit2@hotmail.com.ar<br>sector: Privado<br>dependencia: Privada<br>ambito: Urbano<br>modalidad: Educación Común<br>nivel: Nivel Inicial<br>matricula: 29<br>emoji: 📚<br>styleUrl: <br>fill-opacity: "
                },
                "styleUrl": "",
                "label-scale": 0,
                "icon-opacity": 1,
                "icon-color": "#0288d1",
                "icon-scale": 1,
                "icon-offset": [
                    32,
                    64
                ],
                "icon-offset-units": [
                    "pixels",
                    "insetPixels"
                ],
                "icon": "https://www.gstatic.com/mapspro/images/stock/503-wht-blank_maps.png",
                "Descripción": "",
                "nombre": "JARDÍN DE INFANTES LA MEDALLA MILAGROSA",
                "clave": "4027JI2152",
                "calle": "BELBEZE E/ RICO Y GRITO DE DOLORES",
                "nro": "297",
                "telefono": "43-0204",
                "email": "nuchit2@hotmail.com.ar",
                "sector": "Privado",
                "dependencia": "Privada",
                "ambito": "Urbano",
                "modalidad": "Educación Común",
                "nivel": "Nivel Inicial",
                "matricula": "29",
                "emoji": "📚",
                "fill-opacity": ""
            }
        },
        {
            "type": "Feature",
            "geometry": {
                "type": "Point",
                "coordinates": [
                    -58.012442,
                    -35.578015,
                    0
                ]
            },
            "properties": {
                "description": {
                    "@type": "html",
                    "value": "Descripción: <br>nombre: INSTITUTO DIVINO CORAZON<br>clave: 4027MS4167<br>calle: ALSINA<br>nro: 33<br>telefono: 42-2709<br>email: idcsecundaria@yahoo.com.ar<br>sector: Privado<br>dependencia: Privada<br>ambito: Urbano<br>modalidad: Educación Común<br>nivel: Nivel Secundario<br>matricula: 400<br>emoji: 🎓<br>styleUrl: <br>fill-opacity: "
                },
                "styleUrl": "",
                "label-scale": 0,
                "icon-opacity": 1,
                "icon-color": "#0288d1",
                "icon-scale": 1,
                "icon-offset": [
                    32,
                    64
                ],
                "icon-offset-units": [
                    "pixels",
                    "insetPixels"
                ],
                "icon": "https://www.gstatic.com/mapspro/images/stock/503-wht-blank_maps.png",
                "Descripción": "",
                "nombre": "INSTITUTO DIVINO CORAZON",
                "clave": "4027MS4167",
                "calle": "ALSINA",
                "nro": "33",
                "telefono": "42-2709",
                "email": "idcsecundaria@yahoo.com.ar",
                "sector": "Privado",
                "dependencia": "Privada",
                "ambito": "Urbano",
                "modalidad": "Educación Común",
                "nivel": "Nivel Secundario",
                "matricula": "400",
                "emoji": "🎓",
                "fill-opacity": ""
            }
        },
        {
            "type": "Feature",
            "geometry": {
                "type": "Point",
                "coordinates": [
                    -58.010143,
                    -35.574729,
                    0
                ]
            },
            "properties": {
                "description": {
                    "@type": "html",
                    "value": "Descripción: <br>nombre: INSTITUTO CORAZON DE MARIA<br>clave: 4027MS4168<br>calle: SOLER<br>nro: 14<br>telefono: 42-2092<br>email: icmchas@hotmail.com<br>sector: Privado<br>dependencia: Privada<br>ambito: Urbano<br>modalidad: Educación Común<br>nivel: Nivel Secundario<br>matricula: 561<br>emoji: 🎓<br>styleUrl: <br>fill-opacity: "
                },
                "styleUrl": "",
                "label-scale": 0,
                "icon-opacity": 1,
                "icon-color": "#0288d1",
                "icon-scale": 1,
                "icon-offset": [
                    32,
                    64
                ],
                "icon-offset-units": [
                    "pixels",
                    "insetPixels"
                ],
                "icon": "https://www.gstatic.com/mapspro/images/stock/503-wht-blank_maps.png",
                "Descripción": "",
                "nombre": "INSTITUTO CORAZON DE MARIA",
                "clave": "4027MS4168",
                "calle": "SOLER",
                "nro": "14",
                "telefono": "42-2092",
                "email": "icmchas@hotmail.com",
                "sector": "Privado",
                "dependencia": "Privada",
                "ambito": "Urbano",
                "modalidad": "Educación Común",
                "nivel": "Nivel Secundario",
                "matricula": "561",
                "emoji": "🎓",
                "fill-opacity": ""
            }
        },
        {
            "type": "Feature",
            "geometry": {
                "type": "Point",
                "coordinates": [
                    -58.01569,
                    -35.557278,
                    0
                ]
            },
            "properties": {
                "description": {
                    "@type": "html",
                    "value": "Descripción: <br>nombre: NUESTRA SEÑORA DE LUJAN<br>clave: 4027MS7935<br>calle: SCALABRINI ORTIZ<br>nro: 137<br>telefono: 42-5508<br>email: colegiosecundariolujan@hotmail.com<br>sector: Privado<br>dependencia: Privada<br>ambito: Urbano<br>modalidad: Educación Común<br>nivel: Nivel Secundario<br>matricula: 197<br>emoji: 🎓<br>styleUrl: <br>fill-opacity: "
                },
                "styleUrl": "",
                "label-scale": 0,
                "icon-opacity": 1,
                "icon-color": "#0288d1",
                "icon-scale": 1,
                "icon-offset": [
                    32,
                    64
                ],
                "icon-offset-units": [
                    "pixels",
                    "insetPixels"
                ],
                "icon": "https://www.gstatic.com/mapspro/images/stock/503-wht-blank_maps.png",
                "Descripción": "",
                "nombre": "NUESTRA SEÑORA DE LUJAN",
                "clave": "4027MS7935",
                "calle": "SCALABRINI ORTIZ",
                "nro": "137",
                "telefono": "42-5508",
                "email": "colegiosecundariolujan@hotmail.com",
                "sector": "Privado",
                "dependencia": "Privada",
                "ambito": "Urbano",
                "modalidad": "Educación Común",
                "nivel": "Nivel Secundario",
                "matricula": "197",
                "emoji": "🎓",
                "fill-opacity": ""
            }
        },
        {
            "type": "Feature",
            "geometry": {
                "type": "Point",
                "coordinates": [
                    -58.010122,
                    -35.574877,
                    0
                ]
            },
            "properties": {
                "description": {
                    "@type": "html",
                    "value": "Descripción: <br>nombre: ESCUELA CORAZON DE MARIA<br>clave: 4027PP0154<br>calle: SOLER<br>nro: 14<br>telefono: 42-4277<br>email: icmchas154@outlook.com<br>sector: Privado<br>dependencia: Privada<br>ambito: Urbano<br>modalidad: Educación Común<br>nivel: Nivel Primario<br>matricula: 515<br>emoji: 📚<br>styleUrl: <br>fill-opacity: "
                },
                "styleUrl": "",
                "label-scale": 0,
                "icon-opacity": 1,
                "icon-color": "#0288d1",
                "icon-scale": 1,
                "icon-offset": [
                    32,
                    64
                ],
                "icon-offset-units": [
                    "pixels",
                    "insetPixels"
                ],
                "icon": "https://www.gstatic.com/mapspro/images/stock/503-wht-blank_maps.png",
                "Descripción": "",
                "nombre": "ESCUELA CORAZON DE MARIA",
                "clave": "4027PP0154",
                "calle": "SOLER",
                "nro": "14",
                "telefono": "42-4277",
                "email": "icmchas154@outlook.com",
                "sector": "Privado",
                "dependencia": "Privada",
                "ambito": "Urbano",
                "modalidad": "Educación Común",
                "nivel": "Nivel Primario",
                "matricula": "515",
                "emoji": "📚",
                "fill-opacity": ""
            }
        },
        {
            "type": "Feature",
            "geometry": {
                "type": "Point",
                "coordinates": [
                    -58.012418,
                    -35.578135,
                    0
                ]
            },
            "properties": {
                "description": {
                    "@type": "html",
                    "value": "Descripción: <br>nombre: COLEGIO DIVINO CORAZON<br>clave: 4027PP0156<br>calle: ALSINA<br>nro: 33<br>telefono: 42-2709<br>email: divinocorazonch@hotmail.com<br>sector: Privado<br>dependencia: Privada<br>ambito: Urbano<br>modalidad: Educación Común<br>nivel: Nivel Inicial<br>matricula: 80<br>emoji: 🌱<br>styleUrl: <br>fill-opacity: "
                },
                "styleUrl": "",
                "label-scale": 0,
                "icon-opacity": 1,
                "icon-color": "#0288d1",
                "icon-scale": 1,
                "icon-offset": [
                    32,
                    64
                ],
                "icon-offset-units": [
                    "pixels",
                    "insetPixels"
                ],
                "icon": "https://www.gstatic.com/mapspro/images/stock/503-wht-blank_maps.png",
                "Descripción": "",
                "nombre": "COLEGIO DIVINO CORAZON",
                "clave": "4027PP0156",
                "calle": "ALSINA",
                "nro": "33",
                "telefono": "42-2709",
                "email": "divinocorazonch@hotmail.com",
                "sector": "Privado",
                "dependencia": "Privada",
                "ambito": "Urbano",
                "modalidad": "Educación Común",
                "nivel": "Nivel Inicial",
                "matricula": "80",
                "emoji": "🌱",
                "fill-opacity": ""
            }
        },
        {
            "type": "Feature",
            "geometry": {
                "type": "Point",
                "coordinates": [
                    -58.015842,
                    -35.557288,
                    0
                ]
            },
            "properties": {
                "description": {
                    "@type": "html",
                    "value": "Descripción: <br>nombre: COLEGIO NUESTRA SEÑORA DE LUJAN<br>clave: 4027PP2745<br>calle: SCALABRINI ORTIZ Y ALVEAR<br>nro: 137<br>telefono: 42-5508<br>email: n.s.lujan@hotmail.com<br>sector: Privado<br>dependencia: Privada<br>ambito: Urbano<br>modalidad: Educación Común<br>nivel: Nivel Primario<br>matricula: 206<br>emoji: 📚<br>styleUrl: <br>fill-opacity: "
                },
                "styleUrl": "",
                "label-scale": 0,
                "icon-opacity": 1,
                "icon-color": "#0288d1",
                "icon-scale": 1,
                "icon-offset": [
                    32,
                    64
                ],
                "icon-offset-units": [
                    "pixels",
                    "insetPixels"
                ],
                "icon": "https://www.gstatic.com/mapspro/images/stock/503-wht-blank_maps.png",
                "Descripción": "",
                "nombre": "COLEGIO NUESTRA SEÑORA DE LUJAN",
                "clave": "4027PP2745",
                "calle": "SCALABRINI ORTIZ Y ALVEAR",
                "nro": "137",
                "telefono": "42-5508",
                "email": "n.s.lujan@hotmail.com",
                "sector": "Privado",
                "dependencia": "Privada",
                "ambito": "Urbano",
                "modalidad": "Educación Común",
                "nivel": "Nivel Primario",
                "matricula": "206",
                "emoji": "📚",
                "fill-opacity": ""
            }
        }
    ]
}
