{"type":"FeatureCollection","features":[{"type":"Feature","properties":{"CCA":"027060H000000000000000001000","ARA1":45987.36,"SAG":"ARBA","PARTIDO":"027","CIRC":6,"SECC":"H","CHACRA":null,"CHACRA_L":null,"QUINTA":null,"QUINTA_L":null,"FRACCION":1,"FRACC_L":null,"NOMENCLA":"Circ. VI - Secc. H - Fr. 1"},"geometry":{"type":"Polygon","coordinates":[[[-57.76894580299338,-35.48912848898136],[-57.76799004006467,-35.49004802457827],[-57.767991254593774,-35.49011562847749],[-57.76882615456523,-35.49069001999134],[-57.76969959749025,-35.49130539717765],[-57.770555979165245,-35.491916668271415],[-57.770646264011425,-35.491910948284946],[-57.77160735312683,-35.49101374694008],[-57.7716059936441,-35.49093532731783],[-57.770742651109046,-35.49032483607609],[-57.769867583120366,-35.48970853528338],[-57.76905606331228,-35.4891373767969],[-57.76894580299338,-35.48912848898136]]]}},{"type":"Feature","properties":{"CCA":"027060H000000000000000002000","ARA1":47081.62,"SAG":"ARBA","PARTIDO":"027","CIRC":6,"SECC":"H","CHACRA":null,"CHACRA_L":null,"QUINTA":null,"QUINTA_L":null,"FRACCION":2,"FRACC_L":null,"NOMENCLA":"Circ. VI - Secc. H - Fr. 2"},"geometry":{"type":"Polygon","coordinates":[[[-57.76781831634872,-35.49022569436588],[-57.76771857041169,-35.49023096682715],[-57.76672789740408,-35.49113299533461],[-57.76672960327755,-35.4912186300205],[-57.76754363403041,-35.49181463042258],[-57.76847272075182,-35.4924897070978],[-57.769233466690324,-35.49304524294928],[-57.769336341045815,-35.49305047975093],[-57.77034457777812,-35.49213073291598],[-57.77033923141502,-35.49206107024867],[-57.76956024727704,-35.491495742646755],[-57.768631740002434,-35.49081969383586],[-57.76781831634872,-35.49022569436588]]]}},{"type":"Feature","properties":{"CCA":"027060H000000000000000003000","ARA1":47080.66,"SAG":"ARBA","PARTIDO":"027","CIRC":6,"SECC":"H","CHACRA":null,"CHACRA_L":null,"QUINTA":null,"QUINTA_L":null,"FRACCION":3,"FRACC_L":null,"NOMENCLA":"Circ. VI - Secc. H - Fr. 3"},"geometry":{"type":"Polygon","coordinates":[[[-57.76650361576262,-35.49133843451699],[-57.766403966072154,-35.491344158187154],[-57.76541736943635,-35.49224913422639],[-57.76541951187424,-35.49233486708996],[-57.766236258586474,-35.49292831344023],[-57.76716851191153,-35.49360048517592],[-57.7679317460481,-35.49415373243608],[-57.768034631637406,-35.494158610146705],[-57.769038686994996,-35.49323573383161],[-57.76903300887705,-35.49316615510776],[-57.76825142397711,-35.49260320392118],[-57.76731975027862,-35.491930060055985],[-57.76650361576262,-35.49133843451699]]]}},{"type":"Feature","properties":{"CCA":"027060H000000000000000004000","ARA1":134784.76,"SAG":"ARBA","PARTIDO":"027","CIRC":6,"SECC":"H","CHACRA":null,"CHACRA_L":null,"QUINTA":null,"QUINTA_L":null,"FRACCION":4,"FRACC_L":null,"NOMENCLA":"Circ. VI - Secc. H - Fr. 4"},"geometry":{"type":"Polygon","coordinates":[[[-57.7670318469337,-35.493765106162705],[-57.766088891167755,-35.4930695772515],[-57.765353682192874,-35.49252368615713],[-57.76523609798298,-35.492524480994724],[-57.76303224893461,-35.49447222693476],[-57.76303319054161,-35.49456938126342],[-57.76382872320565,-35.49515713395895],[-57.76476689121342,-35.49585060932971],[-57.76566710304199,-35.496510755152286],[-57.76649766757848,-35.49712004493974],[-57.766610079946396,-35.49711924332089],[-57.768786662640395,-35.495149121666],[-57.768785966816615,-35.49507071438391],[-57.76795025695362,-35.49444836942006],[-57.7670318469337,-35.493765106162705]]]}},{"type":"Feature","properties":{"CCA":"027060H000000000000000005000","ARA1":18119.34,"SAG":"ARBA","PARTIDO":"027","CIRC":6,"SECC":"H","CHACRA":null,"CHACRA_L":null,"QUINTA":null,"QUINTA_L":null,"FRACCION":5,"FRACC_L":null,"NOMENCLA":"Circ. VI - Secc. H - Fr. 5"},"geometry":{"type":"Polygon","coordinates":[[[-57.769069108668184,-35.49524310370638],[-57.768979570993814,-35.49524955712883],[-57.768645938367754,-35.495552096475194],[-57.76674640390801,-35.49732532285291],[-57.76723097660568,-35.49765670335179],[-57.76912532615827,-35.495907522531844],[-57.76950270090498,-35.49556118716379],[-57.76935558529958,-35.495450335951254],[-57.76918745654331,-35.49532639057368],[-57.769069108668184,-35.49524310370638]]]}},{"type":"Feature","properties":{"CCA":"027020D000000000000000005000","ARA1":69639.59,"SAG":"ARBA","PARTIDO":"027","CIRC":2,"SECC":"D","CHACRA":null,"CHACRA_L":null,"QUINTA":null,"QUINTA_L":null,"FRACCION":5,"FRACC_L":null,"NOMENCLA":"Circ. II - Secc. D - Fr. 5"},"geometry":{"type":"Polygon","coordinates":[[[-58.0002993215105,-35.58031198176117],[-57.99915762922088,-35.58013127790196],[-57.99875922619829,-35.582288875832454],[-57.99766864422002,-35.58215442272151],[-57.997553506669384,-35.58277797477967],[-57.99783228501272,-35.582511100968176],[-58.003404144814276,-35.58298905893416],[-58.00348417223065,-35.5826359752053],[-58.002131785339685,-35.582431622503236],[-58.002340303440434,-35.581511163336025],[-58.00012824879843,-35.581238465456146],[-58.0002993215105,-35.58031198176117]]]}},{"type":"Feature","properties":{"CCA":"027020A000100000000000001000","ARA1":49499.17,"SAG":"ARBA","PARTIDO":"027","CIRC":2,"SECC":"A","CHACRA":1,"CHACRA_L":null,"QUINTA":null,"QUINTA_L":null,"FRACCION":1,"FRACC_L":null,"NOMENCLA":"Circ. II - Secc. A - Ch. 1 - Fr. 1"},"geometry":{"type":"Polygon","coordinates":[[[-58.03688434250449,-35.55620138661808],[-58.035659979236314,-35.555130363087095],[-58.03351722840275,-35.55745691595579],[-58.034925871410685,-35.55832460763196],[-58.03688434250449,-35.55620138661808]]]}},{"type":"Feature","properties":{"CCA":"027020A000100000000000003000","ARA1":79052.38,"SAG":"ARBA","PARTIDO":"027","CIRC":2,"SECC":"A","CHACRA":1,"CHACRA_L":null,"QUINTA":null,"QUINTA_L":null,"FRACCION":3,"FRACC_L":null,"NOMENCLA":"Circ. II - Secc. A - Ch. 1 - Fr. 3"},"geometry":{"type":"Polygon","coordinates":[[[-58.03544378222646,-35.56038239392011],[-58.03824371698126,-35.55734470338945],[-58.037008184396285,-35.556291624063206],[-58.03404121385668,-35.55950813866339],[-58.03382775110385,-35.55973687684206],[-58.03376048694143,-35.559808860867655],[-58.03369276851313,-35.55988137811771],[-58.033626180922155,-35.559952742312504],[-58.03355868932202,-35.56002499284464],[-58.03349164954499,-35.56009680014517],[-58.033424040861746,-35.560169319024034],[-58.033298794599,-35.560303435514754],[-58.0335569792104,-35.560320624589814],[-58.03362700298528,-35.560325281480885],[-58.033826172081014,-35.56033862348969],[-58.03393373991601,-35.56034578505331],[-58.03404461263367,-35.56035309054341],[-58.034155703646576,-35.560360489604975],[-58.03426591280195,-35.560367874181026],[-58.03437414214612,-35.56037504614171],[-58.03448501276334,-35.56038244130582],[-58.03459555269961,-35.56038983097553],[-58.03470378211681,-35.56039700264194],[-58.03504344054174,-35.5604196622578],[-58.035149785058024,-35.560427253356806],[-58.03538772469771,-35.560442576547544],[-58.03544378222646,-35.56038239392011]]]}},{"type":"Feature","properties":{"CCA":"027020A000100000000000004000","ARA1":50540.94,"SAG":"ARBA","PARTIDO":"027","CIRC":2,"SECC":"A","CHACRA":1,"CHACRA_L":null,"QUINTA":null,"QUINTA_L":null,"FRACCION":4,"FRACC_L":null,"NOMENCLA":"Circ. II - Secc. A - Ch. 1 - Fr. 4"},"geometry":{"type":"Polygon","coordinates":[[[-58.0383570010545,-35.55744747353937],[-58.03557023442605,-35.56046979180792],[-58.037438704255464,-35.56059620240113],[-58.03890266603293,-35.559229592706835],[-58.038872555066135,-35.55787218454077],[-58.0383570010545,-35.55744747353937]]]}},{"type":"Feature","properties":{"CCA":"027020B003000000000000001000","ARA1":66837.76,"SAG":"ARBA","PARTIDO":"027","CIRC":2,"SECC":"B","CHACRA":30,"CHACRA_L":null,"QUINTA":null,"QUINTA_L":null,"FRACCION":1,"FRACC_L":null,"NOMENCLA":"Circ. II - Secc. B - Ch. 30 - Fr. 1"},"geometry":{"type":"Polygon","coordinates":[[[-58.01176248020268,-35.54425637254113],[-58.01085277207272,-35.54414845843881],[-58.01029365388999,-35.54408182920615],[-58.00973453452984,-35.544015287484086],[-58.008801865270804,-35.54390427548764],[-58.008565317360635,-35.54408455765405],[-58.006953048927826,-35.54531353751602],[-58.0085208013118,-35.54672690943405],[-58.010157237319774,-35.545479474350856],[-58.010560326847965,-35.545172175916164],[-58.011043984364974,-35.54480348719649],[-58.01176248020268,-35.54425637254113]]]}},{"type":"Feature","properties":{"CCA":"027020B003000000000000002000","ARA1":111041.24,"SAG":"ARBA","PARTIDO":"027","CIRC":2,"SECC":"B","CHACRA":30,"CHACRA_L":null,"QUINTA":null,"QUINTA_L":null,"FRACCION":2,"FRACC_L":null,"NOMENCLA":"Circ. II - Secc. B - Ch. 30 - Fr. 2"},"geometry":{"type":"Polygon","coordinates":[[[-58.01473499107133,-35.54461454053339],[-58.01247736901676,-35.54434187380829],[-58.01191824778748,-35.5442752520289],[-58.01139380725412,-35.54467499119927],[-58.00857238261281,-35.5468258039051],[-58.00994634727512,-35.54802968880716],[-58.01008582422065,-35.54815923018076],[-58.01303933897045,-35.545906029451395],[-58.01473499107133,-35.54461454053339]],[[-58.014105935239385,-35.54563533627211],[-58.015299343857585,-35.545028258838975],[-58.01484491347146,-35.54462364995178],[-58.01173043414339,-35.54700075986757],[-58.01270471104269,-35.54645515538405],[-58.014105935239385,-35.54563533627211]]]}},{"type":"Feature","properties":{"CCA":"027020B003000000000000003000","ARA1":15446.01,"SAG":"ARBA","PARTIDO":"027","CIRC":2,"SECC":"B","CHACRA":30,"CHACRA_L":null,"QUINTA":null,"QUINTA_L":null,"FRACCION":3,"FRACC_L":null,"NOMENCLA":"Circ. II - Secc. B - Ch. 30 - Fr. 3"},"geometry":{"type":"Polygon","coordinates":[[[-58.010011591387205,-35.549132750481355],[-58.01294588706026,-35.546895906484544],[-58.012947601158324,-35.5468577270521],[-58.01267843352202,-35.546621880792344],[-58.012631715661,-35.54662056987856],[-58.009697201601774,-35.54885740272301],[-58.00969570631129,-35.54889558568579],[-58.0099648699376,-35.549131528563834],[-58.010011591387205,-35.549132750481355]]]}},{"type":"Feature","properties":{"CCA":"027020B003000000000000005000","ARA1":26191.64,"SAG":"ARBA","PARTIDO":"027","CIRC":2,"SECC":"B","CHACRA":30,"CHACRA_L":null,"QUINTA":null,"QUINTA_L":null,"FRACCION":5,"FRACC_L":null,"NOMENCLA":"Circ. II - Secc. B - Ch. 30 - Fr. 5"},"geometry":{"type":"Polygon","coordinates":[[[-58.01317548202025,-35.55049121301683],[-58.012416083919234,-35.549825828619376],[-58.01236925399052,-35.54982451572688],[-58.011405927166,-35.5505589024488],[-58.01044247258527,-35.551293278995],[-58.01044230020333,-35.55133148379469],[-58.01120037231646,-35.551996858583465],[-58.01124709324426,-35.551998170151535],[-58.01221054954591,-35.55126378728754],[-58.013173878089646,-35.55052939424869],[-58.01317415937511,-35.550491191215066],[-58.01317548202025,-35.55049121301683]]]}},{"type":"Feature","properties":{"CCA":"027020B003100000000000002000","ARA1":44364.28,"SAG":"ARBA","PARTIDO":"027","CIRC":2,"SECC":"B","CHACRA":31,"CHACRA_L":null,"QUINTA":null,"QUINTA_L":null,"FRACCION":2,"FRACC_L":null,"NOMENCLA":"Circ. II - Secc. B - Ch. 31 - Fr. 2"},"geometry":{"type":"Polygon","coordinates":[[[-58.00707202417274,-35.54495244178205],[-58.00635557868464,-35.54486751347298],[-58.005911985397105,-35.54481520999496],[-58.00546839053266,-35.544762994977624],[-58.00502481194405,-35.54471014781754],[-58.00458121838995,-35.54465792957079],[-58.004170608642475,-35.54460949986308],[-58.004133993340545,-35.54463214260013],[-58.00406068323394,-35.545156554038854],[-58.004010362881225,-35.54551409757228],[-58.003960777770565,-35.54587309503104],[-58.00373318699122,-35.547501350198715],[-58.00375336472142,-35.54751024503473],[-58.005138718736305,-35.546454175008805],[-58.00549552427741,-35.54618244325693],[-58.00552587336495,-35.546159065648126],[-58.00605506110032,-35.54575618722532],[-58.0064685163046,-35.54544060367549],[-58.00708019587732,-35.54497420385967],[-58.00707202417274,-35.54495244178205]]]}},{"type":"Feature","properties":{"CCA":"027020B003000000000000004000","ARA1":41103.43,"SAG":"ARBA","PARTIDO":"027","CIRC":2,"SECC":"B","CHACRA":30,"CHACRA_L":null,"QUINTA":null,"QUINTA_L":null,"FRACCION":4,"FRACC_L":null,"NOMENCLA":"Circ. II - Secc. B - Ch. 30 - Fr. 4"},"geometry":{"type":"Polygon","coordinates":[[[-58.01035964631289,-35.549763695968316],[-58.01036202530463,-35.549725437472],[-58.00964596949318,-35.549078773912825],[-58.0095992636764,-35.54907692132543],[-58.00637859664115,-35.551458530446254],[-58.00637621566802,-35.55149678879041],[-58.00709215460826,-35.55214346956091],[-58.007138972318856,-35.5521453249976],[-58.01035964631289,-35.549763695968316]]]}},{"type":"Feature","properties":{"CCA":"027110K000000000000000003000","ARA1":326039.36,"SAG":"ARBA","PARTIDO":"027","CIRC":11,"SECC":"K","CHACRA":null,"CHACRA_L":null,"QUINTA":null,"QUINTA_L":null,"FRACCION":3,"FRACC_L":null,"NOMENCLA":"Circ. XI - Secc. K - Fr. 3"},"geometry":{"type":"Polygon","coordinates":[[[-58.07745529745583,-35.53920292267784],[-58.0759470109551,-35.53969421975519],[-58.07555035356286,-35.540523512331376],[-58.07545294786767,-35.54077022044887],[-58.07680535307349,-35.54121182322437],[-58.081049155876784,-35.54217346997922],[-58.08919178647936,-35.543583960922504],[-58.09205177957285,-35.54294538641149],[-58.103167337734604,-35.54524244743802],[-58.10264748234881,-35.54481109060029],[-58.10170475872986,-35.54483472756111],[-58.096055651722914,-35.542068170228646],[-58.08810932171971,-35.54265340402591],[-58.08257023948468,-35.540830557633164],[-58.07745529745583,-35.53920292267784]]]}},{"type":"Feature","properties":{"CCA":"027020B005000000000000002000","ARA1":6928.47,"SAG":"ARBA","PARTIDO":"027","CIRC":2,"SECC":"B","CHACRA":50,"CHACRA_L":null,"QUINTA":null,"QUINTA_L":null,"FRACCION":2,"FRACC_L":null,"NOMENCLA":"Circ. II - Secc. B - Ch. 50 - Fr. 2"},"geometry":{"type":"Polygon","coordinates":[[[-58.00667127703588,-35.56531695188272],[-58.00664676830019,-35.56548712873453],[-58.00663331529025,-35.56558053270056],[-58.00662028000284,-35.565670429200395],[-58.00660707641556,-35.565762665828196],[-58.00659457575723,-35.56584878645658],[-58.00658165953688,-35.565938324468355],[-58.00656966227026,-35.566021930278794],[-58.0065563460747,-35.56611425514389],[-58.00654463841666,-35.56619507226412],[-58.00653118066655,-35.56628865635107],[-58.006519461790035,-35.56636992384098],[-58.006506547606435,-35.566459371756785],[-58.00649376595056,-35.56654792074093],[-58.006480303598615,-35.56664168496358],[-58.006467795926866,-35.566728075783644],[-58.00645247986486,-35.56683433491622],[-58.00678792195873,-35.566880974613774],[-58.006808657316704,-35.5667740841682],[-58.00682469997355,-35.566691896930784],[-58.00684290680859,-35.566598030909915],[-58.00686035395798,-35.56650811725251],[-58.00687766627548,-35.56641919259403],[-58.00689472905773,-35.56633143526169],[-58.00691216715149,-35.566241881890136],[-58.006928969201134,-35.56615574225539],[-58.00694565427494,-35.56606987101836],[-58.006961462746624,-35.5659882205495],[-58.00697939965245,-35.5658963324957],[-58.00699684645984,-35.565806418798786],[-58.00701416290114,-35.56571731395069],[-58.00702995782954,-35.56563620391517],[-58.00704879565463,-35.565539104239576],[-58.00708230889599,-35.56536601238925],[-58.00708252937677,-35.56536601603531],[-58.0070993421722,-35.56527942597699],[-58.007116143771455,-35.56519328629015],[-58.00713296541012,-35.56510633592151],[-58.00670829944476,-35.5650601139114],[-58.00669617885502,-35.56514425838231],[-58.00668312587915,-35.56523487550129],[-58.00667127703588,-35.56531695188272]]]}},{"type":"Feature","properties":{"CCA":"027080A000000000000000001000","ARA1":8130.77,"SAG":"ARBA","PARTIDO":"027","CIRC":8,"SECC":"A","CHACRA":null,"CHACRA_L":null,"QUINTA":null,"QUINTA_L":null,"FRACCION":1,"FRACC_L":null,"NOMENCLA":"Circ. VIII - Secc. A - Fr. 1"},"geometry":{"type":"Polygon","coordinates":[[[-57.72665452590436,-35.725379110180704],[-57.726615805267244,-35.72538072101516],[-57.726430286782886,-35.72566798222932],[-57.726330996515024,-35.72582171613883],[-57.72623737095451,-35.725966636679836],[-57.72708852313356,-35.72670257173132],[-57.72718069740409,-35.726562038236494],[-57.727270008309574,-35.726428929248634],[-57.727376114295204,-35.72627640460299],[-57.72747912398357,-35.72613949957711],[-57.727476278837514,-35.726095745009616],[-57.7272171693168,-35.725869731798994],[-57.72705380842845,-35.72572734269744],[-57.72692570978794,-35.72561562470562],[-57.72679082014959,-35.72549792141956],[-57.72665452590436,-35.725379110180704]]]}},{"type":"Feature","properties":{"CCA":"027020F014100000000000001000","ARA1":539836.91,"SAG":"ARBA","PARTIDO":"027","CIRC":2,"SECC":"F","CHACRA":141,"CHACRA_L":null,"QUINTA":null,"QUINTA_L":null,"FRACCION":1,"FRACC_L":null,"NOMENCLA":"Circ. II - Secc. F - Ch. 141 - Fr. 1"},"geometry":{"type":"Polygon","coordinates":[[[-57.96318365238698,-35.5562959474146],[-57.95892274014798,-35.55941777066958],[-57.95840910308855,-35.55964696464554],[-57.95146043413475,-35.56448678945051],[-57.952521970069945,-35.565273117161496],[-57.953760441490786,-35.566158498732264],[-57.95367558658597,-35.56675863988149],[-57.954454942784544,-35.566846843923706],[-57.95575434878074,-35.566993967779105],[-57.95636985406463,-35.56706361042381],[-57.95695588731927,-35.56712995683637],[-57.95808286862516,-35.56725755187992],[-57.960783268443635,-35.56233985757205],[-57.96225985690551,-35.562534062812354],[-57.96318365238698,-35.5562959474146]]]}},{"type":"Feature","properties":{"CCA":"027020E012400000000000001000","ARA1":89236.08,"SAG":"ARBA","PARTIDO":"027","CIRC":2,"SECC":"E","CHACRA":124,"CHACRA_L":null,"QUINTA":null,"QUINTA_L":null,"FRACCION":1,"FRACC_L":null,"NOMENCLA":"Circ. II - Secc. E - Ch. 124 - Fr. 1"},"geometry":{"type":"Polygon","coordinates":[[[-57.96483751551406,-35.57907041954783],[-57.96474250643044,-35.579629756847886],[-57.96825568752999,-35.58266848565434],[-57.968687476028,-35.58272361512174],[-57.969227221429826,-35.57956998942762],[-57.96483751551406,-35.57907041954783]]]}},{"type":"Feature","properties":{"CCA":"027020E012400000000000002000","ARA1":43735.92,"SAG":"ARBA","PARTIDO":"027","CIRC":2,"SECC":"E","CHACRA":124,"CHACRA_L":null,"QUINTA":null,"QUINTA_L":null,"FRACCION":2,"FRACC_L":null,"NOMENCLA":"Circ. II - Secc. E - Ch. 124 - Fr. 2"},"geometry":{"type":"Polygon","coordinates":[[[-57.96467183290098,-35.5798638433221],[-57.96423398713002,-35.582096429342926],[-57.968021767210075,-35.58263183049668],[-57.96467183290098,-35.5798638433221]]]}},{"type":"Feature","properties":{"CCA":"027020E012500000000000001000","ARA1":98289.8,"SAG":"ARBA","PARTIDO":"027","CIRC":2,"SECC":"E","CHACRA":125,"CHACRA_L":null,"QUINTA":null,"QUINTA_L":null,"FRACCION":1,"FRACC_L":null,"NOMENCLA":"Circ. II - Secc. E - Ch. 125 - Fr. 1"},"geometry":{"type":"Polygon","coordinates":[[[-57.960306540115226,-35.57824588149772],[-57.960165819951655,-35.578884099158685],[-57.963003608315645,-35.58191388493675],[-57.96404953644615,-35.58204915823973],[-57.96456570376729,-35.57947664505114],[-57.963838625003795,-35.57874302051711],[-57.960306540115226,-35.57824588149772]]]}},{"type":"Feature","properties":{"CCA":"027020E012500000000000002000","ARA1":3655.39,"SAG":"ARBA","PARTIDO":"027","CIRC":2,"SECC":"E","CHACRA":125,"CHACRA_L":null,"QUINTA":null,"QUINTA_L":null,"FRACCION":2,"FRACC_L":null,"NOMENCLA":"Circ. II - Secc. E - Ch. 125 - Fr. 2"},"geometry":{"type":"Polygon","coordinates":[[[-57.96303540422382,-35.5820347208223],[-57.96391418261632,-35.582890130892515],[-57.964042479815994,-35.58218844091772],[-57.96303540422382,-35.5820347208223]]]}},{"type":"Feature","properties":{"CCA":"027030B000000000000000006000","ARA1":1172266.27,"SAG":"ARBA","PARTIDO":"027","CIRC":3,"SECC":"B","CHACRA":null,"CHACRA_L":null,"QUINTA":null,"QUINTA_L":null,"FRACCION":6,"FRACC_L":null,"NOMENCLA":"Circ. III - Secc. B - Fr. 6"},"geometry":{"type":"Polygon","coordinates":[[[-57.963296259773664,-35.590313128468296],[-57.94979710845967,-35.6006189123642],[-57.95347718681137,-35.604043699742995],[-57.95827410131566,-35.60263737486168],[-57.96079570793105,-35.60108125294654],[-57.96802131694419,-35.59607802221248],[-57.96919784570421,-35.59577229033653],[-57.963296259773664,-35.590313128468296]]]}},{"type":"Feature","properties":{"CCA":"027020B002800000000000002000","ARA1":136815.13,"SAG":"ARBA","PARTIDO":"027","CIRC":2,"SECC":"B","CHACRA":28,"CHACRA_L":null,"QUINTA":null,"QUINTA_L":null,"FRACCION":2,"FRACC_L":null,"NOMENCLA":"Circ. II - Secc. B - Ch. 28 - Fr. 2"},"geometry":{"type":"Polygon","coordinates":[[[-57.99818518870208,-35.53849831920855],[-57.99544061863957,-35.54037814141256],[-57.99514086907698,-35.5418828968951],[-57.999499114916595,-35.5424134332248],[-58.00014836156404,-35.53883665404464],[-57.99818518870208,-35.53849831920855]]]}},{"type":"Feature","properties":{"CCA":"027020D009500000000000001000","ARA1":39190.85,"SAG":"ARBA","PARTIDO":"027","CIRC":2,"SECC":"D","CHACRA":95,"CHACRA_L":null,"QUINTA":null,"QUINTA_L":null,"FRACCION":1,"FRACC_L":null,"NOMENCLA":"Circ. II - Secc. D - Ch. 95 - Fr. 1"},"geometry":{"type":"Polygon","coordinates":[[[-57.98742078401381,-35.583604339386035],[-57.98733681316166,-35.58408124871619],[-57.98768917473609,-35.584124170114244],[-57.98779431059074,-35.58413700973692],[-57.98785556803765,-35.58414443069187],[-57.98790427559406,-35.58415083103022],[-57.988012685661644,-35.58416507681536],[-57.988122416696996,-35.58417943467266],[-57.988230057250675,-35.58419357730217],[-57.98834616345647,-35.58420885240815],[-57.988522183841674,-35.58423233659797],[-57.98865434379746,-35.584249681652786],[-57.98878430527586,-35.584266719530255],[-57.988896014633546,-35.58428138004446],[-57.9890048639031,-35.58429572238372],[-57.989117014411654,-35.58431039005718],[-57.989227844036925,-35.584324945470996],[-57.98935109763211,-35.584341149899664],[-57.98946918458482,-35.58435663720632],[-57.98989941160887,-35.58226466632695],[-57.98877559699656,-35.58212327063111],[-57.98869123998534,-35.582602787952545],[-57.98865729970996,-35.58279542058063],[-57.98809617810387,-35.58272847095],[-57.98758616086722,-35.58266471518844],[-57.98750386465296,-35.58313210087902],[-57.98742078401381,-35.583604339386035]]]}},{"type":"Feature","properties":{"CCA":"027030B000000000000000005000","ARA1":2587639.33,"SAG":"ARBA","PARTIDO":"027","CIRC":3,"SECC":"B","CHACRA":null,"CHACRA_L":null,"QUINTA":null,"QUINTA_L":null,"FRACCION":5,"FRACC_L":null,"NOMENCLA":"Circ. III - Secc. B - Fr. 5"},"geometry":{"type":"Polygon","coordinates":[[[-57.961770981129696,-35.58111096520103],[-57.95655091675267,-35.58489758987755],[-57.95350871833797,-35.58213406597677],[-57.940296371327506,-35.59185470713808],[-57.94966774771831,-35.60049983711789],[-57.96565701654466,-35.58845446528268],[-57.967931739312675,-35.58674812218056],[-57.96612869979583,-35.58515922616678],[-57.963197084683785,-35.58246701377727],[-57.961770981129696,-35.58111096520103]]]}},{"type":"Feature","properties":{"CCA":"027020D010000000000000002000","ARA1":31975.68,"SAG":"ARBA","PARTIDO":"027","CIRC":2,"SECC":"D","CHACRA":100,"CHACRA_L":null,"QUINTA":null,"QUINTA_L":null,"FRACCION":2,"FRACC_L":null,"NOMENCLA":"Circ. II - Secc. D - Ch. 100 - Fr. 2"},"geometry":{"type":"Polygon","coordinates":[[[-57.98443964576474,-35.58842710236678],[-57.984135831994145,-35.58840516847743],[-57.98409266451472,-35.58842850593438],[-57.98402141503725,-35.58860825744242],[-57.983953462895904,-35.58877968371445],[-57.98381502920482,-35.58913537971703],[-57.983683394412,-35.58947505937046],[-57.98407705131037,-35.58957896729749],[-57.98447160727041,-35.58968225821255],[-57.98487017249335,-35.58978408301464],[-57.98526060345264,-35.58988477925646],[-57.98565603575957,-35.589988441432496],[-57.98608960037197,-35.590102471790445],[-57.98618570271349,-35.589564671199334],[-57.98624633002383,-35.5892274963658],[-57.98635874652498,-35.588606434905415],[-57.98633013708301,-35.588568290148054],[-57.98600616054023,-35.588545303073126],[-57.98578662829515,-35.58852775588406],[-57.985679063115185,-35.58851919916101],[-57.985349476784876,-35.588495575863654],[-57.98484927390365,-35.58845702309519],[-57.98443964576474,-35.58842710236678]]]}},{"type":"Feature","properties":{"CCA":"027050A000000000000000013000","ARA1":5920.62,"SAG":"ARBA","PARTIDO":"027","CIRC":5,"SECC":"A","CHACRA":null,"CHACRA_L":null,"QUINTA":null,"QUINTA_L":null,"FRACCION":13,"FRACC_L":null,"NOMENCLA":"Circ. V - Secc. A - Fr. 13"},"geometry":{"type":"Polygon","coordinates":[[[-58.02268139491481,-35.507433265164316],[-58.02225143252911,-35.50773620392683],[-58.02213454619001,-35.507819804341],[-58.022021370113904,-35.50790040164455],[-58.02190505842398,-35.50798302000708],[-58.02178454262264,-35.5080662901946],[-58.021665231737536,-35.50814985036231],[-58.021307929849684,-35.50840171194677],[-58.021327664228515,-35.508432854432215],[-58.021536604734656,-35.50849179215075],[-58.02165878882645,-35.508529211086454],[-58.02177290490797,-35.50856307325394],[-58.02190039697651,-35.50859976800093],[-58.022006967213585,-35.50863125334727],[-58.02209737250393,-35.508656796348475],[-58.02214061292966,-35.5086417357378],[-58.022280120187425,-35.50832340112633],[-58.022324796194304,-35.508222846609584],[-58.02237559512803,-35.50811977920057],[-58.022419497542145,-35.50801930206913],[-58.02246569367846,-35.507915167891625],[-58.02251373182444,-35.507807819823825],[-58.02268139491481,-35.507433265164316]]]}},{"type":"Feature","properties":{"CCA":"027020F014100000000000002000","ARA1":88035.72,"SAG":"ARBA","PARTIDO":"027","CIRC":2,"SECC":"F","CHACRA":141,"CHACRA_L":null,"QUINTA":null,"QUINTA_L":null,"FRACCION":2,"FRACC_L":null,"NOMENCLA":"Circ. II - Secc. F - Ch. 141 - Fr. 2"},"geometry":{"type":"Polygon","coordinates":[[[-57.95322573127406,-35.56672820202713],[-57.953306500299334,-35.5663061415823],[-57.95255241463102,-35.5657625774473],[-57.95108888627049,-35.56464285328104],[-57.951100722494594,-35.5646327818501],[-57.9491213372868,-35.56280779405244],[-57.948558808820586,-35.5662285682436],[-57.94885269082286,-35.566259973231254],[-57.95322573127406,-35.56672820202713]]]}},{"type":"Feature","properties":{"CCA":"027020B001400000000000001000","ARA1":68379.22,"SAG":"ARBA","PARTIDO":"027","CIRC":2,"SECC":"B","CHACRA":14,"CHACRA_L":null,"QUINTA":null,"QUINTA_L":null,"FRACCION":1,"FRACC_L":null,"NOMENCLA":"Circ. II - Secc. B - Ch. 14 - Fr. 1"},"geometry":{"type":"Polygon","coordinates":[[[-58.00170245548946,-35.527499335226096],[-57.997956866811656,-35.53029709542054],[-58.0003385267228,-35.531270366694315],[-58.00116078829479,-35.531395110819254],[-58.00170245548946,-35.527499335226096]]]}},{"type":"Feature","properties":{"CCA":"027020B002800000000000001000","ARA1":8161.89,"SAG":"ARBA","PARTIDO":"027","CIRC":2,"SECC":"B","CHACRA":28,"CHACRA_L":null,"QUINTA":null,"QUINTA_L":null,"FRACCION":1,"FRACC_L":null,"NOMENCLA":"Circ. II - Secc. B - Ch. 28 - Fr. 1"},"geometry":{"type":"Polygon","coordinates":[[[-57.99576005995666,-35.5382499548956],[-57.99554170803453,-35.539545833456515],[-57.99698143662014,-35.53842533816795],[-57.99576005995666,-35.5382499548956]]]}},{"type":"Feature","properties":{"CCA":"027020C005700000000000002000","ARA1":1158.52,"SAG":"ARBA","PARTIDO":"027","CIRC":2,"SECC":"C","CHACRA":57,"CHACRA_L":null,"QUINTA":null,"QUINTA_L":null,"FRACCION":2,"FRACC_L":null,"NOMENCLA":"Circ. II - Secc. C - Ch. 57 - Fr. 2"},"geometry":{"type":"Polygon","coordinates":[[[-57.989610097943114,-35.54432653949803],[-57.98907633614544,-35.54470223462393],[-57.989520580668454,-35.544820662965456],[-57.989610097943114,-35.54432653949803]]]}},{"type":"Feature","properties":{"CCA":"027020C005700000000000001000","ARA1":131568.06,"SAG":"ARBA","PARTIDO":"027","CIRC":2,"SECC":"C","CHACRA":57,"CHACRA_L":null,"QUINTA":null,"QUINTA_L":null,"FRACCION":1,"FRACC_L":null,"NOMENCLA":"Circ. II - Secc. C - Ch. 57 - Fr. 1"},"geometry":{"type":"Polygon","coordinates":[[[-57.98546852606741,-35.541123298917064],[-57.98501675437118,-35.54372566296597],[-57.988372991903375,-35.54460137825369],[-57.989101871492,-35.544094764528914],[-57.989696657976296,-35.543681428828485],[-57.98979445600571,-35.54314698286552],[-57.990075705714474,-35.54161021472693],[-57.98773834882445,-35.54136324138773],[-57.98546852606741,-35.541123298917064]]]}},{"type":"Feature","properties":{"CCA":"027030B000000000000000002000","ARA1":30157.02,"SAG":"ARBA","PARTIDO":"027","CIRC":3,"SECC":"B","CHACRA":null,"CHACRA_L":null,"QUINTA":null,"QUINTA_L":null,"FRACCION":2,"FRACC_L":null,"NOMENCLA":"Circ. III - Secc. B - Fr. 2"},"geometry":{"type":"Polygon","coordinates":[[[-57.9655460604245,-35.614097615118666],[-57.9649829586069,-35.61506787598474],[-57.9664797023239,-35.61646572309819],[-57.96742217048795,-35.61483359680254],[-57.9655460604245,-35.614097615118666]]]}},{"type":"Feature","properties":{"CCA":"027030B000000000000000003000","ARA1":65186.92,"SAG":"ARBA","PARTIDO":"027","CIRC":3,"SECC":"B","CHACRA":null,"CHACRA_L":null,"QUINTA":null,"QUINTA_L":null,"FRACCION":3,"FRACC_L":null,"NOMENCLA":"Circ. III - Secc. B - Fr. 3"},"geometry":{"type":"Polygon","coordinates":[[[-57.96897108609666,-35.61220650397112],[-57.96845754171066,-35.613100032523505],[-57.967965038611474,-35.61395525605658],[-57.967494603260164,-35.61478399669762],[-57.96958247361518,-35.61558713680152],[-57.97003538644983,-35.614748090189465],[-57.970505721614344,-35.613878607397766],[-57.97099733642711,-35.61297010253184],[-57.96897108609666,-35.61220650397112]]]}},{"type":"Feature","properties":{"CCA":"027030B000000000000000004000","ARA1":49380.45,"SAG":"ARBA","PARTIDO":"027","CIRC":3,"SECC":"B","CHACRA":null,"CHACRA_L":null,"QUINTA":null,"QUINTA_L":null,"FRACCION":4,"FRACC_L":null,"NOMENCLA":"Circ. III - Secc. B - Fr. 4"},"geometry":{"type":"Polygon","coordinates":[[[-57.9674849839749,-35.614841415144994],[-57.96699979920754,-35.615685674051456],[-57.966526244484136,-35.616510392845754],[-57.968131762884,-35.618016477282694],[-57.96898602573789,-35.61645052393516],[-57.96942948056286,-35.615615014937],[-57.9674849839749,-35.614841415144994]]]}},{"type":"Feature","properties":{"CCA":"027030A000000000000000001000","ARA1":59468.31,"SAG":"ARBA","PARTIDO":"027","CIRC":3,"SECC":"A","CHACRA":null,"CHACRA_L":null,"QUINTA":null,"QUINTA_L":null,"FRACCION":1,"FRACC_L":null,"NOMENCLA":"Circ. III - Secc. A - Fr. 1"},"geometry":{"type":"Polygon","coordinates":[[[-57.960230969027855,-35.6365022708578],[-57.95981480069879,-35.636116936920246],[-57.959247388826135,-35.63600603754919],[-57.95915053827845,-35.63650261608701],[-57.95910647459443,-35.636729127479434],[-57.95906268857463,-35.6369533907926],[-57.9590196376056,-35.63717478300782],[-57.958977241147146,-35.63739213132704],[-57.95893420568609,-35.637612892980655],[-57.9588926933316,-35.63782584083036],[-57.95884902317763,-35.638049835643905],[-57.95880585596403,-35.63827140597832],[-57.958760526320354,-35.638504203413994],[-57.95982382922719,-35.638631528557525],[-57.96054256764259,-35.638717595218786],[-57.96126240890058,-35.63880376639191],[-57.961956940475204,-35.638886891681366],[-57.96249916338427,-35.638951756527035],[-57.96255291025878,-35.63865223806878],[-57.96208150123177,-35.63821578550919],[-57.96148478080489,-35.637663220090154],[-57.96092624389108,-35.637146081022756],[-57.960532825395234,-35.63678177002401],[-57.960230969027855,-35.6365022708578]]]}},{"type":"Feature","properties":{"CCA":"027030A000000000000000002000","ARA1":37401.65,"SAG":"ARBA","PARTIDO":"027","CIRC":3,"SECC":"A","CHACRA":null,"CHACRA_L":null,"QUINTA":null,"QUINTA_L":null,"FRACCION":2,"FRACC_L":null,"NOMENCLA":"Circ. III - Secc. A - Fr. 2"},"geometry":{"type":"Polygon","coordinates":[[[-57.95846802195686,-35.63585270451138],[-57.95800461249269,-35.63637000952988],[-57.957839990585,-35.63655383608478],[-57.95697745011995,-35.63751681066253],[-57.956732501485575,-35.637790193884236],[-57.95652833649421,-35.638018132274595],[-57.956338485718696,-35.63823009340125],[-57.95753710447709,-35.638366403444884],[-57.95860133586178,-35.63848744736882],[-57.958643748377405,-35.638247842271255],[-57.95868217417659,-35.63803042680234],[-57.95872225866939,-35.63780420862095],[-57.95876067252812,-35.6375872434552],[-57.9587992148165,-35.63736955956164],[-57.95883749495407,-35.637153493187235],[-57.95887655829949,-35.63693266422022],[-57.95891574319065,-35.63671138673866],[-57.95895609267437,-35.63648337070014],[-57.95904696195469,-35.63597029087341],[-57.95846802195686,-35.63585270451138]]]}},{"type":"Feature","properties":{"CCA":"027030A000000000000000003000","ARA1":105727.2,"SAG":"ARBA","PARTIDO":"027","CIRC":3,"SECC":"A","CHACRA":null,"CHACRA_L":null,"QUINTA":null,"QUINTA_L":null,"FRACCION":3,"FRACC_L":null,"NOMENCLA":"Circ. III - Secc. A - Fr. 3"},"geometry":{"type":"Polygon","coordinates":[[[-57.96220928155563,-35.639039033724266],[-57.962048944004785,-35.63901955949133],[-57.96134707114177,-35.63893423787861],[-57.96060436986334,-35.63884407558873],[-57.959862884193676,-35.638753929334605],[-57.958781249450126,-35.63862250910608],[-57.958695881101356,-35.63906233194473],[-57.958610003886236,-35.63950475925022],[-57.9585231214251,-35.639951945251056],[-57.958385781519674,-35.64065977556429],[-57.958258740400765,-35.641314164653075],[-57.95933880770861,-35.64144349099959],[-57.96008508265088,-35.6415329109909],[-57.96082816872485,-35.641621911927786],[-57.96153240891177,-35.64170619566207],[-57.96208411230259,-35.641772304486466],[-57.962148145882196,-35.64143736692181],[-57.962212316653535,-35.641101350296125],[-57.96227597682635,-35.640768028279666],[-57.962339112689705,-35.640437941303745],[-57.96240545251797,-35.640090336974275],[-57.96247011940192,-35.63975207574746],[-57.9625347948204,-35.6394134541635],[-57.962597305688476,-35.63908614979789],[-57.96220928155563,-35.639039033724266]]]}},{"type":"Feature","properties":{"CCA":"027030A000000000000000004000","ARA1":89595.03,"SAG":"ARBA","PARTIDO":"027","CIRC":3,"SECC":"A","CHACRA":null,"CHACRA_L":null,"QUINTA":null,"QUINTA_L":null,"FRACCION":4,"FRACC_L":null,"NOMENCLA":"Circ. III - Secc. A - Fr. 4"},"geometry":{"type":"Polygon","coordinates":[[[-57.956173221956185,-35.638326139222556],[-57.956011304078096,-35.63850748590152],[-57.95576565031247,-35.63878229680608],[-57.95538536061474,-35.639202962202624],[-57.955080632759454,-35.63955624566366],[-57.95476924831066,-35.639941043902276],[-57.95468212319905,-35.64006779075377],[-57.95448976792895,-35.64034728884369],[-57.954169698021595,-35.64086467013398],[-57.95553979794297,-35.64101346589612],[-57.95628002666645,-35.641097219874915],[-57.95701127570919,-35.64117820375808],[-57.95809206394417,-35.64129205451321],[-57.958172003429155,-35.64084024571996],[-57.95825511653643,-35.640389481858826],[-57.95833488140933,-35.639935777592115],[-57.95841752781421,-35.6394815814254],[-57.9584974271663,-35.6390398639097],[-57.958575971678215,-35.63859929476166],[-57.95749280899579,-35.638476037138545],[-57.95676496962816,-35.63839214076336],[-57.956173221956185,-35.638326139222556]]]}},{"type":"Feature","properties":{"CCA":"027030A000000000000000005000","ARA1":106823.95,"SAG":"ARBA","PARTIDO":"027","CIRC":3,"SECC":"A","CHACRA":null,"CHACRA_L":null,"QUINTA":null,"QUINTA_L":null,"FRACCION":5,"FRACC_L":null,"NOMENCLA":"Circ. III - Secc. A - Fr. 5"},"geometry":{"type":"Polygon","coordinates":[[[-57.958221740978665,-35.64143203220382],[-57.95814068154956,-35.6418844527652],[-57.95806017738017,-35.642336702423876],[-57.957981161664925,-35.64278681458336],[-57.95790053450776,-35.64325248838343],[-57.95782147088604,-35.64370440174079],[-57.95774875067501,-35.64414993466701],[-57.95884733724589,-35.64427309217133],[-57.959593928997364,-35.644355402252074],[-57.96031913188732,-35.64444103989251],[-57.96103366000307,-35.64452108578906],[-57.96158170768816,-35.64457974624462],[-57.96164032780111,-35.64424516805517],[-57.961700595173596,-35.64390656273775],[-57.96176331472243,-35.6435670076648],[-57.96182438766157,-35.64322706421836],[-57.96188621360584,-35.642883529050614],[-57.961946090914914,-35.64255149495903],[-57.96200555832342,-35.642218192331136],[-57.96206468447229,-35.641880919019805],[-57.96152246521056,-35.64181515088813],[-57.96079953278463,-35.64173226259656],[-57.96006508487452,-35.64164647157133],[-57.95932570774288,-35.64155924088643],[-57.958221740978665,-35.64143203220382]]]}},{"type":"Feature","properties":{"CCA":"027030A000000000000000006000","ARA1":118768.48,"SAG":"ARBA","PARTIDO":"027","CIRC":3,"SECC":"A","CHACRA":null,"CHACRA_L":null,"QUINTA":null,"QUINTA_L":null,"FRACCION":6,"FRACC_L":null,"NOMENCLA":"Circ. III - Secc. A - Fr. 6"},"geometry":{"type":"Polygon","coordinates":[[[-57.95413392501277,-35.64098183629811],[-57.9539384164212,-35.641272273262885],[-57.953472675723255,-35.642255028873905],[-57.95319457728077,-35.64284448783602],[-57.95286976049139,-35.6435341651537],[-57.95432179243262,-35.643709779547],[-57.95505567210563,-35.64380100278909],[-57.95578707541377,-35.64388983666821],[-57.95651189428492,-35.64397720271567],[-57.95759119115271,-35.644103378308735],[-57.95767243906779,-35.64366546929076],[-57.95775584241251,-35.64322957916121],[-57.95783728778546,-35.642783833707306],[-57.95792185641186,-35.64234111476467],[-57.958003879541074,-35.64190294817002],[-57.958084466913014,-35.64146043183619],[-57.95701353250992,-35.6413280052515],[-57.95628599427806,-35.64123996564197],[-57.95554746295897,-35.641154528408514],[-57.95482084537713,-35.641060818674376],[-57.95413392501277,-35.64098183629811]]]}},{"type":"Feature","properties":{"CCA":"027030B000000000000000001000","ARA1":63428.04,"SAG":"ARBA","PARTIDO":"027","CIRC":3,"SECC":"B","CHACRA":null,"CHACRA_L":null,"QUINTA":null,"QUINTA_L":null,"FRACCION":1,"FRACC_L":null,"NOMENCLA":"Circ. III - Secc. B - Fr. 1"},"geometry":{"type":"Polygon","coordinates":[[[-57.96692794969856,-35.611422762411266],[-57.96641387136484,-35.61232798744329],[-57.96591620134703,-35.61319050425189],[-57.96545249460077,-35.61400565353375],[-57.96744781234476,-35.614779692745536],[-57.96791953897879,-35.613947910314074],[-57.96841702022149,-35.61308348952991],[-57.96892470332611,-35.61218175234002],[-57.96692794969856,-35.611422762411266]]]}},{"type":"Feature","properties":{"CCA":"027110G000000000000000005000","ARA1":230541.78,"SAG":"ARBA","PARTIDO":"027","CIRC":11,"SECC":"G","CHACRA":null,"CHACRA_L":null,"QUINTA":null,"QUINTA_L":null,"FRACCION":5,"FRACC_L":null,"NOMENCLA":"Circ. XI - Secc. G - Fr. 5"},"geometry":{"type":"Polygon","coordinates":[[[-58.07495541223093,-35.58976824093937],[-58.0748117039514,-35.59002916472612],[-58.07459486176031,-35.59031730517206],[-58.07428005124237,-35.590610097129414],[-58.074008762430616,-35.590813020436876],[-58.073607849462164,-35.591052529023855],[-58.073261161846986,-35.59123433001795],[-58.07286135667373,-35.591422849833194],[-58.072560951522384,-35.59153311849365],[-58.07238068290941,-35.59157916571044],[-58.071909810779154,-35.59169472523501],[-58.07134362623475,-35.59177775830234],[-58.070847408252504,-35.59181847462919],[-58.070329553223495,-35.591832168935134],[-58.06865080549561,-35.59179833046613],[-58.06864882509306,-35.59188075198101],[-58.06703961046351,-35.59222188378476],[-58.07307921190782,-35.59726384788448],[-58.07495541223093,-35.58976824093937]]]}},{"type":"Feature","properties":{"CCA":"027050A000000000000000004000","ARA1":12262.11,"SAG":"ARBA","PARTIDO":"027","CIRC":5,"SECC":"A","CHACRA":null,"CHACRA_L":null,"QUINTA":null,"QUINTA_L":null,"FRACCION":4,"FRACC_L":null,"NOMENCLA":"Circ. V - Secc. A - Fr. 4"},"geometry":{"type":"Polygon","coordinates":[[[-58.018488856490315,-35.51376292790887],[-58.01821592082302,-35.513966423479275],[-58.017951738808485,-35.514163484036345],[-58.01764949635692,-35.514388844576196],[-58.01743965373961,-35.51454534527336],[-58.017149870164495,-35.51476144747609],[-58.01689051342993,-35.51495480019942],[-58.01664496153329,-35.51513801640829],[-58.017020441453205,-35.51546625535433],[-58.017081800429324,-35.51547204035614],[-58.0172884882626,-35.51531846220877],[-58.01755018550021,-35.515124065764944],[-58.01783894019571,-35.5149094776224],[-58.01805180198971,-35.51475122360414],[-58.01835413501532,-35.514526674575805],[-58.018618077052736,-35.51433042022378],[-58.01885809974981,-35.51415215534817],[-58.01886367157191,-35.514100341794524],[-58.018488856490315,-35.51376292790887]]]}},{"type":"Feature","properties":{"CCA":"027110G000000000000000004000","ARA1":13484249.78,"SAG":"ARBA","PARTIDO":"027","CIRC":11,"SECC":"G","CHACRA":null,"CHACRA_L":null,"QUINTA":null,"QUINTA_L":null,"FRACCION":4,"FRACC_L":null,"NOMENCLA":"Circ. XI - Secc. G - Fr. 4"},"geometry":{"type":"Polygon","coordinates":[[[-58.123077434506456,-35.596567031491425],[-58.09533677896763,-35.61739537243085],[-58.12621308874316,-35.64404804854794],[-58.150068008844194,-35.62536680155945],[-58.146442360580956,-35.62217167277431],[-58.14677213639564,-35.617160112305385],[-58.123077434506456,-35.596567031491425]]]}},{"type":"Feature","properties":{"CCA":"027050A000000000000000002000","ARA1":29587.38,"SAG":"ARBA","PARTIDO":"027","CIRC":5,"SECC":"A","CHACRA":null,"CHACRA_L":null,"QUINTA":null,"QUINTA_L":null,"FRACCION":2,"FRACC_L":null,"NOMENCLA":"Circ. V - Secc. A - Fr. 2"},"geometry":{"type":"Polygon","coordinates":[[[-58.02125686714902,-35.51166323893204],[-58.02069496327187,-35.5120824149995],[-58.020153221566865,-35.51249714336171],[-58.020316762137206,-35.51264590154618],[-58.02049179546502,-35.512802417670265],[-58.020670713743904,-35.512962331497725],[-58.020846180275015,-35.51311921468426],[-58.021030817347345,-35.51328417806984],[-58.02122785500468,-35.513460338460675],[-58.021410552571616,-35.51362355730639],[-58.02157868732137,-35.51377392112925],[-58.022008038362344,-35.51415763715962],[-58.02206885463943,-35.51413610645038],[-58.02217491657539,-35.51386966959012],[-58.02224633155587,-35.51369016417401],[-58.02231609994933,-35.513514867015935],[-58.022391624351236,-35.513325065885574],[-58.02246726959646,-35.513134816113165],[-58.0225406798264,-35.51295029686951],[-58.02257004735443,-35.51287634503204],[-58.022547226688346,-35.51281370266595],[-58.02214266399504,-35.51245301351237],[-58.021957587921506,-35.51228795449116],[-58.02178081654062,-35.512130330588846],[-58.02160221056701,-35.511971144413664],[-58.021427057720906,-35.51181498836999],[-58.02125686714902,-35.51166323893204]]]}},{"type":"Feature","properties":{"CCA":"027050A000000000000000003000","ARA1":9627.38,"SAG":"ARBA","PARTIDO":"027","CIRC":5,"SECC":"A","CHACRA":null,"CHACRA_L":null,"QUINTA":null,"QUINTA_L":null,"FRACCION":3,"FRACC_L":null,"NOMENCLA":"Circ. V - Secc. A - Fr. 3"},"geometry":{"type":"Polygon","coordinates":[[[-58.02005475610562,-35.512570771102034],[-58.019617598586706,-35.51292278322394],[-58.019364606357364,-35.513113272307656],[-58.019104761973004,-35.51330896494404],[-58.0188603018678,-35.51349301482583],[-58.01861662512692,-35.51367653638217],[-58.018989608341144,-35.51400328644685],[-58.019047117564476,-35.51400423119925],[-58.01926145331084,-35.51384410678625],[-58.019509022760246,-35.51365911592576],[-58.019768488184425,-35.51346539869327],[-58.020024812294935,-35.51327388212427],[-58.02044258303539,-35.51296183083158],[-58.020443812872564,-35.51291174816212],[-58.02027316319249,-35.51276521637164],[-58.02005475610562,-35.512570771102034]]]}},{"type":"Feature","properties":{"CCA":"027050A000000000000000009000","ARA1":13554.03,"SAG":"ARBA","PARTIDO":"027","CIRC":5,"SECC":"A","CHACRA":null,"CHACRA_L":null,"QUINTA":null,"QUINTA_L":null,"FRACCION":9,"FRACC_L":null,"NOMENCLA":"Circ. V - Secc. A - Fr. 9"},"geometry":{"type":"Polygon","coordinates":[[[-58.0259215595254,-35.51485598355935],[-58.025412724699734,-35.515254963774964],[-58.02541087636614,-35.51530792001821],[-58.02556819051241,-35.515441520407975],[-58.02576189678136,-35.51560581420187],[-58.02595462992303,-35.51576937085721],[-58.02613030707504,-35.51591832003562],[-58.02631656138713,-35.51607645340054],[-58.026507679446894,-35.51623854095022],[-58.026885162783906,-35.51655885264389],[-58.02694388602862,-35.516559813520885],[-58.02709635487039,-35.516414252339494],[-58.0272528842402,-35.516264882518676],[-58.0274143819409,-35.51611063753433],[-58.027045465409124,-35.515800560315945],[-58.02685344819335,-35.515639179800566],[-58.026668020014846,-35.51548331360279],[-58.026490582174176,-35.51533424626978],[-58.026301374331865,-35.51517525381817],[-58.0261057949767,-35.51501093021959],[-58.0259215595254,-35.51485598355935]]]}},{"type":"Feature","properties":{"CCA":"027050A000000000000000010000","ARA1":17307.66,"SAG":"ARBA","PARTIDO":"027","CIRC":5,"SECC":"A","CHACRA":null,"CHACRA_L":null,"QUINTA":null,"QUINTA_L":null,"FRACCION":10,"FRACC_L":null,"NOMENCLA":"Circ. V - Secc. A - Fr. 10"},"geometry":{"type":"Polygon","coordinates":[[[-58.02352511990004,-35.512801619216106],[-58.02339342327662,-35.5131383760032],[-58.02331640928229,-35.5133350920985],[-58.023304178499984,-35.51336643119537],[-58.02331254019805,-35.51340747960847],[-58.023690863291215,-35.51373295124609],[-58.02385309365575,-35.513872581849434],[-58.0240159745688,-35.51401267346596],[-58.02418576351074,-35.514158735408316],[-58.02435134247064,-35.51430121373209],[-58.02451206582543,-35.51443946708561],[-58.024677430007344,-35.514581761228804],[-58.02483470180249,-35.514716983891155],[-58.02499963525946,-35.514858910096684],[-58.02516133032043,-35.51499807965395],[-58.02528492490899,-35.515104364576835],[-58.02535126850683,-35.51511365129774],[-58.0258131505729,-35.51475066879764],[-58.02564548139319,-35.514607887874675],[-58.02548709784476,-35.514473008499],[-58.02532126743355,-35.5143316990556],[-58.025162669039304,-35.514196635520605],[-58.02499910701752,-35.514057255170584],[-58.024834357955726,-35.51391686391712],[-58.02466431703845,-35.51377206032941],[-58.02449654396085,-35.51362918603616],[-58.024331688684086,-35.51348870226101],[-58.02416942508279,-35.513350423445715],[-58.024035767612574,-35.51323667336423],[-58.02352511990004,-35.512801619216106]]]}},{"type":"Feature","properties":{"CCA":"027050A000000000000000011000","ARA1":4613.87,"SAG":"ARBA","PARTIDO":"027","CIRC":5,"SECC":"A","CHACRA":null,"CHACRA_L":null,"QUINTA":null,"QUINTA_L":null,"FRACCION":11,"FRACC_L":null,"NOMENCLA":"Circ. V - Secc. A - Fr. 11"},"geometry":{"type":"Polygon","coordinates":[[[-58.02107116690214,-35.50855137973201],[-58.02066500911144,-35.508840375232126],[-58.02054835535303,-35.50892334706743],[-58.02043248356325,-35.50900588105554],[-58.020320542487745,-35.509085415608844],[-58.02020927102648,-35.50916460059436],[-58.01990720049519,-35.509379517067636],[-58.020038106265154,-35.509501606939025],[-58.02016373053969,-35.50953809263765],[-58.02029657716072,-35.50957667925992],[-58.02043587720648,-35.509617264047066],[-58.02054060186742,-35.50964763904567],[-58.02058278788879,-35.509630669327045],[-58.020724957719445,-35.5093164354812],[-58.02077005037195,-35.50921696979096],[-58.02081468456086,-35.50911821746124],[-58.020859783614966,-35.50901848149676],[-58.020907211866636,-35.50891364728941],[-58.02107116690214,-35.50855137973201]]]}},{"type":"Feature","properties":{"CCA":"027050A000000000000000012000","ARA1":141.48,"SAG":"ARBA","PARTIDO":"027","CIRC":5,"SECC":"A","CHACRA":null,"CHACRA_L":null,"QUINTA":null,"QUINTA_L":null,"FRACCION":12,"FRACC_L":null,"NOMENCLA":"Circ. V - Secc. A - Fr. 12"},"geometry":{"type":"Polygon","coordinates":[[[-58.020283418466015,-35.50972208600257],[-58.020468408898225,-35.509903726913514],[-58.02050757555228,-35.50982570109516],[-58.02048431009111,-35.50978575954882],[-58.020283418466015,-35.50972208600257]]]}},{"type":"Feature","properties":{"CCA":"027050A000000000000000014000","ARA1":3384.07,"SAG":"ARBA","PARTIDO":"027","CIRC":5,"SECC":"A","CHACRA":null,"CHACRA_L":null,"QUINTA":null,"QUINTA_L":null,"FRACCION":14,"FRACC_L":null,"NOMENCLA":"Circ. V - Secc. A - Fr. 14"},"geometry":{"type":"Polygon","coordinates":[[[-58.020707574865874,-35.50984493386989],[-58.020665413080124,-35.50986091278401],[-58.0205965081653,-35.51001450598996],[-58.020694598290476,-35.510104156493504],[-58.0207922590262,-35.5101933493067],[-58.02088345153777,-35.51027666865077],[-58.02097615339521,-35.51036136439395],[-58.021260726414006,-35.51062141468097],[-58.02135276558364,-35.51041431304481],[-58.021492746144716,-35.510099411590275],[-58.02147240744199,-35.51007042193165],[-58.0213868414661,-35.5100452281846],[-58.02126921809295,-35.51001049706097],[-58.021149076494346,-35.5099750937097],[-58.021035282596216,-35.50994150655696],[-58.020916454353866,-35.50990648498155],[-58.02079784433921,-35.509871556985125],[-58.020707574865874,-35.50984493386989]]]}},{"type":"Feature","properties":{"CCA":"027050A000000000000000015000","ARA1":7578.01,"SAG":"ARBA","PARTIDO":"027","CIRC":5,"SECC":"A","CHACRA":null,"CHACRA_L":null,"QUINTA":null,"QUINTA_L":null,"FRACCION":15,"FRACC_L":null,"NOMENCLA":"Circ. V - Secc. A - Fr. 15"},"geometry":{"type":"Polygon","coordinates":[[[-58.02204931483337,-35.5113344404523],[-58.02212427779842,-35.51117644012476],[-58.022165896611305,-35.511088271203704],[-58.02220542846135,-35.51100430335407],[-58.02224971793282,-35.510910591186864],[-58.02229192485807,-35.51082089993682],[-58.02233889378907,-35.510721284208536],[-58.02248805250215,-35.510405000152986],[-58.02246834434753,-35.510363765611956],[-58.02238234147361,-35.51033838517253],[-58.02225847971991,-35.51030184054891],[-58.02214041710652,-35.51026701294863],[-58.02201721215861,-35.51023065907864],[-58.02190582568298,-35.51019774301694],[-58.02179301598722,-35.51016444305447],[-58.02169793168409,-35.510136389992596],[-58.021652720292764,-35.5101553830698],[-58.02151088067676,-35.510469713536935],[-58.02146449894797,-35.5105723122986],[-58.021423591151084,-35.510662925695534],[-58.02138571339367,-35.51074683030899],[-58.0217172719784,-35.511050454180655],[-58.02186829378783,-35.51119287722859],[-58.02204300997611,-35.51134884524856],[-58.02204931483337,-35.5113344404523]]]}},{"type":"Feature","properties":{"CCA":"027050F000000000000000003000","ARA1":4463.91,"SAG":"ARBA","PARTIDO":"027","CIRC":5,"SECC":"F","CHACRA":null,"CHACRA_L":null,"QUINTA":null,"QUINTA_L":null,"FRACCION":3,"FRACC_L":null,"NOMENCLA":"Circ. V - Secc. F - Fr. 3"},"geometry":{"type":"Polygon","coordinates":[[[-58.05628239543146,-35.55402757131451],[-58.057636821638624,-35.55462757153776],[-58.05594679285656,-35.553166624670496],[-58.05632765224577,-35.55391151449345],[-58.05628239543146,-35.55402757131451]]]}},{"type":"Feature","properties":{"CCA":"027060I00000000000000001300A","ARA1":394438.02,"SAG":"ARBA","PARTIDO":"027","CIRC":6,"SECC":"I","CHACRA":null,"CHACRA_L":null,"QUINTA":null,"QUINTA_L":null,"FRACCION":13,"FRACC_L":"A","NOMENCLA":"Circ. VI - Secc. I - Fr. 13A"},"geometry":{"type":"Polygon","coordinates":[[[-58.0536203723711,-35.50020283232416],[-58.04804179135412,-35.50442623781483],[-58.054152121009594,-35.50981438476851],[-58.05700579838641,-35.50544229847693],[-58.0550310108243,-35.50368001179045],[-58.05484650436906,-35.50381824441562],[-58.05305413295443,-35.50219043427853],[-58.054581826567514,-35.501057844803526],[-58.0536203723711,-35.50020283232416]]]}},{"type":"Feature","properties":{"CCA":"027110K000000000000000002000","ARA1":10407942.1,"SAG":"ARBA","PARTIDO":"027","CIRC":11,"SECC":"K","CHACRA":null,"CHACRA_L":null,"QUINTA":null,"QUINTA_L":null,"FRACCION":2,"FRACC_L":null,"NOMENCLA":"Circ. XI - Secc. K - Fr. 2"},"geometry":{"type":"Polygon","coordinates":[[[-58.14535040319363,-35.58148992133974],[-58.12447749468642,-35.59746221786303],[-58.13081457517691,-35.60294852062627],[-58.13126387931216,-35.60335649761215],[-58.133207249552335,-35.60500200855875],[-58.143698272092244,-35.613938068047254],[-58.147172327788766,-35.61689106146337],[-58.14699097559393,-35.62220588726385],[-58.150661779808885,-35.62531518400934],[-58.150673351500565,-35.62530635031943],[-58.16379374384721,-35.615295198120585],[-58.16408046449129,-35.615019493965654],[-58.167683510083116,-35.6123058692052],[-58.17145678188389,-35.609418542525916],[-58.17527458480023,-35.60651644744284],[-58.16852957197699,-35.60076706998788],[-58.168198655023275,-35.60101940544582],[-58.16481460981068,-35.59806666979472],[-58.15429003450664,-35.58908514263495],[-58.14535040319363,-35.58148992133974]]]}},{"type":"Feature","properties":{"CCA":"027020B005000000000000002000","ARA1":6928.67,"SAG":"ARBA","PARTIDO":"027","CIRC":2,"SECC":"B","CHACRA":50,"CHACRA_L":null,"QUINTA":null,"QUINTA_L":null,"FRACCION":2,"FRACC_L":null,"NOMENCLA":"Circ. II - Secc. B - Ch. 50 - Fr. 2"},"geometry":{"type":"Polygon","coordinates":[[[-58.00670829944476,-35.5650601139114],[-58.00669617885502,-35.56514425838231],[-58.00668312587915,-35.56523487550129],[-58.00667127703588,-35.56531695188272],[-58.00665795888087,-35.565409366852],[-58.00664676830019,-35.56548712873453],[-58.00663331529025,-35.56558053270056],[-58.00662028000284,-35.565670429200395],[-58.00660707641556,-35.565762665828196],[-58.00659457575723,-35.56584878645658],[-58.00658165953688,-35.565938324468355],[-58.00656966227026,-35.566021930278794],[-58.0065563460747,-35.56611425514389],[-58.00654463841666,-35.56619507226412],[-58.00653118066655,-35.56628865635107],[-58.006519461790035,-35.56636992384098],[-58.006506547606435,-35.566459371756785],[-58.00649376595056,-35.56654792074093],[-58.006480303598615,-35.56664168496358],[-58.006467795926866,-35.566728075783644],[-58.00645247986486,-35.56683433491622],[-58.00678792195873,-35.566880974613774],[-58.006808657316704,-35.5667740841682],[-58.00682469997355,-35.566691896930784],[-58.00684290680859,-35.566598030909915],[-58.00686035395798,-35.56650811725251],[-58.00687766627548,-35.56641919259403],[-58.00689472905773,-35.56633143526169],[-58.00691216715149,-35.566241881890136],[-58.006928969201134,-35.56615574225539],[-58.00694565427494,-35.56606987101836],[-58.006961462746624,-35.5659882205495],[-58.00697939965245,-35.5658963324957],[-58.00699684645984,-35.565806418798786],[-58.00701416290114,-35.56571731395069],[-58.00702995782954,-35.56563620391517],[-58.00704879565463,-35.565539104239576],[-58.00706484222226,-35.565456736787944],[-58.00708252937677,-35.56536601603531],[-58.0070993421722,-35.56527942597699],[-58.007116143771455,-35.56519328629015],[-58.00713296541012,-35.56510633592151],[-58.00670829944476,-35.5650601139114]]]}},{"type":"Feature","properties":{"CCA":"027020B003500000000000001000","ARA1":120692.01,"SAG":"ARBA","PARTIDO":"027","CIRC":2,"SECC":"B","CHACRA":35,"CHACRA_L":null,"QUINTA":null,"QUINTA_L":null,"FRACCION":1,"FRACC_L":null,"NOMENCLA":"Circ. II - Secc. B - Ch. 35 - Fr. 1"},"geometry":{"type":"Polygon","coordinates":[[[-58.01764933004218,-35.547802294752266],[-58.012559480040274,-35.55136010418549],[-58.017566417218404,-35.55160367943646],[-58.01764933004218,-35.547802294752266]],[[-58.01038087142203,-35.56047209322117],[-58.01036421479149,-35.56057932215354],[-58.01034744787551,-35.560686549260545],[-58.01033078891518,-35.560793868257285],[-58.01027113091311,-35.5611773021585],[-58.01020143708971,-35.56165437713737],[-58.0119926709677,-35.56181721373898],[-58.012108102888064,-35.561385497573696],[-58.01219102321943,-35.561118060367576],[-58.010494265206034,-35.559748381261564],[-58.01038087142203,-35.56047209322117]]]}},{"type":"Feature","properties":{"CCA":"027020D009800000000000001000","ARA1":6259.31,"SAG":"ARBA","PARTIDO":"027","CIRC":2,"SECC":"D","CHACRA":98,"CHACRA_L":null,"QUINTA":null,"QUINTA_L":null,"FRACCION":1,"FRACC_L":null,"NOMENCLA":"Circ. II - Secc. D - Ch. 98 - Fr. 1"},"geometry":{"type":"Polygon","coordinates":[[[-57.98793173280213,-35.587814052172014],[-57.98786340131462,-35.588159659977606],[-57.98779975118346,-35.58848128613996],[-57.9880148866162,-35.588498215566325],[-57.988240043279454,-35.58851585261342],[-57.988352345978655,-35.5885246663773],[-57.988460244634254,-35.58853313617164],[-57.98871006390715,-35.58855271600677],[-57.988755176915475,-35.58852652578372],[-57.98879130548797,-35.58832590993099],[-57.988807176227034,-35.58823831615682],[-57.98882446947556,-35.5881423657555],[-57.98885776834943,-35.587957832588685],[-57.98882698180173,-35.587918480614604],[-57.98855045481246,-35.587886199997115],[-57.98843649909285,-35.587872943368716],[-57.98832188405036,-35.58785958551264],[-57.98809782550904,-35.587833406392186],[-57.98793173280213,-35.587814052172014]]]}},{"type":"Feature","properties":{"CCA":"027020D009800000000000005000","ARA1":45118.99,"SAG":"ARBA","PARTIDO":"027","CIRC":2,"SECC":"D","CHACRA":98,"CHACRA_L":null,"QUINTA":null,"QUINTA_L":null,"FRACCION":5,"FRACC_L":null,"NOMENCLA":"Circ. II - Secc. D - Ch. 98 - Fr. 5"},"geometry":{"type":"Polygon","coordinates":[[[-57.98828605371702,-35.585416424668864],[-57.98823030817951,-35.585757376986614],[-57.98817007250668,-35.58610140818033],[-57.98810920545628,-35.58646182906977],[-57.98805346537111,-35.58679368005925],[-57.988458344779055,-35.58684558641673],[-57.98887574132281,-35.58689986303816],[-57.989279503471174,-35.58695237877982],[-57.98968876839306,-35.58700543555011],[-57.990097145014126,-35.58705874645236],[-57.99050255848744,-35.58711146588559],[-57.99091005866773,-35.58716457920428],[-57.99124816411867,-35.58720472955524],[-57.9913290577185,-35.58676633383845],[-57.991413816471386,-35.58630565479266],[-57.991498882425276,-35.585845881877646],[-57.99115488658096,-35.58580329119976],[-57.99074721979657,-35.58574828368615],[-57.990336036346434,-35.58569276558411],[-57.98992804451835,-35.58563756966755],[-57.989520487626685,-35.585582649968615],[-57.98910952435173,-35.5855272214869],[-57.98870812787243,-35.58547303265266],[-57.98828605371702,-35.585416424668864]]]}},{"type":"Feature","properties":{"CCA":"027020B004900000000000002000","ARA1":7789.76,"SAG":"ARBA","PARTIDO":"027","CIRC":2,"SECC":"B","CHACRA":49,"CHACRA_L":null,"QUINTA":null,"QUINTA_L":null,"FRACCION":2,"FRACC_L":null,"NOMENCLA":"Circ. II - Secc. B - Ch. 49 - Fr. 2"},"geometry":{"type":"Polygon","coordinates":[[[-58.01330523370578,-35.56587723872606],[-58.01329768421291,-35.56595965707112],[-58.013258230860245,-35.56627557090592],[-58.013223878850816,-35.56646081597962],[-58.01319817763337,-35.56659943541595],[-58.013193219745254,-35.56662602689452],[-58.013223037465764,-35.56666013033699],[-58.01346473234966,-35.56668916592873],[-58.013577990914634,-35.56670283755642],[-58.013791757825686,-35.56672843844363],[-58.01398726906537,-35.56675193585851],[-58.01425887280266,-35.5667846166835],[-58.01430246017691,-35.566765780537935],[-58.0143184045966,-35.56667385843973],[-58.014335382089314,-35.566575825727284],[-58.01435260002785,-35.56647698596199],[-58.014365076470824,-35.56640492151609],[-58.01435068924108,-35.56635332048363],[-58.01433545410254,-35.56634054385471],[-58.01384920209728,-35.565942795515426],[-58.01330523370578,-35.56587723872606]]]}},{"type":"Feature","properties":{"CCA":"027020A000300000000000008000","ARA1":32962.5,"SAG":"ARBA","PARTIDO":"027","CIRC":2,"SECC":"A","CHACRA":3,"CHACRA_L":null,"QUINTA":null,"QUINTA_L":null,"FRACCION":8,"FRACC_L":null,"NOMENCLA":"Circ. II - Secc. A - Ch. 3 - Fr. 8"},"geometry":{"type":"Polygon","coordinates":[[[-58.0233686156711,-35.564321119436315],[-58.022678120470104,-35.56536690096364],[-58.02446940429016,-35.56688421439713],[-58.02525815471017,-35.566027196265765],[-58.02412916254737,-35.56465691459175],[-58.0233686156711,-35.564321119436315]]]}},{"type":"Feature","properties":{"CCA":"027020A000500000000000001000","ARA1":1990.82,"SAG":"ARBA","PARTIDO":"027","CIRC":2,"SECC":"A","CHACRA":5,"CHACRA_L":null,"QUINTA":null,"QUINTA_L":null,"FRACCION":1,"FRACC_L":null,"NOMENCLA":"Circ. II - Secc. A - Ch. 5 - Fr. 1"},"geometry":{"type":"Polygon","coordinates":[[[-58.02416176340884,-35.56752383502831],[-58.02470009723816,-35.567577175635606],[-58.02471432984869,-35.567576958360725],[-58.02473901337654,-35.56755086989671],[-58.02480558869352,-35.56748059206846],[-58.024872388804546,-35.567410137660296],[-58.024934772068846,-35.567344386782516],[-58.02500700961603,-35.567268073989496],[-58.024634568048405,-35.56722304109953],[-58.024503749244666,-35.56714736497617],[-58.02416176340884,-35.56752383502831]]]}},{"type":"Feature","properties":{"CCA":"027020A000500000000000002000","ARA1":15412.9,"SAG":"ARBA","PARTIDO":"027","CIRC":2,"SECC":"A","CHACRA":5,"CHACRA_L":null,"QUINTA":null,"QUINTA_L":null,"FRACCION":2,"FRACC_L":null,"NOMENCLA":"Circ. II - Secc. A - Ch. 5 - Fr. 2"},"geometry":{"type":"Polygon","coordinates":[[[-58.02683746853055,-35.567470443641454],[-58.025972298029934,-35.568201234264805],[-58.02538360387078,-35.56869865216451],[-58.02647969818361,-35.568800952605265],[-58.02799119832206,-35.56756051735344],[-58.02683746853055,-35.567470443641454]]]}},{"type":"Feature","properties":{"CCA":"027020B003500000000000002000","ARA1":1182.92,"SAG":"ARBA","PARTIDO":"027","CIRC":2,"SECC":"B","CHACRA":35,"CHACRA_L":null,"QUINTA":null,"QUINTA_L":null,"FRACCION":2,"FRACC_L":null,"NOMENCLA":"Circ. II - Secc. B - Ch. 35 - Fr. 2"},"geometry":{"type":"Polygon","coordinates":[[[-58.01709524845814,-35.55619166429338],[-58.01703041618306,-35.557081989687596],[-58.01716562365823,-35.55708601639394],[-58.01722357367804,-35.55619747004518],[-58.01709524845814,-35.55619166429338]]]}},{"type":"Feature","properties":{"CCA":"027020B003500000000000003000","ARA1":2267.08,"SAG":"ARBA","PARTIDO":"027","CIRC":2,"SECC":"B","CHACRA":35,"CHACRA_L":null,"QUINTA":null,"QUINTA_L":null,"FRACCION":3,"FRACC_L":null,"NOMENCLA":"Circ. II - Secc. B - Ch. 35 - Fr. 3"},"geometry":{"type":"Polygon","coordinates":[[[-58.01702382759184,-35.55723750541999],[-58.01690398549697,-35.55888332890193],[-58.0170404277691,-35.55889107072113],[-58.01715988831687,-35.55724271763656],[-58.01702382759184,-35.55723750541999]]]}},{"type":"Feature","properties":{"CCA":"027020B003500000000000010000","ARA1":19.04,"SAG":"ARBA","PARTIDO":"027","CIRC":2,"SECC":"B","CHACRA":35,"CHACRA_L":null,"QUINTA":null,"QUINTA_L":null,"FRACCION":10,"FRACC_L":null,"NOMENCLA":"Circ. II - Secc. B - Ch. 35 - Fr. 10"},"geometry":{"type":"Polygon","coordinates":[[[-58.01061402631683,-35.556429360038805],[-58.010542281161655,-35.55648116183439],[-58.01060989241149,-35.55648507132212],[-58.01061402631683,-35.556429360038805]]]}},{"type":"Feature","properties":{"CCA":"027020B003500000000000013000","ARA1":393.72,"SAG":"ARBA","PARTIDO":"027","CIRC":2,"SECC":"B","CHACRA":35,"CHACRA_L":null,"QUINTA":null,"QUINTA_L":null,"FRACCION":13,"FRACC_L":null,"NOMENCLA":"Circ. II - Secc. B - Ch. 35 - Fr. 13"},"geometry":{"type":"Polygon","coordinates":[[[-58.01037388784566,-35.55661075710129],[-58.010209352007294,-35.55673149468871],[-58.01059009898916,-35.556750485793685],[-58.01059977973393,-35.556622055329534],[-58.01037388784566,-35.55661075710129]]]}},{"type":"Feature","properties":{"CCA":"027020B003500000000000011000","ARA1":1770.71,"SAG":"ARBA","PARTIDO":"027","CIRC":2,"SECC":"B","CHACRA":35,"CHACRA_L":null,"QUINTA":null,"QUINTA_L":null,"FRACCION":11,"FRACC_L":null,"NOMENCLA":"Circ. II - Secc. B - Ch. 35 - Fr. 11"},"geometry":{"type":"Polygon","coordinates":[[[-58.011517942833805,-35.556665682571825],[-58.01150743852767,-35.55679626224025],[-58.012845840537366,-35.55686294210594],[-58.012857676558106,-35.55673193368229],[-58.011517942833805,-35.556665682571825]]]}},{"type":"Feature","properties":{"CCA":"027020B003500000000000012000","ARA1":779.51,"SAG":"ARBA","PARTIDO":"027","CIRC":2,"SECC":"B","CHACRA":35,"CHACRA_L":null,"QUINTA":null,"QUINTA_L":null,"FRACCION":12,"FRACC_L":null,"NOMENCLA":"Circ. II - Secc. B - Ch. 35 - Fr. 12"},"geometry":{"type":"Polygon","coordinates":[[[-58.01076597783062,-35.556625879837036],[-58.01075530642792,-35.556758709471026],[-58.01134201265294,-35.55678794587624],[-58.01135458486326,-35.55665848169412],[-58.01076597783062,-35.556625879837036]]]}},{"type":"Feature","properties":{"CCA":"027020B003500000000000009000","ARA1":2069.17,"SAG":"ARBA","PARTIDO":"027","CIRC":2,"SECC":"B","CHACRA":35,"CHACRA_L":null,"QUINTA":null,"QUINTA_L":null,"FRACCION":9,"FRACC_L":null,"NOMENCLA":"Circ. II - Secc. B - Ch. 35 - Fr. 9"},"geometry":{"type":"Polygon","coordinates":[[[-58.0149223970757,-35.55680984243536],[-58.01490857185473,-35.55700822240774],[-58.0159431360465,-35.557058599183854],[-58.015958254842324,-35.55686132169686],[-58.0149223970757,-35.55680984243536]]]}},{"type":"Feature","properties":{"CCA":"027020E012600000000000001000","ARA1":80451.32,"SAG":"ARBA","PARTIDO":"027","CIRC":2,"SECC":"E","CHACRA":126,"CHACRA_L":null,"QUINTA":null,"QUINTA_L":null,"FRACCION":1,"FRACC_L":null,"NOMENCLA":"Circ. II - Secc. E - Ch. 126 - Fr. 1"},"geometry":{"type":"Polygon","coordinates":[[[-57.98014082074733,-35.58678086287324],[-57.98025350857727,-35.58685763456858],[-57.98029361302475,-35.58688597106231],[-57.98055119673809,-35.58705726520421],[-57.980649828752725,-35.58712271724093],[-57.9807318636067,-35.58717698755419],[-57.98082257526627,-35.58723717035852],[-57.98091121458094,-35.587296417252766],[-57.98099833741107,-35.58735455733373],[-57.981084272294126,-35.58741168622134],[-57.98117223454981,-35.58747155236195],[-57.981306305808964,-35.58756228822245],[-57.98145187434951,-35.58688321483988],[-57.98151373705371,-35.58659418272457],[-57.98157595720287,-35.586304075209696],[-57.98186902464812,-35.58491685346055],[-57.98189648772682,-35.58476322294545],[-57.9801716184796,-35.5857306806371],[-57.9796862640602,-35.58599756282643],[-57.979284569446804,-35.58620997712539],[-57.979344674851866,-35.58625009352281],[-57.979432751578926,-35.58630969248959],[-57.97952082843764,-35.5863692913957],[-57.97960924754846,-35.5864284454215],[-57.97969254533573,-35.58648508049988],[-57.98014082074733,-35.58678086287324]],[[-57.97775127894315,-35.58514598832008],[-57.97803861971052,-35.5853530206955],[-57.97810032346464,-35.585395327195045],[-57.97812307834934,-35.5854116587645],[-57.97820599864562,-35.58546567528268],[-57.978294825132956,-35.5855260986454],[-57.97837661582364,-35.58558117743015],[-57.978460244914935,-35.58563772878816],[-57.97853997474656,-35.585691421215884],[-57.97862837426097,-35.58575129650662],[-57.978710248504036,-35.585807457808116],[-57.97879789452514,-35.585866599445495],[-57.97888675360942,-35.58592576137],[-57.9789771407096,-35.58598557964158],[-57.979134608920326,-35.58610203162091],[-57.97970089619241,-35.58577964857168],[-57.98177228755908,-35.58460020354028],[-57.97989680039112,-35.5843620571912],[-57.97939363330647,-35.5842977507341],[-57.97914897864877,-35.58426643382844],[-57.97750350673897,-35.58405454588667],[-57.97728033960892,-35.584817827251705],[-57.97760735309258,-35.58503949391934],[-57.97773962024198,-35.585131464931415],[-57.97775127894315,-35.58514598832008]]]}},{"type":"Feature","properties":{"CCA":"027020E012600000000000002000","ARA1":35409.19,"SAG":"ARBA","PARTIDO":"027","CIRC":2,"SECC":"E","CHACRA":126,"CHACRA_L":null,"QUINTA":null,"QUINTA_L":null,"FRACCION":2,"FRACC_L":null,"NOMENCLA":"Circ. II - Secc. E - Ch. 126 - Fr. 2"},"geometry":{"type":"Polygon","coordinates":[[[-57.97599054339975,-35.58903860608742],[-57.97584919906064,-35.58894332673402],[-57.97528426817419,-35.5906644202302],[-57.97574998875254,-35.5894572764298],[-57.97599054339975,-35.58903860608742]],[[-57.97622367433042,-35.589203911697716],[-57.97591377963711,-35.58972576639501],[-57.97566088261745,-35.59019198807116],[-57.97545004097942,-35.59078417047376],[-57.978095219161624,-35.591155336334495],[-57.978412956588535,-35.591185449041575],[-57.97877924733365,-35.590776362123705],[-57.97848992378449,-35.590594709448965],[-57.978414644050744,-35.590548120301406],[-57.97836115546437,-35.590516765136655],[-57.97831150381597,-35.59048637544875],[-57.978278276852315,-35.59046527249491],[-57.978119176348564,-35.59036519220999],[-57.97787815435299,-35.59021507665315],[-57.97778924160785,-35.59015789550372],[-57.97770015753318,-35.59010314441864],[-57.977610383259254,-35.590045137677194],[-57.97752698825916,-35.58999228419252],[-57.977432238395934,-35.58993473446209],[-57.97734554453692,-35.58988146502797],[-57.97725158270683,-35.58982329760977],[-57.977168833942144,-35.58977108551156],[-57.97708315101804,-35.58971711197644],[-57.976994180462675,-35.58966227217561],[-57.97690012928005,-35.58960329198757],[-57.97680875567658,-35.58954751058708],[-57.976690578200994,-35.58947406772235],[-57.97648915816689,-35.58935930735877],[-57.97622367433042,-35.589203911697716]]]}},{"type":"Feature","properties":{"CCA":"027020E012600000000000003000","ARA1":111410.44,"SAG":"ARBA","PARTIDO":"027","CIRC":2,"SECC":"E","CHACRA":126,"CHACRA_L":null,"QUINTA":null,"QUINTA_L":null,"FRACCION":3,"FRACC_L":null,"NOMENCLA":"Circ. II - Secc. E - Ch. 126 - Fr. 3"},"geometry":{"type":"Polygon","coordinates":[[[-57.978894000105605,-35.590955446068044],[-57.97850034921085,-35.59139525273453],[-57.97629682109417,-35.591035299833536],[-57.97625247699684,-35.59109646136355],[-57.975267486517026,-35.59088391946235],[-57.97511682039867,-35.592704427013466],[-57.977842237444904,-35.59443159003755],[-57.97822654803333,-35.593828798266834],[-57.98036100922587,-35.591562437243205],[-57.98043435868248,-35.59120295129902],[-57.978894000105605,-35.590955446068044]]]}},{"type":"Feature","properties":{"CCA":"027020D008800000000000002000","ARA1":33067.53,"SAG":"ARBA","PARTIDO":"027","CIRC":2,"SECC":"D","CHACRA":88,"CHACRA_L":null,"QUINTA":null,"QUINTA_L":null,"FRACCION":2,"FRACC_L":null,"NOMENCLA":"Circ. II - Secc. D - Ch. 88 - Fr. 2"},"geometry":{"type":"Polygon","coordinates":[[[-57.99657309773742,-35.57575963306118],[-57.996346345894466,-35.577038153556714],[-57.99629373293075,-35.57733473765113],[-57.99831954453129,-35.57760468083094],[-57.99861454471217,-35.5760246943023],[-57.99850922584731,-35.57601068976568],[-57.998142340581786,-35.57596305359716],[-57.99657309773742,-35.57575963306118]]]}},{"type":"Feature","properties":{"CCA":"027020D008800000000000003000","ARA1":35670.19,"SAG":"ARBA","PARTIDO":"027","CIRC":2,"SECC":"D","CHACRA":88,"CHACRA_L":null,"QUINTA":null,"QUINTA_L":null,"FRACCION":3,"FRACC_L":null,"NOMENCLA":"Circ. II - Secc. D - Ch. 88 - Fr. 3"},"geometry":{"type":"Polygon","coordinates":[[[-57.99407988479435,-35.575405917138085],[-57.993756857542095,-35.57700056343273],[-57.99562022621731,-35.577246400411305],[-57.99583977648036,-35.57727537372538],[-57.99593080928899,-35.57723417483128],[-57.9959329485049,-35.577223577221645],[-57.9959700417051,-35.57704081668981],[-57.99598803035994,-35.5769519052112],[-57.99600663982711,-35.576860210587895],[-57.99602474538026,-35.57677103070897],[-57.99604258997804,-35.57668346849763],[-57.99606031978854,-35.57659608459647],[-57.9960781867437,-35.5765076216304],[-57.99609717163294,-35.576414130991616],[-57.996114262507945,-35.57633025081109],[-57.99613236779444,-35.57624107090084],[-57.99615085990659,-35.576149644624195],[-57.99616895612524,-35.57606082500116],[-57.99618668562888,-35.57597344106397],[-57.99620504715134,-35.57588282360795],[-57.99623736975177,-35.57571440149351],[-57.996205076826094,-35.57568241547148],[-57.99608688841566,-35.575667023362364],[-57.99594813872095,-35.57564903638075],[-57.99407988479435,-35.575405917138085]]]}},{"type":"Feature","properties":{"CCA":"027020D008800000000000004000","ARA1":80185.26,"SAG":"ARBA","PARTIDO":"027","CIRC":2,"SECC":"D","CHACRA":88,"CHACRA_L":null,"QUINTA":null,"QUINTA_L":null,"FRACCION":4,"FRACC_L":null,"NOMENCLA":"Circ. II - Secc. D - Ch. 88 - Fr. 4"},"geometry":{"type":"Polygon","coordinates":[[[-57.99363366599009,-35.577198920728975],[-57.99351061060981,-35.57797093136554],[-57.99335778836832,-35.578857158228786],[-57.99332141488891,-35.57911688517585],[-57.997920964553664,-35.57974253920532],[-57.99808787866146,-35.578749126761416],[-57.996950296503044,-35.57860379445459],[-57.99713033156106,-35.57767737427651],[-57.9958591902782,-35.57749665067933],[-57.99554617309267,-35.57745603007453],[-57.99363366599009,-35.577198920728975]]]}},{"type":"Feature","properties":{"CCA":"027020D009100000000000001000","ARA1":24374.53,"SAG":"ARBA","PARTIDO":"027","CIRC":2,"SECC":"D","CHACRA":91,"CHACRA_L":null,"QUINTA":null,"QUINTA_L":null,"FRACCION":1,"FRACC_L":null,"NOMENCLA":"Circ. II - Secc. D - Ch. 91 - Fr. 1"},"geometry":{"type":"Polygon","coordinates":[[[-57.99807216984118,-35.579969429835174],[-57.99766864422002,-35.58215442272151],[-57.99875922619829,-35.582288875832454],[-57.99915762922088,-35.58013127790196],[-57.99807216984118,-35.579969429835174]]]}},{"type":"Feature","properties":{"CCA":"027020D010000000000000001000","ARA1":17693.27,"SAG":"ARBA","PARTIDO":"027","CIRC":2,"SECC":"D","CHACRA":100,"CHACRA_L":null,"QUINTA":null,"QUINTA_L":null,"FRACCION":1,"FRACC_L":null,"NOMENCLA":"Circ. II - Secc. D - Ch. 100 - Fr. 1"},"geometry":{"type":"Polygon","coordinates":[[[-57.98647148562632,-35.58928487587506],[-57.986420450644346,-35.58930961457321],[-57.98629753685311,-35.59013829751897],[-57.986323416173995,-35.59018856169485],[-57.986971425845105,-35.590501534603725],[-57.98703452683219,-35.59050601317247],[-57.98824447070326,-35.58999636795197],[-57.988501255838976,-35.58988324029979],[-57.98850313168554,-35.58985236338462],[-57.98827217027007,-35.58970946501579],[-57.98772057856672,-35.58937450035336],[-57.98647148562632,-35.58928487587506]]]}},{"type":"Feature","properties":{"CCA":"027020A000800000000000004000","ARA1":18472.36,"SAG":"ARBA","PARTIDO":"027","CIRC":2,"SECC":"A","CHACRA":8,"CHACRA_L":null,"QUINTA":null,"QUINTA_L":null,"FRACCION":4,"FRACC_L":null,"NOMENCLA":"Circ. II - Secc. A - Ch. 8 - Fr. 4"},"geometry":{"type":"Polygon","coordinates":[[[-58.0204287669525,-35.572680074855604],[-58.02012293983333,-35.57336918518593],[-58.02112429471205,-35.573513863269405],[-58.0214676422513,-35.57356347600156],[-58.02259649275993,-35.57372663564545],[-58.022994343138656,-35.573062187413456],[-58.0204287669525,-35.572680074855604]]]}},{"type":"Feature","properties":{"CCA":"027020A000900000000000001000","ARA1":7415.05,"SAG":"ARBA","PARTIDO":"027","CIRC":2,"SECC":"A","CHACRA":9,"CHACRA_L":null,"QUINTA":null,"QUINTA_L":null,"FRACCION":1,"FRACC_L":null,"NOMENCLA":"Circ. II - Secc. A - Ch. 9 - Fr. 1"},"geometry":{"type":"Polygon","coordinates":[[[-58.018331414150964,-35.571223721203694],[-58.01832963030052,-35.571237929604024],[-58.0192284838322,-35.571356066399034],[-58.01923103705569,-35.57134196074182],[-58.019381356949566,-35.57056297788336],[-58.01845924446523,-35.57044914573463],[-58.018331414150964,-35.571223721203694]]]}},{"type":"Feature","properties":{"CCA":"027020A001000000000000001000","ARA1":13729.03,"SAG":"ARBA","PARTIDO":"027","CIRC":2,"SECC":"A","CHACRA":10,"CHACRA_L":null,"QUINTA":null,"QUINTA_L":null,"FRACCION":1,"FRACC_L":null,"NOMENCLA":"Circ. II - Secc. A - Ch. 10 - Fr. 1"},"geometry":{"type":"Polygon","coordinates":[[[-58.02155152008035,-35.57563743516633],[-58.021083797326305,-35.57559019553799],[-58.02014300819931,-35.57608027113938],[-58.02006573300367,-35.57616803230557],[-58.020011325902004,-35.57732958576278],[-58.020381155884756,-35.577357018804804],[-58.02155152008035,-35.57563743516633]]]}},{"type":"Feature","properties":{"CCA":"027020A001100000000000001000","ARA1":20596.58,"SAG":"ARBA","PARTIDO":"027","CIRC":2,"SECC":"A","CHACRA":11,"CHACRA_L":null,"QUINTA":null,"QUINTA_L":null,"FRACCION":1,"FRACC_L":null,"NOMENCLA":"Circ. II - Secc. A - Ch. 11 - Fr. 1"},"geometry":{"type":"Polygon","coordinates":[[[-58.01725003647065,-35.57825054343664],[-58.017110735469046,-35.57906421647747],[-58.01931510756139,-35.579304215819555],[-58.0200402870855,-35.57857703412854],[-58.01725003647065,-35.57825054343664]]]}},{"type":"Feature","properties":{"CCA":"027020A001100000000000002000","ARA1":10090.38,"SAG":"ARBA","PARTIDO":"027","CIRC":2,"SECC":"A","CHACRA":11,"CHACRA_L":null,"QUINTA":null,"QUINTA_L":null,"FRACCION":2,"FRACC_L":null,"NOMENCLA":"Circ. II - Secc. A - Ch. 11 - Fr. 2"},"geometry":{"type":"Polygon","coordinates":[[[-58.01704505587114,-35.579200376373585],[-58.016952592601434,-35.579639863371554],[-58.01911536168342,-35.579930455703476],[-58.019243729522415,-35.57947930185836],[-58.01704505587114,-35.579200376373585]]]}},{"type":"Feature","properties":{"CCA":"027020A001100000000000003000","ARA1":26171.11,"SAG":"ARBA","PARTIDO":"027","CIRC":2,"SECC":"A","CHACRA":11,"CHACRA_L":null,"QUINTA":null,"QUINTA_L":null,"FRACCION":3,"FRACC_L":null,"NOMENCLA":"Circ. II - Secc. A - Ch. 11 - Fr. 3"},"geometry":{"type":"Polygon","coordinates":[[[-58.01692539848558,-35.5797719707298],[-58.016868755051554,-35.58004263637018],[-58.01672434379881,-35.580732230291346],[-58.01739580536155,-35.580816271404466],[-58.01806220975528,-35.580899684935474],[-58.01872960363031,-35.580983291291744],[-58.01937907505553,-35.581064616894764],[-58.019515334783975,-35.580382635132786],[-58.019569555001844,-35.580111477734214],[-58.01891860059016,-35.58002796619233],[-58.01824313050549,-35.579941164352036],[-58.01758932128671,-35.57985723825991],[-58.01692539848558,-35.5797719707298]]]}},{"type":"Feature","properties":{"CCA":"027020A001100000000000004000","ARA1":35703.15,"SAG":"ARBA","PARTIDO":"027","CIRC":2,"SECC":"A","CHACRA":11,"CHACRA_L":null,"QUINTA":null,"QUINTA_L":null,"FRACCION":4,"FRACC_L":null,"NOMENCLA":"Circ. II - Secc. A - Ch. 11 - Fr. 4"},"geometry":{"type":"Polygon","coordinates":[[[-58.01668882817461,-35.58090204767018],[-58.016554090836735,-35.58162415072377],[-58.016435496426155,-35.58225965123343],[-58.01635898204802,-35.58266939271376],[-58.01817704439896,-35.58258676028132],[-58.018250232776346,-35.58249956410688],[-58.01873791386508,-35.58191744006833],[-58.01930672522692,-35.581238785807756],[-58.01778269390688,-35.58104278065799],[-58.01668882817461,-35.58090204767018]]]}},{"type":"Feature","properties":{"CCA":"027020A001100000000000005000","ARA1":2429.79,"SAG":"ARBA","PARTIDO":"027","CIRC":2,"SECC":"A","CHACRA":11,"CHACRA_L":null,"QUINTA":null,"QUINTA_L":null,"FRACCION":5,"FRACC_L":null,"NOMENCLA":"Circ. II - Secc. A - Ch. 11 - Fr. 5"},"geometry":{"type":"Polygon","coordinates":[[[-58.01758206821497,-35.58281360686953],[-58.01753797830709,-35.58283459845457],[-58.01742119835688,-35.5828733175026],[-58.01731850890343,-35.58288190053081],[-58.017200761361,-35.58287933210982],[-58.01706062214583,-35.58285882321064],[-58.01691423204418,-35.58283235398342],[-58.016879564243396,-35.583016963691136],[-58.0169374023262,-35.583069189402956],[-58.01701367178625,-35.58307630194934],[-58.01710197215822,-35.583177058659366],[-58.01720515851461,-35.583228859086994],[-58.01734441184851,-35.583249533474266],[-58.01747797783231,-35.58321902057503],[-58.017594165633284,-35.583164071564696],[-58.01766051418818,-35.58309037016202],[-58.017663811062846,-35.582987966968425],[-58.0176366586397,-35.58286334579118],[-58.01758206821497,-35.58281360686953]]]}},{"type":"Feature","properties":{"CCA":"027020C007200000000000001000","ARA1":67648.65,"SAG":"ARBA","PARTIDO":"027","CIRC":2,"SECC":"C","CHACRA":72,"CHACRA_L":null,"QUINTA":null,"QUINTA_L":null,"FRACCION":1,"FRACC_L":null,"NOMENCLA":"Circ. II - Secc. C - Ch. 72 - Fr. 1"},"geometry":{"type":"Polygon","coordinates":[[[-57.97815902001356,-35.558115229074275],[-57.97798332507719,-35.55894581469064],[-57.97781318675717,-35.559778926140915],[-57.98176746984754,-35.56025098307222],[-57.98191548060327,-35.559432363364486],[-57.98205913695456,-35.55857176845003],[-57.97815902001356,-35.558115229074275]]]}},{"type":"Feature","properties":{"CCA":"027020E010100000000000001000","ARA1":36749.57,"SAG":"ARBA","PARTIDO":"027","CIRC":2,"SECC":"E","CHACRA":101,"CHACRA_L":null,"QUINTA":null,"QUINTA_L":null,"FRACCION":1,"FRACC_L":null,"NOMENCLA":"Circ. II - Secc. E - Ch. 101 - Fr. 1"},"geometry":{"type":"Polygon","coordinates":[[[-57.98355162435552,-35.566276701999826],[-57.98349729237707,-35.566578748371],[-57.98347978538819,-35.56667000889653],[-57.98347260008067,-35.566714674170086],[-57.98357989920508,-35.56672827422264],[-57.98369051010603,-35.56674174936779],[-57.98380254514887,-35.566755608685355],[-57.984143600090256,-35.5667977193737],[-57.98427454031101,-35.56681414728646],[-57.984204758210055,-35.56720911104938],[-57.98552754720678,-35.56734125691279],[-57.98559156510727,-35.56695601811249],[-57.98586991297739,-35.56550734854326],[-57.983750955906196,-35.565289168893074],[-57.983683879558214,-35.565602536488804],[-57.983664820667585,-35.56569413154244],[-57.98364619214817,-35.565777353403895],[-57.98362882513279,-35.5658674448572],[-57.9835708446114,-35.56614347807389],[-57.98355162435552,-35.566276701999826]]]}},{"type":"Feature","properties":{"CCA":"027010B000000000000000001000","ARA1":72041.6,"SAG":"ARBA","PARTIDO":"027","CIRC":1,"SECC":"B","CHACRA":null,"CHACRA_L":null,"QUINTA":null,"QUINTA_L":null,"FRACCION":1,"FRACC_L":null,"NOMENCLA":"Circ. I - Secc. B - Fr. 1"},"geometry":{"type":"Polygon","coordinates":[[[-58.00257159110092,-35.573601516492474],[-58.00244344862512,-35.57365391005196],[-58.00231742824134,-35.573709672793925],[-58.00219375044058,-35.57376880838039],[-58.00207252770087,-35.573831228571294],[-58.00195387026409,-35.57389693520175],[-58.001837895086254,-35.57396565988276],[-58.00172470793657,-35.57403758459969],[-58.001614536026246,-35.57411244279256],[-58.001272688558124,-35.57593361160239],[-58.00449065049236,-35.57636640725129],[-58.00465900514235,-35.57639163306818],[-58.00487018648577,-35.57532631202579],[-58.004546472678165,-35.574965640327505],[-58.00447166205264,-35.57488230945447],[-58.00439545628367,-35.57479742352795],[-58.004302077317014,-35.57469341973636],[-58.00404062060899,-35.57440208266269],[-58.003894844765405,-35.574236114745936],[-58.00376856226513,-35.57410245933445],[-58.003613149482234,-35.57392930270682],[-58.00351999525005,-35.57382521193876],[-58.003433714537415,-35.573746376222964],[-58.00305144185937,-35.57342140592193],[-58.002962449904054,-35.573456246228346],[-58.00283390267929,-35.57350719171343],[-58.002701853444556,-35.5735525821841],[-58.00257159110092,-35.573601516492474]]]}},{"type":"Feature","properties":{"CCA":"027010B000000000000000002000","ARA1":2139.41,"SAG":"ARBA","PARTIDO":"027","CIRC":1,"SECC":"B","CHACRA":null,"CHACRA_L":null,"QUINTA":null,"QUINTA_L":null,"FRACCION":2,"FRACC_L":null,"NOMENCLA":"Circ. I - Secc. B - Fr. 2"},"geometry":{"type":"Polygon","coordinates":[[[-58.0100449797417,-35.56864936518372],[-58.009901798150196,-35.569443952393414],[-58.01016362364245,-35.56947539973707],[-58.01030680050513,-35.56868090221342],[-58.0100449797417,-35.56864936518372]]]}},{"type":"Feature","properties":{"CCA":"027020D008100000000000002000","ARA1":412.01,"SAG":"ARBA","PARTIDO":"027","CIRC":2,"SECC":"D","CHACRA":81,"CHACRA_L":null,"QUINTA":null,"QUINTA_L":null,"FRACCION":2,"FRACC_L":null,"NOMENCLA":"Circ. II - Secc. D - Ch. 81 - Fr. 2"},"geometry":{"type":"Polygon","coordinates":[[[-57.996990352656795,-35.56922255698216],[-57.997496181467746,-35.569283138364824],[-57.99750301775708,-35.569243332392595],[-57.9965282665786,-35.56912386250877],[-57.99652191150462,-35.56916646988769],[-57.996990352656795,-35.56922255698216]]]}},{"type":"Feature","properties":{"CCA":"027020A000700000000000001000","ARA1":6671.53,"SAG":"ARBA","PARTIDO":"027","CIRC":2,"SECC":"A","CHACRA":7,"CHACRA_L":null,"QUINTA":null,"QUINTA_L":null,"FRACCION":1,"FRACC_L":null,"NOMENCLA":"Circ. II - Secc. A - Ch. 7 - Fr. 1"},"geometry":{"type":"Polygon","coordinates":[[[-58.01642056906092,-35.566643596901464],[-58.016400160823586,-35.56675563099217],[-58.0165987532369,-35.56677944523074],[-58.01670783669329,-35.566792504535094],[-58.01681692018977,-35.56680556374178],[-58.016925783240296,-35.56681861922261],[-58.017035085082924,-35.56683177193794],[-58.017144168699836,-35.56684483085166],[-58.01725336259998,-35.56685789148151],[-58.01736244407732,-35.566871040275565],[-58.01747163805785,-35.566884100709814],[-58.017566306612785,-35.566895840752714],[-58.01769254342266,-35.566709582610684],[-58.01777405537728,-35.566583865041665],[-58.01785600360223,-35.566458334811344],[-58.01751430703813,-35.56641018119597],[-58.017357580689016,-35.566388138605305],[-58.01710655503529,-35.56635282965799],[-58.01676332051627,-35.56630446839426],[-58.01678122206756,-35.56620014262997],[-58.01653094502999,-35.566125555858704],[-58.01651975664801,-35.566118613291266],[-58.01649174232123,-35.56626629679899],[-58.01646441392651,-35.56639957362071],[-58.016441367126326,-35.56653364180328],[-58.01642056906092,-35.566643596901464]],[[-58.017917284131215,-35.56465132921873],[-58.0179487162209,-35.56449460015913],[-58.01784628147378,-35.56454752348717],[-58.01783606125163,-35.56459529514852],[-58.017917284131215,-35.56465132921873]]]}},{"type":"Feature","properties":{"CCA":"027020B003500000000000014000","ARA1":70.22,"SAG":"ARBA","PARTIDO":"027","CIRC":2,"SECC":"B","CHACRA":35,"CHACRA_L":null,"QUINTA":null,"QUINTA_L":null,"FRACCION":14,"FRACC_L":null,"NOMENCLA":"Circ. II - Secc. B - Ch. 35 - Fr. 14"},"geometry":{"type":"Polygon","coordinates":[[[-58.01018137559128,-35.559294727111],[-58.01031897316868,-35.55939846518264],[-58.01032533115569,-35.5593018796883],[-58.01018137559128,-35.559294727111]]]}},{"type":"Feature","properties":{"CCA":"027020B004100000000000001000","ARA1":8290.69,"SAG":"ARBA","PARTIDO":"027","CIRC":2,"SECC":"B","CHACRA":41,"CHACRA_L":null,"QUINTA":null,"QUINTA_L":null,"FRACCION":1,"FRACC_L":null,"NOMENCLA":"Circ. II - Secc. B - Ch. 41 - Fr. 1"},"geometry":{"type":"Polygon","coordinates":[[[-58.00904652590521,-35.559468014524626],[-58.008412825588955,-35.559581268528184],[-58.008379758363375,-35.55961181081214],[-58.00834147119496,-35.560855808028855],[-58.00837945227137,-35.560885181478454],[-58.00881790175492,-35.56091279156037],[-58.00885683185942,-35.560881535020606],[-58.009075391940186,-35.559491379882395],[-58.00904652590521,-35.559468014524626]]]}},{"type":"Feature","properties":{"CCA":"027020B004400000000000001000","ARA1":42970.8,"SAG":"ARBA","PARTIDO":"027","CIRC":2,"SECC":"B","CHACRA":44,"CHACRA_L":null,"QUINTA":null,"QUINTA_L":null,"FRACCION":1,"FRACC_L":null,"NOMENCLA":"Circ. II - Secc. B - Ch. 44 - Fr. 1"},"geometry":{"type":"Polygon","coordinates":[[[-57.99735157608054,-35.55579124093554],[-57.997430364874575,-35.555323696894064],[-57.99750542720747,-35.55487735729523],[-57.997576934367245,-35.554454207464055],[-57.997555942078506,-35.5544292580983],[-57.99702786710847,-35.55437569782923],[-57.9952838840384,-35.554200991955426],[-57.99510723298403,-35.5552501118301],[-57.995033328515696,-35.55568925998878],[-57.99497613318083,-35.55602866167569],[-57.996583314745116,-35.55618974458007],[-57.99727289646776,-35.556258786693164],[-57.99735157608054,-35.55579124093554]]]}},{"type":"Feature","properties":{"CCA":"027020B004400000000000002000","ARA1":22360.36,"SAG":"ARBA","PARTIDO":"027","CIRC":2,"SECC":"B","CHACRA":44,"CHACRA_L":null,"QUINTA":null,"QUINTA_L":null,"FRACCION":2,"FRACC_L":null,"NOMENCLA":"Circ. II - Secc. B - Ch. 44 - Fr. 2"},"geometry":{"type":"Polygon","coordinates":[[[-57.99626899805338,-35.55806488743524],[-57.99670734663874,-35.55811344564263],[-57.996994598774876,-35.557883658275216],[-57.997058165638634,-35.55752724020307],[-57.99712305684714,-35.55717075396577],[-57.99718794740511,-35.55681426765496],[-57.99725646791442,-35.55635619518737],[-57.99601392270759,-35.556218486105074],[-57.99593934400258,-35.55667600646861],[-57.99588115630645,-35.55703323426872],[-57.99582285778865,-35.55739046017095],[-57.99572276836645,-35.55800435098207],[-57.99626899805338,-35.55806488743524]]]}},{"type":"Feature","properties":{"CCA":"027020B004800000000000004000","ARA1":5013.37,"SAG":"ARBA","PARTIDO":"027","CIRC":2,"SECC":"B","CHACRA":48,"CHACRA_L":null,"QUINTA":null,"QUINTA_L":null,"FRACCION":4,"FRACC_L":null,"NOMENCLA":"Circ. II - Secc. B - Ch. 48 - Fr. 4"},"geometry":{"type":"Polygon","coordinates":[[[-57.988224001558685,-35.55951097977086],[-57.988261300722364,-35.55948790295808],[-57.988031905975284,-35.55946217647416],[-57.988060149080184,-35.55949256509982],[-57.988034629934226,-35.55964433801818],[-57.98800469394782,-35.559822800411666],[-57.98797464532567,-35.560001351022336],[-57.98794912581072,-35.56015312390001],[-57.9879119364764,-35.560176202441006],[-57.98755486700451,-35.56013608819435],[-57.98719779568676,-35.56009606297498],[-57.9871694447381,-35.56006558223851],[-57.987137954043504,-35.56025320981359],[-57.9871752583629,-35.5602299532128],[-57.98753233025724,-35.56026997851726],[-57.98788940030568,-35.560310092849015],[-57.98791764363711,-35.560340481512036],[-57.9878869285462,-35.56052361665846],[-57.98785259523657,-35.5607279577758],[-57.98781826172754,-35.56093229887113],[-57.987787431381385,-35.56111561226843],[-57.987750252806826,-35.561138240368834],[-57.987979127926415,-35.56116729292154],[-57.98795012842855,-35.56113626086448],[-57.98798212831196,-35.56095026359009],[-57.98801710041342,-35.56074241874096],[-57.98805196207581,-35.56053457202881],[-57.988081497791136,-35.56035889642998],[-57.98811879739863,-35.56033581967862],[-57.988475870367076,-35.56037584221653],[-57.98883294149063,-35.56041595378178],[-57.988861185224586,-35.56044634223603],[-57.98889266751722,-35.56025889423551],[-57.98885469775901,-35.5602823204955],[-57.98849840559079,-35.56024195166881],[-57.988141333198925,-35.560201929215935],[-57.98811298184649,-35.56017144868912],[-57.98813849880954,-35.560019765841524],[-57.98816843684734,-35.55984121333871],[-57.98819848496443,-35.55966266265915],[-57.988224001558685,-35.55951097977086]]]}},{"type":"Feature","properties":{"CCA":"027020D008500000000000002000","ARA1":8216.01,"SAG":"ARBA","PARTIDO":"027","CIRC":2,"SECC":"D","CHACRA":85,"CHACRA_L":null,"QUINTA":null,"QUINTA_L":null,"FRACCION":2,"FRACC_L":null,"NOMENCLA":"Circ. II - Secc. D - Ch. 85 - Fr. 2"},"geometry":{"type":"Polygon","coordinates":[[[-57.99561674655333,-35.57340280437024],[-57.99545105880504,-35.57420474667749],[-57.996465718788194,-35.57434507476925],[-57.996627532258906,-35.573587581757444],[-57.99561674655333,-35.57340280437024]]]}},{"type":"Feature","properties":{"CCA":"027020E012200000000000001000","ARA1":86303.46,"SAG":"ARBA","PARTIDO":"027","CIRC":2,"SECC":"E","CHACRA":122,"CHACRA_L":null,"QUINTA":null,"QUINTA_L":null,"FRACCION":1,"FRACC_L":null,"NOMENCLA":"Circ. II - Secc. E - Ch. 122 - Fr. 1"},"geometry":{"type":"Polygon","coordinates":[[[-57.97497248032524,-35.581131263795854],[-57.97500485764802,-35.58100195750416],[-57.975093071281094,-35.580648401321106],[-57.975180421529224,-35.58029843498789],[-57.97361289133097,-35.580083209296106],[-57.97328474120508,-35.58169780138945],[-57.97322839218323,-35.58196403354248],[-57.972980578247906,-35.58323106462343],[-57.97574862235941,-35.58361020253238],[-57.97680526770653,-35.58374662702953],[-57.977167215968024,-35.582255053592455],[-57.97477596794049,-35.581908685487505],[-57.974795914671404,-35.58183936470441],[-57.97488985340762,-35.58148194007344],[-57.97497248032524,-35.581131263795854]]]}},{"type":"Feature","properties":{"CCA":"027020B003500000000000007000","ARA1":839.78,"SAG":"ARBA","PARTIDO":"027","CIRC":2,"SECC":"B","CHACRA":35,"CHACRA_L":null,"QUINTA":null,"QUINTA_L":null,"FRACCION":7,"FRACC_L":null,"NOMENCLA":"Circ. II - Secc. B - Ch. 35 - Fr. 7"},"geometry":{"type":"Polygon","coordinates":[[[-58.017172596896295,-35.55537958200287],[-58.01713116848618,-35.5560093270199],[-58.017263241181254,-35.556015194377274],[-58.01730466856503,-35.555385449282085],[-58.017172596896295,-35.55537958200287]]]}},{"type":"Feature","properties":{"CCA":"027110M000000000000000021000","ARA1":2332.83,"SAG":"ARBA","PARTIDO":"027","CIRC":11,"SECC":"M","CHACRA":null,"CHACRA_L":null,"QUINTA":null,"QUINTA_L":null,"FRACCION":21,"FRACC_L":null,"NOMENCLA":"Circ. XI - Secc. M - Fr. 21"},"geometry":{"type":"Polygon","coordinates":[[[-58.05935959264378,-35.57481559447021],[-58.058648940866355,-35.57063372092514],[-58.05864080452256,-35.57087031660039],[-58.0592909690496,-35.57480259438716],[-58.05935959264378,-35.57481559447021]]]}},{"type":"Feature","properties":{"CCA":"027020A000100000000000002000","ARA1":9990.73,"SAG":"ARBA","PARTIDO":"027","CIRC":2,"SECC":"A","CHACRA":1,"CHACRA_L":null,"QUINTA":null,"QUINTA_L":null,"FRACCION":2,"FRACC_L":null,"NOMENCLA":"Circ. II - Secc. A - Ch. 1 - Fr. 2"},"geometry":{"type":"Polygon","coordinates":[[[-58.03249592533074,-35.5585728743189],[-58.031006648926144,-35.56016796730866],[-58.031636088455485,-35.56020987853097],[-58.031982278182895,-35.55983913154185],[-58.03211602026484,-35.55969587355248],[-58.03224998013099,-35.55955270907237],[-58.0323835029843,-35.55940935707289],[-58.03251735165334,-35.55926619045889],[-58.03265098377791,-35.559122839925486],[-58.03278472345251,-35.558979581101404],[-58.03291846264566,-35.55883632211038],[-58.03249592533074,-35.5585728743189]]]}},{"type":"Feature","properties":{"CCA":"027110G000000000000000002000","ARA1":670553.52,"SAG":"ARBA","PARTIDO":"027","CIRC":11,"SECC":"G","CHACRA":null,"CHACRA_L":null,"QUINTA":null,"QUINTA_L":null,"FRACCION":2,"FRACC_L":null,"NOMENCLA":"Circ. XI - Secc. G - Fr. 2"},"geometry":{"type":"Polygon","coordinates":[[[-58.081303258328596,-35.55925593782305],[-58.07207915728157,-35.560363389942985],[-58.06259521902229,-35.561456943237516],[-58.061519219148245,-35.56355297440143],[-58.08137236886644,-35.56396141199395],[-58.082124171201336,-35.56056096093091],[-58.08147898408306,-35.55998928533054],[-58.081303258328596,-35.55925593782305]]]}},{"type":"Feature","properties":{"CCA":"027110K000000000000000001000","ARA1":15544906.85,"SAG":"ARBA","PARTIDO":"027","CIRC":11,"SECC":"K","CHACRA":null,"CHACRA_L":null,"QUINTA":null,"QUINTA_L":null,"FRACCION":1,"FRACC_L":null,"NOMENCLA":"Circ. XI - Secc. K - Fr. 1"},"geometry":{"type":"Polygon","coordinates":[[[-58.076737651316414,-35.542666258923134],[-58.07878735751646,-35.54910584257679],[-58.07914894143693,-35.55024162961311],[-58.08223554513576,-35.559936624505404],[-58.08584369356062,-35.56302369060297],[-58.086432864180715,-35.56352776998645],[-58.09379224043598,-35.569822945255765],[-58.10124596414277,-35.57619747768345],[-58.112583897435535,-35.58589106725824],[-58.12362881972898,-35.59533096962998],[-58.143857312592374,-35.57950343083218],[-58.13264026719982,-35.569876336280586],[-58.12123490225996,-35.56012516523413],[-58.114281794139,-35.55412023346373],[-58.109365196368685,-35.54988976634879],[-58.107592254050424,-35.54993061211243],[-58.106005959532666,-35.54959786810031],[-58.08094213470261,-35.544337108720136],[-58.0784216106213,-35.54343700181526],[-58.076737651316414,-35.542666258923134]],[[-58.07965889724405,-35.542707242742594],[-58.08114153296973,-35.54330316424104],[-58.10713017661886,-35.54882639818849],[-58.10813456946885,-35.54894417523411],[-58.10508281480264,-35.54621057043873],[-58.096132298271435,-35.54430114340963],[-58.092977978716206,-35.54355344211467],[-58.08970112475242,-35.544343673030546],[-58.07965889724405,-35.542707242742594]]]}},{"type":"Feature","properties":{"CCA":"027110G000000000000000001000","ARA1":1866064.21,"SAG":"ARBA","PARTIDO":"027","CIRC":11,"SECC":"G","CHACRA":null,"CHACRA_L":null,"QUINTA":null,"QUINTA_L":null,"FRACCION":1,"FRACC_L":null,"NOMENCLA":"Circ. XI - Secc. G - Fr. 1"},"geometry":{"type":"Polygon","coordinates":[[[-58.07603337431909,-35.543343038228784],[-58.07442754882094,-35.54405038217366],[-58.072541730791635,-35.5462968724765],[-58.07160925906938,-35.55075284912226],[-58.06316112741659,-35.5522807079726],[-58.06313402199552,-35.55415877368816],[-58.06360866640639,-35.55855743788019],[-58.06274591398506,-35.561143338753794],[-58.08118562709941,-35.55897228020707],[-58.08047500486603,-35.55635479182703],[-58.07659498104712,-35.543884842196356],[-58.07603337431909,-35.543343038228784]]]}},{"type":"Feature","properties":{"CCA":"027110E000000000000000001000","ARA1":10694088.9,"SAG":"ARBA","PARTIDO":"027","CIRC":11,"SECC":"E","CHACRA":null,"CHACRA_L":null,"QUINTA":null,"QUINTA_L":null,"FRACCION":1,"FRACC_L":null,"NOMENCLA":"Circ. XI - Secc. E - Fr. 1"},"geometry":{"type":"Polygon","coordinates":[[[-58.065037295467356,-35.59093158683794],[-58.06128843257587,-35.59385044628251],[-58.053767333001275,-35.59960785147901],[-58.07832207974482,-35.62056479382365],[-58.115434831461265,-35.65259366065131],[-58.12532367768593,-35.6447734020249],[-58.065037295467356,-35.59093158683794]]]}},{"type":"Feature","properties":{"CCA":"027110G000000000000000003000","ARA1":14119090.79,"SAG":"ARBA","PARTIDO":"027","CIRC":11,"SECC":"G","CHACRA":null,"CHACRA_L":null,"QUINTA":null,"QUINTA_L":null,"FRACCION":3,"FRACC_L":null,"NOMENCLA":"Circ. XI - Secc. G - Fr. 3"},"geometry":{"type":"Polygon","coordinates":[[[-58.08245015875096,-35.56081558208234],[-58.07348992761661,-35.5976845752724],[-58.095016851409746,-35.61694398320849],[-58.12304601806081,-35.59569658416642],[-58.08245015875096,-35.56081558208234]]]}},{"type":"Feature","properties":{"CCA":"027020B003500000000000015000","ARA1":852.62,"SAG":"ARBA","PARTIDO":"027","CIRC":2,"SECC":"B","CHACRA":35,"CHACRA_L":null,"QUINTA":null,"QUINTA_L":null,"FRACCION":15,"FRACC_L":null,"NOMENCLA":"Circ. II - Secc. B - Ch. 35 - Fr. 15"},"geometry":{"type":"Polygon","coordinates":[[[-58.01741671894042,-35.551664566302726],[-58.01737473879174,-35.55230349420428],[-58.01750691788921,-35.55230927283903],[-58.01754889255911,-35.5516705250102],[-58.01741671894042,-35.551664566302726]]]}},{"type":"Feature","properties":{"CCA":"027110M000000000000000006000","ARA1":295081.55,"SAG":"ARBA","PARTIDO":"027","CIRC":11,"SECC":"M","CHACRA":null,"CHACRA_L":null,"QUINTA":null,"QUINTA_L":null,"FRACCION":6,"FRACC_L":null,"NOMENCLA":"Circ. XI - Secc. M - Fr. 6"},"geometry":{"type":"Polygon","coordinates":[[[-58.05873920572302,-35.56800838160389],[-58.058648940866355,-35.57063372092514],[-58.05935959264378,-35.57481559447021],[-58.05953035581068,-35.574842224352764],[-58.059507114927946,-35.574708302745194],[-58.059567715951914,-35.57470179923922],[-58.05966758628912,-35.574690611363096],[-58.05976352647669,-35.574677738090614],[-58.05985771774104,-35.57466420579216],[-58.059939220776094,-35.574650829594034],[-58.06004466522428,-35.574632612223226],[-58.060141695368955,-35.574615701112194],[-58.06023576592869,-35.57459802137742],[-58.060311609364554,-35.574581489980524],[-58.06041924844769,-35.574559162409656],[-58.06056142051385,-35.57452729789138],[-58.06071191651443,-35.57448871857951],[-58.06085378849106,-35.57445099154058],[-58.060992670883884,-35.57440916114391],[-58.06109978315166,-35.57437664171642],[-58.0612078017519,-35.574338549770836],[-58.06130934505871,-35.57430368772943],[-58.061414909609056,-35.57426672758143],[-58.06149483990455,-35.57423620355422],[-58.061610062150514,-35.57419209944257],[-58.06172193362935,-35.5741451478196],[-58.06184051367472,-35.574094429132586],[-58.061962139938224,-35.57404087570287],[-58.062074764130664,-35.5739855553433],[-58.062183853476206,-35.57393044837063],[-58.062298892559724,-35.57387102143233],[-58.062402049497706,-35.57381491773284],[-58.06252977319867,-35.57374172701197],[-58.062620959304326,-35.57368804392671],[-58.06272520177122,-35.573623486772576],[-58.06282029032684,-35.573563468246014],[-58.06293718259459,-35.57348658854827],[-58.063026926900115,-35.573424050894104],[-58.06312501431288,-35.573353987664724],[-58.06321321511977,-35.57328682929374],[-58.0633142732934,-35.573207892462655],[-58.06340570622271,-35.57313474831737],[-58.06348833561525,-35.573065337486256],[-58.063581133164085,-35.57298131145553],[-58.06367401475143,-35.57289836805585],[-58.06375783360704,-35.57281618009355],[-58.063842125830554,-35.572732647979485],[-58.06391683163074,-35.572657882973644],[-58.06399921699773,-35.572571076037136],[-58.064072070173964,-35.572490784269974],[-58.06418835819431,-35.572356401478224],[-58.064251279183175,-35.57228090625963],[-58.06471227283487,-35.57251656690652],[-58.0650893010553,-35.57270771349659],[-58.06569696300962,-35.57301808613527],[-58.06554588967835,-35.573200122475086],[-58.065457632865666,-35.573301794985305],[-58.06537318107627,-35.57339658980906],[-58.065260309887435,-35.573517331408844],[-58.06513015347192,-35.5736505012946],[-58.065037152984445,-35.57374299589077],[-58.064947451818526,-35.57382671231427],[-58.06481581446209,-35.57394345748649],[-58.06467906809534,-35.57406165237603],[-58.06457240162529,-35.5741490610081],[-58.06444385776159,-35.57425179780629],[-58.06433295364798,-35.57433652487205],[-58.064190064671536,-35.57444407728536],[-58.064081276902186,-35.574523341213144],[-58.06393950381316,-35.57461658327558],[-58.06380974039671,-35.57470118705873],[-58.06374623805184,-35.57474116812182],[-58.063674005480884,-35.57478641564594],[-58.06358712529351,-35.57483989836708],[-58.063560761528244,-35.574830823863515],[-58.06352848656349,-35.574829043626686],[-58.063491029166286,-35.57483177586045],[-58.0634615337815,-35.574838240556595],[-58.06343434042355,-35.57484987868131],[-58.063403661494874,-35.5748688500481],[-58.063380032145226,-35.57489280080404],[-58.06336197782249,-35.57492341940187],[-58.063355089113756,-35.574962147388035],[-58.06336131667962,-35.57500126639758],[-58.06337482014377,-35.57502680516628],[-58.06340047542925,-35.57505614374703],[-58.063434227596375,-35.57507903419844],[-58.0634766951656,-35.5750926929511],[-58.06352708463745,-35.57509800837388],[-58.063576590930246,-35.57508961240894],[-58.06360947037269,-35.57507545234878],[-58.06363572169101,-35.57505713068658],[-58.063658698147705,-35.575032808937294],[-58.06367627700042,-35.57499902869908],[-58.06368127098643,-35.57497027278879],[-58.06368118811591,-35.574950807050676],[-58.063830258253034,-35.57486146730235],[-58.06400199925879,-35.574751315041844],[-58.064182081230754,-35.57462913126562],[-58.06429801839913,-35.57455070299785],[-58.064381164862525,-35.57448733745664],[-58.064457200286164,-35.57443070622548],[-58.06455179208224,-35.57435923400084],[-58.06465611068407,-35.574277735145614],[-58.06473760301812,-35.57420974701665],[-58.064808475391494,-35.57415222161821],[-58.06490058943959,-35.57407368049983],[-58.06499529337241,-35.573992928069146],[-58.065069119221,-35.57392265388513],[-58.065142564334266,-35.573854446139634],[-58.0652273685812,-35.573772543318746],[-58.06531588716765,-35.57368295034679],[-58.065386361689946,-35.5736098286466],[-58.06545287988596,-35.573536102710186],[-58.06552807176441,-35.57345485636576],[-58.06560288529145,-35.57337099061915],[-58.06567123671073,-35.57328981459803],[-58.06577479377851,-35.573166490040926],[-58.06583507436831,-35.57309068126991],[-58.0667632271818,-35.57356794519269],[-58.06716301908809,-35.57376233422175],[-58.06828377211406,-35.57433594275329],[-58.068156133017276,-35.57449303627094],[-58.06802901891798,-35.5746420278825],[-58.06795498706122,-35.57472554722255],[-58.06791938823949,-35.57476570756023],[-58.06788281221284,-35.574805221426764],[-58.06777965196949,-35.57491665922352],[-58.06765768237429,-35.57504428599489],[-58.06754824546834,-35.5751552624762],[-58.06743196780925,-35.575270905133785],[-58.06732338433767,-35.575378470788614],[-58.067270711277715,-35.57537636439194],[-58.06723034355461,-35.57538544913481],[-58.067193886526525,-35.57540162540809],[-58.067180166613085,-35.575412579362144],[-58.06716206436869,-35.57542688731803],[-58.067139430275816,-35.575455360440955],[-58.067127915073804,-35.57548013704859],[-58.067123739687325,-35.575502418109586],[-58.067126281102816,-35.57553435889258],[-58.06714155403758,-35.57556893694381],[-58.06716392479518,-35.57559732092908],[-58.067195349888635,-35.57562071369609],[-58.067231786557656,-35.57563751847255],[-58.06725844298547,-35.575643623145034],[-58.06729147289841,-35.575646135400774],[-58.067334171193096,-35.575641052992786],[-58.06736891382291,-35.57562737234815],[-58.06740022990259,-35.575609401425005],[-58.06742642455744,-35.575584229426326],[-58.067444905568024,-35.57555415772157],[-58.06745422239294,-35.57551528819004],[-58.06745191638765,-35.575487316161514],[-58.06744556520641,-35.57546702898042],[-58.06758197106762,-35.57533539864077],[-58.06772540518127,-35.57519126500854],[-58.06781870284613,-35.57509552902798],[-58.06791721927873,-35.57499374895765],[-58.06799738267205,-35.574907534450006],[-58.06809088738756,-35.57480315070919],[-58.06818079872054,-35.574701412675864],[-58.068263776529555,-35.57460361851015],[-58.06836132348408,-35.57448704396446],[-58.0684264346446,-35.57440752657164],[-58.06937709166283,-35.57489513399663],[-58.07008938146798,-35.57527321402447],[-58.07101418515183,-35.57576345855366],[-58.07088874741883,-35.5759116690254],[-58.070754531813186,-35.576067128094806],[-58.070638877899555,-35.57619828332457],[-58.07059250251008,-35.57625088774147],[-58.07056506302299,-35.57624981759602],[-58.07053161554611,-35.57625549983895],[-58.07050458909441,-35.576264799299054],[-58.07047599095322,-35.57627984082409],[-58.070449978561626,-35.57630204268161],[-58.07042881977965,-35.5763288279087],[-58.07041519113591,-35.576363573551866],[-58.07041359159132,-35.57639806125182],[-58.07042345253288,-35.57642840704124],[-58.07044081114572,-35.57645887288969],[-58.07045978031863,-35.576477379484245],[-58.0704899376528,-35.57649849828051],[-58.07052773746373,-35.5765137018655],[-58.07057083830998,-35.576519438330614],[-58.07060175429101,-35.5765181310869],[-58.07064045107591,-35.576509739368674],[-58.07067011945699,-35.57649606663785],[-58.070699683994775,-35.57647752612986],[-58.07072316250719,-35.57645059776897],[-58.07073725374148,-35.57641955413281],[-58.07074367000182,-35.57638658535367],[-58.07073923543417,-35.57635533522312],[-58.07072917768785,-35.57632859083045],[-58.0707739813142,-35.576277132666995],[-58.07091515432473,-35.57611673863249],[-58.07103616917354,-35.57597818955647],[-58.07117506041937,-35.57582550839531],[-58.07190503058556,-35.576212151294854],[-58.072630220711225,-35.576582222695734],[-58.07335944868448,-35.57697740582116],[-58.07326324383162,-35.57709337510743],[-58.0731629678685,-35.5772135145287],[-58.073070400679626,-35.57732035027741],[-58.07295169828202,-35.57745911860165],[-58.07284595579843,-35.577577187827366],[-58.07274739062866,-35.57769032541316],[-58.07264428933432,-35.577804021149205],[-58.07253044515775,-35.57792871897481],[-58.072424128371324,-35.578043083979075],[-58.07231959706643,-35.57815657631536],[-58.0722076413138,-35.57827607746449],[-58.07210011503,-35.57839024258609],[-58.07201171508078,-35.57847957208075],[-58.07191833595228,-35.57857413850646],[-58.071835130794284,-35.57865841453905],[-58.0718180573269,-35.5786574204277],[-58.07179037270684,-35.57865733787042],[-58.07175658702273,-35.5786632853649],[-58.0717274108854,-35.57867480351288],[-58.071694650276285,-35.578693202999006],[-58.071668778004444,-35.57871874153149],[-58.07165223271006,-35.5787463216955],[-58.071644361358985,-35.57877097682474],[-58.071643996634094,-35.57879998739959],[-58.07165150389215,-35.57883191745787],[-58.071667516432456,-35.57885875706893],[-58.07168809513213,-35.57888377737566],[-58.07170405542785,-35.57889439579167],[-58.07173510029709,-35.5789107524973],[-58.071762030660864,-35.578919293628246],[-58.07179510542238,-35.57892459889295],[-58.07183308565168,-35.578923134050946],[-58.07187042146209,-35.57891634221344],[-58.07189762804989,-35.57890416172535],[-58.07192705921086,-35.57888661004143],[-58.07195008633534,-35.57886472056535],[-58.07196708556596,-35.57883660694447],[-58.07197543027301,-35.578810607670654],[-58.071974759195996,-35.57877878701387],[-58.07196545292811,-35.57874367423021],[-58.07205150963711,-35.57865547875669],[-58.07217062892856,-35.57853627260661],[-58.07226121862906,-35.57843841728228],[-58.07236823461638,-35.57832712747083],[-58.07247159221728,-35.57821659005487],[-58.07254543707339,-35.57813621892447],[-58.072687336752246,-35.57798232261862],[-58.07279167269463,-35.577867745466676],[-58.0729050645476,-35.57774349071704],[-58.072999563027935,-35.577634343056936],[-58.07310565773801,-35.57751537819619],[-58.07322327049916,-35.57738064738585],[-58.0733158656175,-35.57727264049436],[-58.07339753643704,-35.577174010855416],[-58.073501232034026,-35.577049240020706],[-58.0743400376856,-35.57747509547223],[-58.07458182470427,-35.5776040362101],[-58.075105690465264,-35.577869949180084],[-58.07506290125791,-35.57798479069705],[-58.07505497828012,-35.578062341662786],[-58.075065003730884,-35.57813197905495],[-58.07507932361013,-35.578178886422066],[-58.07510593930619,-35.5782328388068],[-58.07514025586374,-35.57828303933611],[-58.07517460850092,-35.57832251696778],[-58.07520859742619,-35.57835414893638],[-58.07524124997913,-35.57838170445756],[-58.07515075318109,-35.57848965623852],[-58.075051665144755,-35.578610897558974],[-58.074933020129045,-35.57874732580919],[-58.07484458055117,-35.57885224636115],[-58.074745183961994,-35.57896329969543],[-58.07464229990965,-35.57907718083721],[-58.074529356212594,-35.579201174033344],[-58.07442649500725,-35.57930946832888],[-58.07432097449728,-35.57942285647925],[-58.0742114971171,-35.57953564061259],[-58.07408086497219,-35.57967043457017],[-58.07398082557514,-35.57976678851748],[-58.073870521220684,-35.57987721616125],[-58.07376457924024,-35.579980504386356],[-58.07362822650863,-35.58010538404425],[-58.07351099586915,-35.58021020370796],[-58.07340362149208,-35.580308782814384],[-58.07329001371669,-35.58040969520103],[-58.07319330377212,-35.58049591891405],[-58.07310078137104,-35.5805777038567],[-58.07300416599878,-35.580659963946324],[-58.07291960143814,-35.58073187345545],[-58.072897084153006,-35.58075088764246],[-58.07286913708237,-35.580747917506365],[-58.072832120320626,-35.58075056954149],[-58.072797259384274,-35.58075992441325],[-58.07276327641173,-35.58077406931018],[-58.07273332161089,-35.580795037107166],[-58.072707661165275,-35.58083013122335],[-58.07269543603014,-35.58087075690361],[-58.07269694200189,-35.58090457339289],[-58.072704657258015,-35.58093245162382],[-58.072725420779484,-35.58096360240361],[-58.07275819236934,-35.58099080004275],[-58.0727917938069,-35.58100638635995],[-58.0728276002501,-35.58101281640152],[-58.0728680031704,-35.58101616598944],[-58.072906340919374,-35.58100902941865],[-58.07294107424593,-35.580995797614094],[-58.07297066373518,-35.5809762657332],[-58.072994119147374,-35.580950327830095],[-58.07301169788747,-35.580921051869375],[-58.073018561383535,-35.58089241556201],[-58.07301844573868,-35.58086501933758],[-58.073012760849316,-35.58084447275455],[-58.07316532901373,-35.58071507715181],[-58.07329543780783,-35.58060226348248],[-58.07342952854072,-35.58048437688573],[-58.07356700884133,-35.5803631200254],[-58.073715320168716,-35.58023176325661],[-58.073849569327905,-35.580107210329764],[-58.07400023124928,-35.57996057153765],[-58.074143364666185,-35.57981966957107],[-58.07427175741292,-35.57969087733988],[-58.074394249657054,-35.5795643336102],[-58.07454100448124,-35.57941033249772],[-58.07466985152699,-35.57927172474308],[-58.07479686461357,-35.57913137538978],[-58.07492085700948,-35.578992779896296],[-58.075050281764774,-35.5788484136943],[-58.07517955636547,-35.578696475440466],[-58.07529264000435,-35.57855734482557],[-58.075379898115884,-35.57845105335793],[-58.07545983381179,-35.57847557927903],[-58.07552691988068,-35.57848854566921],[-58.07560437864571,-35.57849212568502],[-58.07568259781179,-35.57848697681862],[-58.07573922234836,-35.578476166376],[-58.07579092814809,-35.57846347509684],[-58.07584844915486,-35.57844285658387],[-58.07634428083459,-35.578705252767094],[-58.07691964134403,-35.57903704177541],[-58.07697334129618,-35.579079350850314],[-58.0770132178082,-35.57912774721837],[-58.07703915629111,-35.5791824092906],[-58.07704915904548,-35.57924384587412],[-58.077033857794454,-35.57933479621103],[-58.07701856994399,-35.57940673288048],[-58.0769982935032,-35.57947047974923],[-58.076982126678985,-35.57950536587469],[-58.07696329329526,-35.57953182891708],[-58.0768814338355,-35.57962919637669],[-58.07678878235018,-35.57973963816104],[-58.0766570723404,-35.57989198983274],[-58.07656504481556,-35.57999937754381],[-58.076449417863266,-35.580129547525246],[-58.076330528190766,-35.58026236869319],[-58.07620988895695,-35.58039453101011],[-58.07608895947248,-35.58052497641354],[-58.07596682313247,-35.58065513207672],[-58.07584990917227,-35.58077446731449],[-58.07570416099242,-35.580918663738125],[-58.075591379678585,-35.58103121610988],[-58.07546154002229,-35.581155931522574],[-58.07534030661381,-35.58127132237923],[-58.075184803228694,-35.581412839146694],[-58.07506333957963,-35.58152399071419],[-58.0749457626932,-35.58162943701062],[-58.07481316625464,-35.58174942175795],[-58.07466652689646,-35.58187539976547],[-58.074538307460884,-35.581987614293915],[-58.07439788296468,-35.582107383353645],[-58.0742693295763,-35.58221508658938],[-58.0741730352443,-35.582293117401925],[-58.07413893630302,-35.582289057982926],[-58.074098775018456,-35.58228940730994],[-58.074064791365466,-35.58229895678707],[-58.0740328900828,-35.5823136759847],[-58.07400737593455,-35.5823334534874],[-58.07398189266499,-35.582365757195134],[-58.07396774564342,-35.58240373900198],[-58.073966789568956,-35.582439048043376],[-58.07397596284038,-35.5824705540244],[-58.073987440280156,-35.58248876010143],[-58.07400709506871,-35.58251097175009],[-58.07403919940124,-35.5825338329574],[-58.074082944266074,-35.582549671171336],[-58.0741250626992,-35.58255512037027],[-58.074166484533,-35.58255280869643],[-58.07419704565017,-35.582543384716686],[-58.07422336885946,-35.58253127971695],[-58.07424434284727,-35.58251683639077],[-58.074265461369464,-35.5824963577947],[-58.07428162187858,-35.58247102396203],[-58.074291760525426,-35.582439195856836],[-58.07429266277035,-35.582410734544226],[-58.074288255130554,-35.58238750504015],[-58.07446422629212,-35.58224361320106],[-58.07463708964768,-35.58209588668231],[-58.07481171017793,-35.58194845831712],[-58.07501006817192,-35.581772482612735],[-58.07517639786985,-35.5816257322539],[-58.075393143569755,-35.581428062020244],[-58.07559069167022,-35.58123972687328],[-58.075799413539784,-35.58103616047644],[-58.07597387202092,-35.58086304550522],[-58.07612779297424,-35.580699965364914],[-58.07632497258532,-35.58048999590218],[-58.076472665518864,-35.58032897857625],[-58.07650842551369,-35.58029584711201],[-58.07654352502694,-35.580276492404344],[-58.076581282429956,-35.5802659210882],[-58.076627120129,-35.580263408696936],[-58.076671109942914,-35.580268976975624],[-58.07670776270169,-35.58028614283657],[-58.07673857395327,-35.58030772110578],[-58.07676187894339,-35.58033413578207],[-58.07677657932183,-35.58036518911253],[-58.07678139067212,-35.58039923856299],[-58.07677313369196,-35.580449299795475],[-58.076756807716976,-35.580523112219495],[-58.07662194204854,-35.58109326806502],[-58.07635799008331,-35.58223150862318],[-58.076269014170805,-35.582308035944706],[-58.07615363005045,-35.58241405910316],[-58.076020988396145,-35.58253134105995],[-58.07587560362382,-35.5826602241853],[-58.07571530903601,-35.58279905179195],[-58.07557953761019,-35.58291799540125],[-58.0754043304028,-35.583066857287086],[-58.075275951674904,-35.583171860977245],[-58.07515278301518,-35.58327118051783],[-58.07492363710914,-35.5834520712563],[-58.074707596391825,-35.58362001443632],[-58.07453677183127,-35.58374695743768],[-58.074410059541734,-35.58384216446624],[-58.074388945000095,-35.58386246291625],[-58.07437299397755,-35.58388825066758],[-58.07436592496952,-35.58391165720119],[-58.074363820767985,-35.58394424449949],[-58.07436805325758,-35.58396557882371],[-58.074373831445236,-35.58398225197158],[-58.07439183719555,-35.58400885274516],[-58.07441644599012,-35.58403150395415],[-58.07445863601046,-35.58406624093543],[-58.075369113230224,-35.584833051713794],[-58.07541910718915,-35.58486439861408],[-58.075491312919546,-35.584889522021335],[-58.07556221821854,-35.58489984607262],[-58.07562401132121,-35.58489912086651],[-58.07568557461982,-35.584889560877755],[-58.07573474803058,-35.58487223348692],[-58.07577132889716,-35.584855606101115],[-58.075805423085505,-35.58483686639123],[-58.075840627941545,-35.58480859242275],[-58.07587195105274,-35.58477196605173],[-58.07589501024187,-35.58473493736494],[-58.07591322111364,-35.58468845949062],[-58.07592937825399,-35.5846171677213],[-58.0771688500692,-35.579298832567424],[-58.07718308334383,-35.57923408810054],[-58.07718675830667,-35.57920495007663],[-58.07717799671472,-35.57917002658048],[-58.0773585991006,-35.57927482640152],[-58.07738235066805,-35.57915337236946],[-58.07581235291804,-35.578250339154714],[-58.075777643469195,-35.57827186261049],[-58.075735734261464,-35.5782900270074],[-58.07569026827369,-35.578304710288926],[-58.07563007880542,-35.57831699570165],[-58.07557361388003,-35.57832114027039],[-58.075512820030646,-35.57831719560416],[-58.07546855448215,-35.57830936968547],[-58.07542190164695,-35.57829528781366],[-58.07536399494151,-35.57827210497159],[-58.07531941247568,-35.578245260061976],[-58.075282245653455,-35.578217362115886],[-58.075245484478046,-35.578177125136605],[-58.07521984290216,-35.57814238244224],[-58.07519626737838,-35.57809505690415],[-58.0751824507065,-35.578040948535644],[-58.07518056577338,-35.57798144374638],[-58.07519402451815,-35.577921463147966],[-58.07521160513882,-35.5778782193217],[-58.07524850898512,-35.57782492113583],[-58.07529201618999,-35.57778146063312],[-58.075334862729704,-35.577751776874265],[-58.075384891667085,-35.57772617279668],[-58.0754442845275,-35.577705674478665],[-58.075507442003776,-35.57769379700613],[-58.075564913933626,-35.57768903775167],[-58.075622064362996,-35.577693104425215],[-58.075706139096184,-35.577710577336],[-58.075759479171566,-35.577730983691374],[-58.07580153807822,-35.5777526516897],[-58.07583534064119,-35.577778242926],[-58.07590612464863,-35.57769655920966],[-58.07607765785394,-35.57745635297703],[-58.07630359336989,-35.57712753259757],[-58.07652942595112,-35.576779876449805],[-58.07669784578337,-35.57650826015291],[-58.076901869650754,-35.57616376954813],[-58.07702363277212,-35.575947368424636],[-58.07713099818908,-35.57574722813281],[-58.07722927487332,-35.57555352097327],[-58.0773567505474,-35.57529647943951],[-58.07745592404852,-35.575088278144335],[-58.07755941034012,-35.574861131665045],[-58.07765841466522,-35.574636887317986],[-58.07775637134562,-35.574405687442116],[-58.07782087873937,-35.574240277268174],[-58.07790966372627,-35.574009741959124],[-58.07795718398644,-35.57388127751386],[-58.07802205162813,-35.573696138149195],[-58.07808286245444,-35.57352382023452],[-58.07811782348849,-35.57341317805433],[-58.07813375641998,-35.57335107378286],[-58.07816067519448,-35.573281575199104],[-58.078187995037126,-35.57322298670935],[-58.07821617321038,-35.57316540314663],[-58.0782520106351,-35.57310577900329],[-58.07829242493837,-35.573048480667566],[-58.07833368299232,-35.57299741358772],[-58.078365595605696,-35.57294971188405],[-58.0784027924659,-35.572888577443194],[-58.07844058041364,-35.5728165487084],[-58.07846678011429,-35.5727586631905],[-58.078494928403146,-35.572688463217496],[-58.0785192295979,-35.57260846965992],[-58.07853644584592,-35.572543412044865],[-58.07854230296586,-35.57251061408839],[-58.078555921645474,-35.5724437869538],[-58.078565925046775,-35.57237131514866],[-58.07857502116878,-35.57228603278893],[-58.07857737074597,-35.57220613976723],[-58.07857337772045,-35.57212857867339],[-58.07856424423014,-35.57203534601704],[-58.078544445113344,-35.57194996338135],[-58.0785456012667,-35.57186924030815],[-58.07856419860655,-35.57176482519187],[-58.078573948141674,-35.57166603624791],[-58.07857407501558,-35.571545286456264],[-58.07861459554213,-35.571252613742175],[-58.07866479949675,-35.57081771636342],[-58.07869644855692,-35.57048083672791],[-58.078720340004146,-35.57004389771547],[-58.07873296934386,-35.56961669158317],[-58.07873546883091,-35.56923032548887],[-58.078725901519746,-35.56879041990184],[-58.078706630608956,-35.56844741165199],[-58.07867199437023,-35.56805045086351],[-58.078626421228016,-35.56764502524941],[-58.07858427354336,-35.567322468385505],[-58.07853120949931,-35.566999827560664],[-58.078617479948086,-35.566971105160164],[-58.07864316058866,-35.56694871591027],[-58.07870513406358,-35.56690753088597],[-58.0787538477004,-35.566867396027014],[-58.07879986370419,-35.56681090762403],[-58.07883842531699,-35.56674790232042],[-58.07885997282391,-35.56669075348832],[-58.07887066288303,-35.56664028018852],[-58.080421866341034,-35.56642340402219],[-58.08045188236309,-35.56627474444639],[-58.080312758160396,-35.56629073132084],[-58.07938114326658,-35.56642971154296],[-58.078757127302374,-35.5665222240173],[-58.078759423689974,-35.56654614066799],[-58.0787619475688,-35.56657438638673],[-58.07875824924006,-35.566613797081665],[-58.07875340809048,-35.56664102425323],[-58.078741909644116,-35.56667454334185],[-58.07872345541531,-35.56671299788642],[-58.078702265964594,-35.56674591190643],[-58.078677904607495,-35.566773098211925],[-58.078646440095056,-35.56680215376096],[-58.07860610362739,-35.56682863479275],[-58.07855552490596,-35.56685450194457],[-58.07850811644787,-35.56687230941955],[-58.07846322754358,-35.566881596279785],[-58.0784049099886,-35.5668897678708],[-58.078351850976496,-35.566890183421414],[-58.07830452860446,-35.56688591441647],[-58.07824606809748,-35.566872366332966],[-58.07819696304429,-35.56685500242292],[-58.07815125149565,-35.56683408807555],[-58.07811207201496,-35.566807510626354],[-58.078076093523386,-35.566776208205546],[-58.078043618789785,-35.56674135711808],[-58.078018716189234,-35.566703472816606],[-58.07799797351791,-35.566653038984995],[-58.07798786090346,-35.56659160062702],[-58.077989857565896,-35.566544953754516],[-58.07800266004442,-35.566493793321534],[-58.07802398857202,-35.56644583271476],[-58.078051113299644,-35.56640454281532],[-58.078079255401505,-35.56637606523021],[-58.078120025315926,-35.56634067006232],[-58.078159959938624,-35.566317156522814],[-58.078209931259124,-35.56629362279334],[-58.07826006546662,-35.56627712048209],[-58.078323622253706,-35.56626659943562],[-58.07838714727707,-35.56626202533078],[-58.078340781084236,-35.56606997534347],[-58.078275564422036,-35.565812923354045],[-58.078228042462875,-35.565623107723255],[-58.079134376287236,-35.56545714990326],[-58.079153859147496,-35.56547259948101],[-58.07917181951614,-35.565482527873144],[-58.07919704102663,-35.56549320278564],[-58.079234497051985,-35.565499567015756],[-58.07926880055193,-35.56549939282694],[-58.07929959067698,-35.565493936058225],[-58.07933196881038,-35.565482016425705],[-58.079360688906505,-35.56546625372468],[-58.07938344441376,-35.56544625074566],[-58.079402370846495,-35.56542032937003],[-58.07941379355903,-35.56538996296689],[-58.07941718713448,-35.5653540618046],[-58.07940839569044,-35.565320399519486],[-58.07939312676433,-35.56529474421097],[-58.07937170191054,-35.56527286567181],[-58.079355381754006,-35.56525890834658],[-58.079332756136054,-35.5652457516634],[-58.079315695538995,-35.56523971251103],[-58.07929169166211,-35.565233472585994],[-58.0792628719929,-35.5652303098731],[-58.07923850140601,-35.565230191803636],[-58.079215149402195,-35.565233604385604],[-58.07918804748884,-35.56524164309262],[-58.07916335002491,-35.56525521703321],[-58.07913511237787,-35.56527387100623],[-58.079113023200165,-35.56529830011511],[-58.079099581003334,-35.56532548033162],[-58.07818824024461,-35.56549334056561],[-58.07813156072796,-35.56531293088],[-58.07807078099524,-35.56511488367145],[-58.078002501757084,-35.5649076153788],[-58.077947450709125,-35.564746786176684],[-58.0778918001529,-35.56459721155949],[-58.077862178423906,-35.56447067051131],[-58.06105405874377,-35.56412428801204],[-58.06045761520269,-35.5650997166516],[-58.05873920572302,-35.56800838160389]],[[-58.07626149900695,-35.58253455043423],[-58.07603919309379,-35.58350854785389],[-58.075796169091,-35.58456439689963],[-58.07577705241609,-35.58464411201472],[-58.07576169495199,-35.584681984582495],[-58.07574609839246,-35.58470219116739],[-58.07571494093728,-35.58472728567813],[-58.07568269304568,-35.584742630553535],[-58.07564503721065,-35.58475347350815],[-58.07560625646182,-35.58475600808183],[-58.075569864405836,-35.58475092118414],[-58.07553406867992,-35.584739355659366],[-58.0755029881454,-35.5847197552612],[-58.075022111026506,-35.58431052971918],[-58.07469744764088,-35.58403923847666],[-58.0746626566906,-35.58400876501051],[-58.074648205908126,-35.58399033125797],[-58.07463660680053,-35.58396797809735],[-58.0746290116821,-35.58393965134243],[-58.074630977725306,-35.58391282906616],[-58.07463997060103,-35.58388278489144],[-58.07466029972787,-35.58385382299207],[-58.07469654440873,-35.58382358348187],[-58.07488894376574,-35.58367553805285],[-58.075065907666406,-35.58354094289623],[-58.07525918321556,-35.583388495305265],[-58.07542917486899,-35.58325018369001],[-58.075615170944346,-35.583093023458545],[-58.07581685367358,-35.58292106454661],[-58.076017142997216,-35.58274737088059],[-58.07626149900695,-35.58253455043423]],[[-58.07836675750893,-35.56701874252566],[-58.07839198587951,-35.56716305581951],[-58.078417119077244,-35.567325210031946],[-58.078448900964624,-35.56753685236251],[-58.078474373599256,-35.56773559798767],[-58.07849454474854,-35.56792542796699],[-58.07851626318377,-35.56812897983713],[-58.078530639714714,-35.56830745324382],[-58.07854507643619,-35.56852035089885],[-58.07855677102016,-35.56870490923943],[-58.07856154351061,-35.56890683919469],[-58.07856853171441,-35.56912682713707],[-58.07857128962997,-35.56931151331463],[-58.07857098895888,-35.56951804825831],[-58.07856693542196,-35.569724703586004],[-58.07855793878653,-35.5699397507447],[-58.078549455714096,-35.570147146451944],[-58.07853999387274,-35.570321635187184],[-58.07852433032809,-35.57052026551255],[-58.07850778689526,-35.57070031845832],[-58.07848502652912,-35.570923616765086],[-58.07846287925377,-35.57112124254395],[-58.07843177960802,-35.57135657314504],[-58.078407959596575,-35.57152263257215],[-58.07841210461826,-35.57160767550245],[-58.07840346298433,-35.57167854697766],[-58.07840106554005,-35.57173735272672],[-58.0783941013564,-35.57180725970187],[-58.07838696892306,-35.571861123827595],[-58.078389262766315,-35.57194055021148],[-58.078400437199384,-35.57201759503251],[-58.078412930164916,-35.57213178755054],[-58.078415064907254,-35.57219940655411],[-58.07841221554194,-35.57227712888187],[-58.07840550674665,-35.57235019388882],[-58.078395065982775,-35.57241788270058],[-58.07838366201996,-35.5724751030107],[-58.078379226380946,-35.5724991826379],[-58.07836966888256,-35.572539130640344],[-58.07834332587733,-35.572630716219486],[-58.07831023471968,-35.57271390375772],[-58.07826754367119,-35.572806490200456],[-58.07821761870698,-35.57289715899603],[-58.07817619110439,-35.57295993805759],[-58.07810990672464,-35.57304746227723],[-58.07805447079003,-35.57313795299121],[-58.07800821179031,-35.57322750868495],[-58.077977944812204,-35.57330326175887],[-58.07795826450618,-35.57337909356707],[-58.0779121831708,-35.573516592303946],[-58.07786610382022,-35.57365400093636],[-58.07780944370079,-35.57380953376044],[-58.077749346944564,-35.57397501430117],[-58.07769342277593,-35.57412280905689],[-58.077639129343225,-35.574257743601216],[-58.077577488591494,-35.57440472618949],[-58.07751508316098,-35.574560617750514],[-58.07745322742408,-35.57470273071708],[-58.077392116982345,-35.574841341120646],[-58.07733610056457,-35.57496525419478],[-58.077256285867314,-35.57513880035355],[-58.07720044129285,-35.575255507036914],[-58.07712203395978,-35.5754116836958],[-58.077055598933605,-35.57554227896808],[-58.07696795634407,-35.575711014099205],[-58.07690205188851,-35.575833237212024],[-58.076819388072686,-35.575982857562074],[-58.07674506544852,-35.57611575980826],[-58.07665284367927,-35.57627297721358],[-58.07657266809174,-35.57640614637093],[-58.07648935362502,-35.576546023852735],[-58.076410776758976,-35.57667227969286],[-58.076315729597056,-35.576823053668],[-58.07624356773127,-35.5769347233469],[-58.0761571012154,-35.57706337621423],[-58.07606087433534,-35.577208093547284],[-58.075956667691344,-35.57735899130228],[-58.075894286171184,-35.57744909963911],[-58.07581967081873,-35.57755261967395],[-58.07576183920818,-35.577632347462696],[-58.0757108236529,-35.57761621354898],[-58.0756418638224,-35.577603217346464],[-58.07556722280473,-35.57759715919995],[-58.075493974573206,-35.577597431173025],[-58.0754301682119,-35.57760416182585],[-58.07537459298426,-35.57761724172197],[-58.07531524975701,-35.57763566819671],[-58.07526258072859,-35.57765636396534],[-58.07520214254061,-35.57769288563773],[-58.074663067687204,-35.57742186397285],[-58.07447400720437,-35.57732512533619],[-58.07363233488345,-35.57688543768377],[-58.073723851466205,-35.576762544542824],[-58.073796008431124,-35.57666042833815],[-58.073878025345515,-35.576547295661186],[-58.07395666710941,-35.576432306712526],[-58.074051993303485,-35.57629307359587],[-58.074122032655644,-35.57618722869078],[-58.07420662046982,-35.57605881761915],[-58.07427585713142,-35.57594962559938],[-58.074355011811726,-35.57582698494041],[-58.074430451944224,-35.57570284305561],[-58.07451673275552,-35.57555895932936],[-58.074575470809826,-35.57545978214839],[-58.07465534156998,-35.57532561822368],[-58.074719785964014,-35.57521382617918],[-58.074785455363376,-35.575092321443286],[-58.07485479511541,-35.57496492783357],[-58.07492723203503,-35.57482794154535],[-58.07498956502687,-35.574707554852736],[-58.07506789160963,-35.574554892744416],[-58.075114532549044,-35.574458766097834],[-58.07518778680588,-35.57430602287462],[-58.075241478294956,-35.57419180592265],[-58.07530093217991,-35.57406263207492],[-58.07535086598401,-35.573948715499824],[-58.07540477683091,-35.57382531041783],[-58.07545867423701,-35.57369784999766],[-58.07551145597109,-35.57357091241006],[-58.0755666535132,-35.57343058650478],[-58.07560386071688,-35.5733322363745],[-58.07564218331171,-35.57323336336239],[-58.07568748067603,-35.57311495703054],[-58.07570824715374,-35.5731090708302],[-58.07573509025854,-35.57309814520602],[-58.07576997016752,-35.573074011150325],[-58.07579924786286,-35.573039694947866],[-58.07581246631815,-35.572994308722954],[-58.07580951672973,-35.57295623384238],[-58.075791980768216,-35.57291468197375],[-58.07575962823891,-35.57288388732547],[-58.07572505840743,-35.57286278949079],[-58.075675946389765,-35.572850200409725],[-58.07562348432765,-35.572848551625114],[-58.07557675872599,-35.572860691637096],[-58.075536746431155,-35.57288267107019],[-58.07550773411598,-35.57291050329478],[-58.0754904196157,-35.572938071764206],[-58.07548006695205,-35.572974312170636],[-58.07548384420779,-35.57301005733118],[-58.07549815607708,-35.57304344756237],[-58.07552570292395,-35.573076868929434],[-58.075495276707585,-35.57316379284209],[-58.07545076806519,-35.5732814907867],[-58.07540083370361,-35.57340928484935],[-58.07534971868898,-35.57353570833131],[-58.0752923371216,-35.57367509811246],[-58.075225418210906,-35.57383046578784],[-58.07516580887013,-35.57396152949765],[-58.07510206224719,-35.574104151687536],[-58.07504249344484,-35.574233503821546],[-58.07496554044036,-35.574393306809924],[-58.07489632980568,-35.574533768980025],[-58.07483050828196,-35.57466626517479],[-58.0747418803087,-35.574829936568825],[-58.074681157304774,-35.574947555338646],[-58.07460240954704,-35.57509011776359],[-58.074531121573116,-35.57522054393567],[-58.074430148236274,-35.57539302912127],[-58.07436217312399,-35.575509450462754],[-58.07428517031154,-35.57563897412653],[-58.07420784267828,-35.57576362643278],[-58.07412420223534,-35.57589394503314],[-58.07403641745161,-35.576031496495624],[-58.07394095997323,-35.576176224413636],[-58.073859843359635,-35.576297842173894],[-58.07375521231087,-35.576447920195676],[-58.073668815813306,-35.576573508504],[-58.07357752659078,-35.57670073067408],[-58.073494002131916,-35.57681230710939],[-58.072756060245986,-35.57642176143105],[-58.072007341704236,-35.57602554199148],[-58.07126669044506,-35.57563359231261],[-58.07133811016262,-35.57553930563774],[-58.07142638352851,-35.575418344829636],[-58.071511731592814,-35.575299770189005],[-58.07158713479468,-35.57519112900327],[-58.07166832928239,-35.57507095584675],[-58.07174475232271,-35.574956563631495],[-58.07181959469754,-35.57483908222338],[-58.07189231820241,-35.57472255810477],[-58.07195799392493,-35.57461475226073],[-58.07203101094235,-35.57449516889761],[-58.07209778641018,-35.57437827913534],[-58.072171371110066,-35.5742441965416],[-58.07223693749581,-35.5741225113514],[-58.07230395644066,-35.57400003833842],[-58.07236794196581,-35.573875263930006],[-58.072427832857294,-35.573755650548215],[-58.072488763191565,-35.57362947549715],[-58.07255004567982,-35.57350240491097],[-58.07260314996598,-35.57338520604488],[-58.072659174517845,-35.57326120525648],[-58.0727105660054,-35.57313722045168],[-58.07276562991316,-35.57300266099842],[-58.07281324019771,-35.57288456313717],[-58.07286462667658,-35.57275616262637],[-58.072909555627014,-35.57263027210437],[-58.07295558873982,-35.572495117559946],[-58.07298936797752,-35.57240184990082],[-58.07304129094936,-35.57224642391828],[-58.07309923482986,-35.57205144437586],[-58.073158271895586,-35.57184765118171],[-58.07322432129592,-35.57159053293865],[-58.073279551868694,-35.5713660428753],[-58.073312181006706,-35.57120102659453],[-58.07334312346277,-35.57107419133431],[-58.07337100738224,-35.57091387516149],[-58.07338849430728,-35.570782409212285],[-58.07340592655149,-35.57063940789099],[-58.07342733743209,-35.570473040732296],[-58.07343592987756,-35.57037216117767],[-58.07344746410928,-35.57026357891304],[-58.073453615633895,-35.570158695348965],[-58.07346346967999,-35.5700419760275],[-58.07346753524456,-35.569941294433036],[-58.07347258850418,-35.5698362130783],[-58.073476651411546,-35.569726430001246],[-58.073481122478036,-35.569608813595806],[-58.073482020676956,-35.569502223998825],[-58.073482417698955,-35.56940274533377],[-58.07348061355645,-35.569293859702036],[-58.073478095670744,-35.56917793382585],[-58.07347567795278,-35.56907624744106],[-58.0734732597651,-35.56896536949661],[-58.07346754224934,-35.56884488680244],[-58.07346159894627,-35.568747649713735],[-58.07345293993705,-35.56863946550642],[-58.07344513967736,-35.5685414778224],[-58.073434152294176,-35.568429201292496],[-58.073423813484226,-35.56831747580818],[-58.07340965936941,-35.56820848283827],[-58.07339805895784,-35.56811259711258],[-58.07338449928648,-35.56800181137565],[-58.07337158795965,-35.56788698090462],[-58.073353148927595,-35.567768097075735],[-58.073338976247946,-35.5676737021424],[-58.07332016625782,-35.56757031185602],[-58.07330098196436,-35.56745952629445],[-58.07437991500245,-35.56729960816345],[-58.074816111863086,-35.56723502718493],[-58.075899933458146,-35.56707337115974],[-58.075919529200696,-35.567176323078364],[-58.075953703149295,-35.56735222917911],[-58.07597989730499,-35.567515932686106],[-58.07600163270356,-35.567663164379724],[-58.07601852040282,-35.56779635111249],[-58.07603731483524,-35.5679558813653],[-58.07605312676559,-35.56809716111162],[-58.07606831032986,-35.56824627067893],[-58.0760785161079,-35.568377548454734],[-58.076090402043484,-35.56854003224982],[-58.07610063449436,-35.56867942064121],[-58.07610658131475,-35.568831987265334],[-58.076111485803054,-35.56895434929465],[-58.076118522601014,-35.56911206977076],[-58.076120297013645,-35.569236184091025],[-58.076119827482025,-35.569334219847285],[-58.07611927238924,-35.56941738554475],[-58.07611947373489,-35.56952426310995],[-58.076115664413145,-35.56970199579502],[-58.076111675722984,-35.5698549444608],[-58.07610404402013,-35.570003419412956],[-58.076096261092836,-35.57015360409883],[-58.07608866947804,-35.570291175977005],[-58.07607935333443,-35.57043628983394],[-58.07606456838575,-35.57058870566435],[-58.076053113390735,-35.57069873130532],[-58.076039968699455,-35.57081945344451],[-58.07602367010018,-35.57094291873682],[-58.0760100702471,-35.57105038695128],[-58.07598633434059,-35.571060551240926],[-58.07596485987257,-35.571073004463436],[-58.07594716883546,-35.57108867205291],[-58.075929873926086,-35.57111083411877],[-58.075918290608186,-35.5711339885083],[-58.075911521781094,-35.57115875169246],[-58.07590950638343,-35.571178454316346],[-58.075912573760064,-35.57120238330397],[-58.07592310171118,-35.571227963335545],[-58.07594121342498,-35.571254655696556],[-58.07596443089181,-35.57127539198579],[-58.07599576363365,-35.571293464327034],[-58.07602869342018,-35.571304713550624],[-58.07605792163281,-35.57130932540104],[-58.076093416661465,-35.57131016242432],[-58.07612310667649,-35.571304688946945],[-58.07615866557042,-35.571293632020605],[-58.07618073011332,-35.571279566145876],[-58.07620085748825,-35.57126348685012],[-58.076214769755865,-35.57124902048506],[-58.0762279895685,-35.57122661309722],[-58.07623768304658,-35.571199463524614],[-58.076240406501164,-35.571168598153065],[-58.07623457801044,-35.57114020954459],[-58.076218882780175,-35.57110932047954],[-58.076197098192694,-35.57108401133694],[-58.076173669212004,-35.571067507038485],[-58.07618600336937,-35.57097605875732],[-58.07620089722421,-35.57086059109503],[-58.07621433405195,-35.57074609141435],[-58.076227499619336,-35.57061987267461],[-58.07624017165014,-35.5704866172168],[-58.07625402057465,-35.5703133702492],[-58.07626157195597,-35.5702143661955],[-58.0762687212773,-35.570090664684066],[-58.076274492523304,-35.56995540667167],[-58.07627975399347,-35.56979995514389],[-58.076285459976084,-35.569685872703715],[-58.07628704982904,-35.569545591703246],[-58.07628656195638,-35.569427625627455],[-58.076284582054804,-35.5692798082347],[-58.07628277899346,-35.56915226915147],[-58.076279081502626,-35.569016319289176],[-58.07627504016218,-35.568903973617594],[-58.07626800600025,-35.568755354626],[-58.07626017544298,-35.56862159161177],[-58.07625341332457,-35.56849388324128],[-58.07624173133134,-35.56836897995693],[-58.07622718365387,-35.56820248869303],[-58.07621641289611,-35.568090215810535],[-58.07620226635672,-35.56796229943527],[-58.07618555183094,-35.56783569376194],[-58.07616807775113,-35.567699343722516],[-58.07614855424375,-35.56756106858258],[-58.07613135480297,-35.567450134871265],[-58.076111423110085,-35.56731509728502],[-58.076091131352776,-35.56719050708963],[-58.07606602853312,-35.56705034059409],[-58.077035311452924,-35.56690477822236],[-58.07725244941531,-35.56687336889591],[-58.07787393595969,-35.56678073383868],[-58.07790437072722,-35.56682249116288],[-58.077935790302604,-35.56685534296486],[-58.077982963330065,-35.566898178245005],[-58.078019544217945,-35.56692273179943],[-58.07806033173807,-35.566946631523024],[-58.07811158201418,-35.566971148654346],[-58.07817930650891,-35.566993945983846],[-58.07824616576518,-35.567011412790784],[-58.078310957289695,-35.56701848355402],[-58.07836675750893,-35.56701874252566]],[[-58.07782554483367,-35.566544225504636],[-58.07720669694204,-35.56663266711505],[-58.076988314609885,-35.56666540821375],[-58.076019974664845,-35.566808552250095],[-58.07598261236181,-35.566659899587926],[-58.07594027171782,-35.566484223550255],[-58.07589954514642,-35.56632407275656],[-58.07585706593649,-35.56616803917793],[-58.07581091822972,-35.56600861281787],[-58.07575984336247,-35.56583847439655],[-58.07571112411266,-35.565685134643296],[-58.07565425834722,-35.5655127409917],[-58.07560183207753,-35.56535762984781],[-58.075521868128924,-35.56514116233622],[-58.07543975176931,-35.56492709345883],[-58.07535800855604,-35.564725105670774],[-58.075324973205504,-35.56462617433889],[-58.07529356928779,-35.56454664341873],[-58.07771363411844,-35.56458562889536],[-58.07774065124851,-35.56465499655351],[-58.07777131951448,-35.56476542402486],[-58.077823400742275,-35.56491205813582],[-58.07788168415711,-35.565080688691445],[-58.07792952531523,-35.565234013633535],[-58.07797659657729,-35.565382640382346],[-58.078025007519855,-35.565544445028614],[-58.07807136536729,-35.56570910054046],[-58.07811006870485,-35.56585254743845],[-58.07814407740161,-35.56598014961953],[-58.07819213171059,-35.56617538056449],[-58.078140248677606,-35.56619122416637],[-58.07808760352055,-35.566215886700654],[-58.078026347217104,-35.566250144123565],[-58.077977927276535,-35.5662872195219],[-58.07794092937794,-35.566321683553376],[-58.0779026271914,-35.56636919320682],[-58.077865780669036,-35.56642501649227],[-58.077839890377064,-35.566488493921156],[-58.07782554483367,-35.566544225504636]],[[-58.07585527666898,-35.56683313699275],[-58.07476949752665,-35.56699377015162],[-58.07433731181596,-35.56705670292407],[-58.07325395052831,-35.56721745106245],[-58.073223345311675,-35.567090803181955],[-58.073202218902516,-35.56700125328019],[-58.07317478815507,-35.566894030491554],[-58.07314956263044,-35.566791438731094],[-58.07311803109534,-35.56668045571866],[-58.07309101392875,-35.56658360254767],[-58.07305975309217,-35.56647974279545],[-58.07302601901924,-35.56636863442736],[-58.07299012995014,-35.566260014762996],[-58.07295778242149,-35.56616469836795],[-58.072920263571305,-35.566055061376034],[-58.07288209218331,-35.56594964926149],[-58.07283858770235,-35.565836672451766],[-58.07280073235006,-35.56573649193484],[-58.0727572259283,-35.56562360517791],[-58.07272303318791,-35.565536279292544],[-58.07268138231072,-35.56543802053242],[-58.072639973597624,-35.56533886449812],[-58.07259652643913,-35.56523733290386],[-58.07255132803699,-35.56512604105213],[-58.072491332721874,-35.56500171644126],[-58.07244037618454,-35.564896009590775],[-58.07238325456502,-35.56478524788104],[-58.0723273826467,-35.56467756998531],[-58.07228317960772,-35.56457539539639],[-58.07224280802382,-35.564497432437285],[-58.07511456144005,-35.564542612990884],[-58.075146745161796,-35.564617200176684],[-58.075182467774425,-35.56472365387955],[-58.07523797616729,-35.564860521420826],[-58.07528920390305,-35.56498731799335],[-58.07533920652524,-35.56511923143857],[-58.07538892812646,-35.56524906776865],[-58.07544676023213,-35.56540408510107],[-58.07548849064857,-35.56553604660925],[-58.075542103279524,-35.56568766232181],[-58.075585851444906,-35.56582749587473],[-58.075631695153206,-35.565976554431025],[-58.07567606094658,-35.566132077529446],[-58.07571038365862,-35.566260226029264],[-58.07576202392182,-35.56644362014838],[-58.07581213106545,-35.56664501242814],[-58.07585527666898,-35.56683313699275]],[[-58.061223666426024,-35.5642483088553],[-58.06142241403027,-35.564252316991514],[-58.06171601751873,-35.56426046369026],[-58.06200804122937,-35.56426552042439],[-58.062108935150164,-35.56431201914833],[-58.0622208422134,-35.56436374120287],[-58.062340707815856,-35.564423881518195],[-58.06245502279719,-35.564480958746735],[-58.06254831445825,-35.56453175042999],[-58.06266685510959,-35.564596555008436],[-58.062791824027705,-35.56466921252974],[-58.06289387414336,-35.56473185944043],[-58.06300204564763,-35.56480136313629],[-58.06308269005701,-35.5648552853259],[-58.06314849576267,-35.56489797518617],[-58.06325238088684,-35.564971464864776],[-58.06336242867441,-35.56505009982186],[-58.063480940950484,-35.565139053475875],[-58.063521830467415,-35.5651722413416],[-58.06363891611543,-35.56526549735038],[-58.063738257689785,-35.565349096400034],[-58.06384738458417,-35.565443125473145],[-58.063922413045866,-35.56551506962779],[-58.064001913978984,-35.56558906807303],[-58.064073233411726,-35.565659330516944],[-58.06413259973367,-35.56571759609513],[-58.064183473249884,-35.56577130968337],[-58.064171480566436,-35.56580220607351],[-58.06416876736584,-35.56584163203921],[-58.06417628179101,-35.565868516340544],[-58.064190679084575,-35.56589352871117],[-58.06421114635942,-35.565918368240965],[-58.06424915559869,-35.565942948855024],[-58.064287435760754,-35.56595626966857],[-58.06432031015682,-35.56596049233171],[-58.06435537023067,-35.56596096533997],[-58.06439372737158,-35.565952750319646],[-58.06442605597825,-35.56593840088412],[-58.06444248519117,-35.5659293830986],[-58.06446507999263,-35.565911633247254],[-58.064478066141376,-35.56589444997765],[-58.06449153470628,-35.56587096653541],[-58.06449743727118,-35.565850245199776],[-58.06449956198002,-35.565816937465655],[-58.06449438615669,-35.565793695266514],[-58.06448349927924,-35.5657694602143],[-58.06447176024636,-35.56575314143046],[-58.064451817876105,-35.565733987501225],[-58.06443425078366,-35.56572154008912],[-58.06441247056259,-35.56571001625215],[-58.064389202991094,-35.565700721350964],[-58.06436320503781,-35.56569489700379],[-58.06433921505161,-35.5656927094272],[-58.06431846522419,-35.56569336739541],[-58.064179704042964,-35.56555209401881],[-58.06404605270979,-35.565423067843234],[-58.0639946731994,-35.56537664523371],[-58.06389198775102,-35.56528533305578],[-58.063797312873625,-35.56520487295223],[-58.06371568070131,-35.56513696782707],[-58.06366049257645,-35.56509300705462],[-58.063553883981506,-35.56500893072539],[-58.06342468718709,-35.56491484923248],[-58.06333495798803,-35.564848886346205],[-58.063231753573305,-35.56477919242928],[-58.06307050782308,-35.564674142393976],[-58.06292595366216,-35.56458125536544],[-58.06278576111288,-35.564499612303244],[-58.062646699103915,-35.56442141155345],[-58.062501735943975,-35.56434554883029],[-58.06235591893409,-35.56427309650625],[-58.062614649546965,-35.56427761648735],[-58.06294159436048,-35.56428431368892],[-58.06328012125142,-35.56429092578945],[-58.06442227608309,-35.56431675428612],[-58.06448948872941,-35.56436973891607],[-58.06455948544255,-35.5644261925198],[-58.06462304941911,-35.56447956904704],[-58.0647029980211,-35.56454411234316],[-58.06479519382768,-35.564622188994555],[-58.064892121121204,-35.56470989354359],[-58.06495869412816,-35.56477115805767],[-58.065068456746914,-35.564875469148326],[-58.065155646602676,-35.56495995330567],[-58.0652575954163,-35.56506359810181],[-58.06536116522412,-35.565177812074666],[-58.06535188674488,-35.565192171344606],[-58.06534607325841,-35.56520919951906],[-58.065339796913705,-35.56523171716505],[-58.065339652860864,-35.5652606411739],[-58.06534547282059,-35.56528921035806],[-58.06535656328314,-35.565309573739725],[-58.06537540311544,-35.56533330559376],[-58.0653986594425,-35.565352242231505],[-58.06543049338858,-35.56536762191765],[-58.065464657850754,-35.565377812442534],[-58.06549043118512,-35.56537921740177],[-58.06553393240017,-35.56537721227791],[-58.06556354737492,-35.56537020824945],[-58.06558995030758,-35.56535918767807],[-58.065614708436776,-35.565343184476774],[-58.065637983978085,-35.56532003853435],[-58.06565487853992,-35.56529165371923],[-58.06566351560841,-35.565262685799254],[-58.065665516570654,-35.56522991672675],[-58.06565846628907,-35.565206644485095],[-58.065645437049604,-35.56517976186414],[-58.065622563620884,-35.565154072932515],[-58.06560077491129,-35.56513831385472],[-58.06557332695353,-35.56512399585917],[-58.06554321778409,-35.56511486170428],[-58.06550858624651,-35.565110340834266],[-58.065404932052374,-35.56499504427275],[-58.065324559446694,-35.56491598640691],[-58.065233898203175,-35.564824507927014],[-58.06514458151626,-35.56473674560654],[-58.06504876283796,-35.56464878871623],[-58.06494907936034,-35.564561040037],[-58.06486456148033,-35.56448470882268],[-58.0647628742846,-35.5644023346089],[-58.064670257281115,-35.56432344015245],[-58.06511601196642,-35.56433339100639],[-58.065750522109035,-35.564345558785966],[-58.06650869225097,-35.564374846214605],[-58.06709569502924,-35.564385974388756],[-58.06760118305103,-35.56439768508243],[-58.068174133617056,-35.5644107454027],[-58.06887454074403,-35.56442521459303],[-58.06964212754276,-35.564443639389886],[-58.07041918497627,-35.56445806572139],[-58.07102555592253,-35.564471016774576],[-58.07205498764803,-35.56449298616122],[-58.07210016875444,-35.564572738270236],[-58.07214257874676,-35.56465307682747],[-58.07219340905015,-35.56475022101897],[-58.072268108073075,-35.564896047700756],[-58.07232407320785,-35.56500904379587],[-58.07239418342764,-35.56515308485038],[-58.072440461931016,-35.565251507834816],[-58.0725046518955,-35.56539869821411],[-58.07254900744221,-35.56551295033814],[-58.072605456899616,-35.565661008113175],[-58.07265180144904,-35.56577511178278],[-58.0727046515999,-35.56591229835682],[-58.072748616731154,-35.566033663111995],[-58.07279724333387,-35.56617222391534],[-58.07284435706261,-35.56631409469724],[-58.07288462426868,-35.56644251921631],[-58.07292555759784,-35.566575369922994],[-58.07295757339081,-35.56669375001377],[-58.072989491755635,-35.56680699208162],[-58.07302567207012,-35.56694490320793],[-58.0730606162643,-35.56708838157976],[-58.07309060116514,-35.567222498979845],[-58.072227385520826,-35.56735053203039],[-58.07147978405559,-35.567458781853865],[-58.07097641492157,-35.56751885118541],[-58.07010860834968,-35.567640307299285],[-58.07007299031911,-35.56747915518085],[-58.070038509677694,-35.56733955832081],[-58.07000794854637,-35.56722507569105],[-58.069971394945405,-35.567075352932925],[-58.06992839097584,-35.56692786980105],[-58.06988838120233,-35.56679350102242],[-58.069842660422296,-35.56666733117764],[-58.069791150665765,-35.56652502844525],[-58.06974143748943,-35.56639059431554],[-58.06971867031022,-35.56633742331352],[-58.06968931424336,-35.5662646823178],[-58.06966448050916,-35.56620111518566],[-58.06968627006846,-35.56617091581701],[-58.06970120055825,-35.56613240627926],[-58.06970129975502,-35.56609149646866],[-58.06968622184307,-35.56605340741304],[-58.06966513022972,-35.566026936749864],[-58.06963232020052,-35.56600163008037],[-58.069608316918995,-35.56599079246878],[-58.06957347501862,-35.565981223049896],[-58.06954443940628,-35.56597787432702],[-58.069509861286896,-35.565980294172604],[-58.06947570254785,-35.56598821763222],[-58.06944818447469,-35.565999761875524],[-58.069428491655096,-35.56601152158129],[-58.069406181059954,-35.56603125942398],[-58.069391157460466,-35.56605066343173],[-58.0693810646386,-35.56607140801233],[-58.06937325022937,-35.56609831678992],[-58.069371347996835,-35.566122436656464],[-58.06937567786744,-35.56613962752993],[-58.069383073001084,-35.56615776864011],[-58.069395102786,-35.56618039954262],[-58.069412476244224,-35.566200953330195],[-58.06943229023496,-35.566216319645015],[-58.06945936748053,-35.56623234298722],[-58.06948236129436,-35.56623928959033],[-58.069505608024414,-35.56624488854235],[-58.06953924192444,-35.56632779078433],[-58.06959098019825,-35.56645594950659],[-58.06962536009606,-35.56654913657979],[-58.069656787147196,-35.56663209355331],[-58.06970596423232,-35.56677048410769],[-58.06977323529694,-35.56697296459721],[-58.06982159361766,-35.56713170757377],[-58.0698716343855,-35.567353646830256],[-58.0699116100007,-35.567517031510505],[-58.06994525611583,-35.56766382409162],[-58.069081547537046,-35.567789033021945],[-58.067950175720796,-35.567941214102],[-58.06708498749308,-35.568063501265506],[-58.06705271428097,-35.56793781646795],[-58.06702281453688,-35.56781892821656],[-58.06698557197135,-35.56768433260436],[-58.06694871829716,-35.567561097474425],[-58.066904595315854,-35.56742368807782],[-58.066862391434256,-35.56730739592575],[-58.0668420451711,-35.56724534204398],[-58.06680741084543,-35.56715827784346],[-58.06677182145319,-35.567060474847246],[-58.0667895350781,-35.56703931207085],[-58.066802341849254,-35.56701122197964],[-58.06680861823174,-35.56697951271811],[-58.0668032496041,-35.566945904505275],[-58.066791841093114,-35.56691580393013],[-58.066768478358526,-35.56688749407893],[-58.06674498995425,-35.5668690045411],[-58.06671645172793,-35.56685412862877],[-58.06668191027677,-35.56684582477767],[-58.06664121004065,-35.56684138709235],[-58.06659885581011,-35.56684611439973],[-58.066573083833546,-35.566853811120595],[-58.06654439117277,-35.566868309577366],[-58.066520735199724,-35.566884330644534],[-58.0665009117064,-35.56690609032294],[-58.06648482776342,-35.5669328662183],[-58.066477044609556,-35.56696301936304],[-58.06647765101071,-35.56699285654394],[-58.06648779690906,-35.567025009491985],[-58.06650590887299,-35.5670515230041],[-58.06652586288427,-35.56707022622296],[-58.06654949401073,-35.56708736639567],[-58.06657557021157,-35.56709913900198],[-58.066598030078715,-35.5671053566837],[-58.06661515929499,-35.56710851510832],[-58.06662495967138,-35.56713210175308],[-58.06666554219066,-35.56723782473571],[-58.06670168924941,-35.56733536636679],[-58.06674086674112,-35.567444491083734],[-58.066769417875776,-35.56753686450452],[-58.06680586302625,-35.567649549894185],[-58.066828290640785,-35.56772596515691],[-58.06685128887292,-35.56780617432056],[-58.06687922595822,-35.5679103426859],[-58.066898397936164,-35.56799373453645],[-58.0669200491059,-35.56808870063321],[-58.06621753565966,-35.56818808878622],[-58.06572640051245,-35.568257343649634],[-58.0657059890311,-35.5681705074401],[-58.065688268400024,-35.568095609348696],[-58.065659891825945,-35.56799143367837],[-58.065629053260714,-35.56788415463682],[-58.06560637594186,-35.56780899674494],[-58.06558037845482,-35.567729730464045],[-58.06554325165003,-35.56762253068924],[-58.065503923892734,-35.567524306885],[-58.06547126432724,-35.56744232035833],[-58.06546638162095,-35.56742980636757],[-58.06547650356393,-35.56741248690376],[-58.065483606165536,-35.56738313392583],[-58.06548288577577,-35.56734887937435],[-58.06547421872609,-35.567319453481645],[-58.065456770700735,-35.56729286036445],[-58.06543292814934,-35.56727076036456],[-58.065401856751976,-35.56725115759609],[-58.06536634061688,-35.56723752104642],[-58.06532355858482,-35.56723250881544],[-58.065283223192935,-35.56723582625505],[-58.06524924072411,-35.56724555359149],[-58.06521966572185,-35.56726003756048],[-58.06519495866696,-35.56727847453997],[-58.06517237831604,-35.567304785499765],[-58.065159091186395,-35.56732989396172],[-58.0651527553963,-35.567368630994615],[-58.06515750519523,-35.56740042707102],[-58.06517242805529,-35.56743112489207],[-58.065195926605014,-35.56745835586758],[-58.06522019086708,-35.56747667793307],[-58.06524417012137,-35.56748850727355],[-58.06526925208443,-35.56749575854335],[-58.065288452189876,-35.56749994164775],[-58.06531915699381,-35.567502687407135],[-58.06534821120709,-35.567574072858704],[-58.065385171835224,-35.56766982565626],[-58.06542237859042,-35.5677736925742],[-58.06545114056725,-35.567857238580686],[-58.06546888975137,-35.56791717838628],[-58.06549454560568,-35.567996889769844],[-58.065514736760925,-35.56807453093867],[-58.06553602805,-35.56815687564529],[-58.06555021887311,-35.568222615671495],[-58.065563551771724,-35.56828275491139],[-58.06507320250888,-35.568351388914316],[-58.06453693228397,-35.56843081788075],[-58.06451768033884,-35.56835084870893],[-58.064499714288864,-35.56827702787663],[-58.06447468672267,-35.56818957666274],[-58.06445491315253,-35.568122124822686],[-58.0644289736317,-35.568031324767226],[-58.06439682806592,-35.56793718095607],[-58.06437212842973,-35.5678636124042],[-58.06438898226682,-35.567846130823504],[-58.0644045849242,-35.567821059644174],[-58.06441278609782,-35.56779190460859],[-58.06441402000289,-35.567763538799916],[-58.06440686454621,-35.56773089304401],[-58.06439603541464,-35.567713417397265],[-58.06437751309282,-35.567690231172485],[-58.06435285132445,-35.56767010029298],[-58.064318539536146,-35.56765224746316],[-58.06428644297251,-35.56764317117626],[-58.06424680813277,-35.567640281713174],[-58.064212438866114,-35.56764315394321],[-58.06418456956019,-35.56765090656804],[-58.06415740045359,-35.567661644166165],[-58.06412839122431,-35.567680101925276],[-58.06410578253401,-35.56770298792339],[-58.06409019034971,-35.56773220443402],[-58.06408271961557,-35.56776308332878],[-58.064083608474384,-35.56779031176228],[-58.06409150145107,-35.56781521965655],[-58.06410180500315,-35.567836201297446],[-58.06411464888657,-35.567852447750916],[-58.06413406861515,-35.56787042187114],[-58.06415608473747,-35.56788591452883],[-58.064181836576395,-35.567897412101225],[-58.06421328691317,-35.56790584724502],[-58.06425727398478,-35.568071640993175],[-58.064280570400996,-35.568148521210986],[-58.06431827803276,-35.568277357816356],[-58.064353524781204,-35.56842138399527],[-58.06438232663026,-35.56854449052278],[-58.06440338325776,-35.56866404834489],[-58.064425251451134,-35.5688048858858],[-58.06443918582865,-35.56895001153477],[-58.064447661680056,-35.5690973924491],[-58.064451118734276,-35.569196662478824],[-58.06445089054788,-35.56935742055183],[-58.06444880439795,-35.56949913491997],[-58.0644405705177,-35.56963507341984],[-58.064426074578584,-35.569760818673],[-58.064420408535376,-35.5698312862044],[-58.06440946694254,-35.569914735395656],[-58.058853013187836,-35.56902362555731],[-58.05885753394554,-35.56853916082155],[-58.0588911660039,-35.56827431977297],[-58.05896281614269,-35.56787365996211],[-58.05902160132319,-35.567759352241865],[-58.05917586783941,-35.56749996836203],[-58.059320247987195,-35.56725718607585],[-58.059465569480246,-35.567016491351744],[-58.05960877640657,-35.56677197763617],[-58.059752702017626,-35.56652963801149],[-58.05989637149047,-35.56628873587788],[-58.06003991515295,-35.56604386655158],[-58.06018229900304,-35.56580132130272],[-58.06032658434944,-35.565557634998015],[-58.06059804694169,-35.56509359611655],[-58.06072675909088,-35.56487362873375],[-58.06086376766583,-35.56491800623524],[-58.06101766875624,-35.56497076554474],[-58.06111526957135,-35.56500747990598],[-58.061227819733496,-35.56505083271311],[-58.06133736956873,-35.56509512839622],[-58.06142385082917,-35.56513562861308],[-58.061520766268984,-35.56517791863719],[-58.06163469495547,-35.56523273760533],[-58.061746725784474,-35.56528851718827],[-58.06186260838299,-35.56534922472017],[-58.06197762181284,-35.565413973254536],[-58.06207192552631,-35.565468566336854],[-58.06215901616586,-35.56552043008392],[-58.06223987722921,-35.56556994077698],[-58.06232012425959,-35.56562205482404],[-58.06237188866722,-35.56565703995951],[-58.062440913009524,-35.565703476591594],[-58.062516106407784,-35.565754788357296],[-58.06258316782667,-35.565804887989295],[-58.062645430617614,-35.56585274772957],[-58.06267828998205,-35.56588049011574],[-58.062760287407336,-35.56594695999684],[-58.062840164288076,-35.56601447709494],[-58.06290155591665,-35.56606646790554],[-58.06295800394389,-35.566117658321936],[-58.063011250950346,-35.566164381721855],[-58.06305868321197,-35.56620984017254],[-58.06311348426479,-35.56626073370808],[-58.06315762012121,-35.566305688576016],[-58.063204797361955,-35.56635258468173],[-58.06319358928468,-35.56637835712755],[-58.06318982368391,-35.56640650200952],[-58.06319466408507,-35.566429919093025],[-58.06320496906244,-35.56645540648639],[-58.06322631344393,-35.566485036269334],[-58.063253572761276,-35.566507191605815],[-58.063281213044164,-35.566522684689346],[-58.06330419767715,-35.566529992770164],[-58.0633319640781,-35.56653566554125],[-58.063361371495816,-35.566537309587375],[-58.063390975890556,-35.56653535226772],[-58.06341213689687,-35.56653136688565],[-58.063431707093365,-35.5665247426568],[-58.06344932972327,-35.5665165552064],[-58.063472389408545,-35.56650241754318],[-58.06349577397561,-35.56647936389867],[-58.063512254249375,-35.56645448715851],[-58.06352115976212,-35.56643273277285],[-58.06352537240879,-35.56640892049116],[-58.063523225501974,-35.56638356421147],[-58.06351454625477,-35.56635467866877],[-58.06350489983863,-35.56633848353214],[-58.06349225945473,-35.56632296119044],[-58.06347652569983,-35.566307659479946],[-58.0634595767533,-35.56629702412199],[-58.0634371502332,-35.56628485893219],[-58.06342154342254,-35.56627802988635],[-58.063400134473376,-35.566273991220726],[-58.06337783055431,-35.566270478848104],[-58.06335438732345,-35.56626848008562],[-58.06333628106727,-35.56626927047685],[-58.06313562749674,-35.56607392467916],[-58.063049961886094,-35.56599946613909],[-58.06296412148606,-35.56592311235521],[-58.062888083270394,-35.56586106382558],[-58.062791782942625,-35.56578400111398],[-58.06272963903253,-35.56573578290696],[-58.06265239282367,-35.56567353458772],[-58.062579856119235,-35.56562181505033],[-58.062523321145214,-35.565583419123996],[-58.06247686324109,-35.565552484341964],[-58.062402054628016,-35.56550352168048],[-58.062325890636586,-35.56545588887791],[-58.06225386394575,-35.565410485265474],[-58.0621700654916,-35.56535930531553],[-58.06209229761288,-35.56531416974532],[-58.06199428699352,-35.56525780492104],[-58.061871236820295,-35.56519247659266],[-58.06176118173675,-35.5651370893535],[-58.06167539864609,-35.56509506868288],[-58.06156241890912,-35.565042067279904],[-58.06145187292057,-35.56499334023568],[-58.06134617733181,-35.56494928688394],[-58.06123323835948,-35.564903765219164],[-58.06110691495995,-35.56485532472653],[-58.060943518383226,-35.564798447779175],[-58.06079894877729,-35.564752056332935],[-58.06104131742809,-35.56434639201441],[-58.06109781685898,-35.56424889750846],[-58.061223666426024,-35.5642483088553]],[[-58.06273228259581,-35.570174074305974],[-58.062659787412066,-35.57019832074684],[-58.062536689481014,-35.57024455219242],[-58.06240490426269,-35.57030343988214],[-58.06228624956035,-35.57036208799161],[-58.060707562456564,-35.56955000660755],[-58.06436466541876,-35.57013569394878],[-58.06435048078257,-35.570188903161224],[-58.0635660655763,-35.570065552140946],[-58.063444351129824,-35.57006350616102],[-58.06333828325063,-35.570066667728184],[-58.06323262999189,-35.57007551298753],[-58.06314038390641,-35.570086375900146],[-58.063031677565306,-35.57010292163411],[-58.06293881690309,-35.570120983556606],[-58.06285305091098,-35.570142133182365],[-58.06273228259581,-35.570174074305974]],[[-58.06346452739727,-35.57125043898354],[-58.063543459286116,-35.571252067835054],[-58.06361762364679,-35.571263892914146],[-58.06367494762847,-35.57127427588613],[-58.063736380658824,-35.57129265480147],[-58.06379492081653,-35.57131666432745],[-58.06384428188144,-35.57134169781731],[-58.063902332764975,-35.5713768734484],[-58.06394105081643,-35.57140876472298],[-58.06396969752963,-35.571432924686874],[-58.06400788109018,-35.57147327797979],[-58.064039992125274,-35.571513894157306],[-58.06407131996555,-35.57156413984038],[-58.064093966061286,-35.57161307457652],[-58.064113545861915,-35.57167484621519],[-58.06412390841847,-35.57172547598932],[-58.06412734302758,-35.57179816227736],[-58.06411620875158,-35.57187584107893],[-58.06409554591053,-35.57194156199619],[-58.064072443217924,-35.57199408720897],[-58.064034769400614,-35.57205169499728],[-58.06399323728999,-35.572100049256846],[-58.063944452250425,-35.57214729573186],[-58.063892599889705,-35.572189086122776],[-58.063836525966614,-35.57222296882892],[-58.06377942134181,-35.57224926545267],[-58.06370140068945,-35.57227847003875],[-58.063632687498036,-35.572296740229774],[-58.06357690065489,-35.572304945212025],[-58.063496252862656,-35.572310407721496],[-58.0634200372429,-35.57231044450932],[-58.06333474718853,-35.57229798992857],[-58.063258063807304,-35.57228080750954],[-58.06318829896209,-35.57225571618064],[-58.06313404303266,-35.57223240600599],[-58.06307900525182,-35.57220034227748],[-58.063033606911645,-35.572171046743044],[-58.062986244312526,-35.57213171707328],[-58.06294663419759,-35.57209107019334],[-58.06290780532639,-35.572040883879005],[-58.06287648022506,-35.571990547836045],[-58.062850331309384,-35.57193137380405],[-58.062830967577206,-35.57185608849673],[-58.06282338791874,-35.57178153329717],[-58.06282827512952,-35.571711413817106],[-58.06284891148673,-35.57163767264544],[-58.062882051897034,-35.57156224009578],[-58.062946974272315,-35.571472359647046],[-58.062975270541706,-35.57144235628067],[-58.06301194633954,-35.57140789183273],[-58.063071548813774,-35.571364874689195],[-58.06313251473609,-35.57132935881076],[-58.06319649139927,-35.5713016410103],[-58.063253668541655,-35.571281473503774],[-58.063326419056246,-35.57126498054595],[-58.06339317003731,-35.57125487926719],[-58.06346452739727,-35.57125043898354]],[[-58.064075567107324,-35.57224924740348],[-58.0640060388044,-35.57233346745556],[-58.06390516165423,-35.57244620019993],[-58.06378516993379,-35.57257863082444],[-58.06365328337126,-35.57271032950992],[-58.06354814721178,-35.57281208982214],[-58.063408756762435,-35.572934746450805],[-58.063305013169995,-35.57302445377386],[-58.06319316001959,-35.57311655382659],[-58.0630864828232,-35.57319981577777],[-58.06294998988548,-35.57329827802209],[-58.06281142129356,-35.57339589572047],[-58.06270985096219,-35.57346401032266],[-58.062583318580145,-35.57354271729311],[-58.06245102880571,-35.57362232279726],[-58.06231091931471,-35.57370144195895],[-58.062178599480845,-35.57377311672774],[-58.06205884724898,-35.57383589204905],[-58.06191627580412,-35.573902715779056],[-58.06177555938747,-35.57396578442803],[-58.06163162796887,-35.574029522097014],[-58.06149523327307,-35.574087163036786],[-58.0613420821176,-35.574139848366855],[-58.06120067653687,-35.57419028942646],[-58.06104194705572,-35.57424558800537],[-58.06087925949913,-35.57429577635277],[-58.060754030491566,-35.57432944584124],[-58.06057175608046,-35.574377696521616],[-58.06043837655161,-35.57441087404673],[-58.0602681300241,-35.57444517012481],[-58.06013911816174,-35.574471028359746],[-58.06000169035058,-35.5744936871251],[-58.05985934004126,-35.57451464444521],[-58.05966432072048,-35.57454250323992],[-58.05948388179163,-35.5745649193992],[-58.05941083659585,-35.57413174171646],[-58.059543684178365,-35.57411603867107],[-58.059694313893864,-35.57409476446168],[-58.05987190735061,-35.57406680526609],[-58.060012279320866,-35.57404094996915],[-58.06015260178148,-35.574012570547545],[-58.06029275360195,-35.57398211561619],[-58.060452748047524,-35.57394296860132],[-58.06057664045732,-35.57390981858306],[-58.06073929865166,-35.573865397389376],[-58.06085872514953,-35.57382532662186],[-58.06100186613128,-35.5737760853472],[-58.06112037824593,-35.57373275553558],[-58.0612598315016,-35.57367633568912],[-58.06138464572923,-35.57362779033915],[-58.06151227309675,-35.573572351411784],[-58.06163907469133,-35.57351455612557],[-58.06176597812692,-35.57345252703048],[-58.06189470622396,-35.573388003981094],[-58.06201330368734,-35.57332277718867],[-58.06213314197702,-35.57325639876107],[-58.0622747301356,-35.573170815433556],[-58.06237963845412,-35.57310149328596],[-58.06248516078955,-35.57302956763884],[-58.06258766267395,-35.57295939559437],[-58.062700769500324,-35.572874795643585],[-58.06280361121242,-35.57279507689219],[-58.062887859845944,-35.57272713431092],[-58.06300508559632,-35.57262719094758],[-58.063091667305244,-35.572549373286684],[-58.06318057755298,-35.5724664565434],[-58.063265358345205,-35.57238554596259],[-58.06332554098838,-35.57239633550664],[-58.06338743601075,-35.57240471948843],[-58.06347337105297,-35.57240871377431],[-58.06355771335977,-35.57240556347581],[-58.06364047158239,-35.572394908282895],[-58.06372409730029,-35.572375706233885],[-58.06379744802983,-35.57235264440087],[-58.06386510054165,-35.57232345339766],[-58.06395763722875,-35.57227312513159],[-58.06402359836076,-35.572222550074024],[-58.064075567107324,-35.57224924740348]],[[-58.06392966128064,-35.57126791527487],[-58.06385739660201,-35.57123215083866],[-58.06379502150937,-35.57120708848364],[-58.063742294109076,-35.57118902970335],[-58.063684438762046,-35.57117323144351],[-58.06361315620489,-35.57116082192193],[-58.06353878193873,-35.571153138668265],[-58.06344527736055,-35.57115208665011],[-58.06338353587033,-35.57115569021279],[-58.06333874282967,-35.57116082770422],[-58.0632909014107,-35.57116888991776],[-58.06325197521882,-35.571177726185844],[-58.0632019001883,-35.57119151970013],[-58.063162195345264,-35.57120520952816],[-58.06312345239334,-35.57122017638552],[-58.063079161752086,-35.57124109163504],[-58.06303792995175,-35.57126322750329],[-58.06299608613427,-35.5712878766844],[-58.062958068582894,-35.57131393904974],[-58.06292491729082,-35.571339448833534],[-58.06287823597472,-35.571381772478695],[-58.062841414794256,-35.571422272121005],[-58.0628062426426,-35.57146757425032],[-58.06276691186046,-35.57152984087689],[-58.06274125884622,-35.571592057033754],[-58.06271833313103,-35.57166468002581],[-58.06270878856054,-35.57171751304107],[-58.06270356692409,-35.57177861583645],[-58.06270641582445,-35.571834351481314],[-58.06271322081859,-35.571890691402956],[-58.062725368639924,-35.57193585308901],[-58.062742827762314,-35.57198488490502],[-58.06276521831295,-35.57203066181375],[-58.06279695183053,-35.572082356145344],[-58.062832615842375,-35.57213113992313],[-58.06287062379859,-35.57217419413657],[-58.06291075518844,-35.57221151523879],[-58.06296337308714,-35.57225246133419],[-58.06302813628617,-35.57229288172344],[-58.06310549449412,-35.57233242316341],[-58.0628167245102,-35.572594065349044],[-58.06250835284713,-35.572836017351136],[-58.06242809111719,-35.572894111333774],[-58.06234275539776,-35.572952213786444],[-58.062258907115236,-35.57300808726965],[-58.06218270576664,-35.57305786586526],[-58.06210527241767,-35.573103839852756],[-58.062013003652964,-35.57315669412837],[-58.061929884179875,-35.57320518982994],[-58.06183187759492,-35.573258131906805],[-58.0617790042594,-35.57328728911369],[-58.061704757902895,-35.57332457313629],[-58.061620259484734,-35.573366197850746],[-58.061541816781926,-35.57340368460826],[-58.0614635407074,-35.573438831056514],[-58.06140074416655,-35.57346782845847],[-58.06131460511901,-35.57350429011979],[-58.06123824227187,-35.573537845164765],[-58.06114548125297,-35.573574470501576],[-58.06108637117626,-35.57359694880258],[-58.061022472319024,-35.573621332504885],[-58.06092167767485,-35.57365719760882],[-58.06080759149386,-35.57369537189766],[-58.06068744333362,-35.573733358405754],[-58.06058088306287,-35.57376588636411],[-58.06044707605237,-35.573803112120444],[-58.06029235025576,-35.57384333518331],[-58.0601465104723,-35.573876401942705],[-58.05996989840234,-35.573909423676724],[-58.05981524501087,-35.573937482037614],[-58.059567910436975,-35.57397594271952],[-58.05938567448686,-35.573995175863125],[-58.05925306537175,-35.573233027730566],[-58.05925363797342,-35.57321843865626],[-58.059258469208764,-35.573205630313886],[-58.059268761009434,-35.573195072624834],[-58.05928250923175,-35.57318754432746],[-58.05930050956526,-35.57318206699273],[-58.0593648472331,-35.57317607431252],[-58.05930060197608,-35.57299995022528],[-58.059166737086535,-35.57263734251285],[-58.05913610967514,-35.572558180627645],[-58.05908806795695,-35.57226823440724],[-58.059052212923625,-35.571893778272184],[-58.059023398199244,-35.57159323802025],[-58.05900291546217,-35.571523340903894],[-58.05891978728765,-35.571243102326825],[-58.058904743642366,-35.57115806371317],[-58.05884489998684,-35.57078592446229],[-58.05881364493599,-35.570604834614876],[-58.05881747112584,-35.57040971156018],[-58.058834576424225,-35.569709989513704],[-58.05883597493731,-35.56924980504301],[-58.06037032529202,-35.56949357520324],[-58.060885408040484,-35.56975823600735],[-58.061352235108195,-35.569997968072514],[-58.06181732053284,-35.57023685933312],[-58.06229428509949,-35.57048179718853],[-58.06235455660681,-35.5704476222241],[-58.06243180711217,-35.570409124458315],[-58.06251021863164,-35.57036821225607],[-58.062608377992866,-35.57032707680683],[-58.06271499619849,-35.57028733884227],[-58.06281177086001,-35.5702578956585],[-58.06291014064985,-35.57023091108844],[-58.06301402688458,-35.570208430644215],[-58.06312279843729,-35.570189182585445],[-58.0632069251291,-35.57017656716042],[-58.06329025149975,-35.5701697060493],[-58.06343560596728,-35.5701610481772],[-58.06356905450339,-35.57016589600007],[-58.06367258109771,-35.57018125668791],[-58.06378660725258,-35.570200300393424],[-58.064325951306934,-35.570287002740784],[-58.064311846227255,-35.57034607057382],[-58.064290238835284,-35.57041898542097],[-58.064255729643335,-35.57052845914926],[-58.06422341109983,-35.5706248115471],[-58.06418712588804,-35.57071641433508],[-58.06415739836743,-35.570792172441756],[-58.06412438027446,-35.57087175254001],[-58.06408896475462,-35.57095012264378],[-58.06404437781436,-35.571042943710864],[-58.0640039809693,-35.57112664054305],[-58.06395637180376,-35.57121670962745],[-58.06392966128064,-35.57126791527487]],[[-58.068689283509535,-35.573764186884404],[-58.06864316109813,-35.57383382600032],[-58.0685664841439,-35.57394487795964],[-58.068490252388195,-35.57405116100728],[-58.06841601809079,-35.5741523395739],[-58.06729519093632,-35.57357728928501],[-58.06691763003254,-35.57338496947009],[-58.0659927447949,-35.57290947133363],[-58.06606402347082,-35.572807435821275],[-58.0661245547283,-35.57272117780024],[-58.06619139888048,-35.57262465804916],[-58.066240901903306,-35.57254750463344],[-58.06629712871323,-35.572456761902146],[-58.066354496908666,-35.57236441542083],[-58.06641659125545,-35.57225898823355],[-58.066466111495345,-35.572171922551895],[-58.06651795162081,-35.57207552230858],[-58.066560062833666,-35.571993834605024],[-58.06660832482223,-35.571899449509],[-58.06666229019475,-35.57178803440596],[-58.066708569700396,-35.57168893157674],[-58.066744804939056,-35.57159930969052],[-58.06676429387449,-35.57159610793344],[-58.06678453524938,-35.57158913349424],[-58.06681420022155,-35.57157555174447],[-58.06684108318812,-35.571553815180245],[-58.06686162343274,-35.57152981414755],[-58.066874906615034,-35.571500289910766],[-58.06687975892538,-35.57146360160689],[-58.06687281188401,-35.5714314099036],[-58.06685962142975,-35.571402001664055],[-58.066846849896436,-35.57138728857791],[-58.0668317565695,-35.57137280858371],[-58.06680854785572,-35.57135639613801],[-58.0667848871635,-35.571345022770494],[-58.06675540458838,-35.57133725063751],[-58.06672528632591,-35.57133298270983],[-58.06669316387868,-35.571334089407046],[-58.06665836490035,-35.57134101050613],[-58.06662852711712,-35.57135260695836],[-58.066600874726674,-35.57136964525063],[-58.06657503583053,-35.57139383156633],[-58.06655587452892,-35.571424703268725],[-58.06655100742114,-35.57144823480906],[-58.066547884867205,-35.57147260535706],[-58.06655282358262,-35.5715011603313],[-58.066569245742606,-35.571533774410604],[-58.06658952926001,-35.57155716879121],[-58.066549882526424,-35.57164646555454],[-58.06650569350347,-35.57174118632084],[-58.06646331623123,-35.57182935788259],[-58.06641751866873,-35.57192216042694],[-58.06635494407322,-35.57204298925425],[-58.06628804557168,-35.57216473990392],[-58.06623028370538,-35.572264289085865],[-58.066158795300815,-35.57238425385084],[-58.06607217528778,-35.572518844386046],[-58.066007892926095,-35.572614323828994],[-58.06593245027638,-35.572724402657876],[-58.065851550794626,-35.572836646677004],[-58.06524420730722,-35.57252682061384],[-58.06530140726603,-35.57245069230354],[-58.06538085428695,-35.57233923635309],[-58.06544209530089,-35.57224641181637],[-58.065521229170095,-35.57212044253351],[-58.065584671254506,-35.57201404617702],[-58.06564243371114,-35.571914497320236],[-58.065694726252396,-35.571822249903796],[-58.065758538244886,-35.57170045004599],[-58.065793500262124,-35.571631714259524],[-58.065832522702514,-35.57155006734937],[-58.06587116036223,-35.57146607130862],[-58.065910714814585,-35.57137605239104],[-58.065933005516534,-35.57137100336056],[-58.065956820460165,-35.57136219403946],[-58.065978493155306,-35.57135073705323],[-58.066003434832496,-35.57133176302743],[-58.066021026401614,-35.57131113911476],[-58.06603397889461,-35.57128620543412],[-58.06604221926906,-35.5712462373579],[-58.06604017329502,-35.57121664743179],[-58.06603246744421,-35.57119309436265],[-58.066015850657635,-35.57116858726695],[-58.06600013715934,-35.57115238506941],[-58.065976831426475,-35.57113543023091],[-58.06594805837517,-35.57112109103439],[-58.065920441595175,-35.57111370909604],[-58.06589484164212,-35.57110960359181],[-58.0658583351877,-35.57110955834856],[-58.0658178700695,-35.57111819052543],[-58.06578632432834,-35.5711320121824],[-58.06576163782595,-35.57114954845042],[-58.06573917130597,-35.57117108532149],[-58.065728966813,-35.57118723199635],[-58.0657216808588,-35.571201262802184],[-58.06571611323759,-35.571221809330396],[-58.065713742930434,-35.57124240717898],[-58.06571552322247,-35.571264693684896],[-58.0657220920197,-35.57128507456407],[-58.06571419219283,-35.57129711302805],[-58.06573280925728,-35.57130723417817],[-58.06575558928908,-35.57133229080248],[-58.06571794818629,-35.57141612257669],[-58.06568422454582,-35.57149298839827],[-58.06564202176664,-35.57157845907099],[-58.06560646289336,-35.57164907760599],[-58.06555245980705,-35.571752832000605],[-58.06549261293065,-35.57186108832252],[-58.06543509033749,-35.571959829939004],[-58.065371445166406,-35.572060906284186],[-58.06530986239039,-35.57215877163282],[-58.06523369057456,-35.57227163182112],[-58.06517479521708,-35.5723586365606],[-58.06509857610288,-35.572459691085115],[-58.06449816522342,-35.57214618789431],[-58.06420294217339,-35.57199329998185],[-58.06423097516501,-35.571919226811076],[-58.06424327323079,-35.57186193224028],[-58.06424913444929,-35.57178795346934],[-58.06424546651789,-35.571711208347935],[-58.06422948002821,-35.571642195294125],[-58.06421185837844,-35.57158613224996],[-58.064183738908326,-35.57153089181064],[-58.06414847907422,-35.57147445530406],[-58.064099466528724,-35.57140743485559],[-58.06405828476715,-35.57136333879023],[-58.0641131237905,-35.571261581001735],[-58.06416577497012,-35.571159067134644],[-58.064216130228324,-35.57105570534266],[-58.06426418523686,-35.57095167578535],[-58.064309940003184,-35.57084697846571],[-58.06435328645088,-35.57074152153739],[-58.06439432833697,-35.570635577008815],[-58.064433070004426,-35.570528964726115],[-58.06446939904271,-35.5704217729992],[-58.06450342354416,-35.57031409367944],[-58.06453503326641,-35.57020592499842],[-58.06456411580056,-35.57009735526583],[-58.06459100407499,-35.56998829971749],[-58.06461536301258,-35.569878933199774],[-58.064595986417956,-35.56974453375013],[-58.0646109482932,-35.56959482587566],[-58.06461827225288,-35.56945085268125],[-58.06462134655501,-35.569300142865686],[-58.064620989007345,-35.56920497770564],[-58.06461853157439,-35.56908707032245],[-58.06461124268247,-35.56896827432676],[-58.06460098276749,-35.56886294757785],[-58.06458882263768,-35.56875867166637],[-58.06458129296552,-35.568691146146776],[-58.06512349883413,-35.56861262333024],[-58.06561179609594,-35.568542244062144],[-58.06562895945861,-35.56865407959075],[-58.06564669169235,-35.568806475146005],[-58.065657309503926,-35.568915321983575],[-58.065666698165444,-35.56905235449182],[-58.065671219389024,-35.56917164670073],[-58.06567309092975,-35.5692772892986],[-58.06565503339194,-35.569285199745224],[-58.06562898113311,-35.56930451633896],[-58.06560753097492,-35.569329674036936],[-58.06559273195886,-35.5693671938757],[-58.0655897142767,-35.569410129385034],[-58.06560550404567,-35.56945066339497],[-58.0656354146965,-35.569486467844634],[-58.06566833524925,-35.56950718159905],[-58.06568779771746,-35.56950506094046],[-58.06569660624959,-35.56951944019639],[-58.0657517329774,-35.56952942644639],[-58.06579246307017,-35.56952350192348],[-58.06582277138972,-35.56951524740362],[-58.0658507754853,-35.56950190956015],[-58.065876259184144,-35.56948330469885],[-58.06589645540727,-35.569459838977075],[-58.06591039119901,-35.56943528153262],[-58.06591804077472,-35.56940611754285],[-58.06591688788582,-35.569371495607385],[-58.065906447834614,-35.56934240174595],[-58.065892496727365,-35.569321722165554],[-58.065878869679054,-35.56930591389231],[-58.06585953131127,-35.56928911282216],[-58.065837771588946,-35.569276688429],[-58.06583697578845,-35.569135468418274],[-58.06583178179203,-35.56902121174745],[-58.065824782870344,-35.56890404248644],[-58.065811975822584,-35.56877614665634],[-58.065794249369546,-35.568632672411084],[-58.06577593368511,-35.56851829524006],[-58.0662670574124,-35.56844958069665],[-58.06697374104221,-35.5683465645447],[-58.06699177664084,-35.56848643908707],[-58.06700596074421,-35.568603002658264],[-58.06701751851878,-35.56871411731246],[-58.06703100373088,-35.56885518043979],[-58.06703764566086,-35.56896891963353],[-58.067043082186004,-35.569128236734194],[-58.067045023192286,-35.56928614606704],[-58.0670222400554,-35.569297945900765],[-58.06700626858792,-35.56931084623445],[-58.066982801884414,-35.56933732353536],[-58.0669662331477,-35.56937048973601],[-58.066961593028246,-35.569402946144095],[-58.06696713904839,-35.56943835944917],[-58.06698319994493,-35.56947222926693],[-58.06700944295199,-35.56950004459955],[-58.06704346421778,-35.56952086575205],[-58.06707583201481,-35.56953246883563],[-58.067110316346515,-35.569538608957714],[-58.06715159099513,-35.56953755881646],[-58.067184277084834,-35.56953132457739],[-58.06721623699187,-35.56951859053743],[-58.06723894021444,-35.56950552780242],[-58.06726179071326,-35.569481743962825],[-58.06728110682726,-35.56945357800459],[-58.067290647473655,-35.56942372334365],[-58.067291316302665,-35.56939129334363],[-58.06728388928197,-35.56936071599299],[-58.06726714068789,-35.569332512311156],[-58.067243240897874,-35.56930815891321],[-58.06721141600299,-35.56928773349591],[-58.06720987881622,-35.56921399630165],[-58.067208538569375,-35.569132061970244],[-58.06720361963578,-35.569006275259035],[-58.067194969673416,-35.56887511203071],[-58.06718172235451,-35.568719544518146],[-58.06716819743584,-35.568598485880926],[-58.06715046449971,-35.56844600037698],[-58.067135290257085,-35.56832473505329],[-58.06800051802922,-35.568200916285434],[-58.06912194948379,-35.56805407242995],[-58.06998286145836,-35.56793062073356],[-58.07000472180943,-35.568044603566335],[-58.07002181984596,-35.568150219712884],[-58.07003527103621,-35.56825154213277],[-58.070050298272136,-35.56836532541032],[-58.07006464904783,-35.56849351596185],[-58.07007720782529,-35.56862744505607],[-58.07008540187819,-35.56874102878168],[-58.07009178624205,-35.568819709721474],[-58.070098006679274,-35.56893740704381],[-58.07010118560119,-35.56906235482399],[-58.07010437511955,-35.56916387334461],[-58.07010597584486,-35.56927645034139],[-58.07010534563451,-35.56939007296748],[-58.07010155717819,-35.56951581029301],[-58.07009804302509,-35.569616320319795],[-58.070064948617976,-35.56963498443187],[-58.07004219396365,-35.569654805370504],[-58.070025680352224,-35.56967652851903],[-58.070014352861605,-35.569702750267346],[-58.07000962742796,-35.56972961842701],[-58.07001145219153,-35.56975929488452],[-58.07002255961746,-35.569788218873576],[-58.07003917306358,-35.569812905608416],[-58.070062092380795,-35.56983219642511],[-58.07008500950913,-35.5698469815439],[-58.070112401503884,-35.56985913492564],[-58.0701372879521,-35.569865390820816],[-58.0701575243825,-35.56986778749221],[-58.070193803352836,-35.5698680981196],[-58.070231037751604,-35.569860764415935],[-58.070262528254176,-35.56984919351689],[-58.070289995602316,-35.56983061947256],[-58.07031312421665,-35.569809002212075],[-58.070329153510954,-35.569784477760074],[-58.07033791057806,-35.56975965663303],[-58.070340359643914,-35.56974032151553],[-58.07033774571943,-35.56971135333006],[-58.0703267592422,-35.569681980739],[-58.07029211636336,-35.56964105530835],[-58.07026369316487,-35.56962131594814],[-58.0702663921943,-35.56952719089647],[-58.07026906271756,-35.5693974706806],[-58.07027069132676,-35.56927440215342],[-58.07026831214007,-35.56916208302929],[-58.070265442256975,-35.569051828649165],[-58.0702616687201,-35.56893786515641],[-58.070256100792854,-35.568811347195044],[-58.0702490738606,-35.568699674544575],[-58.07023951769646,-35.56858769105174],[-58.070228182394544,-35.56847171408664],[-58.070214951232565,-35.56835201211915],[-58.07020016812925,-35.568246433068495],[-58.07018248815393,-35.56812368611875],[-58.07016449270166,-35.56800949486684],[-58.07014819437224,-35.56790731584379],[-58.07101627180962,-35.56778388133767],[-58.071370613742424,-35.567734132959636],[-58.072238459042644,-35.56762023786732],[-58.07310313453967,-35.56749123688266],[-58.07312556149457,-35.567609373491536],[-58.07314868495327,-35.56773527097111],[-58.0731664382356,-35.56785053933286],[-58.07318663301046,-35.567983599036914],[-58.07320511243725,-35.56813762769722],[-58.073216916080604,-35.56823883336858],[-58.07322917197514,-35.56834878725328],[-58.0732390380506,-35.568480239992034],[-58.073249848705736,-35.568609094545955],[-58.073258192463044,-35.56873043025707],[-58.07326593321226,-35.568853919042695],[-58.07327246770176,-35.568977118200536],[-58.07327773596596,-35.56911174149278],[-58.07328033361162,-35.56922893023032],[-58.07328342403517,-35.56934396412679],[-58.07328307147772,-35.56947381165832],[-58.07328251008431,-35.569621588381224],[-58.073277819938696,-35.569729919609436],[-58.07327277639436,-35.569862215303594],[-58.0732679500658,-35.56997162570855],[-58.07325966559632,-35.570096480295945],[-58.0732522715144,-35.57021639288878],[-58.07324127793584,-35.570334625890204],[-58.07322744884508,-35.57046993506351],[-58.07320661319244,-35.57064910745417],[-58.07318214794845,-35.57083245712219],[-58.073141185852535,-35.57106447447608],[-58.07312164011239,-35.57118977975895],[-58.07309573457267,-35.57132273307855],[-58.07304721069094,-35.57152507233356],[-58.07298653200667,-35.57176055907649],[-58.072889975063376,-35.57209865162832],[-58.07285748259895,-35.57220266331149],[-58.072821001846016,-35.57231661376447],[-58.07278393715139,-35.572427310789514],[-58.072747766966245,-35.572528289882044],[-58.07270577333673,-35.572646747894375],[-58.072666399077725,-35.57274794605157],[-58.07262069124049,-35.572869498583735],[-58.07257334220809,-35.572985888393205],[-58.07253134737388,-35.57308596322299],[-58.07247868904163,-35.5732167762856],[-58.072431553122435,-35.57331965246096],[-58.07238369725726,-35.57342495015349],[-58.07234055804363,-35.57351752720493],[-58.07227704002588,-35.57365041927214],[-58.072228400854286,-35.57374696338477],[-58.072176508142554,-35.573850394137345],[-58.07212933429468,-35.573941014177585],[-58.07206115671926,-35.57407500303728],[-58.07201008461128,-35.574162586921474],[-58.071949487648936,-35.57427020372862],[-58.07189755927416,-35.574361288271064],[-58.07181706044999,-35.57450309989604],[-58.07175770361668,-35.574600373425994],[-58.071703320941204,-35.57468799430157],[-58.07164999957074,-35.57477274851295],[-58.07157371287056,-35.574890657265726],[-58.07149445977804,-35.575008067925225],[-58.07143111117217,-35.57510158275298],[-58.07138085887626,-35.57517331954729],[-58.07129021207743,-35.57530127116449],[-58.071220744777364,-35.57539694076432],[-58.07114749827592,-35.57549381141062],[-58.071102436020865,-35.57555148339436],[-58.070178485948624,-35.57506251481106],[-58.06948653022858,-35.57470125178192],[-58.06906138396664,-35.574482854432816],[-58.06855833884327,-35.57422436832159],[-58.06863294922843,-35.57412130331944],[-58.06870487649762,-35.5740197271871],[-58.06877801428295,-35.57391366475281],[-58.0688168380114,-35.573854001283905],[-58.06884500993112,-35.57381074790921],[-58.06887352556378,-35.573766959356696],[-58.06891876569163,-35.57369730600953],[-58.06898653928187,-35.57358953543731],[-58.06903890486005,-35.57350332529687],[-58.06910702191057,-35.5733858279367],[-58.06914813245142,-35.57331358515583],[-58.06919621068449,-35.573226765562936],[-58.06926680263196,-35.57309804361544],[-58.06932131434567,-35.57299591770014],[-58.06934556622905,-35.57295052878712],[-58.06936839558156,-35.57290466651235],[-58.06940002153969,-35.572841553330086],[-58.06945667747457,-35.57272360178702],[-58.06950465123401,-35.57262272273165],[-58.06955958385419,-35.57250303137473],[-58.069598631087075,-35.572411020589],[-58.069657245002304,-35.57227579857868],[-58.069703687603564,-35.57216056691395],[-58.069740691782684,-35.57214908448958],[-58.069779129220684,-35.57212843347112],[-58.069793844803435,-35.572112719153345],[-58.06980357520168,-35.57210251199861],[-58.06982457300446,-35.572068605334515],[-58.06983115780056,-35.57202861045797],[-58.06982920778144,-35.572017945873895],[-58.069822858334355,-35.571983781407255],[-58.069808875493955,-35.571959767571805],[-58.06978195623687,-35.571932482679244],[-58.06975373127728,-35.57191364750139],[-58.06970799765727,-35.57189822650082],[-58.0696725889899,-35.571893784449614],[-58.06962760126086,-35.57189783980435],[-58.06958840076185,-35.57190892656025],[-58.069557289837476,-35.57192762228379],[-58.06954273854371,-35.57194108637635],[-58.0695298777988,-35.57195304562577],[-58.069508719930745,-35.571984426505644],[-58.06950333479946,-35.572006598180586],[-58.06950050711701,-35.57202790969391],[-58.06950145183886,-35.57203450308691],[-58.06950418223707,-35.57205401126417],[-58.069511573557634,-35.57207692829436],[-58.069525147738695,-35.57209958391929],[-58.069543313671225,-35.572119339367305],[-58.06951148924454,-35.572199931367926],[-58.06947493463376,-35.57228918855352],[-58.06944087039109,-35.572371186459165],[-58.06940730763465,-35.572446073450415],[-58.06935056102646,-35.572572404044685],[-58.06930431658788,-35.57267475255337],[-58.06925644415268,-35.572775993599635],[-58.06922596174124,-35.572837412916506],[-58.069203240422205,-35.572883367007854],[-58.069180190473865,-35.57292922571558],[-58.06914440052178,-35.57300038229654],[-58.06908811152815,-35.57310302032858],[-58.06902991993509,-35.57320679931365],[-58.068973727955026,-35.57330538374935],[-58.068902636012474,-35.57342733901576],[-58.06884438778354,-35.57352426839557],[-58.068785341711866,-35.57361767054649],[-58.0687466391528,-35.573676885385105],[-58.068718123486725,-35.573720673907005],[-58.068689283509535,-35.573764186884404]]]}},{"type":"Feature","properties":{"CCA":"027110M000000000000000012000","ARA1":480833.99,"SAG":"ARBA","PARTIDO":"027","CIRC":11,"SECC":"M","CHACRA":null,"CHACRA_L":null,"QUINTA":null,"QUINTA_L":null,"FRACCION":12,"FRACC_L":null,"NOMENCLA":"Circ. XI - Secc. M - Fr. 12"},"geometry":{"type":"Polygon","coordinates":[[[-58.06932131434567,-35.57299591770014],[-58.06926680263196,-35.57309804361544],[-58.06919621068449,-35.573226765562936],[-58.06914813245142,-35.57331358515583],[-58.06910702191057,-35.5733858279367],[-58.06903890486005,-35.57350332529687],[-58.06898653928187,-35.57358953543731],[-58.06891876569163,-35.57369730600953],[-58.06887352556378,-35.573766959356696],[-58.069249707523404,-35.573934289701995],[-58.069253620548366,-35.57393209957014],[-58.069257641667086,-35.57393000128322],[-58.069261658461066,-35.573928083153014],[-58.06926589360505,-35.57392625863423],[-58.0692701265866,-35.57392452419375],[-58.069274355243486,-35.57392296991006],[-58.06927869415641,-35.57392141739273],[-58.069283136838685,-35.57392013687716],[-58.06928757952082,-35.573918856361416],[-58.06929212813458,-35.573917757768946],[-58.06929667458602,-35.57391674925475],[-58.06930132696911,-35.57391592266383],[-58.069305977189906,-35.57391518615118],[-58.0693106230862,-35.57391462979529],[-58.06931526682027,-35.57391416351766],[-58.06932001648608,-35.57391387916329],[-58.069324653733474,-35.57391368312067],[-58.06932939907492,-35.573913578922856],[-58.06933414009193,-35.57391365488177],[-58.06933887894685,-35.57391382091896],[-58.06934350322119,-35.57391416534642],[-58.06934823558967,-35.57391460161865],[-58.06935285337764,-35.57391521628113],[-58.069357469003556,-35.57391592102189],[-58.06936208030526,-35.57391680591944],[-58.06936668944495,-35.57391778089524],[-58.06937118616636,-35.57391884418294],[-58.06937567856365,-35.57392008762737],[-58.069380056380616,-35.5739215094621],[-58.069384434197715,-35.57392293129673],[-58.06938869743452,-35.57392453152164],[-58.069392956347286,-35.5739263119034],[-58.069397105004,-35.57392809051855],[-58.06940113908044,-35.57393004752408],[-58.06940517099499,-35.57393209460795],[-58.0694090883293,-35.573934320082195],[-58.06941289540762,-35.57393654378991],[-58.06941658790568,-35.57393894588807],[-58.06942016798563,-35.57394143629813],[-58.06942363564749,-35.57394401502018],[-58.06942699089121,-35.573946682054206],[-58.06943034181099,-35.57394952924508],[-58.069433472218506,-35.57395237290306],[-58.069436488045795,-35.573955394951504],[-58.069439283360765,-35.573958413467146],[-58.06944196409554,-35.57396161037323],[-58.069444642668465,-35.57396489735775],[-58.06944699047271,-35.57396817904306],[-58.0694493361151,-35.57397155080679],[-58.069451459083034,-35.5739750091162],[-58.069453582051125,-35.573978467425555],[-58.06945537208842,-35.573982010514236],[-58.069457159963804,-35.573985643681354],[-58.06945872732672,-35.57398927331571],[-58.06946007201505,-35.57399298949578],[-58.06946130644719,-35.57399670390942],[-58.06946242846103,-35.5740005066352],[-58.069463442380666,-35.574004217516105],[-58.0694641212073,-35.57400810325485],[-58.069464802195995,-35.57401189891513],[-58.06946526050999,-35.57401578112108],[-58.069465500473356,-35.57401956971588],[-58.06946562801831,-35.57402344662275],[-58.06946564530687,-35.57402732176327],[-58.069465442082695,-35.574031193371006],[-58.0694651286021,-35.5740350632124],[-58.069464594608675,-35.574038929521066],[-58.06946395252084,-35.57404270398487],[-58.069463087758095,-35.574046564994376],[-58.069462114900894,-35.57405033415906],[-58.069460921530776,-35.574054099790985],[-58.06945962006617,-35.57405777357801],[-58.06945820834502,-35.57406144559868],[-58.069456576110895,-35.574065114086544],[-58.06945472552577,-35.574068688963145],[-58.06945287710256,-35.57407217376126],[-58.069450808166316,-35.574075655026576],[-58.06944851871696,-35.574079132759074],[-58.06944644978035,-35.574082614024285],[-58.06944427058707,-35.57408609352306],[-58.06944187304275,-35.574089479410574],[-58.06943936740386,-35.574092773453124],[-58.069436641251805,-35.57409606396282],[-58.06943380700514,-35.574099262627605],[-58.069430864663865,-35.57410236944743],[-58.06942781422795,-35.5741053844223],[-58.06942465569743,-35.57410830755224],[-58.06942127881581,-35.57411113707079],[-58.06941790625817,-35.57411378643228],[-58.06941431318727,-35.57411643226083],[-58.069410612021784,-35.57411898624439],[-58.06940691301818,-35.57412145014938],[-58.06940299782559,-35.57412373036441],[-58.06939908479489,-35.5741259205009],[-58.06939495341308,-35.574128017025885],[-58.06939082419322,-35.57413002347228],[-58.0693865890409,-35.57413184799514],[-58.06938235605057,-35.57413358243937],[-58.06937801496565,-35.57413522503856],[-58.06937356794838,-35.57413668571418],[-58.06936901283657,-35.57413805454472],[-58.06936446204895,-35.57413924321816],[-58.06935991342338,-35.57414034181295],[-58.06935525670334,-35.574141348562634],[-58.069350494051015,-35.57414217338873],[-58.06934584597951,-35.57414281982423],[-58.06934108765138,-35.57414346449303],[-58.06933633580983,-35.57414383892627],[-58.06933158613042,-35.57414412328087],[-58.069326728356636,-35.574144315790306],[-58.069321985163825,-35.57414432990913],[-58.069317138201114,-35.574144072025895],[-58.069312297725126,-35.5741435439071],[-58.06930756750576,-35.57414301755459],[-58.06930284161091,-35.57414231104501],[-58.06929812004062,-35.57414142437831],[-58.06929340063269,-35.574140447633006],[-58.069288795805896,-35.57413929249711],[-58.06928419314149,-35.5741380472826],[-58.06927959263951,-35.57413671198946],[-58.069275216975235,-35.57413520007234],[-58.069270735379156,-35.5741335062316],[-58.06926647429627,-35.574131815923785],[-58.069262217538146,-35.574129945458914],[-58.06925807536129,-35.57412789660358],[-58.06925393534691,-35.57412575766965],[-58.06924990775156,-35.574123530423684],[-58.06924610283169,-35.57412121663228],[-58.069242300074364,-35.574118812762315],[-58.069238611898356,-35.57411623050191],[-58.06923503614134,-35.574113559929515],[-58.06923157280337,-35.57411080104516],[-58.06922822188443,-35.57410795384884],[-58.06922498338451,-35.57410501834058],[-58.06922185730358,-35.57410199452037],[-58.06921895606046,-35.57409879407638],[-58.069216165074025,-35.57409559539893],[-58.06921348650659,-35.57409230840956],[-58.069210918195786,-35.57408902318673],[-58.069208464466335,-35.574085559573554],[-58.06920623124993,-35.57408209949359],[-58.06920411045249,-35.5740785511017],[-58.06920221233041,-35.574074916164555],[-58.069200426627255,-35.57407119291555],[-58.06919875118068,-35.57406747143311],[-58.06919729624706,-35.57406375348391],[-58.06919595373232,-35.57405994722284],[-58.0691948317305,-35.57405614449504],[-58.06919382214751,-35.574052253455335],[-58.069192922820996,-35.57404836418228],[-58.0691922440073,-35.57404447844243],[-58.069191787868796,-35.57404050615739],[-58.06919143982434,-35.57403662571738],[-58.06919131445499,-35.57403265873219],[-58.06919129934197,-35.574028693513625],[-58.069191504741696,-35.57402473182827],[-58.069191820397705,-35.574020771909545],[-58.0688168380114,-35.573854001283905],[-58.06877801428295,-35.57391366475281],[-58.06870487649762,-35.5740197271871],[-58.06863294922843,-35.57412130331944],[-58.06855833884327,-35.57422436832159],[-58.06906138396664,-35.574482854432816],[-58.06948653022858,-35.57470125178192],[-58.070178485948624,-35.57506251481106],[-58.071102436020865,-35.57555148339436],[-58.07114749827592,-35.57549381141062],[-58.071220744777364,-35.57539694076432],[-58.07129021207743,-35.57530127116449],[-58.07138085887626,-35.57517331954729],[-58.07143111117217,-35.57510158275298],[-58.07149445977804,-35.575008067925225],[-58.07157371287056,-35.574890657265726],[-58.07164999957074,-35.57477274851295],[-58.071703320941204,-35.57468799430157],[-58.07175770361668,-35.574600373425994],[-58.07181706044999,-35.57450309989604],[-58.07189755927416,-35.574361288271064],[-58.071949487648936,-35.57427020372862],[-58.07201008461128,-35.574162586921474],[-58.07206115671926,-35.57407500303728],[-58.07212933429468,-35.573941014177585],[-58.072176508142554,-35.573850394137345],[-58.072228400854286,-35.57374696338477],[-58.07227704002588,-35.57365041927214],[-58.07234055804363,-35.57351752720493],[-58.07238369725726,-35.57342495015349],[-58.072431553122435,-35.57331965246096],[-58.07247868904163,-35.5732167762856],[-58.07253134737388,-35.57308596322299],[-58.07257334220809,-35.572985888393205],[-58.07262069124049,-35.572869498583735],[-58.072666399077725,-35.57274794605157],[-58.07270577333673,-35.572646747894375],[-58.072747766966245,-35.572528289882044],[-58.07278393715139,-35.572427310789514],[-58.072821001846016,-35.57231661376447],[-58.07285748259895,-35.57220266331149],[-58.072889975063376,-35.57209865162832],[-58.07298653200667,-35.57176055907649],[-58.07304721069094,-35.57152507233356],[-58.07309573457267,-35.57132273307855],[-58.07312164011239,-35.57118977975895],[-58.073141185852535,-35.57106447447608],[-58.07318214794845,-35.57083245712219],[-58.07320661319244,-35.57064910745417],[-58.07322744884508,-35.57046993506351],[-58.07324127793584,-35.570334625890204],[-58.0732522715144,-35.57021639288878],[-58.07325966559632,-35.570096480295945],[-58.0732679500658,-35.56997162570855],[-58.07327277639436,-35.569862215303594],[-58.073277819938696,-35.569729919609436],[-58.07328251008431,-35.569621588381224],[-58.07328307147772,-35.56947381165832],[-58.07328342403517,-35.56934396412679],[-58.07328033361162,-35.56922893023032],[-58.07327773596596,-35.56911174149278],[-58.07327246770176,-35.568977118200536],[-58.07326593321226,-35.568853919042695],[-58.073258192463044,-35.56873043025707],[-58.073249848705736,-35.568609094545955],[-58.0732390380506,-35.568480239992034],[-58.07322917197514,-35.56834878725328],[-58.073216916080604,-35.56823883336858],[-58.07320511243725,-35.56813762769722],[-58.07318663301046,-35.567983599036914],[-58.0731664382356,-35.56785053933286],[-58.07314868495327,-35.56773527097111],[-58.07312556149457,-35.567609373491536],[-58.07310313453967,-35.56749123688266],[-58.072238459042644,-35.56762023786732],[-58.071370613742424,-35.567734132959636],[-58.07101627180962,-35.56778388133767],[-58.07014819437224,-35.56790731584379],[-58.07016449270166,-35.56800949486684],[-58.07018248815393,-35.56812368611875],[-58.07020016812925,-35.568246433068495],[-58.070214951232565,-35.56835201211915],[-58.070228182394544,-35.56847171408664],[-58.07023951769646,-35.56858769105174],[-58.0702490738606,-35.568699674544575],[-58.070256100792854,-35.568811347195044],[-58.0702616687201,-35.56893786515641],[-58.070265442256975,-35.569051828649165],[-58.07026831214007,-35.56916208302929],[-58.07027069132676,-35.56927440215342],[-58.07026906271756,-35.5693974706806],[-58.0702663921943,-35.56952719089647],[-58.07026369316487,-35.56962131594814],[-58.07029211636336,-35.56964105530835],[-58.0703267592422,-35.569681980739],[-58.07033774571943,-35.56971135333006],[-58.070340359643914,-35.56974032151553],[-58.07033791057806,-35.56975965663303],[-58.070329153510954,-35.569784477760074],[-58.07031312421665,-35.569809002212075],[-58.070289995602316,-35.56983061947256],[-58.070262528254176,-35.56984919351689],[-58.070231037751604,-35.569860764415935],[-58.070193803352836,-35.5698680981196],[-58.0701575243825,-35.56986778749221],[-58.0701372879521,-35.569865390820816],[-58.070112401503884,-35.56985913492564],[-58.07008500950913,-35.5698469815439],[-58.070062092380795,-35.56983219642511],[-58.07003917306358,-35.569812905608416],[-58.07002255961746,-35.569788218873576],[-58.07001145219153,-35.56975929488452],[-58.07000962742796,-35.56972961842701],[-58.070014352861605,-35.569702750267346],[-58.070025680352224,-35.56967652851903],[-58.07004219396365,-35.569654805370504],[-58.070064948617976,-35.56963498443187],[-58.07009804302509,-35.569616320319795],[-58.07010155717819,-35.56951581029301],[-58.07010534563451,-35.56939007296748],[-58.07010597584486,-35.56927645034139],[-58.07010437511955,-35.56916387334461],[-58.07010118560119,-35.56906235482399],[-58.070098006679274,-35.56893740704381],[-58.07009178624205,-35.568819709721474],[-58.07008540187819,-35.56874102878168],[-58.07007720782529,-35.56862744505607],[-58.07006464904783,-35.56849351596185],[-58.070050298272136,-35.56836532541032],[-58.07003527103621,-35.56825154213277],[-58.07002181984596,-35.568150219712884],[-58.07000472180943,-35.568044603566335],[-58.06998286145836,-35.56793062073356],[-58.06912194948379,-35.56805407242995],[-58.06800051802922,-35.568200916285434],[-58.067135290257085,-35.56832473505329],[-58.06715046449971,-35.56844600037698],[-58.06716819743584,-35.568598485880926],[-58.06718172235451,-35.568719544518146],[-58.067194969673416,-35.56887511203071],[-58.06720361963578,-35.569006275259035],[-58.067208538569375,-35.569132061970244],[-58.06720987881622,-35.56921399630165],[-58.06721141600299,-35.56928773349591],[-58.067243240897874,-35.56930815891321],[-58.06726714068789,-35.569332512311156],[-58.06728388928197,-35.56936071599299],[-58.067291316302665,-35.56939129334363],[-58.067290647473655,-35.56942372334365],[-58.06728110682726,-35.56945357800459],[-58.06726179071326,-35.569481743962825],[-58.06723894021444,-35.56950552780242],[-58.06721623699187,-35.56951859053743],[-58.067184277084834,-35.56953132457739],[-58.06715159099513,-35.56953755881646],[-58.067110316346515,-35.569538608957714],[-58.06707583201481,-35.56953246883563],[-58.06704346421778,-35.56952086575205],[-58.06700944295199,-35.56950004459955],[-58.06698319994493,-35.56947222926693],[-58.06696713904839,-35.56943835944917],[-58.066961593028246,-35.569402946144095],[-58.0669662331477,-35.56937048973601],[-58.066982801884414,-35.56933732353536],[-58.06700626858792,-35.56931084623445],[-58.0670222400554,-35.569297945900765],[-58.067045023192286,-35.56928614606704],[-58.067043082186004,-35.569128236734194],[-58.06703764566086,-35.56896891963353],[-58.06703100373088,-35.56885518043979],[-58.06701751851878,-35.56871411731246],[-58.06700596074421,-35.568603002658264],[-58.06699177664084,-35.56848643908707],[-58.06697374104221,-35.5683465645447],[-58.0662670574124,-35.56844958069665],[-58.06577593368511,-35.56851829524006],[-58.065794249369546,-35.568632672411084],[-58.065811975822584,-35.56877614665634],[-58.065824782870344,-35.56890404248644],[-58.06583178179203,-35.56902121174745],[-58.06583697578845,-35.569135468418274],[-58.065837771588946,-35.569276688429],[-58.06585953131127,-35.56928911282216],[-58.065878869679054,-35.56930591389231],[-58.065892496727365,-35.569321722165554],[-58.065906447834614,-35.56934240174595],[-58.06591688788582,-35.569371495607385],[-58.06591804077472,-35.56940611754285],[-58.06591039119901,-35.56943528153262],[-58.06589645540727,-35.569459838977075],[-58.065876259184144,-35.56948330469885],[-58.0658507754853,-35.56950190956015],[-58.06582277138972,-35.56951524740362],[-58.06579246307017,-35.56952350192348],[-58.0657517329774,-35.56952942644639],[-58.06569660624959,-35.56951944019639],[-58.06568779771746,-35.56950506094046],[-58.06566833524925,-35.56950718159905],[-58.0656354146965,-35.569486467844634],[-58.06560550404567,-35.56945066339497],[-58.0655897142767,-35.569410129385034],[-58.06559273195886,-35.5693671938757],[-58.06560753097492,-35.569329674036936],[-58.06562898113311,-35.56930451633896],[-58.06565503339194,-35.569285199745224],[-58.06567309092975,-35.5692772892986],[-58.065671219389024,-35.56917164670073],[-58.065666698165444,-35.56905235449182],[-58.065657309503926,-35.568915321983575],[-58.06564669169235,-35.568806475146005],[-58.06562895945861,-35.56865407959075],[-58.06561179609594,-35.568542244062144],[-58.06512349883413,-35.56861262333024],[-58.06458129296552,-35.568691146146776],[-58.06458882263768,-35.56875867166637],[-58.06460098276749,-35.56886294757785],[-58.06461124268247,-35.56896827432676],[-58.06461853157439,-35.56908707032245],[-58.064620989007345,-35.56920497770564],[-58.06462134655501,-35.569300142865686],[-58.06461827225288,-35.56945085268125],[-58.0646109482932,-35.56959482587566],[-58.064595986417956,-35.56974453375013],[-58.06461536301258,-35.569878933199774],[-58.06459100407499,-35.56998829971749],[-58.06456411580056,-35.57009735526583],[-58.06453503326641,-35.57020592499842],[-58.06450342354416,-35.57031409367944],[-58.06446939904271,-35.5704217729992],[-58.064433070004426,-35.570528964726115],[-58.06439432833697,-35.570635577008815],[-58.06435328645088,-35.57074152153739],[-58.064309940003184,-35.57084697846571],[-58.06426418523686,-35.57095167578535],[-58.064216130228324,-35.57105570534266],[-58.06416577497012,-35.571159067134644],[-58.0641131237905,-35.571261581001735],[-58.06405828476715,-35.57136333879023],[-58.064099466528724,-35.57140743485559],[-58.06414847907422,-35.57147445530406],[-58.064183738908326,-35.57153089181064],[-58.06421185837844,-35.57158613224996],[-58.06422948002821,-35.571642195294125],[-58.06424546651789,-35.571711208347935],[-58.06424913444929,-35.57178795346934],[-58.06424327323079,-35.57186193224028],[-58.06423097516501,-35.571919226811076],[-58.06420294217339,-35.57199329998185],[-58.06449816522342,-35.57214618789431],[-58.06509857610288,-35.572459691085115],[-58.06517479521708,-35.5723586365606],[-58.06523369057456,-35.57227163182112],[-58.06530986239039,-35.57215877163282],[-58.065371445166406,-35.572060906284186],[-58.06543509033749,-35.571959829939004],[-58.06549261293065,-35.57186108832252],[-58.06555245980705,-35.571752832000605],[-58.06560646289336,-35.57164907760599],[-58.06564202176664,-35.57157845907099],[-58.06568422454582,-35.57149298839827],[-58.06571794818629,-35.57141612257669],[-58.06575558928908,-35.57133229080248],[-58.06573280925728,-35.57130723417817],[-58.06571419219283,-35.57129711302805],[-58.0657220920197,-35.57128507456407],[-58.06571552322247,-35.571264693684896],[-58.065713742930434,-35.57124240717898],[-58.06571611323759,-35.571221809330396],[-58.0657216808588,-35.571201262802184],[-58.065728966813,-35.57118723199635],[-58.06573917130597,-35.57117108532149],[-58.06576163782595,-35.57114954845042],[-58.06578632432834,-35.5711320121824],[-58.0658178700695,-35.57111819052543],[-58.0658583351877,-35.57110955834856],[-58.06589484164212,-35.57110960359181],[-58.065920441595175,-35.57111370909604],[-58.06594805837517,-35.57112109103439],[-58.065976831426475,-35.57113543023091],[-58.06600013715934,-35.57115238506941],[-58.066015850657635,-35.57116858726695],[-58.06603246744421,-35.57119309436265],[-58.06604017329502,-35.57121664743179],[-58.06604221926906,-35.5712462373579],[-58.06603397889461,-35.57128620543412],[-58.066021026401614,-35.57131113911476],[-58.066003434832496,-35.57133176302743],[-58.065978493155306,-35.57135073705323],[-58.065956820460165,-35.57136219403946],[-58.065933005516534,-35.57137100336056],[-58.065910714814585,-35.57137605239104],[-58.06587116036223,-35.57146607130862],[-58.065832522702514,-35.57155006734937],[-58.065793500262124,-35.571631714259524],[-58.065758538244886,-35.57170045004599],[-58.065694726252396,-35.571822249903796],[-58.06564243371114,-35.571914497320236],[-58.065584671254506,-35.57201404617702],[-58.065521229170095,-35.57212044253351],[-58.06544209530089,-35.57224641181637],[-58.06538085428695,-35.57233923635309],[-58.06530140726603,-35.57245069230354],[-58.06524420730722,-35.57252682061384],[-58.065851550794626,-35.572836646677004],[-58.06593245027638,-35.572724402657876],[-58.066007892926095,-35.572614323828994],[-58.06607217528778,-35.572518844386046],[-58.066158795300815,-35.57238425385084],[-58.06623028370538,-35.572264289085865],[-58.06628804557168,-35.57216473990392],[-58.06635494407322,-35.57204298925425],[-58.06641751866873,-35.57192216042694],[-58.06646331623123,-35.57182935788259],[-58.06650569350347,-35.57174118632084],[-58.066549882526424,-35.57164646555454],[-58.06658952926001,-35.57155716879121],[-58.066569245742606,-35.571533774410604],[-58.06655282358262,-35.5715011603313],[-58.066547884867205,-35.57147260535706],[-58.06655100742114,-35.57144823480906],[-58.06655587452892,-35.571424703268725],[-58.06657503583053,-35.57139383156633],[-58.066600874726674,-35.57136964525063],[-58.06662852711712,-35.57135260695836],[-58.06665836490035,-35.57134101050613],[-58.06669316387868,-35.571334089407046],[-58.06672528632591,-35.57133298270983],[-58.06675540458838,-35.57133725063751],[-58.0667848871635,-35.571345022770494],[-58.06680854785572,-35.57135639613801],[-58.0668317565695,-35.57137280858371],[-58.066846849896436,-35.57138728857791],[-58.06685962142975,-35.571402001664055],[-58.06687281188401,-35.5714314099036],[-58.06687975892538,-35.57146360160689],[-58.066874906615034,-35.571500289910766],[-58.06686162343274,-35.57152981414755],[-58.06684108318812,-35.571553815180245],[-58.06681420022155,-35.57157555174447],[-58.06678453524938,-35.57158913349424],[-58.06676429387449,-35.57159610793344],[-58.066744804939056,-35.57159930969052],[-58.066708569700396,-35.57168893157674],[-58.06666229019475,-35.57178803440596],[-58.06660832482223,-35.571899449509],[-58.066560062833666,-35.571993834605024],[-58.06651795162081,-35.57207552230858],[-58.066466111495345,-35.572171922551895],[-58.06641659125545,-35.57225898823355],[-58.066354496908666,-35.57236441542083],[-58.06629712871323,-35.572456761902146],[-58.066240901903306,-35.57254750463344],[-58.06619139888048,-35.57262465804916],[-58.0661245547283,-35.57272117780024],[-58.06606402347082,-35.572807435821275],[-58.0659927447949,-35.57290947133363],[-58.06691763003254,-35.57338496947009],[-58.06729519093632,-35.57357728928501],[-58.06841601809079,-35.5741523395739],[-58.068490252388195,-35.57405116100728],[-58.0685664841439,-35.57394487795964],[-58.06864316109813,-35.57383382600032],[-58.068689283509535,-35.573764186884404],[-58.06821544793425,-35.57355726165789],[-58.06821153490132,-35.57355945175583],[-58.06820751593935,-35.5735614599293],[-58.068203386721514,-35.57356346633514],[-58.06819915157468,-35.573565290816504],[-58.06819491859108,-35.573567025219305],[-58.0681905796785,-35.573568577697635],[-58.06818613051009,-35.573570128408235],[-58.06818168783188,-35.573571408883495],[-58.06817713489782,-35.57357268759106],[-58.06817258629055,-35.57357378614162],[-58.06816793175442,-35.57357470276764],[-58.06816327938163,-35.57357552931509],[-58.06815862917223,-35.57357626578396],[-58.06815387303403,-35.57357682032829],[-58.06814922931493,-35.57357728656155],[-58.06814447966709,-35.57357757087027],[-58.06813962192703,-35.573577763332835],[-58.06813487876963,-35.573577777405966],[-58.06813013777574,-35.57357770140052],[-58.068125401108865,-35.57357744523808],[-58.06812066660556,-35.573577098997035],[-58.06811593642931,-35.57357657259901],[-58.068111208416674,-35.57357595612238],[-58.068106484731146,-35.57357515948879],[-58.068101873464954,-35.57357427454417],[-58.06809726652594,-35.57357320944261],[-58.068092772006246,-35.573572056030066],[-58.06808827965024,-35.57357081253894],[-58.06808379162152,-35.573569388890874],[-58.068079416012125,-35.57356787693183],[-58.068075154985706,-35.573566186583484],[-58.068070896123004,-35.57356440615658],[-58.06806675184332,-35.57356244734034],[-58.068062607563824,-35.57356048852399],[-58.06805857786734,-35.57355835131833],[-58.06805466059029,-35.57355612580177],[-58.06805085789627,-35.573553721895934],[-58.06804705520252,-35.573551317989974],[-58.0680434773474,-35.573548737462446],[-58.06804001191173,-35.573546068624026],[-58.06803654863992,-35.57354330970712],[-58.06803330804317,-35.57354046424703],[-58.06803017986587,-35.573537530476145],[-58.06802705385241,-35.573534506626764],[-58.068024152677644,-35.57353130615584],[-58.06802147201425,-35.573528109220206],[-58.06801879351472,-35.5735248222061],[-58.06801633552658,-35.57352153872731],[-58.06801399212146,-35.573518076859315],[-58.06801175897211,-35.57351461675899],[-58.06800974849775,-35.57351107011558],[-58.06800785044273,-35.5735074351614],[-58.06800617289902,-35.57350380374259],[-58.06800449751908,-35.573500082245324],[-58.068003152905945,-35.57349636605112],[-58.06800181045658,-35.57349255977848],[-58.06800079877395,-35.57348875880889],[-58.06799978709141,-35.57348495783928],[-58.06799899808365,-35.57348107032668],[-58.06799842958702,-35.57347718634942],[-58.06799797134596,-35.57347330413983],[-58.06799773577959,-35.57346933538721],[-58.06799760830511,-35.57346545848072],[-58.06799770134164,-35.57346158510957],[-58.06799790679729,-35.573457623427714],[-58.067998330600275,-35.57345375535962],[-58.067998866822315,-35.57344979898081],[-58.06799951113613,-35.57344593444808],[-58.068000486216334,-35.57344207521838],[-58.068001459132795,-35.57343830606708],[-58.06800265472372,-35.57343445037274],[-58.068004066498204,-35.57343077837052],[-58.0680055906916,-35.57342701805759],[-58.06800733323215,-35.57342335135837],[-58.06800918386435,-35.57341977650517],[-58.06801114475183,-35.573416203419605],[-58.068013323986385,-35.57341272394776],[-58.068015721567974,-35.573409338089625],[-58.068018227241204,-35.57340604407749],[-58.06802095342506,-35.5734027536006],[-58.0680237855369,-35.573399645048134],[-58.06802683599578,-35.573396630109265],[-58.068029886454376,-35.573393615170346],[-58.06803315526,-35.57339069384505],[-58.0680365299936,-35.57338795444408],[-58.06803990472695,-35.573385215043025],[-58.068043495643735,-35.57338265933396],[-58.068047194652095,-35.57338019547081],[-58.068051003915635,-35.57337773337516],[-58.06805491694362,-35.57337554328225],[-58.068058829971385,-35.57337335318919],[-58.06806296134616,-35.57337125670965],[-58.068067088393626,-35.57336934038678],[-58.0680713235327,-35.573367515909766],[-58.0680756645999,-35.57336587335702],[-58.0680800056669,-35.57336423080413],[-58.0680844504985,-35.57336286025389],[-58.06808900558535,-35.573361491471054],[-58.068093556344984,-35.57336030284485],[-58.068098104941,-35.573359204296914],[-58.06810275946521,-35.573358287673166],[-58.068107409662325,-35.57335755120605],[-58.06811217011473,-35.57335681650635],[-58.06811692407654,-35.57335635204166],[-58.06812167803832,-35.573355887576795],[-58.06812642550959,-35.57335569334695],[-58.06813117298083,-35.57335549911693],[-58.06813602421702,-35.5733555768895],[-58.068140765197846,-35.5733556528943],[-58.0681454996883,-35.57335599913415],[-58.06815034443415,-35.57335634714137],[-58.068155072434344,-35.57335696361607],[-58.06815969017922,-35.573357578323076],[-58.068164411689224,-35.57335846503264],[-58.06816902294396,-35.57335934997452],[-58.06817362770851,-35.573360505151456],[-58.0681782324732,-35.57336166032816],[-58.06818272265579,-35.57336299389406],[-58.068187098256324,-35.5733645058491],[-58.068191471693595,-35.57336610788238],[-58.06819584296765,-35.573367799993925],[-58.068199993731106,-35.573369488570314],[-58.06820402991256,-35.57337135553589],[-58.06820806176738,-35.57337340265819],[-58.06821198336703,-35.573375448012854],[-58.06821579038471,-35.5733776717567],[-58.0682195952392,-35.573379985578875],[-58.068223177419725,-35.57338238594441],[-58.06822675743708,-35.57338487638822],[-58.06823022503586,-35.57338745514291],[-58.068233580216074,-35.573390122208416],[-58.06823671055893,-35.57339296589574],[-58.068239840902,-35.57339580958301],[-58.068242858826515,-35.573398741581144],[-58.068245651913635,-35.57340185020109],[-58.06824844500098,-35.573404958821015],[-58.06825101541428,-35.57340815398438],[-58.06825347557235,-35.5734113473802],[-58.06825582114844,-35.5734147191654],[-58.06825794621381,-35.57341808741567],[-58.068259958860544,-35.573421543976835],[-58.06826185908863,-35.57342508884896],[-58.06826364906139,-35.57342863195361],[-58.06826521852335,-35.573432171523386],[-58.06826667340331,-35.573435889482475],[-58.068268020191205,-35.57343951559574],[-58.068269144304885,-35.573443228252515],[-58.068270045744335,-35.5734470274528],[-58.06827094934718,-35.57345073657469],[-58.06827163027576,-35.57345453224011],[-58.06827209069336,-35.57345832437066],[-58.06827243869214,-35.573462204812174],[-58.06827267859876,-35.57346599340784],[-58.06827269583098,-35.57346986854704],[-58.0687466391528,-35.573676885385105],[-58.068785341711866,-35.57361767054649],[-58.06884438778354,-35.57352426839557],[-58.068902636012474,-35.57342733901576],[-58.068973727955026,-35.57330538374935],[-58.06902991993509,-35.57320679931365],[-58.06908811152815,-35.57310302032858],[-58.06914440052178,-35.57300038229654],[-58.069180190473865,-35.57292922571558],[-58.068683280168365,-35.57276014059854],[-58.068679470953406,-35.572762602715954],[-58.068675555809264,-35.57276488290928],[-58.068671642827745,-35.57276707302403],[-58.06866751149965,-35.572769169526126],[-58.068663382334165,-35.57277117594964],[-58.068659145076744,-35.572773090527484],[-58.06865480189021,-35.57277482318123],[-58.0686503527746,-35.572776373910855],[-58.06864590365881,-35.572777924640334],[-58.068641458868605,-35.57277929521274],[-58.06863679789476,-35.57278048209396],[-58.06863224933826,-35.57278158066362],[-58.06862759268996,-35.572782587387564],[-58.068622830112645,-35.57278341218737],[-58.06861807186107,-35.572784056830095],[-58.0686133157723,-35.572784611394205],[-58.06860856184639,-35.572785075879665],[-58.0686037019916,-35.57278535844097],[-58.06859895671727,-35.57278546261227],[-58.06859410335121,-35.572785474937874],[-58.0685892521481,-35.5727853971848],[-58.06858451552549,-35.572785141041805],[-58.068579672974145,-35.5727847029746],[-58.068574942840435,-35.5727841765959],[-58.06857021486971,-35.57278356013858],[-58.06856549122501,-35.57278276352419],[-58.06856077190628,-35.57278178675273],[-58.06855616500528,-35.57278072166982],[-58.06855156243034,-35.57277947642985],[-58.0685470722731,-35.572778142878455],[-58.068542584279,-35.572776719248424],[-58.06853810061103,-35.572775115461354],[-58.06853395203299,-35.57277333681875],[-58.06852980561815,-35.57277146809756],[-58.06852566136649,-35.57276950929781],[-58.06852163169562,-35.57276737210826],[-58.06851782469713,-35.57276514837446],[-58.06851401986188,-35.57276283456214],[-58.06851032744443,-35.572760432438436],[-58.06850663935323,-35.57275785015778],[-58.068503171771425,-35.572755271411374],[-58.06849981877041,-35.572752514275194],[-58.06849657818724,-35.572749668827726],[-58.06849344785885,-35.57274682514734],[-58.06849043211129,-35.57274380307729],[-58.06848752878157,-35.57274069269584],[-58.0684847378696,-35.57273749400317],[-58.06848216746696,-35.57273429884484],[-58.068479599227565,-35.57273101360804],[-58.068477363914994,-35.572727643594405],[-58.068475130765655,-35.57272418350228],[-58.06847312028861,-35.57272063686614],[-58.06847122006623,-35.57271709199718],[-58.068469432261594,-35.572713458817],[-58.068467864966074,-35.57270982917126],[-58.0684664100883,-35.572706111214245],[-58.068465065465126,-35.57270239502446],[-58.06846394135105,-35.57269868236913],[-58.0684630399091,-35.57269488316982],[-58.068462140630274,-35.572690993892046],[-58.068461569951886,-35.57268719999442],[-58.06846111169109,-35.57268331778554],[-58.06846076368477,-35.57267943734391],[-58.06846063618743,-35.572675560436736],[-58.0684606189445,-35.5726716852968],[-58.06846082221046,-35.57266781369132],[-58.06846113573084,-35.57266394385309],[-58.068461559505636,-35.57266007578202],[-58.06846231404366,-35.57265621301268],[-58.06846306641855,-35.57265244032174],[-58.068464041465255,-35.57264858108681],[-58.06846523485763,-35.57264481546478],[-58.068466536341255,-35.57264114168836],[-58.06846795024221,-35.572637379600714],[-58.06846958032572,-35.57263380120437],[-58.06847154333533,-35.572630138031194],[-58.068473502018655,-35.572626655014886],[-58.068475791464955,-35.57262317730014],[-58.0684780809111,-35.57261969958536],[-58.06848058653967,-35.57261640556181],[-58.06848320242244,-35.57261311330543],[-58.06848603665071,-35.572609914661825],[-58.068488978970066,-35.57260680786377],[-58.068491921289215,-35.57260370106565],[-58.06849519004517,-35.572600779725896],[-58.06849845663789,-35.5725979484645],[-58.06850183132167,-35.572595209048636],[-58.068505424350974,-35.572592563245465],[-58.06850901521702,-35.57259000752061],[-58.068512714174176,-35.572587543641276],[-58.068516631476776,-35.5725851733746],[-58.0685205466162,-35.57258289318624],[-58.068524567683774,-35.57258079492176],[-58.06852869684248,-35.57257878850278],[-58.068532931929376,-35.57257696400766],[-58.06853716701607,-35.57257513951242],[-58.06854161828531,-35.57257349870818],[-58.06854595497415,-35.57257203629351],[-58.06855051217147,-35.572570577412975],[-58.068555062879796,-35.572569388767604],[-58.06855961358802,-35.572568200122014],[-58.06856427022453,-35.572567193400296],[-58.06856892253508,-35.57256636683526],[-58.06857368293694,-35.57256563211561],[-58.06857844117579,-35.57256498747423],[-58.068583195088756,-35.57256452298952],[-58.068587944675855,-35.5725642386615],[-58.06859280235436,-35.5725640461789],[-58.0685975476156,-35.57256394200741],[-58.06860239664252,-35.57256410983815],[-58.06860713541512,-35.57256427590162],[-58.068611869862,-35.57256462212176],[-58.068616710237514,-35.57256515026574],[-58.06862143819586,-35.57256576672086],[-58.06862616399146,-35.57256647325423],[-58.06863077304424,-35.57256744825572],[-58.068635382097156,-35.57256842325704],[-58.06863998682448,-35.57256957841505],[-58.06864458722627,-35.572570913729805],[-58.068648852539525,-35.57257242390009],[-58.068653115690125,-35.57257402414869],[-58.0686572642609,-35.57257580278701],[-58.06866141066906,-35.57257767150363],[-58.06866544466023,-35.57257962853152],[-58.06866936407164,-35.57258176394914],[-58.06867317322891,-35.57258389759962],[-58.068676978060765,-35.57258621140686],[-58.06868067047567,-35.57258861352542],[-58.0686841402193,-35.572591102188255],[-58.06868760563754,-35.57259377100791],[-58.06869096080166,-35.57259643806046],[-58.06869420138603,-35.57259928350282],[-58.06869733171628,-35.572602127178065],[-58.0687002393752,-35.572605057397695],[-58.068703142708756,-35.57260816777413],[-58.06870582553376,-35.5726112746165],[-58.06870839594184,-35.57261446977026],[-58.06871085393292,-35.57261775323543],[-58.068713201669816,-35.57262103493357],[-58.06871543482695,-35.57262449502155],[-58.06871744747545,-35.57262795157551],[-58.0687193498697,-35.57263140636244],[-58.06872113768416,-35.57263503953931],[-58.06872270715271,-35.57263857910364],[-58.06872416204142,-35.57264229705794],[-58.06872539858415,-35.572645921399726],[-58.06872652270979,-35.572649634053036],[-58.06872753441833,-35.57265343501779],[-58.06872832561803,-35.57265723244853],[-58.06872900656338,-35.57266102811231],[-58.06872957725429,-35.572664822009116],[-58.06872992743635,-35.572668612371906],[-58.06922596174124,-35.572837412916506],[-58.06925644415268,-35.572775993599635],[-58.06930431658788,-35.57267475255337],[-58.06935056102646,-35.572572404044685],[-58.06940730763465,-35.572446073450415],[-58.06944087039109,-35.572371186459165],[-58.06947493463376,-35.57228918855352],[-58.06951148924454,-35.572199931367926],[-58.069543313671225,-35.572119339367305],[-58.069525147738695,-35.57209958391929],[-58.069511573557634,-35.57207692829436],[-58.06950418223707,-35.57205401126417],[-58.06950145183886,-35.57203450308691],[-58.06905784370063,-35.571924126077],[-58.06905457931773,-35.57192686727687],[-58.06905120684347,-35.57192951663151],[-58.06904761386204,-35.57193216245274],[-58.06904402520508,-35.57193462811688],[-58.06904032845676,-35.57193700193577],[-58.06903652361708,-35.57193928390938],[-58.06903261284844,-35.571941383959235],[-58.06902859182609,-35.57194348224229],[-58.06902457512829,-35.57194540036827],[-58.06902034008568,-35.5719472248822],[-58.06901610720526,-35.571948959317545],[-58.06901187864942,-35.571950513595766],[-58.06900743174883,-35.57195197426198],[-58.06900309726396,-35.57195334661624],[-58.06899854443437,-35.57195462535845],[-58.06899399809184,-35.57195563386506],[-58.06898945174919,-35.5719566423715],[-58.06898490973127,-35.57195747072082],[-58.068980259622194,-35.571958207224775],[-58.068975503584376,-35.57195876180482],[-58.068970859962434,-35.57195922807299],[-58.06896611041181,-35.57195951241727],[-58.06896147327711,-35.571959708449654],[-58.06895672805134,-35.57195981263663],[-58.06895198715048,-35.57195973666647],[-58.06894725057454,-35.57195948053919],[-58.0689426264146,-35.57195913609999],[-58.068937894163696,-35.571958699815404],[-58.06893327649127,-35.57195808514045],[-58.06892855289038,-35.57195728854161],[-58.06892393954311,-35.571956493709365],[-58.068919442936924,-35.57195543040831],[-58.06891494633085,-35.57195436710706],[-58.068910458374866,-35.571952943491844],[-58.06890608283506,-35.571951431564706],[-58.06890181971145,-35.571949831325796],[-58.06889756091301,-35.57194805092978],[-58.06889341453078,-35.57194618222195],[-58.068889272473776,-35.571944133357036],[-58.068885350923935,-35.57194208802563],[-58.068881433699396,-35.57193986253715],[-58.068877628891066,-35.57193754873689],[-58.06887393866149,-35.57193505654642],[-58.068870248432155,-35.57193256435583],[-58.06886678303508,-35.57192989554186],[-58.06886343005422,-35.57192713841615],[-58.06886018732705,-35.571924383057194],[-58.06885705917868,-35.57192144930806],[-58.068854043446514,-35.57191842724722],[-58.0688511401306,-35.57191531687466],[-58.068848347068325,-35.57191220826891],[-58.068845778838266,-35.57190892303982],[-58.06884321060842,-35.57190563781071],[-58.06884086504819,-35.571902266036794],[-58.06883874215756,-35.57189880771804],[-58.068836621429675,-35.57189525932079],[-58.06883472120881,-35.57189171445721],[-58.06883304365749,-35.57188808304889],[-58.068831476359684,-35.57188445340736],[-58.06883002147802,-35.57188073545422],[-58.068828676849854,-35.57187701926793],[-58.06882755489115,-35.57187321653686],[-58.068826653439324,-35.57186941733952],[-58.06882586224092,-35.57186561990904],[-58.06882518345854,-35.57186173416694],[-58.06882472518295,-35.57185785195856],[-58.06882437716073,-35.571853971517044],[-58.06882424964525,-35.57185009460926],[-58.068824232383115,-35.57184621946833],[-58.06882443562765,-35.57184234786109],[-58.068824749125476,-35.57183847802072],[-58.06882528312995,-35.57183461171409],[-58.06882592738766,-35.57183074717431],[-58.068826789989366,-35.57182697624671],[-58.06882776500688,-35.571823117007476],[-58.068828958368336,-35.57181935138041],[-58.06883025982037,-35.57181567759866],[-58.06883167368818,-35.57181191550527],[-58.06883330589984,-35.57180824702404],[-58.06883504836465,-35.57180458030961],[-58.06883700917327,-35.57180100720733],[-58.068839080235016,-35.571797435871844],[-58.06884136964055,-35.571793958148454],[-58.06884365688334,-35.57179057050352],[-58.06884627488569,-35.571787188159036],[-58.06884889072528,-35.57178389589297],[-58.06885172274607,-35.57178078731744],[-58.06885466501988,-35.571777680508646],[-58.068857717546706,-35.57177457546662],[-58.068860876001494,-35.57177165234828],[-58.068864252799955,-35.57176882284193],[-58.06886762743568,-35.57176608341397],[-58.068871220415076,-35.57176343759799],[-58.06887492148498,-35.57176088362719],[-58.0688786182296,-35.571758509813215],[-58.06888253548046,-35.571756139532745],[-58.06888644840606,-35.57175394940905],[-58.068890579675404,-35.57175185289731],[-58.068894708782025,-35.57174984646388],[-58.068898943816684,-35.57174802195404],[-58.06890317668866,-35.57174628752253],[-58.06890762790437,-35.571744646702854],[-58.06891207695745,-35.571743095961516],[-58.06891652168541,-35.57174172537697],[-58.06892107234148,-35.57174053671594],[-58.068925731088186,-35.57173943989998],[-58.06893038767231,-35.57173843316233],[-58.068935039931404,-35.57173760658141],[-58.06893980028116,-35.571736871845566],[-58.068944556305986,-35.571736317266456],[-58.06894931016829,-35.57173585276565],[-58.06895416995891,-35.57173557018834],[-58.068958915171436,-35.57173546600103],[-58.06896377063716,-35.57173536358028],[-58.06896850936241,-35.571735529628064],[-58.068973356178496,-35.57173578752081],[-58.06897809057904,-35.57173613372517],[-58.068982820654796,-35.57173666008626],[-58.06898765882148,-35.57173727829236],[-58.068992272157,-35.57173807312181],[-58.06899699142108,-35.571739049874765],[-58.06900159826969,-35.57174011493929],[-58.06900620295607,-35.57174127008214],[-58.06901069306463,-35.57174260361509],[-58.06901518101096,-35.571744027226345],[-58.06901955437955,-35.571745629227735],[-58.06902392558596,-35.57174732130745],[-58.06902818437697,-35.57174910169879],[-58.06903221617468,-35.57175114879211],[-58.069036025303824,-35.57175328243046],[-58.06903983227081,-35.57175550614717],[-58.06904352466011,-35.57175790825405],[-58.06904710679641,-35.57176030859416],[-58.069050684608236,-35.57176288909116],[-58.0690540397515,-35.57176555613325],[-58.06905728247943,-35.57176831148704],[-58.06906052520754,-35.57177106684079],[-58.06906354310475,-35.57177399881812],[-58.06906644858659,-35.571777019107216],[-58.06906924165307,-35.57178012770811],[-58.069071924466506,-35.57178323454232],[-58.06907438461128,-35.57178642792169],[-58.06907684043164,-35.57178980145796],[-58.06907907790793,-35.57179308138246],[-58.06908120080653,-35.57179653969725],[-58.069083213451975,-35.57179999624542],[-58.06908500342871,-35.57180353933879],[-58.06908668315231,-35.57180708066547],[-58.06908825046041,-35.57181071030402],[-58.06908959509973,-35.57181442648781],[-58.06909082948588,-35.57181814090494],[-58.06909184336544,-35.57182185178885],[-58.069092746991764,-35.57182556090614],[-58.06909353820255,-35.5718293583353],[-58.06954273854371,-35.57194108637635],[-58.069557289837476,-35.57192762228379],[-58.06958840076185,-35.57190892656025],[-58.06962760126086,-35.57189783980435],[-58.0696725889899,-35.571893784449614],[-58.06970799765727,-35.57189822650082],[-58.06975373127728,-35.57191364750139],[-58.06978195623687,-35.571932482679244],[-58.069808875493955,-35.571959767571805],[-58.069822858334355,-35.571983781407255],[-58.06982920778144,-35.572017945873895],[-58.070170523500636,-35.5721028019782],[-58.07017379001542,-35.57209997066866],[-58.07017716246159,-35.57209732128173],[-58.070180645161265,-35.57209467366031],[-58.070184233792375,-35.572092207961504],[-58.070187820262156,-35.572089832341085],[-58.07019162507818,-35.57208755033035],[-58.0701955379867,-35.57208536016367],[-58.07019955898769,-35.57208326184098],[-58.07020357566634,-35.57208134367522],[-58.07020770259858,-35.572079427274915],[-58.07021193330122,-35.5720777828757],[-58.070216164003675,-35.57207613847632],[-58.07022050063766,-35.572074675999446],[-58.07022494536419,-35.57207330536655],[-58.07022938792952,-35.57207202481202],[-58.07023393642645,-35.57207092618],[-58.0702384827622,-35.57206991762633],[-58.07024302477584,-35.57206908922955],[-58.07024767488211,-35.57206835267671],[-58.07025232282731,-35.57206770620223],[-58.07025696645043,-35.57206723988467],[-58.07026171816626,-35.572066865411],[-58.07026635530632,-35.57206666932865],[-58.070271100539166,-35.57206656509025],[-58.07027584145,-35.57206664100872],[-58.070280580199906,-35.57206680700556],[-58.07028520437416,-35.57206715139374],[-58.07028993664123,-35.57206758762584],[-58.070294554332726,-35.572068202249305],[-58.070299169863326,-35.57206890695114],[-58.070303783233044,-35.57206970173133],[-58.070308392281014,-35.572070676668424],[-58.0703128889144,-35.572071739918385],[-58.07031738122605,-35.5720729833253],[-58.07032176112317,-35.572074315045064],[-58.070326136698576,-35.57207582692176],[-58.07033039769855,-35.57207751718989],[-58.07033454628408,-35.572079295770926],[-58.07033869270886,-35.572081164430365],[-58.07034272455825,-35.5720832114813],[-58.07034675424696,-35.572085348610635],[-58.070350561267446,-35.57208757228743],[-58.070354363966345,-35.572089976121184],[-58.0703580564117,-35.572092378189396],[-58.070361634281724,-35.57209495864907],[-58.070365099737316,-35.572097627421776],[-58.07036834252467,-35.572100382742],[-58.07037158315137,-35.57210322814066],[-58.07037471136361,-35.57210616185233],[-58.070377729322296,-35.57210909379851],[-58.070380522451835,-35.57211220237078],[-58.07038320316691,-35.572115399256106],[-58.07038577146753,-35.57211868445446],[-58.07038822951452,-35.57212196788734],[-58.07039057514704,-35.57212533963328],[-58.070392698111206,-35.57212879792683],[-58.07039470866087,-35.57213234453344],[-58.07039660895686,-35.57213588937462],[-58.07039828658448,-35.572139520763436],[-58.07039985395837,-35.57214315038678],[-58.0704013089177,-35.57214686832329],[-58.07040254336943,-35.57215058272884],[-58.070403555152694,-35.57215438368208],[-58.07040456693604,-35.572158184635335],[-58.07040524795781,-35.572161980292265],[-58.07040592897968,-35.572165775949216],[-58.07040638733295,-35.57216965815384],[-58.07040662517849,-35.572173536827634],[-58.07040675277011,-35.57217741373594],[-58.070406659853944,-35.57218128711342],[-58.07040645668384,-35.572185158725475],[-58.07040614325981,-35.57218902857208],[-58.070405611488724,-35.57219280480928],[-58.070404857048864,-35.57219666759417],[-58.07040399451584,-35.57220043853506],[-58.07040301956797,-35.57220429778904],[-58.070401828433795,-35.572207973355056],[-58.070400524884704,-35.57221173723417],[-58.07039911324238,-35.57221540926929],[-58.07039759134597,-35.57221907953892],[-58.070395961356304,-35.57222265796457],[-58.070394110858544,-35.5722262328593],[-58.07039215010665,-35.57222980598852],[-58.070389973168346,-35.572233195429746],[-58.07038768597585,-35.572236583105486],[-58.07038528852923,-35.57223996901571],[-58.07038278515012,-35.57224317300333],[-58.07038006126282,-35.572246373459976],[-58.070377229282194,-35.57224948207256],[-58.07037428920821,-35.57225249884107],[-58.070371241040895,-35.57225542376546],[-58.070368084780235,-35.572258256845814],[-58.0703647101722,-35.57226099631655],[-58.070361335563966,-35.572263735787196],[-58.07035774476927,-35.5722662915697],[-58.07035415613525,-35.572268757273534],[-58.07035045940788,-35.57227113113324],[-58.07034654649407,-35.57227332130476],[-58.07034263358006,-35.572275511476136],[-58.07033861473364,-35.57227751972483],[-58.07033448779395,-35.572279436129314],[-58.07033036301497,-35.57228126245513],[-58.07032613014273,-35.57228299693674],[-58.070321791338145,-35.572284549495606],[-58.07031734444031,-35.57228601021025],[-58.07031290186422,-35.57228729076765],[-58.07030846144895,-35.57228848124634],[-58.07030391294049,-35.5722895798808],[-58.070299368753865,-35.57229049835801],[-58.07029471647403,-35.57229132499097],[-58.070290068516094,-35.572291971466676],[-58.070285422719074,-35.57229252786365],[-58.07028066882892,-35.572292992416344],[-58.07027592142174,-35.572293186733276],[-58.07027117833654,-35.572293200892894],[-58.070266327158286,-35.57229312320826],[-58.07026158839514,-35.572292957210465],[-58.07025685395403,-35.57229261105538],[-58.07025212383504,-35.57229208474307],[-58.07024739587714,-35.572291468352034],[-58.07024278033439,-35.57229076364787],[-58.070238169113836,-35.572289878786435],[-58.070233560054405,-35.57228890384631],[-58.070228955317205,-35.57228774874893],[-58.07022446299525,-35.572286505338454],[-58.07021997499553,-35.572285081770744],[-58.070215599411085,-35.572283569889954],[-58.07021133624191,-35.572281969696064],[-58.07020707739506,-35.572280189344994],[-58.07020282070949,-35.572278318915224],[-58.07019878885432,-35.57227627185947],[-58.070194756999356,-35.572274224803635],[-58.070190839720816,-35.57227199935621],[-58.07018703485758,-35.57226968559575],[-58.070183344570786,-35.572267193443764],[-58.07017976453822,-35.572264703057314],[-58.070176188828114,-35.572262032513684],[-58.07017283578731,-35.57225927542271],[-58.0701695951619,-35.572256430018776],[-58.07016646695178,-35.572253496301904],[-58.07016333874189,-35.572250562584955],[-58.07016054561642,-35.572247454007794],[-58.07015775465231,-35.57224425535206],[-58.07015507610349,-35.572240968383404],[-58.070152618062856,-35.57223768494603],[-58.070150272437466,-35.57223431319572],[-58.070148039227384,-35.572230853132524],[-58.07014602868654,-35.57222730652211],[-58.070144128399804,-35.57222376167732],[-58.07014234052833,-35.572220128519646],[-58.07014077316486,-35.572216498893305],[-58.07013931821661,-35.57221278095408],[-58.07013808593751,-35.57220897646765],[-58.07013696175128,-35.572205263825424],[-58.070135949980184,-35.572201462870346],[-58.070135160878166,-35.57219757536808],[-58.069793844803435,-35.572112719153345],[-58.069779129220684,-35.57212843347112],[-58.069740691782684,-35.57214908448958],[-58.069703687603564,-35.57216056691395],[-58.069657245002304,-35.57227579857868],[-58.069598631087075,-35.572411020589],[-58.06955958385419,-35.57250303137473],[-58.06950465123401,-35.57262272273165],[-58.06945667747457,-35.57272360178702],[-58.06940002153969,-35.572841553330086],[-58.06936839558156,-35.57290466651235],[-58.06976376980362,-35.57303968175668],[-58.06976736065206,-35.57303712599388],[-58.06977105743208,-35.57303475215398],[-58.06977486446691,-35.573032380080036],[-58.06977877743333,-35.573030189928986],[-58.06978269039952,-35.57302799977781],[-58.06978681955236,-35.57302599331554],[-58.06979094438179,-35.57302416701016],[-58.06979517946607,-35.57302234247064],[-58.06979952048201,-35.57302069985401],[-58.06980385933618,-35.57301914731568],[-58.06980830412206,-35.573017776700254],[-58.069812746746194,-35.573016496163085],[-58.06981729746367,-35.57301530747033],[-58.069821843857866,-35.57301429893437],[-58.06982649834543,-35.573013382242735],[-58.06983114850978,-35.57301264570791],[-58.06983590676751,-35.57301200101741],[-58.06984055044709,-35.573011534717764],[-58.06984530222008,-35.57301116026236],[-58.069850051831544,-35.573010875885316],[-58.06985479711989,-35.57301077166507],[-58.06985953808521,-35.57301084760166],[-58.069864276889064,-35.57301101361658],[-58.06986901353137,-35.5730112697098],[-58.06987374585076,-35.57301170595985],[-58.06987847384719,-35.57301232236673],[-58.06988319968222,-35.57301302885194],[-58.06988781310083,-35.573013823649504],[-58.06989242219658,-35.57301479860393],[-58.06989702913097,-35.57301586363668],[-58.069901521487516,-35.57301710706036],[-58.06990601168275,-35.57301844056235],[-58.069910387300176,-35.57301995245529],[-58.06991465050131,-35.57302155266067],[-58.069918911541116,-35.57302324294442],[-58.06992316825825,-35.573025113385036],[-58.06992731255911,-35.57302707213812],[-58.069931344443674,-35.573029119203674],[-58.069935263911994,-35.573031254581686],[-58.069939068802626,-35.573033568350716],[-58.06994276127695,-35.573035970432244],[-58.069946451590134,-35.57303846259218],[-58.06995002948702,-35.57304104306463],[-58.06995327229615,-35.57304379839635],[-58.069956510782674,-35.573046733885015],[-58.069959639014364,-35.573049667607734],[-58.06996254457473,-35.57305268787714],[-58.069965445812485,-35.573055888303486],[-58.06996812654033,-35.57305908519804],[-58.0699706948519,-35.57306237040519],[-58.069973150747195,-35.57306574392491],[-58.069975386132484,-35.573069113912894],[-58.06997750694007,-35.57307266229198],[-58.069979517492754,-35.57307620890518],[-58.06998130753535,-35.57307975198663],[-58.06998298516163,-35.573083383380755],[-58.069984550371544,-35.57308710308746],[-58.06998589507133,-35.57309081926245],[-58.06998712735473,-35.57309462375011],[-58.069988139127965,-35.57309842470605],[-58.069989040646135,-35.57310222389611],[-58.069989719492725,-35.57310610963301],[-58.06999029024559,-35.573109903525506],[-58.069990748581965,-35.5731137857307],[-58.0699908739915,-35.57311775271683],[-58.069991001562435,-35.573121629624445],[-58.069990908623,-35.573125503000355],[-58.06999059517323,-35.57312937284459],[-58.069990171468206,-35.57313324092295],[-58.06998963750796,-35.57313710723546],[-58.069988883037276,-35.57314097001626],[-58.069987908056085,-35.57314482926531],[-58.06998682498097,-35.57314859667003],[-58.06998563165056,-35.57315236230885],[-58.06998421780959,-35.573156124415966],[-58.06998269587466,-35.57315979467867],[-58.06998095559053,-35.57316337133113],[-58.069979105051004,-35.57316694621769],[-58.06997703400084,-35.57317051757248],[-58.0699749651119,-35.57317399884874],[-58.069972567618436,-35.57317738474882],[-58.069970172286176,-35.573180680570346],[-58.06996755860463,-35.57318388278155],[-58.069964834667644,-35.57318708322683],[-58.06996200263656,-35.573190191827635],[-58.069959062511415,-35.57319320858399],[-58.06995590403696,-35.57319613173],[-58.069952747723704,-35.5731989647974],[-58.06994937089965,-35.57320179433291],[-58.06994588814296,-35.57320444194543],[-58.06994229729222,-35.57320699771344],[-58.0699387086027,-35.57320946340283],[-58.069934903725255,-35.57321174540328],[-58.06993098859234,-35.57321402563767],[-58.069927077782125,-35.57321612571496],[-58.069923058877855,-35.57321813394766],[-58.06991893187959,-35.573220050335806],[-58.069914696787286,-35.57322187487938],[-58.06991035576249,-35.57322351749984],[-58.06990601689896,-35.57322507004168],[-58.069901680196786,-35.57322653250482],[-58.0698971273068,-35.573227811278926],[-58.069892686833526,-35.573229001740316],[-58.0698880301725,-35.57323000851257],[-58.069883485928194,-35.57323092697215],[-58.06987883358999,-35.57323175358709],[-58.06987407531941,-35.57323239827887],[-58.06986943162716,-35.5732328645794],[-58.06986467767954,-35.573233329113826],[-58.06985993021649,-35.57323352341253],[-58.069855182753415,-35.57323371771104],[-58.06985044177498,-35.573233641773875],[-58.06984570295812,-35.57323347575804],[-58.06984096630282,-35.573233219663486],[-58.06983623613228,-35.573232693333274],[-58.069831505961794,-35.57323216700283],[-58.069826780114546,-35.57323146051526],[-58.069822168845825,-35.57323057563648],[-58.06981755973881,-35.57322960067904],[-58.069812952793505,-35.57322853564294],[-58.06980846042682,-35.573227292215705],[-58.06980397022189,-35.57322595870974],[-58.06979948434032,-35.573224445046684],[-58.06979522113111,-35.573222844837005],[-58.069790960083694,-35.573221154548705],[-58.06978670335971,-35.57321928410324],[-58.06978255905282,-35.573217325345205],[-58.06977852932468,-35.57321518819607],[-58.06977460985203,-35.57321305281285],[-58.06977080495816,-35.573210739038565],[-58.06976700222614,-35.57320833518566],[-58.06976342432817,-35.573205754707786],[-58.06975984643042,-35.57320317422983],[-58.069756383111475,-35.57320041536084],[-58.06975314030329,-35.57319766002388],[-58.069749901818625,-35.573194724529856],[-58.06974688600636,-35.57319170248942],[-58.069743980449545,-35.57318868221496],[-58.06974118947155,-35.573185483549565],[-58.06973850874899,-35.57318228665018],[-58.06973594260523,-35.57317891135983],[-58.06973359697213,-35.5731755396016],[-58.06973136375609,-35.57317207953093],[-58.06972924079548,-35.57316862122631],[-58.069727340507136,-35.573165076375346],[-58.06972555263584,-35.57316144321199],[-58.0697238750199,-35.57315781181467],[-58.0697224200762,-35.57315409387101],[-58.06972118780466,-35.573150289381054],[-58.06971995337155,-35.57314657496958],[-58.069718943772294,-35.57314268393329],[-58.06971815252177,-35.573138886507714],[-58.0697174736882,-35.57313500076976],[-58.06971701536498,-35.573131118563936],[-58.06932131434567,-35.57299591770014]]]}},{"type":"Feature","properties":{"CCA":"027110M000000000000000008000","ARA1":8098.07,"SAG":"ARBA","PARTIDO":"027","CIRC":11,"SECC":"M","CHACRA":null,"CHACRA_L":null,"QUINTA":null,"QUINTA_L":null,"FRACCION":8,"FRACC_L":null,"NOMENCLA":"Circ. XI - Secc. M - Fr. 8"},"geometry":{"type":"Polygon","coordinates":[[[-58.06273228259581,-35.570174074305974],[-58.06285305091098,-35.570142133182365],[-58.06293881690309,-35.570120983556606],[-58.063031677565306,-35.57010292163411],[-58.06314038390641,-35.570086375900146],[-58.06323262999189,-35.57007551298753],[-58.06333828325063,-35.570066667728184],[-58.063444351129824,-35.57006350616102],[-58.0635660655763,-35.570065552140946],[-58.06435048078257,-35.570188903161224],[-58.06436466541876,-35.57013569394878],[-58.060707562456564,-35.56955000660755],[-58.06228624956035,-35.57036208799161],[-58.06240490426269,-35.57030343988214],[-58.062536689481014,-35.57024455219242],[-58.062659787412066,-35.57019832074684],[-58.06273228259581,-35.570174074305974]]]}},{"type":"Feature","properties":{"CCA":"027020A000200000000000001000","ARA1":17481.5,"SAG":"ARBA","PARTIDO":"027","CIRC":2,"SECC":"A","CHACRA":2,"CHACRA_L":null,"QUINTA":null,"QUINTA_L":null,"FRACCION":1,"FRACC_L":null,"NOMENCLA":"Circ. II - Secc. A - Ch. 2 - Fr. 1"},"geometry":{"type":"Polygon","coordinates":[[[-58.028313803537195,-35.56306873150758],[-58.028267569270255,-35.56307428297367],[-58.027650073846246,-35.56375453078577],[-58.02765697790572,-35.56379231080622],[-58.029153589537245,-35.56469935689441],[-58.02919993493988,-35.56469380692048],[-58.029817314990716,-35.56401354927258],[-58.029810520136515,-35.56397577114627],[-58.028313803537195,-35.56306873150758]]]}},{"type":"Feature","properties":{"CCA":"027020A000200000000000002000","ARA1":52498.46,"SAG":"ARBA","PARTIDO":"027","CIRC":2,"SECC":"A","CHACRA":2,"CHACRA_L":null,"QUINTA":null,"QUINTA_L":null,"FRACCION":2,"FRACC_L":null,"NOMENCLA":"Circ. II - Secc. A - Ch. 2 - Fr. 2"},"geometry":{"type":"Polygon","coordinates":[[[-58.031461938118575,-35.56231143399349],[-58.03182947941629,-35.56190228804227],[-58.03119931763542,-35.56150622330875],[-58.031299329801065,-35.561398550468944],[-58.031432531217824,-35.56125501416196],[-58.03156573435743,-35.5611113876126],[-58.03169904504883,-35.56096785277447],[-58.03183224502345,-35.56082431597012],[-58.03196555695604,-35.560680690723494],[-58.032152904507136,-35.56047847327737],[-58.03214034579323,-35.560446368347655],[-58.031572615925214,-35.56040627864086],[-58.031521898907855,-35.56040581073826],[-58.03152870692097,-35.56039799202278],[-58.030822388127575,-35.56037014326753],[-58.030252687702685,-35.56098279082063],[-58.029769997889154,-35.561509538864044],[-58.02949924021398,-35.56179401316944],[-58.0292285908419,-35.56207848859482],[-58.028957827092114,-35.56236305161163],[-58.02863329035122,-35.56270422620162],[-58.02902891024162,-35.56287380061156],[-58.02915703509885,-35.5629287919937],[-58.02929105566164,-35.56298622257524],[-58.02943129825967,-35.56304627789778],[-58.02950703847886,-35.563078785352644],[-58.02957524948715,-35.563108015720836],[-58.02997349273005,-35.563278711320756],[-58.03036901039063,-35.563448189617375],[-58.03064377039959,-35.563162517289534],[-58.030916158321,-35.562879058349964],[-58.031188652338365,-35.56259569059781],[-58.031461938118575,-35.56231143399349]]]}},{"type":"Feature","properties":{"CCA":"027020A000300000000000001000","ARA1":107247.74,"SAG":"ARBA","PARTIDO":"027","CIRC":2,"SECC":"A","CHACRA":3,"CHACRA_L":null,"QUINTA":null,"QUINTA_L":null,"FRACCION":1,"FRACC_L":null,"NOMENCLA":"Circ. II - Secc. A - Ch. 3 - Fr. 1"},"geometry":{"type":"Polygon","coordinates":[[[-58.029227250709766,-35.54953235353313],[-58.02709609928457,-35.552689281086586],[-58.03009426616786,-35.5540290027934],[-58.031642997148886,-35.55169839769418],[-58.029227250709766,-35.54953235353313]]]}},{"type":"Feature","properties":{"CCA":"027020A000300000000000002000","ARA1":147877.36,"SAG":"ARBA","PARTIDO":"027","CIRC":2,"SECC":"A","CHACRA":3,"CHACRA_L":null,"QUINTA":null,"QUINTA_L":null,"FRACCION":2,"FRACC_L":null,"NOMENCLA":"Circ. II - Secc. A - Ch. 3 - Fr. 2"},"geometry":{"type":"Polygon","coordinates":[[[-58.02702335145225,-35.55280055088762],[-58.024675774424075,-35.55639787295],[-58.027893136183266,-35.55780125755173],[-58.030175975082976,-35.55424534705184],[-58.02702335145225,-35.55280055088762]]]}},{"type":"Feature","properties":{"CCA":"027020A000300000000000003000","ARA1":136771.5,"SAG":"ARBA","PARTIDO":"027","CIRC":2,"SECC":"A","CHACRA":3,"CHACRA_L":null,"QUINTA":null,"QUINTA_L":null,"FRACCION":3,"FRACC_L":null,"NOMENCLA":"Circ. II - Secc. A - Ch. 3 - Fr. 3"},"geometry":{"type":"Polygon","coordinates":[[[-58.024617617984504,-35.55648495976855],[-58.023850489130545,-35.55768223523393],[-58.022522237972005,-35.55975502426403],[-58.02574375968344,-35.561176918356175],[-58.02709377193646,-35.559109315572314],[-58.02787221745074,-35.55791689017104],[-58.024617617984504,-35.55648495976855]]]}},{"type":"Feature","properties":{"CCA":"027020A000300000000000004000","ARA1":20032.36,"SAG":"ARBA","PARTIDO":"027","CIRC":2,"SECC":"A","CHACRA":3,"CHACRA_L":null,"QUINTA":null,"QUINTA_L":null,"FRACCION":4,"FRACC_L":null,"NOMENCLA":"Circ. II - Secc. A - Ch. 3 - Fr. 4"},"geometry":{"type":"Polygon","coordinates":[[[-58.022471079823234,-35.5598533085871],[-58.02226593079131,-35.56017317572076],[-58.02206112849957,-35.56049232725499],[-58.02185632453837,-35.56081147837276],[-58.02163866982636,-35.56115087367758],[-58.02142090520625,-35.5614901766261],[-58.021203136483784,-35.56182956917987],[-58.020985365873514,-35.56216896126275],[-58.02076770582832,-35.56250826460912],[-58.02054993144296,-35.56284765575042],[-58.02024545739049,-35.563322142514146],[-58.020550242734174,-35.56357468765204],[-58.02066524126656,-35.56366993285831],[-58.020768132588685,-35.56375524698345],[-58.020857624772226,-35.563829347267756],[-58.021037579634175,-35.56397846470243],[-58.021076183900206,-35.563973781978326],[-58.02129591319606,-35.56363117800448],[-58.02138295361184,-35.563495546088944],[-58.02136907205522,-35.563459092996396],[-58.021154187401066,-35.56336707446005],[-58.02095790864495,-35.56328085793815],[-58.02078499035028,-35.56320890205631],[-58.0209160707235,-35.563004517062794],[-58.02113384405256,-35.56266512523182],[-58.02135161327874,-35.56232582300602],[-58.02156938283225,-35.56198643023329],[-58.02178703804723,-35.56164712525636],[-58.02200480382582,-35.56130773154215],[-58.02222256771668,-35.56096833735706],[-58.02242737068419,-35.56064918559057],[-58.02263217198229,-35.560330033407624],[-58.02283732001806,-35.560010165624114],[-58.022471079823234,-35.5598533085871]]]}},{"type":"Feature","properties":{"CCA":"027020A000300000000000005000","ARA1":102442.27,"SAG":"ARBA","PARTIDO":"027","CIRC":2,"SECC":"A","CHACRA":3,"CHACRA_L":null,"QUINTA":null,"QUINTA_L":null,"FRACCION":5,"FRACC_L":null,"NOMENCLA":"Circ. II - Secc. A - Ch. 3 - Fr. 5"},"geometry":{"type":"Polygon","coordinates":[[[-58.031759362259706,-35.55180527926798],[-58.03020286351626,-35.554083853995635],[-58.03448945505779,-35.55609612271264],[-58.035501867451764,-35.554957923566725],[-58.031759362259706,-35.55180527926798]]]}},{"type":"Feature","properties":{"CCA":"027020A000300000000000006000","ARA1":171618.26,"SAG":"ARBA","PARTIDO":"027","CIRC":2,"SECC":"A","CHACRA":3,"CHACRA_L":null,"QUINTA":null,"QUINTA_L":null,"FRACCION":6,"FRACC_L":null,"NOMENCLA":"Circ. II - Secc. A - Ch. 3 - Fr. 6"},"geometry":{"type":"Polygon","coordinates":[[[-58.03030867276416,-35.5543022140612],[-58.02970330059366,-35.555229581425266],[-58.02911040332733,-35.556137775175564],[-58.02799548927496,-35.55784555553735],[-58.02979778858281,-35.55863125611679],[-58.03144081751533,-35.559347465257744],[-58.03289229654473,-35.557786352709684],[-58.03367294836907,-35.55695996184927],[-58.034388179372066,-35.556197289734676],[-58.03030867276416,-35.5543022140612]]]}},{"type":"Feature","properties":{"CCA":"027020A000300000000000007000","ARA1":63408.39,"SAG":"ARBA","PARTIDO":"027","CIRC":2,"SECC":"A","CHACRA":3,"CHACRA_L":null,"QUINTA":null,"QUINTA_L":null,"FRACCION":7,"FRACC_L":null,"NOMENCLA":"Circ. II - Secc. A - Ch. 3 - Fr. 7"},"geometry":{"type":"Polygon","coordinates":[[[-58.03002411848329,-35.560859475527764],[-58.029624325957,-35.56068497016399],[-58.02921951733502,-35.560508218769264],[-58.02881285640265,-35.56033062472799],[-58.02841339556087,-35.56015630106181],[-58.028266033310246,-35.56009000048696],[-58.02785857223398,-35.559904730619046],[-58.02745409790747,-35.55972815908569],[-58.027005545895996,-35.559532301469275],[-58.02588975488023,-35.56124049623904],[-58.02703200832473,-35.56176347063713],[-58.02738085390854,-35.56191083784423],[-58.02773308283593,-35.56205970122581],[-58.027881854884164,-35.56212260127686],[-58.028234085717685,-35.56227146324828],[-58.02858631789121,-35.56242032422822],[-58.03002411848329,-35.560859475527764]]]}},{"type":"Feature","properties":{"CCA":"027020A000400000000000001000","ARA1":99328.84,"SAG":"ARBA","PARTIDO":"027","CIRC":2,"SECC":"A","CHACRA":4,"CHACRA_L":null,"QUINTA":null,"QUINTA_L":null,"FRACCION":1,"FRACC_L":null,"NOMENCLA":"Circ. II - Secc. A - Ch. 4 - Fr. 1"},"geometry":{"type":"Polygon","coordinates":[[[-58.02027273068716,-35.545167894167385],[-58.02205815359378,-35.543802890545585],[-58.0215286390998,-35.5433029066117],[-58.02045605774329,-35.54228991341348],[-58.018836353269975,-35.540760135578175],[-58.01872218573708,-35.54256835193033],[-58.018699438460914,-35.54292824835289],[-58.018676690903696,-35.543288144744345],[-58.018653943065424,-35.543648041104696],[-58.018638893067354,-35.54388776362811],[-58.01863130515805,-35.5440079392455],[-58.01860712092025,-35.544390340094395],[-58.01858580807729,-35.54472773181082],[-58.01855742804598,-35.54517755796871],[-58.018534678732934,-35.54553745416587],[-58.0185119291388,-35.545897350331906],[-58.01847217067194,-35.546527214491604],[-58.01927996757249,-35.54592979787515],[-58.01971787151627,-35.54558645462317],[-58.02015980090982,-35.54524515829557],[-58.02027273068716,-35.545167894167385]]]}},{"type":"Feature","properties":{"CCA":"027020B001200000000000001000","ARA1":14628.42,"SAG":"ARBA","PARTIDO":"027","CIRC":2,"SECC":"B","CHACRA":12,"CHACRA_L":null,"QUINTA":null,"QUINTA_L":null,"FRACCION":1,"FRACC_L":null,"NOMENCLA":"Circ. II - Secc. B - Ch. 12 - Fr. 1"},"geometry":{"type":"Polygon","coordinates":[[[-58.008777972603845,-35.53138148447117],[-58.00749810624777,-35.53228146983237],[-58.01015085566039,-35.53268600352324],[-58.008777972603845,-35.53138148447117]]]}},{"type":"Feature","properties":{"CCA":"027020B001200000000000002000","ARA1":40841.72,"SAG":"ARBA","PARTIDO":"027","CIRC":2,"SECC":"B","CHACRA":12,"CHACRA_L":null,"QUINTA":null,"QUINTA_L":null,"FRACCION":2,"FRACC_L":null,"NOMENCLA":"Circ. II - Secc. B - Ch. 12 - Fr. 2"},"geometry":{"type":"Polygon","coordinates":[[[-58.00601868243014,-35.52891888041968],[-58.005644868677884,-35.53200500004717],[-58.0063378833518,-35.532101077845574],[-58.008079286770496,-35.53086396056612],[-58.00601868243014,-35.52891888041968]]]}},{"type":"Feature","properties":{"CCA":"027020B001600000000000001000","ARA1":61006.47,"SAG":"ARBA","PARTIDO":"027","CIRC":2,"SECC":"B","CHACRA":16,"CHACRA_L":null,"QUINTA":null,"QUINTA_L":null,"FRACCION":1,"FRACC_L":null,"NOMENCLA":"Circ. II - Secc. B - Ch. 16 - Fr. 1"},"geometry":{"type":"Polygon","coordinates":[[[-58.007343858250934,-35.532398229506775],[-58.006007096781715,-35.533341863668284],[-58.006005227083065,-35.533390673734075],[-58.00851975530996,-35.53441076926615],[-58.00988163646349,-35.53496212918233],[-58.01014553570968,-35.53282550014908],[-58.00874293643069,-35.53261157350389],[-58.007343858250934,-35.532398229506775]]]}},{"type":"Feature","properties":{"CCA":"027020B001600000000000002000","ARA1":1433.97,"SAG":"ARBA","PARTIDO":"027","CIRC":2,"SECC":"B","CHACRA":16,"CHACRA_L":null,"QUINTA":null,"QUINTA_L":null,"FRACCION":2,"FRACC_L":null,"NOMENCLA":"Circ. II - Secc. B - Ch. 16 - Fr. 2"},"geometry":{"type":"Polygon","coordinates":[[[-58.00563486125784,-35.53210197581646],[-58.005561523140365,-35.53261963056435],[-58.006173059873966,-35.53218630195235],[-58.00563486125784,-35.53210197581646]]]}},{"type":"Feature","properties":{"CCA":"027020B001600000000000003000","ARA1":47155.51,"SAG":"ARBA","PARTIDO":"027","CIRC":2,"SECC":"B","CHACRA":16,"CHACRA_L":null,"QUINTA":null,"QUINTA_L":null,"FRACCION":3,"FRACC_L":null,"NOMENCLA":"Circ. II - Secc. B - Ch. 16 - Fr. 3"},"geometry":{"type":"Polygon","coordinates":[[[-58.00978987351256,-35.53591409542618],[-58.00844643150433,-35.53538772975096],[-58.00757725335392,-35.535044997922455],[-58.00753849592961,-35.53518565382524],[-58.00674539122423,-35.53487859631891],[-58.00605220764651,-35.534610222600406],[-58.00534865596232,-35.53433779857425],[-58.00518912398614,-35.53581165212232],[-58.00577464027203,-35.535896042434906],[-58.00650307571418,-35.53600108615659],[-58.00733730193391,-35.53612139105303],[-58.00832950045543,-35.536264485365095],[-58.00971740012834,-35.53646456803344],[-58.00978987351256,-35.53591409542618]]]}},{"type":"Feature","properties":{"CCA":"027020B001700000000000001000","ARA1":23824.39,"SAG":"ARBA","PARTIDO":"027","CIRC":2,"SECC":"B","CHACRA":17,"CHACRA_L":null,"QUINTA":null,"QUINTA_L":null,"FRACCION":1,"FRACC_L":null,"NOMENCLA":"Circ. II - Secc. B - Ch. 17 - Fr. 1"},"geometry":{"type":"Polygon","coordinates":[[[-58.00133763668075,-35.53147851317796],[-58.00131136518915,-35.53159098856749],[-58.00480117340138,-35.53291865863338],[-58.005263601790794,-35.532790871610935],[-58.00543722515461,-35.532684257485656],[-58.00551653386929,-35.53208578055007],[-58.00133763668075,-35.53147851317796]]]}},{"type":"Feature","properties":{"CCA":"027020B001700000000000002000","ARA1":22866.99,"SAG":"ARBA","PARTIDO":"027","CIRC":2,"SECC":"B","CHACRA":17,"CHACRA_L":null,"QUINTA":null,"QUINTA_L":null,"FRACCION":2,"FRACC_L":null,"NOMENCLA":"Circ. II - Secc. B - Ch. 17 - Fr. 2"},"geometry":{"type":"Polygon","coordinates":[[[-58.00407306154843,-35.534487990569126],[-58.00273919636242,-35.53545857856652],[-58.00502742078452,-35.535788340569376],[-58.00521145963528,-35.534068435086496],[-58.00407306154843,-35.534487990569126]]]}},{"type":"Feature","properties":{"CCA":"027020B001700000000000003000","ARA1":39356.16,"SAG":"ARBA","PARTIDO":"027","CIRC":2,"SECC":"B","CHACRA":17,"CHACRA_L":null,"QUINTA":null,"QUINTA_L":null,"FRACCION":3,"FRACC_L":null,"NOMENCLA":"Circ. II - Secc. B - Ch. 17 - Fr. 3"},"geometry":{"type":"Polygon","coordinates":[[[-58.00118831929784,-35.53265804281394],[-58.00078291993901,-35.535058403979164],[-58.00152755541037,-35.53516753095992],[-58.00287225096709,-35.53429851243191],[-58.003675932640256,-35.53370644778977],[-58.00264470052585,-35.53327187609879],[-58.00118831929784,-35.53265804281394]]]}},{"type":"Feature","properties":{"CCA":"027020B002200000000000001000","ARA1":146978.89,"SAG":"ARBA","PARTIDO":"027","CIRC":2,"SECC":"B","CHACRA":22,"CHACRA_L":null,"QUINTA":null,"QUINTA_L":null,"FRACCION":1,"FRACC_L":null,"NOMENCLA":"Circ. II - Secc. B - Ch. 22 - Fr. 1"},"geometry":{"type":"Polygon","coordinates":[[[-58.002557303718596,-35.535569286878896],[-58.00060620730738,-35.536981085153016],[-58.00028645912708,-35.53904268894068],[-58.00457377476862,-35.539659182176244],[-58.00501293956528,-35.53592344987029],[-58.002557303718596,-35.535569286878896]]]}},{"type":"Feature","properties":{"CCA":"027020B002200000000000002000","ARA1":2552.99,"SAG":"ARBA","PARTIDO":"027","CIRC":2,"SECC":"B","CHACRA":22,"CHACRA_L":null,"QUINTA":null,"QUINTA_L":null,"FRACCION":2,"FRACC_L":null,"NOMENCLA":"Circ. II - Secc. B - Ch. 22 - Fr. 2"},"geometry":{"type":"Polygon","coordinates":[[[-58.00076414524374,-35.53519299090914],[-58.000668338820205,-35.53588157296099],[-58.001485565718774,-35.535300291379194],[-58.00076414524374,-35.53519299090914]]]}},{"type":"Feature","properties":{"CCA":"027020B002300000000000001000","ARA1":102665.06,"SAG":"ARBA","PARTIDO":"027","CIRC":2,"SECC":"B","CHACRA":23,"CHACRA_L":null,"QUINTA":null,"QUINTA_L":null,"FRACCION":1,"FRACC_L":null,"NOMENCLA":"Circ. II - Secc. B - Ch. 23 - Fr. 1"},"geometry":{"type":"Polygon","coordinates":[[[-57.99648246108074,-35.53455591387737],[-57.99611890161265,-35.536504768065704],[-57.99583371397806,-35.5380148149032],[-57.99690020774962,-35.53814067540793],[-57.99883236612406,-35.53689136746189],[-58.00051199316706,-35.53582013655867],[-58.00060169581574,-35.53516875995187],[-57.99648246108074,-35.53455591387737]]]}},{"type":"Feature","properties":{"CCA":"027020B002300000000000002000","ARA1":15192.37,"SAG":"ARBA","PARTIDO":"027","CIRC":2,"SECC":"B","CHACRA":23,"CHACRA_L":null,"QUINTA":null,"QUINTA_L":null,"FRACCION":2,"FRACC_L":null,"NOMENCLA":"Circ. II - Secc. B - Ch. 23 - Fr. 2"},"geometry":{"type":"Polygon","coordinates":[[[-58.00042413043274,-35.53709007492554],[-57.99839489314519,-35.53851558847458],[-58.00016124735179,-35.53876171410971],[-58.00042413043274,-35.53709007492554]]]}},{"type":"Feature","properties":{"CCA":"027020B003500000000000001000","ARA1":107120.83,"SAG":"ARBA","PARTIDO":"027","CIRC":2,"SECC":"B","CHACRA":35,"CHACRA_L":null,"QUINTA":null,"QUINTA_L":null,"FRACCION":1,"FRACC_L":null,"NOMENCLA":"Circ. II - Secc. B - Ch. 35 - Fr. 1"},"geometry":{"type":"Polygon","coordinates":[[[-58.0178729502353,-35.54736748448005],[-58.01254600812447,-35.551383221163086],[-58.017553309644654,-35.55160310340257],[-58.0178729502353,-35.54736748448005]]]}},{"type":"Feature","properties":{"CCA":"027020B003500000000000006000","ARA1":857.76,"SAG":"ARBA","PARTIDO":"027","CIRC":2,"SECC":"B","CHACRA":35,"CHACRA_L":null,"QUINTA":null,"QUINTA_L":null,"FRACCION":6,"FRACC_L":null,"NOMENCLA":"Circ. II - Secc. B - Ch. 35 - Fr. 6"},"geometry":{"type":"Polygon","coordinates":[[[-58.01722307646424,-35.554610671958685],[-58.01718088202815,-35.55525365100297],[-58.01731295571054,-35.55525942819065],[-58.01735525932499,-35.55461645087985],[-58.01722307646424,-35.554610671958685]]]}},{"type":"Feature","properties":{"CCA":"027050C000000000000000001000","ARA1":34343.22,"SAG":"ARBA","PARTIDO":"027","CIRC":5,"SECC":"C","CHACRA":null,"CHACRA_L":null,"QUINTA":null,"QUINTA_L":null,"FRACCION":1,"FRACC_L":null,"NOMENCLA":"Circ. V - Secc. C - Fr. 1"},"geometry":{"type":"Polygon","coordinates":[[[-58.02323351791576,-35.53151186409989],[-58.02276953561744,-35.531493261861186],[-58.02199894986023,-35.53146232879638],[-58.02122836493255,-35.53143139082332],[-58.02077749047958,-35.53141326639897],[-58.020328379427454,-35.5313951692453],[-58.01987926644384,-35.531377160500895],[-58.01946308423355,-35.531360411962936],[-58.019428389637305,-35.53138606483402],[-58.01939768810769,-35.53185910317911],[-58.019385988095024,-35.53203904642572],[-58.01936710956766,-35.53233160282173],[-58.01939838428417,-35.53235987135127],[-58.01959430790287,-35.5323677757425],[-58.01981446142966,-35.53237661846657],[-58.02026357773692,-35.53239471770574],[-58.0207128067362,-35.53241272701033],[-58.02116357655199,-35.53243085004531],[-58.021408928160824,-35.53239225354448],[-58.02185733895322,-35.532322385152256],[-58.02272462112933,-35.53218684472598],[-58.02319336339188,-35.532114961833],[-58.02323351791576,-35.53151186409989]]]}},{"type":"Feature","properties":{"CCA":"027050C000000000000000002000","ARA1":49594.41,"SAG":"ARBA","PARTIDO":"027","CIRC":5,"SECC":"C","CHACRA":null,"CHACRA_L":null,"QUINTA":null,"QUINTA_L":null,"FRACCION":2,"FRACC_L":null,"NOMENCLA":"Circ. V - Secc. C - Fr. 2"},"geometry":{"type":"Polygon","coordinates":[[[-58.02467108548761,-35.53307455415665],[-58.023959095515615,-35.53261817941945],[-58.02336342133576,-35.53222453383551],[-58.02293038908827,-35.532292227012434],[-58.02228089679725,-35.53239367464223],[-58.02163129062403,-35.53249520698545],[-58.02115454229185,-35.53256974582442],[-58.020703771703694,-35.53255162273097],[-58.02047921188214,-35.53254261916275],[-58.020254652131015,-35.53253361517769],[-58.01980542485791,-35.53251551407072],[-58.01938934478476,-35.532498856977824],[-58.01935453946177,-35.53252450799615],[-58.01932396465718,-35.532996827409605],[-58.019294149095494,-35.533456183012916],[-58.019325382120776,-35.53348616302084],[-58.01974007636865,-35.533523523587334],[-58.02018787859825,-35.53356394959146],[-58.020635573372545,-35.53360428206022],[-58.02108491721756,-35.53364482016564],[-58.021418934913946,-35.533591639010176],[-58.021646038768196,-35.533555536105276],[-58.02220328458177,-35.533466906729586],[-58.022760416879656,-35.53337836300564],[-58.023317660479876,-35.53328972839551],[-58.023874792775445,-35.53320108936157],[-58.02467108548761,-35.53307455415665]]]}},{"type":"Feature","properties":{"CCA":"027050C000000000000000003000","ARA1":71431.47,"SAG":"ARBA","PARTIDO":"027","CIRC":5,"SECC":"C","CHACRA":null,"CHACRA_L":null,"QUINTA":null,"QUINTA_L":null,"FRACCION":3,"FRACC_L":null,"NOMENCLA":"Circ. V - Secc. C - Fr. 3"},"geometry":{"type":"Polygon","coordinates":[[[-58.0262040626171,-35.53406612236573],[-58.02535521758632,-35.53351190524794],[-58.0248535976188,-35.53318441827308],[-58.02439561427292,-35.533257925654425],[-58.0239303416574,-35.5333319425928],[-58.0234651784676,-35.533405959513054],[-58.022999906518976,-35.533479882725715],[-58.02253474178611,-35.5335538959977],[-58.0222858341676,-35.53359351775742],[-58.02206946608355,-35.533627905637786],[-58.02160418960916,-35.533701913453044],[-58.021139024773944,-35.53377583117578],[-58.02075721779844,-35.53374144836607],[-58.02039829253382,-35.53370906210589],[-58.019304136328486,-35.53361043992021],[-58.01926505810092,-35.534132632104715],[-58.0192357271205,-35.53474707960328],[-58.019910160045974,-35.53506706523024],[-58.020301290894864,-35.53500491293202],[-58.02089927630633,-35.53490983987252],[-58.0213866467086,-35.534834305159734],[-58.021851819736796,-35.53476029660691],[-58.02231709998106,-35.53468637811432],[-58.02227688955287,-35.53451459426627],[-58.02274217026654,-35.534440583994744],[-58.022782271466234,-35.534612365913055],[-58.02324755237888,-35.53453835369464],[-58.023712720110325,-35.53446442792148],[-58.024178975805256,-35.53439105884467],[-58.02464277347024,-35.53431449372352],[-58.025104952462144,-35.534240964122304],[-58.025510686362274,-35.5341764207104],[-58.0262040626171,-35.53406612236573]]]}},{"type":"Feature","properties":{"CCA":"027050C000000000000000004000","ARA1":60173.65,"SAG":"ARBA","PARTIDO":"027","CIRC":5,"SECC":"C","CHACRA":null,"CHACRA_L":null,"QUINTA":null,"QUINTA_L":null,"FRACCION":4,"FRACC_L":null,"NOMENCLA":"Circ. V - Secc. C - Fr. 4"},"geometry":{"type":"Polygon","coordinates":[[[-58.02065462034125,-35.529401282597625],[-58.02286565770708,-35.529490187420215],[-58.02298246037596,-35.52769074606898],[-58.0196704387481,-35.52755763269957],[-58.01961216683932,-35.528457353410026],[-58.01955389314375,-35.52935707392382],[-58.02065462034125,-35.529401282597625]]]}},{"type":"Feature","properties":{"CCA":"027050C000000000000000005000","ARA1":96890.17,"SAG":"ARBA","PARTIDO":"027","CIRC":5,"SECC":"C","CHACRA":null,"CHACRA_L":null,"QUINTA":null,"QUINTA_L":null,"FRACCION":5,"FRACC_L":null,"NOMENCLA":"Circ. V - Secc. C - Fr. 5"},"geometry":{"type":"Polygon","coordinates":[[[-58.032943224795396,-35.5298222771917],[-58.03189443260406,-35.53058463893589],[-58.03247295718146,-35.53307642481054],[-58.032862496704375,-35.533056107965734],[-58.03376724560332,-35.5331782817519],[-58.0343667227765,-35.53321067559441],[-58.03763698225343,-35.5340960543429],[-58.03298991163931,-35.52982448070321],[-58.032943224795396,-35.5298222771917]]]}},{"type":"Feature","properties":{"CCA":"027050C000000000000000006000","ARA1":34564.78,"SAG":"ARBA","PARTIDO":"027","CIRC":5,"SECC":"C","CHACRA":null,"CHACRA_L":null,"QUINTA":null,"QUINTA_L":null,"FRACCION":6,"FRACC_L":null,"NOMENCLA":"Circ. V - Secc. C - Fr. 6"},"geometry":{"type":"Polygon","coordinates":[[[-58.022302352800864,-35.53587968013351],[-58.022734503759,-35.53580828048619],[-58.02316665181162,-35.5357369693402],[-58.02359880138077,-35.53566556654245],[-58.024030948045365,-35.53559425224604],[-58.024463206426105,-35.53552284810371],[-58.024895353911255,-35.535451440579926],[-58.02529517859455,-35.53538535938719],[-58.025324632359855,-35.53535313087067],[-58.025283456304706,-35.534955148870154],[-58.02524826605936,-35.53493357615771],[-58.02478612489026,-35.535009900358354],[-58.02435397971589,-35.5350813075686],[-58.023921836056566,-35.53515262312709],[-58.02348968949311,-35.53522402718699],[-58.023057540024055,-35.53529551974826],[-58.02262539649327,-35.53536674050469],[-58.02219324784612,-35.535438139839016],[-58.02176109850433,-35.53550953759805],[-58.02132895068067,-35.53558084370543],[-58.02089668974948,-35.5356522365049],[-58.02046453832428,-35.535723629537834],[-58.02012337865438,-35.53577993464597],[-58.0198446920806,-35.53594531010791],[-58.01935399456275,-35.53623651364917],[-58.019325282419764,-35.53670471820133],[-58.019343278570624,-35.536721594612466],[-58.01935653437943,-35.53673397761646],[-58.02035186681232,-35.53680466426965],[-58.02079109501047,-35.53683584612198],[-58.02119929304393,-35.53686462467834],[-58.02123528099114,-35.53684025415355],[-58.021277174883195,-35.53644534678655],[-58.02124713674017,-35.53641601766987],[-58.020838724972045,-35.536387055575226],[-58.02039949918703,-35.536355873972816],[-58.02023584865447,-35.536344265438],[-58.0202161247922,-35.53634385141656],[-58.02020232745821,-35.53634452595983],[-58.02018584100439,-35.53634695859427],[-58.02016743462611,-35.53635125206375],[-58.020156883554726,-35.53635441295801],[-58.0201443045709,-35.536359342802044],[-58.02013136176793,-35.536365618360854],[-58.0201224172186,-35.53637069800342],[-58.02011324562235,-35.53637604425471],[-58.020104210797214,-35.53638031139859],[-58.02009876220639,-35.536382204395466],[-58.0200917530791,-35.53638479266487],[-58.020078757637215,-35.536388724422146],[-58.02006148426025,-35.53639177490456],[-58.02004634678408,-35.53639314832179],[-58.02003234896676,-35.53639300853813],[-58.02002189310091,-35.5363922961363],[-58.02001113098815,-35.53639058746366],[-58.01999785859721,-35.53638784632097],[-58.01997795691409,-35.536381211560936],[-58.01995813716687,-35.536371243972205],[-58.01994242366925,-35.53636017235796],[-58.01992949400171,-35.53634797499958],[-58.01991954642221,-35.536335556281635],[-58.019911194813155,-35.53632100107069],[-58.01990500789723,-35.536303597806345],[-58.01990248811282,-35.53628949883235],[-58.01990217678663,-35.53627525590645],[-58.019904428880594,-35.53625988361865],[-58.019909208962126,-35.53624482319068],[-58.01991662280243,-35.53623025658492],[-58.019925530741716,-35.536217696998925],[-58.019937526529894,-35.536205098016005],[-58.01995471506257,-35.53619204364318],[-58.01997638419899,-35.536180594774876],[-58.02000127965234,-35.53617244295027],[-58.020023529756244,-35.536168753310726],[-58.02004251094978,-35.536167983700075],[-58.02005869061131,-35.536169060442944],[-58.02008579076258,-35.53617437160808],[-58.02010742241301,-35.53618238645241],[-58.020124284412155,-35.53619158453945],[-58.02014844576694,-35.5362043267844],[-58.020175668917695,-35.536213604910216],[-58.020200247745926,-35.536218333966836],[-58.02022611628521,-35.536219930252294],[-58.020244991717156,-35.53621897864754],[-58.020258264591085,-35.536217214133465],[-58.02057374423554,-35.53616517289365],[-58.02100589797174,-35.53609377954741],[-58.021438048800604,-35.53602247470235],[-58.02187020114807,-35.53595107820555],[-58.022302352800864,-35.53587968013351]]]}},{"type":"Feature","properties":{"CCA":"027050C000000000000000007000","ARA1":24355.04,"SAG":"ARBA","PARTIDO":"027","CIRC":5,"SECC":"C","CHACRA":null,"CHACRA_L":null,"QUINTA":null,"QUINTA_L":null,"FRACCION":7,"FRACC_L":null,"NOMENCLA":"Circ. V - Secc. C - Fr. 7"},"geometry":{"type":"Polygon","coordinates":[[[-58.022784288182166,-35.53638951348633],[-58.023539482856116,-35.5364430785758],[-58.02412101200372,-35.53648433086944],[-58.02461295667997,-35.53651924639257],[-58.0250474514511,-35.53655015493486],[-58.02540887615085,-35.53657562980473],[-58.02543913444625,-35.536551074040226],[-58.02538701953271,-35.536046129248305],[-58.02533490512125,-35.53554118441504],[-58.02529971461284,-35.53551961171089],[-58.02494760006272,-35.535577733598295],[-58.02452342174258,-35.53564783007891],[-58.02404312338038,-35.535727097873604],[-58.02347537410654,-35.53582087996915],[-58.022738261873236,-35.53594261018499],[-58.022232719427656,-35.53602614252661],[-58.020891984506406,-35.536247534259495],[-58.02089256778305,-35.536255203419124],[-58.02226747304335,-35.536352830821905],[-58.022784288182166,-35.53638951348633]]]}},{"type":"Feature","properties":{"CCA":"027050C000000000000000008000","ARA1":29667.95,"SAG":"ARBA","PARTIDO":"027","CIRC":5,"SECC":"C","CHACRA":null,"CHACRA_L":null,"QUINTA":null,"QUINTA_L":null,"FRACCION":8,"FRACC_L":null,"NOMENCLA":"Circ. V - Secc. C - Fr. 8"},"geometry":{"type":"Polygon","coordinates":[[[-58.02631367171644,-35.53720087062486],[-58.02627180067167,-35.536795037782156],[-58.026228094711016,-35.53636962037758],[-58.02619445109409,-35.536046465546285],[-58.02616114049584,-35.53572322603418],[-58.02612843815885,-35.535406664812406],[-58.02609335547688,-35.53538518421562],[-58.025527459678734,-35.5354799976563],[-58.02549778333373,-35.535512312689754],[-58.02552405907583,-35.53576713159946],[-58.025557477319076,-35.53609037300854],[-58.025590781150356,-35.53641379274917],[-58.02560441825089,-35.53654558083193],[-58.02560596509279,-35.53655443722322],[-58.02560850375482,-35.536563309858046],[-58.02561267778584,-35.536572930178764],[-58.02561829107109,-35.53658230373219],[-58.02562438270382,-35.53659015320122],[-58.025632233157594,-35.53659821170049],[-58.02564337422446,-35.536606954880334],[-58.02565434567416,-35.53661362268612],[-58.02566611945413,-35.53661904205108],[-58.02567376958129,-35.53662178060968],[-58.025687970022304,-35.53662714960112],[-58.02570549620922,-35.53663626768207],[-58.02571645000443,-35.536643656095876],[-58.025728975142,-35.53665440441682],[-58.025739703926035,-35.5366664750111],[-58.02574810521585,-35.53667904816553],[-58.02575042147889,-35.536683501626484],[-58.02575366774138,-35.536690493476804],[-58.025756045632875,-35.53669693042927],[-58.02575838598981,-35.53670489868524],[-58.025760501332314,-35.53671754912366],[-58.025760888763266,-35.5367287294599],[-58.02575970465674,-35.53674105552699],[-58.025757586133906,-35.53675102335803],[-58.02575425538319,-35.536760971337145],[-58.02574994384888,-35.536770452690256],[-58.025743503138536,-35.53678134098021],[-58.02573553283888,-35.5367916635434],[-58.02572614536,-35.536801332107615],[-58.02571489547548,-35.53681051960687],[-58.025703914569604,-35.53681772902767],[-58.02569006839508,-35.536824891523246],[-58.025673372407454,-35.53683137655586],[-58.02566060858142,-35.536834862147494],[-58.02564742823274,-35.53683734967514],[-58.025627430779885,-35.536839094765064],[-58.02560782355312,-35.53683841319615],[-58.025594744776356,-35.536836757191274],[-58.025578847104406,-35.53683316264819],[-58.02556102761641,-35.53682701346833],[-58.025541967403484,-35.53681750979042],[-58.02552884488268,-35.536808644035624],[-58.0255178316701,-35.536799182036596],[-58.025507418053515,-35.53678774737475],[-58.025500173813214,-35.53677744597562],[-58.025494902178075,-35.53676762744857],[-58.02548887458464,-35.53675716574994],[-58.02548021096704,-35.536746300425264],[-58.025469109648746,-35.53673593585059],[-58.02545631333989,-35.536727255656714],[-58.02543800470536,-35.5367185752882],[-58.025417088545446,-35.53671282593132],[-58.02539334003713,-35.53671018412781],[-58.025089900815985,-35.5366893537522],[-58.024650556372684,-35.53665836588734],[-58.024211439377666,-35.536627109813914],[-58.02377300169409,-35.53659514237777],[-58.023772999483946,-35.536595232454324],[-58.02333377091437,-35.53656406147456],[-58.02289454055047,-35.53653297898121],[-58.022455312814046,-35.53650180482122],[-58.022016085494464,-35.53647062907114],[-58.02160745043167,-35.5364417560244],[-58.02157190137029,-35.536466223981776],[-58.021530008903135,-35.53686113149626],[-58.021560049523494,-35.536890370472605],[-58.02196835179902,-35.536919418479386],[-58.022407581531695,-35.536950594479634],[-58.02284692409506,-35.536981680620656],[-58.02328615466106,-35.53701285344028],[-58.02372538564382,-35.53704402466975],[-58.02416461704342,-35.537075194309104],[-58.024603848859726,-35.53710636235829],[-58.02504308109274,-35.53713752881734],[-58.025577731692046,-35.5371754830142],[-58.02628352141918,-35.53722551848813],[-58.02631367171644,-35.53720087062486]]]}},{"type":"Feature","properties":{"CCA":"027110E000000000000000003000","ARA1":2943148.67,"SAG":"ARBA","PARTIDO":"027","CIRC":11,"SECC":"E","CHACRA":null,"CHACRA_L":null,"QUINTA":null,"QUINTA_L":null,"FRACCION":3,"FRACC_L":null,"NOMENCLA":"Circ. XI - Secc. E - Fr. 3"},"geometry":{"type":"Polygon","coordinates":[[[-58.12620391748122,-35.64469122344941],[-58.11594076708273,-35.653019342272756],[-58.13338820109532,-35.667731547688255],[-58.14353861653973,-35.660035608992786],[-58.12620391748122,-35.64469122344941]]]}},{"type":"Feature","properties":{"CCA":"027050F000000000000000002000","ARA1":6059.1,"SAG":"ARBA","PARTIDO":"027","CIRC":5,"SECC":"F","CHACRA":null,"CHACRA_L":null,"QUINTA":null,"QUINTA_L":null,"FRACCION":2,"FRACC_L":null,"NOMENCLA":"Circ. V - Secc. F - Fr. 2"},"geometry":{"type":"Polygon","coordinates":[[[-58.055454502099174,-35.551675871709165],[-58.055265785131624,-35.551732662190524],[-58.055839336310555,-35.55296339847426],[-58.05643407428823,-35.55251359305625],[-58.055454502099174,-35.551675871709165]]]}},{"type":"Feature","properties":{"CCA":"027110M000000000000000020000","ARA1":852.76,"SAG":"ARBA","PARTIDO":"027","CIRC":11,"SECC":"M","CHACRA":null,"CHACRA_L":null,"QUINTA":null,"QUINTA_L":null,"FRACCION":20,"FRACC_L":null,"NOMENCLA":"Circ. XI - Secc. M - Fr. 20"},"geometry":{"type":"Polygon","coordinates":[[[-58.05873920572302,-35.56800838160389],[-58.06045761520269,-35.5650997166516],[-58.05874283604904,-35.56790363866349],[-58.05873920572302,-35.56800838160389]]]}},{"type":"Feature","properties":{"CCA":"027050F000000000000000001000","ARA1":18681.18,"SAG":"ARBA","PARTIDO":"027","CIRC":5,"SECC":"F","CHACRA":null,"CHACRA_L":null,"QUINTA":null,"QUINTA_L":null,"FRACCION":1,"FRACC_L":null,"NOMENCLA":"Circ. V - Secc. F - Fr. 1"},"geometry":{"type":"Polygon","coordinates":[[[-58.05669074870921,-35.54859113919944],[-58.05552531225568,-35.54754361224095],[-58.05470670062954,-35.54814704881334],[-58.05507751297378,-35.54848032361461],[-58.05544832620218,-35.54881368743276],[-58.055819144666636,-35.54914696011161],[-58.056189966191084,-35.54948023172917],[-58.056324092589605,-35.54960170447441],[-58.05647998936429,-35.549127429234474],[-58.05669074870921,-35.54859113919944]]]}},{"type":"Feature","properties":{"CCA":"027110M000000000000000007000","ARA1":513045.38,"SAG":"ARBA","PARTIDO":"027","CIRC":11,"SECC":"M","CHACRA":null,"CHACRA_L":null,"QUINTA":null,"QUINTA_L":null,"FRACCION":7,"FRACC_L":null,"NOMENCLA":"Circ. XI - Secc. M - Fr. 7"},"geometry":{"type":"Polygon","coordinates":[[[-58.061223666426024,-35.5642483088553],[-58.06109781685898,-35.56424889750846],[-58.06104131742809,-35.56434639201441],[-58.06079894877729,-35.564752056332935],[-58.060943518383226,-35.564798447779175],[-58.06110691495995,-35.56485532472653],[-58.06123323835948,-35.564903765219164],[-58.06134617733181,-35.56494928688394],[-58.06145187292057,-35.56499334023568],[-58.06156241890912,-35.565042067279904],[-58.06167539864609,-35.56509506868288],[-58.06176118173675,-35.5651370893535],[-58.061871236820295,-35.56519247659266],[-58.06199428699352,-35.56525780492104],[-58.06209229761288,-35.56531416974532],[-58.0621700654916,-35.56535930531553],[-58.06225386394575,-35.565410485265474],[-58.062325890636586,-35.56545588887791],[-58.062402054628016,-35.56550352168048],[-58.06247686324109,-35.565552484341964],[-58.062523321145214,-35.565583419123996],[-58.062579856119235,-35.56562181505033],[-58.06265239282367,-35.56567353458772],[-58.06272963903253,-35.56573578290696],[-58.062791782942625,-35.56578400111398],[-58.062888083270394,-35.56586106382558],[-58.06296412148606,-35.56592311235521],[-58.063049961886094,-35.56599946613909],[-58.06313562749674,-35.56607392467916],[-58.06333628106727,-35.56626927047685],[-58.06335438732345,-35.56626848008562],[-58.06337783055431,-35.566270478848104],[-58.063400134473376,-35.566273991220726],[-58.06342154342254,-35.56627802988635],[-58.0634371502332,-35.56628485893219],[-58.0634595767533,-35.56629702412199],[-58.06347652569983,-35.566307659479946],[-58.06349225945473,-35.56632296119044],[-58.06350489983863,-35.56633848353214],[-58.06351454625477,-35.56635467866877],[-58.063523225501974,-35.56638356421147],[-58.06352537240879,-35.56640892049116],[-58.06352115976212,-35.56643273277285],[-58.063512254249375,-35.56645448715851],[-58.06349577397561,-35.56647936389867],[-58.063472389408545,-35.56650241754318],[-58.06344932972327,-35.5665165552064],[-58.063431707093365,-35.5665247426568],[-58.06341213689687,-35.56653136688565],[-58.063390975890556,-35.56653535226772],[-58.063361371495816,-35.566537309587375],[-58.0633319640781,-35.56653566554125],[-58.06330419767715,-35.566529992770164],[-58.063281213044164,-35.566522684689346],[-58.063253572761276,-35.566507191605815],[-58.06322631344393,-35.566485036269334],[-58.06320496906244,-35.56645540648639],[-58.06319466408507,-35.566429919093025],[-58.06318982368391,-35.56640650200952],[-58.06319358928468,-35.56637835712755],[-58.063204797361955,-35.56635258468173],[-58.06315762012121,-35.566305688576016],[-58.06311348426479,-35.56626073370808],[-58.06305868321197,-35.56620984017254],[-58.063011250950346,-35.566164381721855],[-58.06295800394389,-35.566117658321936],[-58.06290155591665,-35.56606646790554],[-58.062840164288076,-35.56601447709494],[-58.062760287407336,-35.56594695999684],[-58.06267828998205,-35.56588049011574],[-58.062645430617614,-35.56585274772957],[-58.06258316782667,-35.565804887989295],[-58.062516106407784,-35.565754788357296],[-58.062440913009524,-35.565703476591594],[-58.06237188866722,-35.56565703995951],[-58.06232012425959,-35.56562205482404],[-58.06223987722921,-35.56556994077698],[-58.06215901616586,-35.56552043008392],[-58.06207192552631,-35.565468566336854],[-58.06197762181284,-35.565413973254536],[-58.06186260838299,-35.56534922472017],[-58.061746725784474,-35.56528851718827],[-58.06163469495547,-35.56523273760533],[-58.061520766268984,-35.56517791863719],[-58.06142385082917,-35.56513562861308],[-58.06133736956873,-35.56509512839622],[-58.061227819733496,-35.56505083271311],[-58.06111526957135,-35.56500747990598],[-58.06101766875624,-35.56497076554474],[-58.06086376766583,-35.56491800623524],[-58.06072675909088,-35.56487362873375],[-58.06059804694169,-35.56509359611655],[-58.06032658434944,-35.565557634998015],[-58.06018229900304,-35.56580132130272],[-58.06003991515295,-35.56604386655158],[-58.05989637149047,-35.56628873587788],[-58.059752702017626,-35.56652963801149],[-58.05960877640657,-35.56677197763617],[-58.059465569480246,-35.567016491351744],[-58.059320247987195,-35.56725718607585],[-58.05917586783941,-35.56749996836203],[-58.05902160132319,-35.567759352241865],[-58.05896281614269,-35.56787365996211],[-58.0588911660039,-35.56827431977297],[-58.05885753394554,-35.56853916082155],[-58.058853013187836,-35.56902362555731],[-58.06440946694254,-35.569914735395656],[-58.064420408535376,-35.5698312862044],[-58.064426074578584,-35.569760818673],[-58.0644405705177,-35.56963507341984],[-58.06444880439795,-35.56949913491997],[-58.06445089054788,-35.56935742055183],[-58.064451118734276,-35.569196662478824],[-58.064447661680056,-35.5690973924491],[-58.06443918582865,-35.56895001153477],[-58.064425251451134,-35.5688048858858],[-58.06440338325776,-35.56866404834489],[-58.06438232663026,-35.56854449052278],[-58.064353524781204,-35.56842138399527],[-58.06431827803276,-35.568277357816356],[-58.064280570400996,-35.568148521210986],[-58.06425727398478,-35.568071640993175],[-58.06421328691317,-35.56790584724502],[-58.064181836576395,-35.567897412101225],[-58.06415608473747,-35.56788591452883],[-58.06413406861515,-35.56787042187114],[-58.06411464888657,-35.567852447750916],[-58.06410180500315,-35.567836201297446],[-58.06409150145107,-35.56781521965655],[-58.064083608474384,-35.56779031176228],[-58.06408271961557,-35.56776308332878],[-58.06409019034971,-35.56773220443402],[-58.06410578253401,-35.56770298792339],[-58.06412839122431,-35.567680101925276],[-58.06415740045359,-35.567661644166165],[-58.06418456956019,-35.56765090656804],[-58.064212438866114,-35.56764315394321],[-58.06424680813277,-35.567640281713174],[-58.06428644297251,-35.56764317117626],[-58.064318539536146,-35.56765224746316],[-58.06435285132445,-35.56767010029298],[-58.06437751309282,-35.567690231172485],[-58.06439603541464,-35.567713417397265],[-58.06440686454621,-35.56773089304401],[-58.06441402000289,-35.567763538799916],[-58.06441278609782,-35.56779190460859],[-58.0644045849242,-35.567821059644174],[-58.06438898226682,-35.567846130823504],[-58.06437212842973,-35.5678636124042],[-58.06439682806592,-35.56793718095607],[-58.0644289736317,-35.568031324767226],[-58.06445491315253,-35.568122124822686],[-58.06447468672267,-35.56818957666274],[-58.064499714288864,-35.56827702787663],[-58.06451768033884,-35.56835084870893],[-58.06453693228397,-35.56843081788075],[-58.06507320250888,-35.568351388914316],[-58.065563551771724,-35.56828275491139],[-58.06555021887311,-35.568222615671495],[-58.06553602805,-35.56815687564529],[-58.065514736760925,-35.56807453093867],[-58.06549454560568,-35.567996889769844],[-58.06546888975137,-35.56791717838628],[-58.06545114056725,-35.567857238580686],[-58.06542237859042,-35.5677736925742],[-58.065385171835224,-35.56766982565626],[-58.06534821120709,-35.567574072858704],[-58.06531915699381,-35.567502687407135],[-58.065288452189876,-35.56749994164775],[-58.06526925208443,-35.56749575854335],[-58.06524417012137,-35.56748850727355],[-58.06522019086708,-35.56747667793307],[-58.065195926605014,-35.56745835586758],[-58.06517242805529,-35.56743112489207],[-58.06515750519523,-35.56740042707102],[-58.0651527553963,-35.567368630994615],[-58.065159091186395,-35.56732989396172],[-58.06517237831604,-35.567304785499765],[-58.06519495866696,-35.56727847453997],[-58.06521966572185,-35.56726003756048],[-58.06524924072411,-35.56724555359149],[-58.065283223192935,-35.56723582625505],[-58.06532355858482,-35.56723250881544],[-58.06536634061688,-35.56723752104642],[-58.065401856751976,-35.56725115759609],[-58.06543292814934,-35.56727076036456],[-58.065456770700735,-35.56729286036445],[-58.06547421872609,-35.567319453481645],[-58.06548288577577,-35.56734887937435],[-58.065483606165536,-35.56738313392583],[-58.06547650356393,-35.56741248690376],[-58.06546638162095,-35.56742980636757],[-58.06547126432724,-35.56744232035833],[-58.065503923892734,-35.567524306885],[-58.06554325165003,-35.56762253068924],[-58.06558037845482,-35.567729730464045],[-58.06560637594186,-35.56780899674494],[-58.065629053260714,-35.56788415463682],[-58.065659891825945,-35.56799143367837],[-58.065688268400024,-35.568095609348696],[-58.0657059890311,-35.5681705074401],[-58.06572640051245,-35.568257343649634],[-58.06621753565966,-35.56818808878622],[-58.0669200491059,-35.56808870063321],[-58.066898397936164,-35.56799373453645],[-58.06687922595822,-35.5679103426859],[-58.06685128887292,-35.56780617432056],[-58.066828290640785,-35.56772596515691],[-58.06680586302625,-35.567649549894185],[-58.066769417875776,-35.56753686450452],[-58.06674086674112,-35.567444491083734],[-58.06670168924941,-35.56733536636679],[-58.06666554219066,-35.56723782473571],[-58.06662495967138,-35.56713210175308],[-58.06661515929499,-35.56710851510832],[-58.066598030078715,-35.5671053566837],[-58.06657557021157,-35.56709913900198],[-58.06654949401073,-35.56708736639567],[-58.06652586288427,-35.56707022622296],[-58.06650590887299,-35.5670515230041],[-58.06648779690906,-35.567025009491985],[-58.06647765101071,-35.56699285654394],[-58.066477044609556,-35.56696301936304],[-58.06648482776342,-35.5669328662183],[-58.0665009117064,-35.56690609032294],[-58.066520735199724,-35.566884330644534],[-58.06654439117277,-35.566868309577366],[-58.066573083833546,-35.566853811120595],[-58.06659885581011,-35.56684611439973],[-58.06664121004065,-35.56684138709235],[-58.06668191027677,-35.56684582477767],[-58.06671645172793,-35.56685412862877],[-58.06674498995425,-35.5668690045411],[-58.066768478358526,-35.56688749407893],[-58.066791841093114,-35.56691580393013],[-58.0668032496041,-35.566945904505275],[-58.06680861823174,-35.56697951271811],[-58.066802341849254,-35.56701122197964],[-58.0667895350781,-35.56703931207085],[-58.06677182145319,-35.567060474847246],[-58.06680741084543,-35.56715827784346],[-58.0668420451711,-35.56724534204398],[-58.066862391434256,-35.56730739592575],[-58.066904595315854,-35.56742368807782],[-58.06694871829716,-35.567561097474425],[-58.06698557197135,-35.56768433260436],[-58.06702281453688,-35.56781892821656],[-58.06705271428097,-35.56793781646795],[-58.06708498749308,-35.568063501265506],[-58.067950175720796,-35.567941214102],[-58.069081547537046,-35.567789033021945],[-58.06994525611583,-35.56766382409162],[-58.0699116100007,-35.567517031510505],[-58.0698716343855,-35.567353646830256],[-58.06982159361766,-35.56713170757377],[-58.06977323529694,-35.56697296459721],[-58.06970596423232,-35.56677048410769],[-58.069656787147196,-35.56663209355331],[-58.06962536009606,-35.56654913657979],[-58.06959098019825,-35.56645594950659],[-58.06953924192444,-35.56632779078433],[-58.069505608024414,-35.56624488854235],[-58.06948236129436,-35.56623928959033],[-58.06945936748053,-35.56623234298722],[-58.06943229023496,-35.566216319645015],[-58.069412476244224,-35.566200953330195],[-58.069395102786,-35.56618039954262],[-58.069383073001084,-35.56615776864011],[-58.06937567786744,-35.56613962752993],[-58.069371347996835,-35.566122436656464],[-58.06937325022937,-35.56609831678992],[-58.0693810646386,-35.56607140801233],[-58.069391157460466,-35.56605066343173],[-58.069406181059954,-35.56603125942398],[-58.069428491655096,-35.56601152158129],[-58.06944818447469,-35.565999761875524],[-58.06947570254785,-35.56598821763222],[-58.069509861286896,-35.565980294172604],[-58.06954443940628,-35.56597787432702],[-58.06957347501862,-35.565981223049896],[-58.069608316918995,-35.56599079246878],[-58.06963232020052,-35.56600163008037],[-58.06966513022972,-35.566026936749864],[-58.06968622184307,-35.56605340741304],[-58.06970129975502,-35.56609149646866],[-58.06970120055825,-35.56613240627926],[-58.06968627006846,-35.56617091581701],[-58.06966448050916,-35.56620111518566],[-58.06968931424336,-35.5662646823178],[-58.06971867031022,-35.56633742331352],[-58.06974143748943,-35.56639059431554],[-58.069791150665765,-35.56652502844525],[-58.069842660422296,-35.56666733117764],[-58.06988838120233,-35.56679350102242],[-58.06992839097584,-35.56692786980105],[-58.069971394945405,-35.567075352932925],[-58.07000794854637,-35.56722507569105],[-58.070038509677694,-35.56733955832081],[-58.07007299031911,-35.56747915518085],[-58.07010860834968,-35.567640307299285],[-58.07097641492157,-35.56751885118541],[-58.07147978405559,-35.567458781853865],[-58.072227385520826,-35.56735053203039],[-58.07309060116514,-35.567222498979845],[-58.0730606162643,-35.56708838157976],[-58.07302567207012,-35.56694490320793],[-58.072989491755635,-35.56680699208162],[-58.07295757339081,-35.56669375001377],[-58.07292555759784,-35.566575369922994],[-58.07288462426868,-35.56644251921631],[-58.07284435706261,-35.56631409469724],[-58.07279724333387,-35.56617222391534],[-58.072748616731154,-35.566033663111995],[-58.0727046515999,-35.56591229835682],[-58.07265180144904,-35.56577511178278],[-58.072605456899616,-35.565661008113175],[-58.07254900744221,-35.56551295033814],[-58.0725046518955,-35.56539869821411],[-58.072440461931016,-35.565251507834816],[-58.07239418342764,-35.56515308485038],[-58.07232407320785,-35.56500904379587],[-58.072268108073075,-35.564896047700756],[-58.07219340905015,-35.56475022101897],[-58.07214257874676,-35.56465307682747],[-58.07210016875444,-35.564572738270236],[-58.07205498764803,-35.56449298616122],[-58.07102555592253,-35.564471016774576],[-58.07041918497627,-35.56445806572139],[-58.06964212754276,-35.564443639389886],[-58.06887454074403,-35.56442521459303],[-58.068174133617056,-35.5644107454027],[-58.06760118305103,-35.56439768508243],[-58.06709569502924,-35.564385974388756],[-58.06650869225097,-35.564374846214605],[-58.065750522109035,-35.564345558785966],[-58.06511601196642,-35.56433339100639],[-58.064670257281115,-35.56432344015245],[-58.0647628742846,-35.5644023346089],[-58.06486456148033,-35.56448470882268],[-58.06494907936034,-35.564561040037],[-58.06504876283796,-35.56464878871623],[-58.06514458151626,-35.56473674560654],[-58.065233898203175,-35.564824507927014],[-58.065324559446694,-35.56491598640691],[-58.065404932052374,-35.56499504427275],[-58.06550858624651,-35.565110340834266],[-58.06554321778409,-35.56511486170428],[-58.06557332695353,-35.56512399585917],[-58.06560077491129,-35.56513831385472],[-58.065622563620884,-35.565154072932515],[-58.065645437049604,-35.56517976186414],[-58.06565846628907,-35.565206644485095],[-58.065665516570654,-35.56522991672675],[-58.06566351560841,-35.565262685799254],[-58.06565487853992,-35.56529165371923],[-58.065637983978085,-35.56532003853435],[-58.065614708436776,-35.565343184476774],[-58.06558995030758,-35.56535918767807],[-58.06556354737492,-35.56537020824945],[-58.06553393240017,-35.56537721227791],[-58.06549043118512,-35.56537921740177],[-58.065464657850754,-35.565377812442534],[-58.06543049338858,-35.56536762191765],[-58.0653986594425,-35.565352242231505],[-58.06537540311544,-35.56533330559376],[-58.06535656328314,-35.565309573739725],[-58.06534547282059,-35.56528921035806],[-58.065339652860864,-35.5652606411739],[-58.065339796913705,-35.56523171716505],[-58.06534607325841,-35.56520919951906],[-58.06535188674488,-35.565192171344606],[-58.06536116522412,-35.565177812074666],[-58.0652575954163,-35.56506359810181],[-58.065155646602676,-35.56495995330567],[-58.065068456746914,-35.564875469148326],[-58.06495869412816,-35.56477115805767],[-58.064892121121204,-35.56470989354359],[-58.06479519382768,-35.564622188994555],[-58.0647029980211,-35.56454411234316],[-58.06462304941911,-35.56447956904704],[-58.06455948544255,-35.5644261925198],[-58.06448948872941,-35.56436973891607],[-58.06442227608309,-35.56431675428612],[-58.06328012125142,-35.56429092578945],[-58.06294159436048,-35.56428431368892],[-58.062614649546965,-35.56427761648735],[-58.06235591893409,-35.56427309650625],[-58.062501735943975,-35.56434554883029],[-58.062646699103915,-35.56442141155345],[-58.06278576111288,-35.564499612303244],[-58.06292595366216,-35.56458125536544],[-58.06307050782308,-35.564674142393976],[-58.063231753573305,-35.56477919242928],[-58.06333495798803,-35.564848886346205],[-58.06342468718709,-35.56491484923248],[-58.063553883981506,-35.56500893072539],[-58.06366049257645,-35.56509300705462],[-58.06371568070131,-35.56513696782707],[-58.063797312873625,-35.56520487295223],[-58.06389198775102,-35.56528533305578],[-58.0639946731994,-35.56537664523371],[-58.06404605270979,-35.565423067843234],[-58.064179704042964,-35.56555209401881],[-58.06431846522419,-35.56569336739541],[-58.06433921505161,-35.5656927094272],[-58.06436320503781,-35.56569489700379],[-58.064389202991094,-35.565700721350964],[-58.06441247056259,-35.56571001625215],[-58.06443425078366,-35.56572154008912],[-58.064451817876105,-35.565733987501225],[-58.06447176024636,-35.56575314143046],[-58.06448349927924,-35.5657694602143],[-58.06449438615669,-35.565793695266514],[-58.06449956198002,-35.565816937465655],[-58.06449743727118,-35.565850245199776],[-58.06449153470628,-35.56587096653541],[-58.064478066141376,-35.56589444997765],[-58.06446507999263,-35.565911633247254],[-58.06444248519117,-35.5659293830986],[-58.06442605597825,-35.56593840088412],[-58.06439372737158,-35.565952750319646],[-58.06435537023067,-35.56596096533997],[-58.06432031015682,-35.56596049233171],[-58.064287435760754,-35.56595626966857],[-58.06424915559869,-35.565942948855024],[-58.06421114635942,-35.565918368240965],[-58.064190679084575,-35.56589352871117],[-58.06417628179101,-35.565868516340544],[-58.06416876736584,-35.56584163203921],[-58.064171480566436,-35.56580220607351],[-58.064183473249884,-35.56577130968337],[-58.06413259973367,-35.56571759609513],[-58.064073233411726,-35.565659330516944],[-58.064001913978984,-35.56558906807303],[-58.063922413045866,-35.56551506962779],[-58.06384738458417,-35.565443125473145],[-58.063738257689785,-35.565349096400034],[-58.06363891611543,-35.56526549735038],[-58.063521830467415,-35.5651722413416],[-58.063480940950484,-35.565139053475875],[-58.06336242867441,-35.56505009982186],[-58.06325238088684,-35.564971464864776],[-58.06314849576267,-35.56489797518617],[-58.06308269005701,-35.5648552853259],[-58.06300204564763,-35.56480136313629],[-58.06289387414336,-35.56473185944043],[-58.062791824027705,-35.56466921252974],[-58.06266685510959,-35.564596555008436],[-58.06254831445825,-35.56453175042999],[-58.06245502279719,-35.564480958746735],[-58.062340707815856,-35.564423881518195],[-58.0622208422134,-35.56436374120287],[-58.062108935150164,-35.56431201914833],[-58.06200804122937,-35.56426552042439],[-58.06171601751873,-35.56426046369026],[-58.06142241403027,-35.564252316991514],[-58.061223666426024,-35.5642483088553]]]}},{"type":"Feature","properties":{"CCA":"027110M000000000000000009000","ARA1":155440.76,"SAG":"ARBA","PARTIDO":"027","CIRC":11,"SECC":"M","CHACRA":null,"CHACRA_L":null,"QUINTA":null,"QUINTA_L":null,"FRACCION":9,"FRACC_L":null,"NOMENCLA":"Circ. XI - Secc. M - Fr. 9"},"geometry":{"type":"Polygon","coordinates":[[[-58.06392966128064,-35.57126791527487],[-58.06395637180376,-35.57121670962745],[-58.0640039809693,-35.57112664054305],[-58.06404437781436,-35.571042943710864],[-58.06408896475462,-35.57095012264378],[-58.06412438027446,-35.57087175254001],[-58.06415739836743,-35.570792172441756],[-58.06418712588804,-35.57071641433508],[-58.06422341109983,-35.5706248115471],[-58.064255729643335,-35.57052845914926],[-58.064290238835284,-35.57041898542097],[-58.064311846227255,-35.57034607057382],[-58.064325951306934,-35.570287002740784],[-58.06378660725258,-35.570200300393424],[-58.06367258109771,-35.57018125668791],[-58.06356905450339,-35.57016589600007],[-58.06343560596728,-35.5701610481772],[-58.06329025149975,-35.5701697060493],[-58.0632069251291,-35.57017656716042],[-58.06312279843729,-35.570189182585445],[-58.06301402688458,-35.570208430644215],[-58.06291014064985,-35.57023091108844],[-58.06281177086001,-35.5702578956585],[-58.06271499619849,-35.57028733884227],[-58.062608377992866,-35.57032707680683],[-58.06251021863164,-35.57036821225607],[-58.06243180711217,-35.570409124458315],[-58.06235455660681,-35.5704476222241],[-58.06229428509949,-35.57048179718853],[-58.06181732053284,-35.57023685933312],[-58.061352235108195,-35.569997968072514],[-58.060885408040484,-35.56975823600735],[-58.06037032529202,-35.56949357520324],[-58.05883597493731,-35.56924980504301],[-58.058834576424225,-35.569709989513704],[-58.05881747112584,-35.57040971156018],[-58.05881364493599,-35.570604834614876],[-58.05884489998684,-35.57078592446229],[-58.058904743642366,-35.57115806371317],[-58.05891978728765,-35.571243102326825],[-58.05900291546217,-35.571523340903894],[-58.059023398199244,-35.57159323802025],[-58.059052212923625,-35.571893778272184],[-58.05908806795695,-35.57226823440724],[-58.05913610967514,-35.572558180627645],[-58.059166737086535,-35.57263734251285],[-58.05930060197608,-35.57299995022528],[-58.0593648472331,-35.57317607431252],[-58.05930050956526,-35.57318206699273],[-58.05928250923175,-35.57318754432746],[-58.059268761009434,-35.573195072624834],[-58.059258469208764,-35.573205630313886],[-58.05925363797342,-35.57321843865626],[-58.05925306537175,-35.573233027730566],[-58.05938567448686,-35.573995175863125],[-58.059567910436975,-35.57397594271952],[-58.05981524501087,-35.573937482037614],[-58.05996989840234,-35.573909423676724],[-58.0601465104723,-35.573876401942705],[-58.06029235025576,-35.57384333518331],[-58.06044707605237,-35.573803112120444],[-58.06058088306287,-35.57376588636411],[-58.06068744333362,-35.573733358405754],[-58.06080759149386,-35.57369537189766],[-58.06092167767485,-35.57365719760882],[-58.061022472319024,-35.573621332504885],[-58.06108637117626,-35.57359694880258],[-58.06114548125297,-35.573574470501576],[-58.06123824227187,-35.573537845164765],[-58.06131460511901,-35.57350429011979],[-58.06140074416655,-35.57346782845847],[-58.0614635407074,-35.573438831056514],[-58.061541816781926,-35.57340368460826],[-58.061620259484734,-35.573366197850746],[-58.061704757902895,-35.57332457313629],[-58.0617790042594,-35.57328728911369],[-58.06183187759492,-35.573258131906805],[-58.061929884179875,-35.57320518982994],[-58.062013003652964,-35.57315669412837],[-58.06210527241767,-35.573103839852756],[-58.06218270576664,-35.57305786586526],[-58.062258907115236,-35.57300808726965],[-58.06234275539776,-35.572952213786444],[-58.06242809111719,-35.572894111333774],[-58.06250835284713,-35.572836017351136],[-58.0628167245102,-35.572594065349044],[-58.06310549449412,-35.57233242316341],[-58.06302813628617,-35.57229288172344],[-58.06296337308714,-35.57225246133419],[-58.06291075518844,-35.57221151523879],[-58.06287062379859,-35.57217419413657],[-58.062832615842375,-35.57213113992313],[-58.06279695183053,-35.572082356145344],[-58.06276521831295,-35.57203066181375],[-58.062742827762314,-35.57198488490502],[-58.062725368639924,-35.57193585308901],[-58.06271322081859,-35.571890691402956],[-58.06270641582445,-35.571834351481314],[-58.06270356692409,-35.57177861583645],[-58.06270878856054,-35.57171751304107],[-58.06271833313103,-35.57166468002581],[-58.06274125884622,-35.571592057033754],[-58.06276691186046,-35.57152984087689],[-58.0628062426426,-35.57146757425032],[-58.062841414794256,-35.571422272121005],[-58.06287823597472,-35.571381772478695],[-58.06292491729082,-35.571339448833534],[-58.062958068582894,-35.57131393904974],[-58.06299608613427,-35.5712878766844],[-58.06303792995175,-35.57126322750329],[-58.063079161752086,-35.57124109163504],[-58.06312345239334,-35.57122017638552],[-58.063162195345264,-35.57120520952816],[-58.0632019001883,-35.57119151970013],[-58.06325197521882,-35.571177726185844],[-58.0632909014107,-35.57116888991776],[-58.06333874282967,-35.57116082770422],[-58.06338353587033,-35.57115569021279],[-58.06344527736055,-35.57115208665011],[-58.06353878193873,-35.571153138668265],[-58.06361315620489,-35.57116082192193],[-58.063684438762046,-35.57117323144351],[-58.063742294109076,-35.57118902970335],[-58.06379502150937,-35.57120708848364],[-58.06385739660201,-35.57123215083866],[-58.06392966128064,-35.57126791527487]]]}},{"type":"Feature","properties":{"CCA":"027110M000000000000000013000","ARA1":69521.42,"SAG":"ARBA","PARTIDO":"027","CIRC":11,"SECC":"M","CHACRA":null,"CHACRA_L":null,"QUINTA":null,"QUINTA_L":null,"FRACCION":13,"FRACC_L":null,"NOMENCLA":"Circ. XI - Secc. M - Fr. 13"},"geometry":{"type":"Polygon","coordinates":[[[-58.07585527666898,-35.56683313699275],[-58.07581213106545,-35.56664501242814],[-58.07576202392182,-35.56644362014838],[-58.07571038365862,-35.566260226029264],[-58.07567606094658,-35.566132077529446],[-58.075631695153206,-35.565976554431025],[-58.075585851444906,-35.56582749587473],[-58.075542103279524,-35.56568766232181],[-58.07548849064857,-35.56553604660925],[-58.07544676023213,-35.56540408510107],[-58.07538892812646,-35.56524906776865],[-58.07533920652524,-35.56511923143857],[-58.07528920390305,-35.56498731799335],[-58.07523797616729,-35.564860521420826],[-58.075182467774425,-35.56472365387955],[-58.075146745161796,-35.564617200176684],[-58.07511456144005,-35.564542612990884],[-58.07224280802382,-35.564497432437285],[-58.07228317960772,-35.56457539539639],[-58.0723273826467,-35.56467756998531],[-58.07238325456502,-35.56478524788104],[-58.07244037618454,-35.564896009590775],[-58.072491332721874,-35.56500171644126],[-58.07255132803699,-35.56512604105213],[-58.07259652643913,-35.56523733290386],[-58.072639973597624,-35.56533886449812],[-58.07268138231072,-35.56543802053242],[-58.07272303318791,-35.565536279292544],[-58.0727572259283,-35.56562360517791],[-58.07280073235006,-35.56573649193484],[-58.07283858770235,-35.565836672451766],[-58.07288209218331,-35.56594964926149],[-58.072920263571305,-35.566055061376034],[-58.07295778242149,-35.56616469836795],[-58.07299012995014,-35.566260014762996],[-58.07302601901924,-35.56636863442736],[-58.07305975309217,-35.56647974279545],[-58.07309101392875,-35.56658360254767],[-58.07311803109534,-35.56668045571866],[-58.07314956263044,-35.566791438731094],[-58.07317478815507,-35.566894030491554],[-58.073202218902516,-35.56700125328019],[-58.073223345311675,-35.567090803181955],[-58.07325395052831,-35.56721745106245],[-58.07433731181596,-35.56705670292407],[-58.07476949752665,-35.56699377015162],[-58.07585527666898,-35.56683313699275]]]}},{"type":"Feature","properties":{"CCA":"027110M000000000000000014000","ARA1":48379.2,"SAG":"ARBA","PARTIDO":"027","CIRC":11,"SECC":"M","CHACRA":null,"CHACRA_L":null,"QUINTA":null,"QUINTA_L":null,"FRACCION":14,"FRACC_L":null,"NOMENCLA":"Circ. XI - Secc. M - Fr. 14"},"geometry":{"type":"Polygon","coordinates":[[[-58.07782554483367,-35.566544225504636],[-58.077839890377064,-35.566488493921156],[-58.077865780669036,-35.56642501649227],[-58.0779026271914,-35.56636919320682],[-58.07794092937794,-35.566321683553376],[-58.077977927276535,-35.5662872195219],[-58.078026347217104,-35.566250144123565],[-58.07808760352055,-35.566215886700654],[-58.078140248677606,-35.56619122416637],[-58.07819213171059,-35.56617538056449],[-58.07814407740161,-35.56598014961953],[-58.07811006870485,-35.56585254743845],[-58.07807136536729,-35.56570910054046],[-58.078025007519855,-35.565544445028614],[-58.07797659657729,-35.565382640382346],[-58.07792952531523,-35.565234013633535],[-58.07788168415711,-35.565080688691445],[-58.077823400742275,-35.56491205813582],[-58.07777131951448,-35.56476542402486],[-58.07774065124851,-35.56465499655351],[-58.07771363411844,-35.56458562889536],[-58.07529356928779,-35.56454664341873],[-58.075324973205504,-35.56462617433889],[-58.07535800855604,-35.564725105670774],[-58.07543975176931,-35.56492709345883],[-58.075521868128924,-35.56514116233622],[-58.07560183207753,-35.56535762984781],[-58.07565425834722,-35.5655127409917],[-58.07571112411266,-35.565685134643296],[-58.07575984336247,-35.56583847439655],[-58.07581091822972,-35.56600861281787],[-58.07585706593649,-35.56616803917793],[-58.07589954514642,-35.56632407275656],[-58.07594027171782,-35.566484223550255],[-58.07598261236181,-35.566659899587926],[-58.076019974664845,-35.566808552250095],[-58.076988314609885,-35.56666540821375],[-58.07720669694204,-35.56663266711505],[-58.07782554483367,-35.566544225504636]]]}},{"type":"Feature","properties":{"CCA":"027110M000000000000000015000","ARA1":502943.33,"SAG":"ARBA","PARTIDO":"027","CIRC":11,"SECC":"M","CHACRA":null,"CHACRA_L":null,"QUINTA":null,"QUINTA_L":null,"FRACCION":15,"FRACC_L":null,"NOMENCLA":"Circ. XI - Secc. M - Fr. 15"},"geometry":{"type":"Polygon","coordinates":[[[-58.07836675750893,-35.56701874252566],[-58.078310957289695,-35.56701848355402],[-58.07824616576518,-35.567011412790784],[-58.07817930650891,-35.566993945983846],[-58.07811158201418,-35.566971148654346],[-58.07806033173807,-35.566946631523024],[-58.078019544217945,-35.56692273179943],[-58.077982963330065,-35.566898178245005],[-58.077935790302604,-35.56685534296486],[-58.07790437072722,-35.56682249116288],[-58.07787393595969,-35.56678073383868],[-58.07725244941531,-35.56687336889591],[-58.077035311452924,-35.56690477822236],[-58.07606602853312,-35.56705034059409],[-58.076091131352776,-35.56719050708963],[-58.076111423110085,-35.56731509728502],[-58.07613135480297,-35.567450134871265],[-58.07614855424375,-35.56756106858258],[-58.07616807775113,-35.567699343722516],[-58.07618555183094,-35.56783569376194],[-58.07620226635672,-35.56796229943527],[-58.07621641289611,-35.568090215810535],[-58.07622718365387,-35.56820248869303],[-58.07624173133134,-35.56836897995693],[-58.07625341332457,-35.56849388324128],[-58.07626017544298,-35.56862159161177],[-58.07626800600025,-35.568755354626],[-58.07627504016218,-35.568903973617594],[-58.076279081502626,-35.569016319289176],[-58.07628277899346,-35.56915226915147],[-58.076284582054804,-35.5692798082347],[-58.07628656195638,-35.569427625627455],[-58.07628704982904,-35.569545591703246],[-58.076285459976084,-35.569685872703715],[-58.07627975399347,-35.56979995514389],[-58.076274492523304,-35.56995540667167],[-58.0762687212773,-35.570090664684066],[-58.07626157195597,-35.5702143661955],[-58.07625402057465,-35.5703133702492],[-58.07624017165014,-35.5704866172168],[-58.076227499619336,-35.57061987267461],[-58.07621433405195,-35.57074609141435],[-58.07620089722421,-35.57086059109503],[-58.07618600336937,-35.57097605875732],[-58.076173669212004,-35.571067507038485],[-58.076197098192694,-35.57108401133694],[-58.076218882780175,-35.57110932047954],[-58.07623457801044,-35.57114020954459],[-58.076240406501164,-35.571168598153065],[-58.07623768304658,-35.571199463524614],[-58.0762279895685,-35.57122661309722],[-58.076214769755865,-35.57124902048506],[-58.07620085748825,-35.57126348685012],[-58.07618073011332,-35.571279566145876],[-58.07615866557042,-35.571293632020605],[-58.07612310667649,-35.571304688946945],[-58.076093416661465,-35.57131016242432],[-58.07605792163281,-35.57130932540104],[-58.07602869342018,-35.571304713550624],[-58.07599576363365,-35.571293464327034],[-58.07596443089181,-35.57127539198579],[-58.07594121342498,-35.571254655696556],[-58.07592310171118,-35.571227963335545],[-58.075912573760064,-35.57120238330397],[-58.07590950638343,-35.571178454316346],[-58.075911521781094,-35.57115875169246],[-58.075918290608186,-35.5711339885083],[-58.075929873926086,-35.57111083411877],[-58.07594716883546,-35.57108867205291],[-58.07596485987257,-35.571073004463436],[-58.07598633434059,-35.571060551240926],[-58.0760100702471,-35.57105038695128],[-58.07602367010018,-35.57094291873682],[-58.076039968699455,-35.57081945344451],[-58.076053113390735,-35.57069873130532],[-58.07606456838575,-35.57058870566435],[-58.07607935333443,-35.57043628983394],[-58.07608866947804,-35.570291175977005],[-58.076096261092836,-35.57015360409883],[-58.07610404402013,-35.570003419412956],[-58.076111675722984,-35.5698549444608],[-58.076115664413145,-35.56970199579502],[-58.07611947373489,-35.56952426310995],[-58.07611927238924,-35.56941738554475],[-58.076119827482025,-35.569334219847285],[-58.076120297013645,-35.569236184091025],[-58.076118522601014,-35.56911206977076],[-58.076111485803054,-35.56895434929465],[-58.07610658131475,-35.568831987265334],[-58.07610063449436,-35.56867942064121],[-58.076090402043484,-35.56854003224982],[-58.0760785161079,-35.568377548454734],[-58.07606831032986,-35.56824627067893],[-58.07605312676559,-35.56809716111162],[-58.07603731483524,-35.5679558813653],[-58.07601852040282,-35.56779635111249],[-58.07600163270356,-35.567663164379724],[-58.07597989730499,-35.567515932686106],[-58.075953703149295,-35.56735222917911],[-58.075919529200696,-35.567176323078364],[-58.075899933458146,-35.56707337115974],[-58.074816111863086,-35.56723502718493],[-58.07437991500245,-35.56729960816345],[-58.07330098196436,-35.56745952629445],[-58.07332016625782,-35.56757031185602],[-58.073338976247946,-35.5676737021424],[-58.073353148927595,-35.567768097075735],[-58.07337158795965,-35.56788698090462],[-58.07338449928648,-35.56800181137565],[-58.07339805895784,-35.56811259711258],[-58.07340965936941,-35.56820848283827],[-58.073423813484226,-35.56831747580818],[-58.073434152294176,-35.568429201292496],[-58.07344513967736,-35.5685414778224],[-58.07345293993705,-35.56863946550642],[-58.07346159894627,-35.568747649713735],[-58.07346754224934,-35.56884488680244],[-58.0734732597651,-35.56896536949661],[-58.07347567795278,-35.56907624744106],[-58.073478095670744,-35.56917793382585],[-58.07348061355645,-35.569293859702036],[-58.073482417698955,-35.56940274533377],[-58.073482020676956,-35.569502223998825],[-58.073481122478036,-35.569608813595806],[-58.073476651411546,-35.569726430001246],[-58.07347258850418,-35.5698362130783],[-58.07346753524456,-35.569941294433036],[-58.07346346967999,-35.5700419760275],[-58.073453615633895,-35.570158695348965],[-58.07344746410928,-35.57026357891304],[-58.07343592987756,-35.57037216117767],[-58.07342733743209,-35.570473040732296],[-58.07340592655149,-35.57063940789099],[-58.07338849430728,-35.570782409212285],[-58.07337100738224,-35.57091387516149],[-58.07334312346277,-35.57107419133431],[-58.073312181006706,-35.57120102659453],[-58.073279551868694,-35.5713660428753],[-58.07322432129592,-35.57159053293865],[-58.073158271895586,-35.57184765118171],[-58.07309923482986,-35.57205144437586],[-58.07304129094936,-35.57224642391828],[-58.07298936797752,-35.57240184990082],[-58.07295558873982,-35.572495117559946],[-58.072909555627014,-35.57263027210437],[-58.07286462667658,-35.57275616262637],[-58.07281324019771,-35.57288456313717],[-58.07276562991316,-35.57300266099842],[-58.0727105660054,-35.57313722045168],[-58.072659174517845,-35.57326120525648],[-58.07260314996598,-35.57338520604488],[-58.07255004567982,-35.57350240491097],[-58.072488763191565,-35.57362947549715],[-58.072427832857294,-35.573755650548215],[-58.07236794196581,-35.573875263930006],[-58.07230395644066,-35.57400003833842],[-58.07223693749581,-35.5741225113514],[-58.072171371110066,-35.5742441965416],[-58.07209778641018,-35.57437827913534],[-58.07203101094235,-35.57449516889761],[-58.07195799392493,-35.57461475226073],[-58.07189231820241,-35.57472255810477],[-58.07181959469754,-35.57483908222338],[-58.07174475232271,-35.574956563631495],[-58.07166832928239,-35.57507095584675],[-58.07158713479468,-35.57519112900327],[-58.071511731592814,-35.575299770189005],[-58.07142638352851,-35.575418344829636],[-58.07133811016262,-35.57553930563774],[-58.07126669044506,-35.57563359231261],[-58.072007341704236,-35.57602554199148],[-58.072756060245986,-35.57642176143105],[-58.073494002131916,-35.57681230710939],[-58.07357752659078,-35.57670073067408],[-58.073668815813306,-35.576573508504],[-58.07375521231087,-35.576447920195676],[-58.073859843359635,-35.576297842173894],[-58.07394095997323,-35.576176224413636],[-58.07403641745161,-35.576031496495624],[-58.07412420223534,-35.57589394503314],[-58.07420784267828,-35.57576362643278],[-58.07428517031154,-35.57563897412653],[-58.07436217312399,-35.575509450462754],[-58.074430148236274,-35.57539302912127],[-58.074531121573116,-35.57522054393567],[-58.07460240954704,-35.57509011776359],[-58.074681157304774,-35.574947555338646],[-58.0747418803087,-35.574829936568825],[-58.07483050828196,-35.57466626517479],[-58.07489632980568,-35.574533768980025],[-58.07496554044036,-35.574393306809924],[-58.07504249344484,-35.574233503821546],[-58.07510206224719,-35.574104151687536],[-58.07516580887013,-35.57396152949765],[-58.075225418210906,-35.57383046578784],[-58.0752923371216,-35.57367509811246],[-58.07534971868898,-35.57353570833131],[-58.07540083370361,-35.57340928484935],[-58.07545076806519,-35.5732814907867],[-58.075495276707585,-35.57316379284209],[-58.07552570292395,-35.573076868929434],[-58.07549815607708,-35.57304344756237],[-58.07548384420779,-35.57301005733118],[-58.07548006695205,-35.572974312170636],[-58.0754904196157,-35.572938071764206],[-58.07550773411598,-35.57291050329478],[-58.075536746431155,-35.57288267107019],[-58.07557675872599,-35.572860691637096],[-58.07562348432765,-35.572848551625114],[-58.075675946389765,-35.572850200409725],[-58.07572505840743,-35.57286278949079],[-58.07575962823891,-35.57288388732547],[-58.075791980768216,-35.57291468197375],[-58.07580951672973,-35.57295623384238],[-58.07581246631815,-35.572994308722954],[-58.07579924786286,-35.573039694947866],[-58.07576997016752,-35.573074011150325],[-58.07573509025854,-35.57309814520602],[-58.07570824715374,-35.5731090708302],[-58.07568748067603,-35.57311495703054],[-58.07564218331171,-35.57323336336239],[-58.07560386071688,-35.5733322363745],[-58.0755666535132,-35.57343058650478],[-58.07551145597109,-35.57357091241006],[-58.07545867423701,-35.57369784999766],[-58.07540477683091,-35.57382531041783],[-58.07535086598401,-35.573948715499824],[-58.07530093217991,-35.57406263207492],[-58.075241478294956,-35.57419180592265],[-58.07518778680588,-35.57430602287462],[-58.075114532549044,-35.574458766097834],[-58.07506789160963,-35.574554892744416],[-58.07498956502687,-35.574707554852736],[-58.07492723203503,-35.57482794154535],[-58.07485479511541,-35.57496492783357],[-58.074785455363376,-35.575092321443286],[-58.074719785964014,-35.57521382617918],[-58.07465534156998,-35.57532561822368],[-58.074575470809826,-35.57545978214839],[-58.07451673275552,-35.57555895932936],[-58.074430451944224,-35.57570284305561],[-58.074355011811726,-35.57582698494041],[-58.07427585713142,-35.57594962559938],[-58.07420662046982,-35.57605881761915],[-58.074122032655644,-35.57618722869078],[-58.074051993303485,-35.57629307359587],[-58.07395666710941,-35.576432306712526],[-58.073878025345515,-35.576547295661186],[-58.073796008431124,-35.57666042833815],[-58.073723851466205,-35.576762544542824],[-58.07363233488345,-35.57688543768377],[-58.07447400720437,-35.57732512533619],[-58.074663067687204,-35.57742186397285],[-58.07520214254061,-35.57769288563773],[-58.07526258072859,-35.57765636396534],[-58.07531524975701,-35.57763566819671],[-58.07537459298426,-35.57761724172197],[-58.0754301682119,-35.57760416182585],[-58.075493974573206,-35.577597431173025],[-58.07556722280473,-35.57759715919995],[-58.0756418638224,-35.577603217346464],[-58.0757108236529,-35.57761621354898],[-58.07576183920818,-35.577632347462696],[-58.07581967081873,-35.57755261967395],[-58.075894286171184,-35.57744909963911],[-58.075956667691344,-35.57735899130228],[-58.07606087433534,-35.577208093547284],[-58.0761571012154,-35.57706337621423],[-58.07624356773127,-35.5769347233469],[-58.076315729597056,-35.576823053668],[-58.076410776758976,-35.57667227969286],[-58.07648935362502,-35.576546023852735],[-58.07657266809174,-35.57640614637093],[-58.07665284367927,-35.57627297721358],[-58.07674506544852,-35.57611575980826],[-58.076819388072686,-35.575982857562074],[-58.07690205188851,-35.575833237212024],[-58.07696795634407,-35.575711014099205],[-58.077055598933605,-35.57554227896808],[-58.07712203395978,-35.5754116836958],[-58.07720044129285,-35.575255507036914],[-58.077256285867314,-35.57513880035355],[-58.07733610056457,-35.57496525419478],[-58.077392116982345,-35.574841341120646],[-58.07745322742408,-35.57470273071708],[-58.07751508316098,-35.574560617750514],[-58.077577488591494,-35.57440472618949],[-58.077639129343225,-35.574257743601216],[-58.07769342277593,-35.57412280905689],[-58.077749346944564,-35.57397501430117],[-58.07780944370079,-35.57380953376044],[-58.07786610382022,-35.57365400093636],[-58.0779121831708,-35.573516592303946],[-58.07795826450618,-35.57337909356707],[-58.077977944812204,-35.57330326175887],[-58.07800821179031,-35.57322750868495],[-58.07805447079003,-35.57313795299121],[-58.07810990672464,-35.57304746227723],[-58.07817619110439,-35.57295993805759],[-58.07821761870698,-35.57289715899603],[-58.07826754367119,-35.572806490200456],[-58.07831023471968,-35.57271390375772],[-58.07834332587733,-35.572630716219486],[-58.07836966888256,-35.572539130640344],[-58.078379226380946,-35.5724991826379],[-58.07838366201996,-35.5724751030107],[-58.078395065982775,-35.57241788270058],[-58.07840550674665,-35.57235019388882],[-58.07841221554194,-35.57227712888187],[-58.078415064907254,-35.57219940655411],[-58.078412930164916,-35.57213178755054],[-58.078400437199384,-35.57201759503251],[-58.078389262766315,-35.57194055021148],[-58.07838696892306,-35.571861123827595],[-58.0783941013564,-35.57180725970187],[-58.07840106554005,-35.57173735272672],[-58.07840346298433,-35.57167854697766],[-58.07841210461826,-35.57160767550245],[-58.078407959596575,-35.57152263257215],[-58.07843177960802,-35.57135657314504],[-58.07846287925377,-35.57112124254395],[-58.07848502652912,-35.570923616765086],[-58.07850778689526,-35.57070031845832],[-58.07852433032809,-35.57052026551255],[-58.07853999387274,-35.570321635187184],[-58.078549455714096,-35.570147146451944],[-58.07855793878653,-35.5699397507447],[-58.07856693542196,-35.569724703586004],[-58.07857098895888,-35.56951804825831],[-58.07857128962997,-35.56931151331463],[-58.07856853171441,-35.56912682713707],[-58.07856154351061,-35.56890683919469],[-58.07855677102016,-35.56870490923943],[-58.07854507643619,-35.56852035089885],[-58.078530639714714,-35.56830745324382],[-58.07851626318377,-35.56812897983713],[-58.07849454474854,-35.56792542796699],[-58.078474373599256,-35.56773559798767],[-58.078448900964624,-35.56753685236251],[-58.078417119077244,-35.567325210031946],[-58.07839198587951,-35.56716305581951],[-58.07836675750893,-35.56701874252566]]]}},{"type":"Feature","properties":{"CCA":"027110M000000000000000018000","ARA1":138594.45,"SAG":"ARBA","PARTIDO":"027","CIRC":11,"SECC":"M","CHACRA":null,"CHACRA_L":null,"QUINTA":null,"QUINTA_L":null,"FRACCION":18,"FRACC_L":null,"NOMENCLA":"Circ. XI - Secc. M - Fr. 18"},"geometry":{"type":"Polygon","coordinates":[[[-58.07738235066805,-35.57915337236946],[-58.07899037687329,-35.57273952654752],[-58.079071071230246,-35.57234413418161],[-58.07911745461126,-35.572133828207825],[-58.07919416464559,-35.57178514099942],[-58.07924251355913,-35.57156639562861],[-58.07928542170636,-35.57137225455671],[-58.0793362832574,-35.571145258750015],[-58.0793862765095,-35.57092689994975],[-58.07942990448982,-35.570721055538115],[-58.07947744538805,-35.57051761640671],[-58.07951153517377,-35.570364786801406],[-58.07958506642993,-35.5700382164224],[-58.07964775214046,-35.569768605004406],[-58.07972193020148,-35.569437989702735],[-58.0797764024743,-35.56920285082797],[-58.079897580765774,-35.568677438284936],[-58.079990964005795,-35.56826755862565],[-58.08006963861319,-35.56792863408919],[-58.08013838344724,-35.56763604978745],[-58.08019803865454,-35.56738233972022],[-58.0802774545166,-35.56704000247668],[-58.08036039348915,-35.56668402403636],[-58.080421866341034,-35.56642340402219],[-58.07887066288303,-35.56664028018852],[-58.07885997282391,-35.56669075348832],[-58.07883842531699,-35.56674790232042],[-58.07879986370419,-35.56681090762403],[-58.0787538477004,-35.566867396027014],[-58.07870513406358,-35.56690753088597],[-58.07864316058866,-35.56694871591027],[-58.078617479948086,-35.566971105160164],[-58.07853120949931,-35.566999827560664],[-58.07858427354336,-35.567322468385505],[-58.078626421228016,-35.56764502524941],[-58.07867199437023,-35.56805045086351],[-58.078706630608956,-35.56844741165199],[-58.078725901519746,-35.56879041990184],[-58.07873546883091,-35.56923032548887],[-58.07873296934386,-35.56961669158317],[-58.078720340004146,-35.57004389771547],[-58.07869644855692,-35.57048083672791],[-58.07866479949675,-35.57081771636342],[-58.07861459554213,-35.571252613742175],[-58.07857407501558,-35.571545286456264],[-58.078573948141674,-35.57166603624791],[-58.07856419860655,-35.57176482519187],[-58.0785456012667,-35.57186924030815],[-58.078544445113344,-35.57194996338135],[-58.07856424423014,-35.57203534601704],[-58.07857337772045,-35.57212857867339],[-58.07857737074597,-35.57220613976723],[-58.07857502116878,-35.57228603278893],[-58.078565925046775,-35.57237131514866],[-58.078555921645474,-35.5724437869538],[-58.07854230296586,-35.57251061408839],[-58.07853644584592,-35.572543412044865],[-58.0785192295979,-35.57260846965992],[-58.078494928403146,-35.572688463217496],[-58.07846678011429,-35.5727586631905],[-58.07844058041364,-35.5728165487084],[-58.0784027924659,-35.572888577443194],[-58.078365595605696,-35.57294971188405],[-58.07833368299232,-35.57299741358772],[-58.07829242493837,-35.573048480667566],[-58.0782520106351,-35.57310577900329],[-58.07821617321038,-35.57316540314663],[-58.078187995037126,-35.57322298670935],[-58.07816067519448,-35.573281575199104],[-58.07813375641998,-35.57335107378286],[-58.07811782348849,-35.57341317805433],[-58.07808286245444,-35.57352382023452],[-58.07802205162813,-35.573696138149195],[-58.07795718398644,-35.57388127751386],[-58.07790966372627,-35.574009741959124],[-58.07782087873937,-35.574240277268174],[-58.07775637134562,-35.574405687442116],[-58.07765841466522,-35.574636887317986],[-58.07755941034012,-35.574861131665045],[-58.07745592404852,-35.575088278144335],[-58.0773567505474,-35.57529647943951],[-58.07722927487332,-35.57555352097327],[-58.07713099818908,-35.57574722813281],[-58.07702363277212,-35.575947368424636],[-58.076901869650754,-35.57616376954813],[-58.07669784578337,-35.57650826015291],[-58.07652942595112,-35.576779876449805],[-58.07630359336989,-35.57712753259757],[-58.07607765785394,-35.57745635297703],[-58.07590612464863,-35.57769655920966],[-58.07583534064119,-35.577778242926],[-58.07580153807822,-35.5777526516897],[-58.075759479171566,-35.577730983691374],[-58.075706139096184,-35.577710577336],[-58.075622064362996,-35.577693104425215],[-58.075564913933626,-35.57768903775167],[-58.075507442003776,-35.57769379700613],[-58.0754442845275,-35.577705674478665],[-58.075384891667085,-35.57772617279668],[-58.075334862729704,-35.577751776874265],[-58.07529201618999,-35.57778146063312],[-58.07524850898512,-35.57782492113583],[-58.07521160513882,-35.5778782193217],[-58.07519402451815,-35.577921463147966],[-58.07518056577338,-35.57798144374638],[-58.0751824507065,-35.578040948535644],[-58.07519626737838,-35.57809505690415],[-58.07521984290216,-35.57814238244224],[-58.075245484478046,-35.578177125136605],[-58.075282245653455,-35.578217362115886],[-58.07531941247568,-35.578245260061976],[-58.07536399494151,-35.57827210497159],[-58.07542190164695,-35.57829528781366],[-58.07546855448215,-35.57830936968547],[-58.075512820030646,-35.57831719560416],[-58.07557361388003,-35.57832114027039],[-58.07563007880542,-35.57831699570165],[-58.07569026827369,-35.578304710288926],[-58.075735734261464,-35.5782900270074],[-58.075777643469195,-35.57827186261049],[-58.07581235291804,-35.578250339154714],[-58.07738235066805,-35.57915337236946]]]}},{"type":"Feature","properties":{"CCA":"027110M000000000000000019000","ARA1":49168.0,"SAG":"ARBA","PARTIDO":"027","CIRC":11,"SECC":"M","CHACRA":null,"CHACRA_L":null,"QUINTA":null,"QUINTA_L":null,"FRACCION":19,"FRACC_L":null,"NOMENCLA":"Circ. XI - Secc. M - Fr. 19"},"geometry":{"type":"Polygon","coordinates":[[[-58.08045188236309,-35.56627474444639],[-58.08089397793028,-35.56454755256873],[-58.077862178423906,-35.56447067051131],[-58.0778918001529,-35.56459721155949],[-58.077947450709125,-35.564746786176684],[-58.078002501757084,-35.5649076153788],[-58.07807078099524,-35.56511488367145],[-58.07813156072796,-35.56531293088],[-58.07818824024461,-35.56549334056561],[-58.079099581003334,-35.56532548033162],[-58.079113023200165,-35.56529830011511],[-58.07913511237787,-35.56527387100623],[-58.07916335002491,-35.56525521703321],[-58.07918804748884,-35.56524164309262],[-58.079215149402195,-35.565233604385604],[-58.07923850140601,-35.565230191803636],[-58.0792628719929,-35.5652303098731],[-58.07929169166211,-35.565233472585994],[-58.079315695538995,-35.56523971251103],[-58.079332756136054,-35.5652457516634],[-58.079355381754006,-35.56525890834658],[-58.07937170191054,-35.56527286567181],[-58.07939312676433,-35.56529474421097],[-58.07940839569044,-35.565320399519486],[-58.07941718713448,-35.5653540618046],[-58.07941379355903,-35.56538996296689],[-58.079402370846495,-35.56542032937003],[-58.07938344441376,-35.56544625074566],[-58.079360688906505,-35.56546625372468],[-58.07933196881038,-35.565482016425705],[-58.07929959067698,-35.565493936058225],[-58.07926880055193,-35.56549939282694],[-58.079234497051985,-35.565499567015756],[-58.07919704102663,-35.56549320278564],[-58.07917181951614,-35.565482527873144],[-58.079153859147496,-35.56547259948101],[-58.079134376287236,-35.56545714990326],[-58.078228042462875,-35.565623107723255],[-58.078275564422036,-35.565812923354045],[-58.078340781084236,-35.56606997534347],[-58.07838714727707,-35.56626202533078],[-58.078323622253706,-35.56626659943562],[-58.07826006546662,-35.56627712048209],[-58.078209931259124,-35.56629362279334],[-58.078159959938624,-35.566317156522814],[-58.078120025315926,-35.56634067006232],[-58.078079255401505,-35.56637606523021],[-58.078051113299644,-35.56640454281532],[-58.07802398857202,-35.56644583271476],[-58.07800266004442,-35.566493793321534],[-58.077989857565896,-35.566544953754516],[-58.07798786090346,-35.56659160062702],[-58.07799797351791,-35.566653038984995],[-58.078018716189234,-35.566703472816606],[-58.078043618789785,-35.56674135711808],[-58.078076093523386,-35.566776208205546],[-58.07811207201496,-35.566807510626354],[-58.07815125149565,-35.56683408807555],[-58.07819696304429,-35.56685500242292],[-58.07824606809748,-35.566872366332966],[-58.07830452860446,-35.56688591441647],[-58.078351850976496,-35.566890183421414],[-58.0784049099886,-35.5668897678708],[-58.07846322754358,-35.566881596279785],[-58.07850811644787,-35.56687230941955],[-58.07855552490596,-35.56685450194457],[-58.07860610362739,-35.56682863479275],[-58.078646440095056,-35.56680215376096],[-58.078677904607495,-35.566773098211925],[-58.078702265964594,-35.56674591190643],[-58.07872345541531,-35.56671299788642],[-58.078741909644116,-35.56667454334185],[-58.07875340809048,-35.56664102425323],[-58.07875824924006,-35.566613797081665],[-58.0787619475688,-35.56657438638673],[-58.078759423689974,-35.56654614066799],[-58.078757127302374,-35.5665222240173],[-58.07938114326658,-35.56642971154296],[-58.080312758160396,-35.56629073132084],[-58.08045188236309,-35.56627474444639]]]}},{"type":"Feature","properties":{"CCA":"027110M000000000000000022000","ARA1":919.55,"SAG":"ARBA","PARTIDO":"027","CIRC":11,"SECC":"M","CHACRA":null,"CHACRA_L":null,"QUINTA":null,"QUINTA_L":null,"FRACCION":22,"FRACC_L":null,"NOMENCLA":"Circ. XI - Secc. M - Fr. 22"},"geometry":{"type":"Polygon","coordinates":[[[-58.067180166613085,-35.575412579362144],[-58.066842249201045,-35.57516295241217],[-58.06684344271151,-35.57515918681123],[-58.066844528129145,-35.57515532936316],[-58.0668453930312,-35.57515146837744],[-58.066846147675406,-35.575147605622895],[-58.066846683969146,-35.575143649252404],[-58.066847107840005,-35.57513978119141],[-58.06684731336045,-35.57513581951446],[-58.06684729836542,-35.575131854299926],[-58.06684717094762,-35.57512797739486],[-58.06684693543717,-35.57512400864266],[-58.06684647724626,-35.57512012643116],[-58.06684579854002,-35.57511624068204],[-58.06684500957612,-35.57511235316411],[-58.066844110354616,-35.57510846387734],[-58.066842988452755,-35.57510466113126],[-58.06684164603564,-35.57510085484757],[-58.06684019119593,-35.57509713687331],[-58.06683862609866,-35.57509341713023],[-58.066836840486225,-35.57508969384952],[-58.06683494028612,-35.575086148956565],[-58.066832929828564,-35.57508260229479],[-58.066830698855874,-35.57507905209533],[-58.066828353295584,-35.57507568028363],[-58.06682578722021,-35.57507230493424],[-58.066823108722346,-35.57506901789425],[-58.066820317802,-35.5750658191637],[-58.06681741445911,-35.57506270874258],[-58.06681439869377,-35.57505968663089],[-58.06681116024834,-35.57505675105969],[-58.06680780938043,-35.57505390379796],[-58.06680445634766,-35.57505114661439],[-58.0668008806348,-35.57504847597138],[-58.06679730275706,-35.57504589540659],[-58.06679350003415,-35.575043491460576],[-58.06678969514636,-35.57504117759276],[-58.06678577567095,-35.57503904211261],[-58.06678174593818,-35.57503690486346],[-58.06677771187534,-35.575034947770824],[-58.066773565389994,-35.57503307898745],[-58.06676930431701,-35.57503138859173],[-58.066764932986615,-35.57502969642693],[-58.066760555160975,-35.57502827449695],[-58.06675617733549,-35.57502685256679],[-58.06675157466471,-35.57502560725532],[-58.06674707792133,-35.575024543869176],[-58.0667424709205,-35.57502347871401],[-58.06673785742427,-35.575022683793534],[-58.0667331336706,-35.57502188710401],[-58.066728513679024,-35.57502136241814],[-58.06672378342995,-35.575020835963194],[-58.06671904668537,-35.57502057974296],[-58.06671430994083,-35.57502032352254],[-58.066709568865924,-35.57502024745855],[-58.066704823460576,-35.575020351551004],[-58.06670007589004,-35.57502054572156],[-58.06669532398903,-35.57502092004856],[-58.06669056992277,-35.57502138445365],[-58.06668592394878,-35.57502194070583],[-58.066681163386704,-35.57502267534546],[-58.06667661900917,-35.57502359367946],[-58.06667196220875,-35.575024600322585],[-58.066667413500504,-35.575025698812844],[-58.06666297071919,-35.575026979228475],[-58.06665852577249,-35.575028349722274],[-58.06665407866037,-35.5750298102942],[-58.06664984773268,-35.57503145456052],[-58.06664561463954,-35.57503318890502],[-58.06664137721566,-35.57503510340595],[-58.06663736030674,-35.57503702144473],[-58.066633339067025,-35.57503911963995],[-58.066629423754094,-35.57504139976065],[-58.06662561869853,-35.57504368165023],[-58.06662181147746,-35.575046053617996],[-58.06661822044071,-35.57504860928026],[-58.06661473749601,-35.575051256789735],[-58.06661136264334,-35.57505399614641],[-58.06660809588274,-35.57505682735034],[-58.06660515772939,-35.57505975393955],[-58.066602325502785,-35.57506286245428],[-58.06659960136821,-35.57506606281629],[-58.06659698749105,-35.57506926494729],[-58.06659459196357,-35.57507256069457],[-58.06659230452817,-35.57507594828917],[-58.0665901273502,-35.57507933765276],[-58.06658816852197,-35.57508282063269],[-58.06658631778586,-35.575086395459905],[-58.066584577307204,-35.57508997205613],[-58.066583055178334,-35.57509364226873],[-58.06658164330698,-35.57509731425039],[-58.06658034169315,-35.575100988001076],[-58.06657925842915,-35.57510475536811],[-58.066578285422715,-35.57510852450421],[-58.06657753293155,-35.575112297178414],[-58.06657699879026,-35.575116163469026],[-58.06657646464891,-35.57512002975962],[-58.06657615318829,-35.575123809510025],[-58.0665760600776,-35.57512768287685],[-58.066576077224646,-35.57513155801273],[-58.066576314887065,-35.57513543668671],[-58.06657666497257,-35.57513922705147],[-58.06657712315046,-35.57514310926358],[-58.06657780400919,-35.5751469049355],[-58.066578595125705,-35.57515070237647],[-58.06657960892311,-35.57515441327727],[-58.06658073081297,-35.57515821602539],[-58.0665820753838,-35.57516193223333],[-58.06658353237782,-35.575165560132],[-58.06658509962974,-35.57516918979971],[-58.066586889562636,-35.575172732927214],[-58.06658878975347,-35.575176277823736],[-58.06659091262534,-35.57517973618003],[-58.066593035497384,-35.57518319453632],[-58.06659538321586,-35.57518647627403],[-58.06659784119233,-35.575189759780734],[-58.06660052184987,-35.5751929567472],[-58.066603202507636,-35.57519615371358],[-58.06660610801187,-35.57519917406142],[-58.06660912593946,-35.57520210609991],[-58.066612254125076,-35.57520503990733],[-58.06661549689936,-35.575207795327145],[-58.066618849931714,-35.57521055251588],[-58.066622429975844,-35.57521304300768],[-58.06662601218554,-35.575215443421065],[-58.06662970681857,-35.57521775552508],[-58.06663351387494,-35.57521997931969],[-58.06663743335467,-35.57522211480488],[-58.06664146742303,-35.575224071902376],[-58.06664550365692,-35.5752259389214],[-58.06664965231408,-35.57522771763104],[-58.06665391339457,-35.575229408031205],[-58.0666581788058,-35.57523091827462],[-58.06666255664033,-35.575232340208586],[-58.06666693664031,-35.57523367206409],[-58.066671431228755,-35.57523482553182],[-58.06667592798267,-35.575235888921085],[-58.06668042906718,-35.57523677215357],[-58.066685042574925,-35.575237567076556],[-58.066689658248,-35.575238271921066],[-58.066694278251646,-35.575238796608794],[-58.066698902585856,-35.57523914113972],[-58.066703526920094,-35.57523948567052],[-58.06670826584268,-35.575239651813426],[-58.066712898837885,-35.57523963603063],[-58.066717644256165,-35.5752395319383],[-58.066722283747005,-35.575239245920216],[-58.066726923237844,-35.575238959901974],[-58.06673156922423,-35.57523840364862],[-58.066736217375755,-35.575237757316785],[-58.066740757434545,-35.57523701913753],[-58.06674529965847,-35.575236190879835],[-58.06674984621262,-35.57523518246532],[-58.06675428683918,-35.57523399212514],[-58.06675872746563,-35.5752328017848],[-58.067123739687325,-35.575502418109586],[-58.067127915073804,-35.57548013704859],[-58.067139430275816,-35.575455360440955],[-58.06716206436869,-35.57542688731803],[-58.067180166613085,-35.575412579362144]]]}},{"type":"Feature","properties":{"CCA":"027110M000000000000000016000","ARA1":534246.14,"SAG":"ARBA","PARTIDO":"027","CIRC":11,"SECC":"M","CHACRA":null,"CHACRA_L":null,"QUINTA":null,"QUINTA_L":null,"FRACCION":16,"FRACC_L":null,"NOMENCLA":"Circ. XI - Secc. M - Fr. 16"},"geometry":{"type":"Polygon","coordinates":[[[-58.05953035581068,-35.574842224352764],[-58.0602829737876,-35.57496391890716],[-58.06120651234498,-35.5751104365836],[-58.06178900855635,-35.575206495829136],[-58.06233784164662,-35.57529435137567],[-58.06288722516945,-35.57538230339845],[-58.06359032956241,-35.5754948009474],[-58.06417806176138,-35.57558895036737],[-58.06466188774571,-35.575664937489556],[-58.0649784800385,-35.57571417716043],[-58.06537151148269,-35.57577716895916],[-58.06571686444531,-35.57583678087872],[-58.06600302266489,-35.57588111380287],[-58.06630664740346,-35.57592842973126],[-58.066583103559054,-35.57597260559479],[-58.066786047987435,-35.576005148375835],[-58.06701969191193,-35.57604539232224],[-58.06723924227392,-35.57608919451417],[-58.06746485256053,-35.57614246525214],[-58.067689857532905,-35.57620717022158],[-58.06785508099596,-35.576258030066185],[-58.068011343274286,-35.57631460336007],[-58.068252068221035,-35.57640911641111],[-58.06852504765327,-35.57652469177118],[-58.06878808919794,-35.57665452534077],[-58.06904032167309,-35.57679815265995],[-58.0692804371568,-35.57695492204909],[-58.069507458479,-35.577124187134025],[-58.069720520864735,-35.577305213230865],[-58.06991864925002,-35.57749726389019],[-58.07010098312678,-35.57769942427188],[-58.070266770058545,-35.57791087137842],[-58.07041525758287,-35.57813078220909],[-58.070545918059445,-35.578358157133074],[-58.070658003300494,-35.57859199298258],[-58.07077058834883,-35.57880502061408],[-58.07257120070989,-35.58252865220306],[-58.072608250612554,-35.58258907992411],[-58.07264454671778,-35.58267175349876],[-58.072742611514435,-35.58284669958307],[-58.07281899716718,-35.58296425728949],[-58.07292425541259,-35.58311985386695],[-58.073038525742305,-35.583272260299644],[-58.07318191501674,-35.583447840772564],[-58.073284245452854,-35.58356455150238],[-58.073414094773035,-35.58370215782778],[-58.07355541046437,-35.58384003746017],[-58.07367150135507,-35.58394417182524],[-58.07398384045397,-35.584209411429434],[-58.0758553927777,-35.58580034227199],[-58.0773585991006,-35.57927482640152],[-58.07717799671472,-35.57917002658048],[-58.07718675830667,-35.57920495007663],[-58.07718308334383,-35.57923408810054],[-58.0771688500692,-35.579298832567424],[-58.07592937825399,-35.5846171677213],[-58.07591322111364,-35.58468845949062],[-58.07589501024187,-35.58473493736494],[-58.07587195105274,-35.58477196605173],[-58.075840627941545,-35.58480859242275],[-58.075805423085505,-35.58483686639123],[-58.07577132889716,-35.584855606101115],[-58.07573474803058,-35.58487223348692],[-58.07568557461982,-35.584889560877755],[-58.07562401132121,-35.58489912086651],[-58.07556221821854,-35.58489984607262],[-58.075491312919546,-35.584889522021335],[-58.07541910718915,-35.58486439861408],[-58.075369113230224,-35.584833051713794],[-58.07445863601046,-35.58406624093543],[-58.07441644599012,-35.58403150395415],[-58.07439183719555,-35.58400885274516],[-58.074373831445236,-35.58398225197158],[-58.07436805325758,-35.58396557882371],[-58.074363820767985,-35.58394424449949],[-58.07436592496952,-35.58391165720119],[-58.07437299397755,-35.58388825066758],[-58.074388945000095,-35.58386246291625],[-58.074410059541734,-35.58384216446624],[-58.07453677183127,-35.58374695743768],[-58.074707596391825,-35.58362001443632],[-58.07492363710914,-35.5834520712563],[-58.07515278301518,-35.58327118051783],[-58.075275951674904,-35.583171860977245],[-58.0754043304028,-35.583066857287086],[-58.07557953761019,-35.58291799540125],[-58.07571530903601,-35.58279905179195],[-58.07587560362382,-35.5826602241853],[-58.076020988396145,-35.58253134105995],[-58.07615363005045,-35.58241405910316],[-58.076269014170805,-35.582308035944706],[-58.07635799008331,-35.58223150862318],[-58.07662194204854,-35.58109326806502],[-58.076756807716976,-35.580523112219495],[-58.07677313369196,-35.580449299795475],[-58.07678139067212,-35.58039923856299],[-58.07677657932183,-35.58036518911253],[-58.07676187894339,-35.58033413578207],[-58.07673857395327,-35.58030772110578],[-58.07670776270169,-35.58028614283657],[-58.076671109942914,-35.580268976975624],[-58.076627120129,-35.580263408696936],[-58.076581282429956,-35.5802659210882],[-58.07654352502694,-35.580276492404344],[-58.07650842551369,-35.58029584711201],[-58.076472665518864,-35.58032897857625],[-58.07632497258532,-35.58048999590218],[-58.07612779297424,-35.580699965364914],[-58.07597387202092,-35.58086304550522],[-58.075799413539784,-35.58103616047644],[-58.07559069167022,-35.58123972687328],[-58.075393143569755,-35.581428062020244],[-58.07517639786985,-35.5816257322539],[-58.07501006817192,-35.581772482612735],[-58.07481171017793,-35.58194845831712],[-58.07463708964768,-35.58209588668231],[-58.07446422629212,-35.58224361320106],[-58.074288255130554,-35.58238750504015],[-58.07429266277035,-35.582410734544226],[-58.074291760525426,-35.582439195856836],[-58.07428162187858,-35.58247102396203],[-58.074265461369464,-35.5824963577947],[-58.07424434284727,-35.58251683639077],[-58.07422336885946,-35.58253127971695],[-58.07419704565017,-35.582543384716686],[-58.074166484533,-35.58255280869643],[-58.0741250626992,-35.58255512037027],[-58.074082944266074,-35.582549671171336],[-58.07403919940124,-35.5825338329574],[-58.07400709506871,-35.58251097175009],[-58.073987440280156,-35.58248876010143],[-58.07397596284038,-35.5824705540244],[-58.073966789568956,-35.582439048043376],[-58.07396774564342,-35.58240373900198],[-58.07398189266499,-35.582365757195134],[-58.07400737593455,-35.5823334534874],[-58.0740328900828,-35.5823136759847],[-58.074064791365466,-35.58229895678707],[-58.074098775018456,-35.58228940730994],[-58.07413893630302,-35.582289057982926],[-58.0741730352443,-35.582293117401925],[-58.0742693295763,-35.58221508658938],[-58.07439788296468,-35.582107383353645],[-58.074538307460884,-35.581987614293915],[-58.07466652689646,-35.58187539976547],[-58.07481316625464,-35.58174942175795],[-58.0749457626932,-35.58162943701062],[-58.07506333957963,-35.58152399071419],[-58.075184803228694,-35.581412839146694],[-58.07534030661381,-35.58127132237923],[-58.07546154002229,-35.581155931522574],[-58.075591379678585,-35.58103121610988],[-58.07570416099242,-35.580918663738125],[-58.07584990917227,-35.58077446731449],[-58.07596682313247,-35.58065513207672],[-58.07608895947248,-35.58052497641354],[-58.07620988895695,-35.58039453101011],[-58.076330528190766,-35.58026236869319],[-58.076449417863266,-35.580129547525246],[-58.07656504481556,-35.57999937754381],[-58.0766570723404,-35.57989198983274],[-58.07678878235018,-35.57973963816104],[-58.0768814338355,-35.57962919637669],[-58.07696329329526,-35.57953182891708],[-58.076982126678985,-35.57950536587469],[-58.0769982935032,-35.57947047974923],[-58.07701856994399,-35.57940673288048],[-58.077033857794454,-35.57933479621103],[-58.07704915904548,-35.57924384587412],[-58.07703915629111,-35.5791824092906],[-58.0770132178082,-35.57912774721837],[-58.07697334129618,-35.579079350850314],[-58.07691964134403,-35.57903704177541],[-58.07634428083459,-35.578705252767094],[-58.07584844915486,-35.57844285658387],[-58.07579092814809,-35.57846347509684],[-58.07573922234836,-35.578476166376],[-58.07568259781179,-35.57848697681862],[-58.07560437864571,-35.57849212568502],[-58.07552691988068,-35.57848854566921],[-58.07545983381179,-35.57847557927903],[-58.075379898115884,-35.57845105335793],[-58.07529264000435,-35.57855734482557],[-58.07517955636547,-35.578696475440466],[-58.075050281764774,-35.5788484136943],[-58.07492085700948,-35.578992779896296],[-58.07479686461357,-35.57913137538978],[-58.07466985152699,-35.57927172474308],[-58.07454100448124,-35.57941033249772],[-58.074394249657054,-35.5795643336102],[-58.07427175741292,-35.57969087733988],[-58.074143364666185,-35.57981966957107],[-58.07400023124928,-35.57996057153765],[-58.073849569327905,-35.580107210329764],[-58.073715320168716,-35.58023176325661],[-58.07356700884133,-35.5803631200254],[-58.07342952854072,-35.58048437688573],[-58.07329543780783,-35.58060226348248],[-58.07316532901373,-35.58071507715181],[-58.073012760849316,-35.58084447275455],[-58.07301844573868,-35.58086501933758],[-58.073018561383535,-35.58089241556201],[-58.07301169788747,-35.580921051869375],[-58.072994119147374,-35.580950327830095],[-58.07297066373518,-35.5809762657332],[-58.07294107424593,-35.580995797614094],[-58.072906340919374,-35.58100902941865],[-58.0728680031704,-35.58101616598944],[-58.0728276002501,-35.58101281640152],[-58.0727917938069,-35.58100638635995],[-58.07275819236934,-35.58099080004275],[-58.072725420779484,-35.58096360240361],[-58.072704657258015,-35.58093245162382],[-58.07269694200189,-35.58090457339289],[-58.07269543603014,-35.58087075690361],[-58.072707661165275,-35.58083013122335],[-58.07273332161089,-35.580795037107166],[-58.07276327641173,-35.58077406931018],[-58.072797259384274,-35.58075992441325],[-58.072832120320626,-35.58075056954149],[-58.07286913708237,-35.580747917506365],[-58.072897084153006,-35.58075088764246],[-58.07291960143814,-35.58073187345545],[-58.07300416599878,-35.580659963946324],[-58.07310078137104,-35.5805777038567],[-58.07319330377212,-35.58049591891405],[-58.07329001371669,-35.58040969520103],[-58.07340362149208,-35.580308782814384],[-58.07351099586915,-35.58021020370796],[-58.07362822650863,-35.58010538404425],[-58.07376457924024,-35.579980504386356],[-58.073870521220684,-35.57987721616125],[-58.07398082557514,-35.57976678851748],[-58.07408086497219,-35.57967043457017],[-58.0742114971171,-35.57953564061259],[-58.07432097449728,-35.57942285647925],[-58.07442649500725,-35.57930946832888],[-58.074529356212594,-35.579201174033344],[-58.07464229990965,-35.57907718083721],[-58.074745183961994,-35.57896329969543],[-58.07484458055117,-35.57885224636115],[-58.074933020129045,-35.57874732580919],[-58.075051665144755,-35.578610897558974],[-58.07515075318109,-35.57848965623852],[-58.07524124997913,-35.57838170445756],[-58.07520859742619,-35.57835414893638],[-58.07517460850092,-35.57832251696778],[-58.07514025586374,-35.57828303933611],[-58.07510593930619,-35.5782328388068],[-58.07507932361013,-35.578178886422066],[-58.075065003730884,-35.57813197905495],[-58.07505497828012,-35.578062341662786],[-58.07506290125791,-35.57798479069705],[-58.075105690465264,-35.577869949180084],[-58.07458182470427,-35.5776040362101],[-58.0743400376856,-35.57747509547223],[-58.073501232034026,-35.577049240020706],[-58.07339753643704,-35.577174010855416],[-58.0733158656175,-35.57727264049436],[-58.07322327049916,-35.57738064738585],[-58.07310565773801,-35.57751537819619],[-58.072999563027935,-35.577634343056936],[-58.0729050645476,-35.57774349071704],[-58.07279167269463,-35.577867745466676],[-58.072687336752246,-35.57798232261862],[-58.07254543707339,-35.57813621892447],[-58.07247159221728,-35.57821659005487],[-58.07236823461638,-35.57832712747083],[-58.07226121862906,-35.57843841728228],[-58.07217062892856,-35.57853627260661],[-58.07205150963711,-35.57865547875669],[-58.07196545292811,-35.57874367423021],[-58.071974759195996,-35.57877878701387],[-58.07197543027301,-35.578810607670654],[-58.07196708556596,-35.57883660694447],[-58.07195008633534,-35.57886472056535],[-58.07192705921086,-35.57888661004143],[-58.07189762804989,-35.57890416172535],[-58.07187042146209,-35.57891634221344],[-58.07183308565168,-35.578923134050946],[-58.07179510542238,-35.57892459889295],[-58.071762030660864,-35.578919293628246],[-58.07173510029709,-35.5789107524973],[-58.07170405542785,-35.57889439579167],[-58.07168809513213,-35.57888377737566],[-58.071667516432456,-35.57885875706893],[-58.07165150389215,-35.57883191745787],[-58.071643996634094,-35.57879998739959],[-58.071644361358985,-35.57877097682474],[-58.07165223271006,-35.5787463216955],[-58.071668778004444,-35.57871874153149],[-58.071694650276285,-35.578693202999006],[-58.0717274108854,-35.57867480351288],[-58.07175658702273,-35.5786632853649],[-58.07179037270684,-35.57865733787042],[-58.0718180573269,-35.5786574204277],[-58.071835130794284,-35.57865841453905],[-58.07191833595228,-35.57857413850646],[-58.07201171508078,-35.57847957208075],[-58.07210011503,-35.57839024258609],[-58.0722076413138,-35.57827607746449],[-58.07231959706643,-35.57815657631536],[-58.072424128371324,-35.578043083979075],[-58.07253044515775,-35.57792871897481],[-58.07264428933432,-35.577804021149205],[-58.07274739062866,-35.57769032541316],[-58.07284595579843,-35.577577187827366],[-58.07295169828202,-35.57745911860165],[-58.073070400679626,-35.57732035027741],[-58.0731629678685,-35.5772135145287],[-58.07326324383162,-35.57709337510743],[-58.07335944868448,-35.57697740582116],[-58.072630220711225,-35.576582222695734],[-58.07190503058556,-35.576212151294854],[-58.07117506041937,-35.57582550839531],[-58.07103616917354,-35.57597818955647],[-58.07091515432473,-35.57611673863249],[-58.0707739813142,-35.576277132666995],[-58.07072917768785,-35.57632859083045],[-58.07073923543417,-35.57635533522312],[-58.07074367000182,-35.57638658535367],[-58.07073725374148,-35.57641955413281],[-58.07072316250719,-35.57645059776897],[-58.070699683994775,-35.57647752612986],[-58.07067011945699,-35.57649606663785],[-58.07064045107591,-35.576509739368674],[-58.07060175429101,-35.5765181310869],[-58.07057083830998,-35.576519438330614],[-58.07052773746373,-35.5765137018655],[-58.0704899376528,-35.57649849828051],[-58.07045978031863,-35.576477379484245],[-58.07044081114572,-35.57645887288969],[-58.07042345253288,-35.57642840704124],[-58.07041359159132,-35.57639806125182],[-58.07041519113591,-35.576363573551866],[-58.07042881977965,-35.5763288279087],[-58.070449978561626,-35.57630204268161],[-58.07047599095322,-35.57627984082409],[-58.07050458909441,-35.576264799299054],[-58.07053161554611,-35.57625549983895],[-58.07056506302299,-35.57624981759602],[-58.07059250251008,-35.57625088774147],[-58.070638877899555,-35.57619828332457],[-58.070754531813186,-35.576067128094806],[-58.07088874741883,-35.5759116690254],[-58.07101418515183,-35.57576345855366],[-58.07008938146798,-35.57527321402447],[-58.06937709166283,-35.57489513399663],[-58.0684264346446,-35.57440752657164],[-58.06836132348408,-35.57448704396446],[-58.068263776529555,-35.57460361851015],[-58.06818079872054,-35.574701412675864],[-58.06809088738756,-35.57480315070919],[-58.06799738267205,-35.574907534450006],[-58.06791721927873,-35.57499374895765],[-58.06781870284613,-35.57509552902798],[-58.06772540518127,-35.57519126500854],[-58.06758197106762,-35.57533539864077],[-58.06744556520641,-35.57546702898042],[-58.06745191638765,-35.575487316161514],[-58.06745422239294,-35.57551528819004],[-58.067444905568024,-35.57555415772157],[-58.06742642455744,-35.575584229426326],[-58.06740022990259,-35.575609401425005],[-58.06736891382291,-35.57562737234815],[-58.067334171193096,-35.575641052992786],[-58.06729147289841,-35.575646135400774],[-58.06725844298547,-35.575643623145034],[-58.067231786557656,-35.57563751847255],[-58.067195349888635,-35.57562071369609],[-58.06716392479518,-35.57559732092908],[-58.06714155403758,-35.57556893694381],[-58.067126281102816,-35.57553435889258],[-58.067123739687325,-35.575502418109586],[-58.06675872746563,-35.5752328017848],[-58.06675428683918,-35.57523399212514],[-58.06674984621262,-35.57523518246532],[-58.06674529965847,-35.575236190879835],[-58.066740757434545,-35.57523701913753],[-58.066736217375755,-35.575237757316785],[-58.06673156922423,-35.57523840364862],[-58.066726923237844,-35.575238959901974],[-58.066722283747005,-35.575239245920216],[-58.066717644256165,-35.5752395319383],[-58.066712898837885,-35.57523963603063],[-58.06670826584268,-35.575239651813426],[-58.066703526920094,-35.57523948567052],[-58.066698902585856,-35.57523914113972],[-58.066694278251646,-35.575238796608794],[-58.066689658248,-35.575238271921066],[-58.066685042574925,-35.575237567076556],[-58.06668042906718,-35.57523677215357],[-58.06667592798267,-35.575235888921085],[-58.066671431228755,-35.57523482553182],[-58.06666693664031,-35.57523367206409],[-58.06666255664033,-35.575232340208586],[-58.0666581788058,-35.57523091827462],[-58.06665391339457,-35.575229408031205],[-58.06664965231408,-35.57522771763104],[-58.06664550365692,-35.5752259389214],[-58.06664146742303,-35.575224071902376],[-58.06663743335467,-35.57522211480488],[-58.06663351387494,-35.57521997931969],[-58.06662970681857,-35.57521775552508],[-58.06662601218554,-35.575215443421065],[-58.066622429975844,-35.57521304300768],[-58.066618849931714,-35.57521055251588],[-58.06661549689936,-35.575207795327145],[-58.066612254125076,-35.57520503990733],[-58.06660912593946,-35.57520210609991],[-58.06660610801187,-35.57519917406142],[-58.066603202507636,-35.57519615371358],[-58.06660052184987,-35.5751929567472],[-58.06659784119233,-35.575189759780734],[-58.06659538321586,-35.57518647627403],[-58.066593035497384,-35.57518319453632],[-58.06659091262534,-35.57517973618003],[-58.06658878975347,-35.575176277823736],[-58.066586889562636,-35.575172732927214],[-58.06658509962974,-35.57516918979971],[-58.06658353237782,-35.575165560132],[-58.0665820753838,-35.57516193223333],[-58.06658073081297,-35.57515821602539],[-58.06657960892311,-35.57515441327727],[-58.066578595125705,-35.57515070237647],[-58.06657780400919,-35.5751469049355],[-58.06657712315046,-35.57514310926358],[-58.06657666497257,-35.57513922705147],[-58.066576314887065,-35.57513543668671],[-58.066576077224646,-35.57513155801273],[-58.0665760600776,-35.57512768287685],[-58.06657615318829,-35.575123809510025],[-58.06657646464891,-35.57512002975962],[-58.06657699879026,-35.575116163469026],[-58.06657753293155,-35.575112297178414],[-58.066578285422715,-35.57510852450421],[-58.06657925842915,-35.57510475536811],[-58.06658034169315,-35.575100988001076],[-58.06658164330698,-35.57509731425039],[-58.066583055178334,-35.57509364226873],[-58.066584577307204,-35.57508997205613],[-58.06658631778586,-35.575086395459905],[-58.06658816852197,-35.57508282063269],[-58.0665901273502,-35.57507933765276],[-58.06659230452817,-35.57507594828917],[-58.06659459196357,-35.57507256069457],[-58.06659698749105,-35.57506926494729],[-58.06659960136821,-35.57506606281629],[-58.066602325502785,-35.57506286245428],[-58.06660515772939,-35.57505975393955],[-58.06660809588274,-35.57505682735034],[-58.06661136264334,-35.57505399614641],[-58.06661473749601,-35.575051256789735],[-58.06661822044071,-35.57504860928026],[-58.06662181147746,-35.575046053617996],[-58.06662561869853,-35.57504368165023],[-58.066629423754094,-35.57504139976065],[-58.066633339067025,-35.57503911963995],[-58.06663736030674,-35.57503702144473],[-58.06664137721566,-35.57503510340595],[-58.06664561463954,-35.57503318890502],[-58.06664984773268,-35.57503145456052],[-58.06665407866037,-35.5750298102942],[-58.06665852577249,-35.575028349722274],[-58.06666297071919,-35.575026979228475],[-58.066667413500504,-35.575025698812844],[-58.06667196220875,-35.575024600322585],[-58.06667661900917,-35.57502359367946],[-58.066681163386704,-35.57502267534546],[-58.06668592394878,-35.57502194070583],[-58.06669056992277,-35.57502138445365],[-58.06669532398903,-35.57502092004856],[-58.06670007589004,-35.57502054572156],[-58.066704823460576,-35.575020351551004],[-58.066709568865924,-35.57502024745855],[-58.06671430994083,-35.57502032352254],[-58.06671904668537,-35.57502057974296],[-58.06672378342995,-35.575020835963194],[-58.066728513679024,-35.57502136241814],[-58.0667331336706,-35.57502188710401],[-58.06673785742427,-35.575022683793534],[-58.0667424709205,-35.57502347871401],[-58.06674707792133,-35.575024543869176],[-58.06675157466471,-35.57502560725532],[-58.06675617733549,-35.57502685256679],[-58.066760555160975,-35.57502827449695],[-58.066764932986615,-35.57502969642693],[-58.06676930431701,-35.57503138859173],[-58.066773565389994,-35.57503307898745],[-58.06677771187534,-35.575034947770824],[-58.06678174593818,-35.57503690486346],[-58.06678577567095,-35.57503904211261],[-58.06678969514636,-35.57504117759276],[-58.06679350003415,-35.575043491460576],[-58.06679730275706,-35.57504589540659],[-58.0668008806348,-35.57504847597138],[-58.06680445634766,-35.57505114661439],[-58.06680780938043,-35.57505390379796],[-58.06681116024834,-35.57505675105969],[-58.06681439869377,-35.57505968663089],[-58.06681741445911,-35.57506270874258],[-58.066820317802,-35.5750658191637],[-58.066823108722346,-35.57506901789425],[-58.06682578722021,-35.57507230493424],[-58.066828353295584,-35.57507568028363],[-58.066830698855874,-35.57507905209533],[-58.066832929828564,-35.57508260229479],[-58.06683494028612,-35.575086148956565],[-58.066836840486225,-35.57508969384952],[-58.06683862609866,-35.57509341713023],[-58.06684019119593,-35.57509713687331],[-58.06684164603564,-35.57510085484757],[-58.066842988452755,-35.57510466113126],[-58.066844110354616,-35.57510846387734],[-58.06684500957612,-35.57511235316411],[-58.06684579854002,-35.57511624068204],[-58.06684647724626,-35.57512012643116],[-58.06684693543717,-35.57512400864266],[-58.06684717094762,-35.57512797739486],[-58.06684729836542,-35.575131854299926],[-58.06684731336045,-35.57513581951446],[-58.066847107840005,-35.57513978119141],[-58.066846683969146,-35.575143649252404],[-58.066846147675406,-35.575147605622895],[-58.0668453930312,-35.57515146837744],[-58.066844528129145,-35.57515532936316],[-58.06684344271151,-35.57515918681123],[-58.066842249201045,-35.57516295241217],[-58.067180166613085,-35.575412579362144],[-58.067193886526525,-35.57540162540809],[-58.06723034355461,-35.57538544913481],[-58.067270711277715,-35.57537636439194],[-58.06732338433767,-35.575378470788614],[-58.06743196780925,-35.575270905133785],[-58.06754824546834,-35.5751552624762],[-58.06765768237429,-35.57504428599489],[-58.06777965196949,-35.57491665922352],[-58.06788281221284,-35.574805221426764],[-58.06744902349532,-35.574547300464104],[-58.06744479044408,-35.57454903483814],[-58.06744033904309,-35.5745506755972],[-58.0674360022276,-35.574552137967615],[-58.0674314470624,-35.57455350672301],[-58.06742689406141,-35.574554785399876],[-58.06742234538904,-35.57455588391989],[-58.067417690788325,-35.57455680051474],[-58.06741303618751,-35.574557717109386],[-58.06740827782278,-35.574558361700554],[-58.06740351945801,-35.5745590062915],[-58.06739876758635,-35.57455938064725],[-58.067394015714655,-35.57455975500279],[-58.06738927033615,-35.57455985912307],[-58.06738441470069,-35.57455996147488],[-58.06737967581544,-35.57455979535973],[-58.067374826673245,-35.57455962747611],[-58.067370094281344,-35.57455919112557],[-58.06736536188949,-35.57455875477484],[-58.067360635991065,-35.57455804818886],[-58.06735591225713,-35.57455725152438],[-58.06735130094471,-35.57455636654965],[-58.06734658153992,-35.574555389728104],[-58.06734208914253,-35.57455414620801],[-58.067337486488334,-35.57455290091939],[-58.067333108677154,-35.57455147901061],[-58.06732862493814,-35.5745498751766],[-58.06732436387766,-35.574548184800804],[-58.06732010498188,-35.57454640434653],[-58.06731595850771,-35.57454453558209],[-58.067311816362746,-35.57454248666083],[-58.067307786639404,-35.574540349429455],[-58.06730387150222,-35.57453803380964],[-58.06730006662221,-35.57453571995807],[-58.06729637632838,-35.574533227718064],[-58.06729268819927,-35.57453064539959],[-58.06728922274878,-35.574527976539436],[-58.06728586971993,-35.574525219369264],[-58.067282518855876,-35.574522372120626],[-58.06727939067037,-35.574519438330334],[-58.067276377071046,-35.574516326151674],[-58.06727347372888,-35.57451321574134],[-58.06727079306526,-35.57451001878939],[-58.06726811456637,-35.57450673175905],[-58.067265658746,-35.57450335818712],[-58.067263313182735,-35.57449998638353],[-58.067261190297955,-35.574496528038374],[-58.06725906957788,-35.57449297961482],[-58.06725717153629,-35.57448934464971],[-58.06725549400856,-35.574485713221435],[-58.067253928902424,-35.574481993483175],[-58.06725247405324,-35.574478275513286],[-58.06725124188244,-35.5744744710019],[-58.067250230225426,-35.574470670027324],[-58.06724922073304,-35.57446677897441],[-58.06724854201125,-35.57446289322672],[-58.0672478632895,-35.57445900747901],[-58.06724751533826,-35.57445512703657],[-58.06724716738705,-35.5744512465941],[-58.06724715237084,-35.57444728137854],[-58.06724713519006,-35.57444340624134],[-58.06724744877967,-35.57443953640937],[-58.067247764533775,-35.57443557649906],[-58.06724840889366,-35.57443171197233],[-58.06724905325344,-35.57442784744559],[-58.067250028383526,-35.57442398822407],[-58.06725111377025,-35.574420130770974],[-58.06725230724908,-35.57441636516459],[-58.067253721241286,-35.57441260309501],[-58.06725524332559,-35.57440893287218],[-58.06725687566647,-35.57440526441769],[-58.067258728520706,-35.5744015995],[-58.067260797559165,-35.57439811827578],[-58.06726286876195,-35.574394546973146],[-58.06726526640568,-35.574391161132375],[-58.06726766404922,-35.57438777529155],[-58.06727028004145,-35.57438448306579],[-58.06727300412566,-35.574381282686694],[-58.06727583630185,-35.574378174154255],[-58.06727877656999,-35.57437515746849],[-58.06728182709465,-35.57437214255101],[-58.0672849835467,-35.57436930955855],[-58.067288248090776,-35.574366568412664],[-58.0672916228913,-35.574363829035086],[-58.067295213875944,-35.57436127335084],[-58.06729880269593,-35.574358807744815],[-58.06730260986455,-35.574356435753764],[-58.06730641486846,-35.57435415384092],[-58.06731032796436,-35.574351963774646],[-58.06731434698776,-35.574349955633316],[-58.06731836601099,-35.57434794749179],[-58.067322601218414,-35.57434612304356],[-58.067326832096725,-35.574344478751854],[-58.06733117323155,-35.57434283622832],[-58.06733551003731,-35.57434137386136],[-58.06733995277067,-35.57434009341923],[-58.067344503596125,-35.574338904823605],[-58.06734905225702,-35.57433780630616],[-58.06735359875336,-35.5743367978669],[-58.067358251177396,-35.57433597135247],[-58.06736289927252,-35.57433532499455],[-58.06736754520315,-35.574334768714834],[-58.067372299225994,-35.57433430428156],[-58.067376938663294,-35.57433401823651],[-58.06738168619285,-35.57433382403793],[-58.06738642939361,-35.574333809995856],[-58.067391170429964,-35.57433388603196],[-58.06739590713758,-35.574334142224586],[-58.06740064168086,-35.574334488495374],[-58.06740526380315,-35.574334923076044],[-58.06740999185343,-35.57433553958155],[-58.067414605318426,-35.5743363344753],[-58.067419216619115,-35.57433721944724],[-58.0674238257556,-35.574338194497386],[-58.06742832030682,-35.574339347935776],[-58.06743281269383,-35.57434059145237],[-58.06743719049564,-35.57434201335729],[-58.06744156613331,-35.5743435253404],[-58.06744582935009,-35.574345125633485],[-58.06745008823844,-35.57434690608315],[-58.06745423470595,-35.574348774842775],[-58.067458268752674,-35.57435073191243],[-58.067462188214286,-35.57435286737042],[-58.067466105511805,-35.574355092906686],[-58.06746991038852,-35.57435740675296],[-58.067473602844494,-35.57435980890925],[-58.06747718287968,-35.57436229937564],[-58.067480648329784,-35.57436496823042],[-58.06748400352342,-35.57436763531691],[-58.067487244131996,-35.574370480791835],[-58.06749037231979,-35.574373414576854],[-58.067493279994366,-35.57437634482538],[-58.067496183340594,-35.57437945523062],[-58.067498866173594,-35.57438256209939],[-58.06750143442152,-35.574385847356695],[-58.06750389241291,-35.57438913084571],[-58.06750623798348,-35.57439250264489],[-58.06750847329749,-35.57439587267586],[-58.06751048593389,-35.57439932924877],[-58.067512386149474,-35.57440287413186],[-58.0675140636874,-35.574406505556944],[-58.0675156309687,-35.574410135213846],[-58.06751708799336,-35.574413763102555],[-58.067518322340334,-35.57441747753326],[-58.067519446430616,-35.574421190195814],[-58.06752045809996,-35.57442499116855],[-58.06752124925579,-35.57442878860493],[-58.06752193015489,-35.574432584273154],[-58.06752238837617,-35.57443646648341],[-58.06752273634067,-35.57444034692549],[-58.067522865955816,-35.574444133752884],[-58.0675228831499,-35.574448008890464],[-58.06752267983028,-35.574451880491765],[-58.067522368418075,-35.57445566024648],[-58.067521944584726,-35.574459528311394],[-58.06752130023765,-35.574463392839995],[-58.06752043754106,-35.57446716375387],[-58.06795498706122,-35.57472554722255],[-58.06802901891798,-35.5746420278825],[-58.068156133017276,-35.57449303627094],[-58.06828377211406,-35.57433594275329],[-58.06716301908809,-35.57376233422175],[-58.0667632271818,-35.57356794519269],[-58.06583507436831,-35.57309068126991],[-58.06577479377851,-35.573166490040926],[-58.06567123671073,-35.57328981459803],[-58.06560288529145,-35.57337099061915],[-58.06552807176441,-35.57345485636576],[-58.06545287988596,-35.573536102710186],[-58.065386361689946,-35.5736098286466],[-58.06531588716765,-35.57368295034679],[-58.0652273685812,-35.573772543318746],[-58.065142564334266,-35.573854446139634],[-58.065069119221,-35.57392265388513],[-58.06499529337241,-35.573992928069146],[-58.06490058943959,-35.57407368049983],[-58.064808475391494,-35.57415222161821],[-58.06473760301812,-35.57420974701665],[-58.06465611068407,-35.574277735145614],[-58.06455179208224,-35.57435923400084],[-58.064457200286164,-35.57443070622548],[-58.064381164862525,-35.57448733745664],[-58.06429801839913,-35.57455070299785],[-58.064182081230754,-35.57462913126562],[-58.06400199925879,-35.574751315041844],[-58.063830258253034,-35.57486146730235],[-58.06368118811591,-35.574950807050676],[-58.06368127098643,-35.57497027278879],[-58.06367627700042,-35.57499902869908],[-58.063658698147705,-35.575032808937294],[-58.06363572169101,-35.57505713068658],[-58.06360947037269,-35.57507545234878],[-58.063576590930246,-35.57508961240894],[-58.06352708463745,-35.57509800837388],[-58.0634766951656,-35.5750926929511],[-58.063434227596375,-35.57507903419844],[-58.06340047542925,-35.57505614374703],[-58.06337482014377,-35.57502680516628],[-58.06336131667962,-35.57500126639758],[-58.063355089113756,-35.574962147388035],[-58.06336197782249,-35.57492341940187],[-58.063380032145226,-35.57489280080404],[-58.063403661494874,-35.5748688500481],[-58.06343434042355,-35.57484987868131],[-58.0634615337815,-35.574838240556595],[-58.063491029166286,-35.57483177586045],[-58.06352848656349,-35.574829043626686],[-58.063560761528244,-35.574830823863515],[-58.06358712529351,-35.57483989836708],[-58.063674005480884,-35.57478641564594],[-58.06374623805184,-35.57474116812182],[-58.06380974039671,-35.57470118705873],[-58.06393950381316,-35.57461658327558],[-58.064081276902186,-35.574523341213144],[-58.064190064671536,-35.57444407728536],[-58.06433295364798,-35.57433652487205],[-58.06444385776159,-35.57425179780629],[-58.06457240162529,-35.5741490610081],[-58.06467906809534,-35.57406165237603],[-58.06481581446209,-35.57394345748649],[-58.064947451818526,-35.57382671231427],[-58.065037152984445,-35.57374299589077],[-58.06513015347192,-35.5736505012946],[-58.065260309887435,-35.573517331408844],[-58.06537318107627,-35.57339658980906],[-58.065457632865666,-35.573301794985305],[-58.06554588967835,-35.573200122475086],[-58.06569696300962,-35.57301808613527],[-58.0650893010553,-35.57270771349659],[-58.06471227283487,-35.57251656690652],[-58.064251279183175,-35.57228090625963],[-58.06418835819431,-35.572356401478224],[-58.064072070173964,-35.572490784269974],[-58.06399921699773,-35.572571076037136],[-58.06391683163074,-35.572657882973644],[-58.063842125830554,-35.572732647979485],[-58.06375783360704,-35.57281618009355],[-58.06367401475143,-35.57289836805585],[-58.063581133164085,-35.57298131145553],[-58.06348833561525,-35.573065337486256],[-58.06340570622271,-35.57313474831737],[-58.0633142732934,-35.573207892462655],[-58.06321321511977,-35.57328682929374],[-58.06312501431288,-35.573353987664724],[-58.063026926900115,-35.573424050894104],[-58.06293718259459,-35.57348658854827],[-58.06282029032684,-35.573563468246014],[-58.06272520177122,-35.573623486772576],[-58.062620959304326,-35.57368804392671],[-58.06252977319867,-35.57374172701197],[-58.062402049497706,-35.57381491773284],[-58.062298892559724,-35.57387102143233],[-58.062183853476206,-35.57393044837063],[-58.062074764130664,-35.5739855553433],[-58.061962139938224,-35.57404087570287],[-58.06184051367472,-35.574094429132586],[-58.06172193362935,-35.5741451478196],[-58.061610062150514,-35.57419209944257],[-58.06149483990455,-35.57423620355422],[-58.061414909609056,-35.57426672758143],[-58.06130934505871,-35.57430368772943],[-58.0612078017519,-35.574338549770836],[-58.06109978315166,-35.57437664171642],[-58.060992670883884,-35.57440916114391],[-58.06085378849106,-35.57445099154058],[-58.06071191651443,-35.57448871857951],[-58.06056142051385,-35.57452729789138],[-58.06041924844769,-35.574559162409656],[-58.060311609364554,-35.574581489980524],[-58.06023576592869,-35.57459802137742],[-58.060141695368955,-35.574615701112194],[-58.06004466522428,-35.574632612223226],[-58.059939220776094,-35.574650829594034],[-58.05985771774104,-35.57466420579216],[-58.05976352647669,-35.574677738090614],[-58.05966758628912,-35.574690611363096],[-58.059567715951914,-35.57470179923922],[-58.059507114927946,-35.574708302745194],[-58.05953035581068,-35.574842224352764]]]}},{"type":"Feature","properties":{"CCA":"027110M000000000000000017000","ARA1":15849.95,"SAG":"ARBA","PARTIDO":"027","CIRC":11,"SECC":"M","CHACRA":null,"CHACRA_L":null,"QUINTA":null,"QUINTA_L":null,"FRACCION":17,"FRACC_L":null,"NOMENCLA":"Circ. XI - Secc. M - Fr. 17"},"geometry":{"type":"Polygon","coordinates":[[[-58.07626149900695,-35.58253455043423],[-58.076017142997216,-35.58274737088059],[-58.07581685367358,-35.58292106454661],[-58.075615170944346,-35.583093023458545],[-58.07542917486899,-35.58325018369001],[-58.07525918321556,-35.583388495305265],[-58.075065907666406,-35.58354094289623],[-58.07488894376574,-35.58367553805285],[-58.07469654440873,-35.58382358348187],[-58.07466029972787,-35.58385382299207],[-58.07463997060103,-35.58388278489144],[-58.074630977725306,-35.58391282906616],[-58.0746290116821,-35.58393965134243],[-58.07463660680053,-35.58396797809735],[-58.074648205908126,-35.58399033125797],[-58.0746626566906,-35.58400876501051],[-58.07469744764088,-35.58403923847666],[-58.075022111026506,-35.58431052971918],[-58.0755029881454,-35.5847197552612],[-58.07553406867992,-35.584739355659366],[-58.075569864405836,-35.58475092118414],[-58.07560625646182,-35.58475600808183],[-58.07564503721065,-35.58475347350815],[-58.07568269304568,-35.584742630553535],[-58.07571494093728,-35.58472728567813],[-58.07574609839246,-35.58470219116739],[-58.07576169495199,-35.584681984582495],[-58.07577705241609,-35.58464411201472],[-58.075796169091,-35.58456439689963],[-58.07603919309379,-35.58350854785389],[-58.07626149900695,-35.58253455043423]]]}},{"type":"Feature","properties":{"CCA":"027110M000000000000000023000","ARA1":1019.67,"SAG":"ARBA","PARTIDO":"027","CIRC":11,"SECC":"M","CHACRA":null,"CHACRA_L":null,"QUINTA":null,"QUINTA_L":null,"FRACCION":23,"FRACC_L":null,"NOMENCLA":"Circ. XI - Secc. M - Fr. 23"},"geometry":{"type":"Polygon","coordinates":[[[-58.06795498706122,-35.57472554722255],[-58.06752043754106,-35.57446716375387],[-58.06752130023765,-35.574463392839995],[-58.067521944584726,-35.574459528311394],[-58.067522368418075,-35.57445566024648],[-58.06752267983028,-35.574451880491765],[-58.0675228831499,-35.574448008890464],[-58.067522865955816,-35.574444133752884],[-58.06752273634067,-35.57444034692549],[-58.06752238837617,-35.57443646648341],[-58.06752193015489,-35.574432584273154],[-58.06752124925579,-35.57442878860493],[-58.06752045809996,-35.57442499116855],[-58.067519446430616,-35.574421190195814],[-58.067518322340334,-35.57441747753326],[-58.06751708799336,-35.574413763102555],[-58.0675156309687,-35.574410135213846],[-58.0675140636874,-35.574406505556944],[-58.067512386149474,-35.57440287413186],[-58.06751048593389,-35.57439932924877],[-58.06750847329749,-35.57439587267586],[-58.06750623798348,-35.57439250264489],[-58.06750389241291,-35.57438913084571],[-58.06750143442152,-35.574385847356695],[-58.067498866173594,-35.57438256209939],[-58.067496183340594,-35.57437945523062],[-58.067493279994366,-35.57437634482538],[-58.06749037231979,-35.574373414576854],[-58.067487244131996,-35.574370480791835],[-58.06748400352342,-35.57436763531691],[-58.067480648329784,-35.57436496823042],[-58.06747718287968,-35.57436229937564],[-58.067473602844494,-35.57435980890925],[-58.06746991038852,-35.57435740675296],[-58.067466105511805,-35.574355092906686],[-58.067462188214286,-35.57435286737042],[-58.067458268752674,-35.57435073191243],[-58.06745423470595,-35.574348774842775],[-58.06745008823844,-35.57434690608315],[-58.06744582935009,-35.574345125633485],[-58.06744156613331,-35.5743435253404],[-58.06743719049564,-35.57434201335729],[-58.06743281269383,-35.57434059145237],[-58.06742832030682,-35.574339347935776],[-58.0674238257556,-35.574338194497386],[-58.067419216619115,-35.57433721944724],[-58.067414605318426,-35.5743363344753],[-58.06740999185343,-35.57433553958155],[-58.06740526380315,-35.574334923076044],[-58.06740064168086,-35.574334488495374],[-58.06739590713758,-35.574334142224586],[-58.067391170429964,-35.57433388603196],[-58.06738642939361,-35.574333809995856],[-58.06738168619285,-35.57433382403793],[-58.067376938663294,-35.57433401823651],[-58.067372299225994,-35.57433430428156],[-58.06736754520315,-35.574334768714834],[-58.06736289927252,-35.57433532499455],[-58.067358251177396,-35.57433597135247],[-58.06735359875336,-35.5743367978669],[-58.06734905225702,-35.57433780630616],[-58.067344503596125,-35.574338904823605],[-58.06733995277067,-35.57434009341923],[-58.06733551003731,-35.57434137386136],[-58.06733117323155,-35.57434283622832],[-58.067326832096725,-35.574344478751854],[-58.067322601218414,-35.57434612304356],[-58.06731836601099,-35.57434794749179],[-58.06731434698776,-35.574349955633316],[-58.06731032796436,-35.574351963774646],[-58.06730641486846,-35.57435415384092],[-58.06730260986455,-35.574356435753764],[-58.06729880269593,-35.574358807744815],[-58.067295213875944,-35.57436127335084],[-58.0672916228913,-35.574363829035086],[-58.067288248090776,-35.574366568412664],[-58.0672849835467,-35.57436930955855],[-58.06728182709465,-35.57437214255101],[-58.06727877656999,-35.57437515746849],[-58.06727583630185,-35.574378174154255],[-58.06727300412566,-35.574381282686694],[-58.06727028004145,-35.57438448306579],[-58.06726766404922,-35.57438777529155],[-58.06726526640568,-35.574391161132375],[-58.06726286876195,-35.574394546973146],[-58.067260797559165,-35.57439811827578],[-58.067258728520706,-35.5744015995],[-58.06725687566647,-35.57440526441769],[-58.06725524332559,-35.57440893287218],[-58.067253721241286,-35.57441260309501],[-58.06725230724908,-35.57441636516459],[-58.06725111377025,-35.574420130770974],[-58.067250028383526,-35.57442398822407],[-58.06724905325344,-35.57442784744559],[-58.06724840889366,-35.57443171197233],[-58.067247764533775,-35.57443557649906],[-58.06724744877967,-35.57443953640937],[-58.06724713519006,-35.57444340624134],[-58.06724715237084,-35.57444728137854],[-58.06724716738705,-35.5744512465941],[-58.06724751533826,-35.57445512703657],[-58.0672478632895,-35.57445900747901],[-58.06724854201125,-35.57446289322672],[-58.06724922073304,-35.57446677897441],[-58.067250230225426,-35.574470670027324],[-58.06725124188244,-35.5744744710019],[-58.06725247405324,-35.574478275513286],[-58.067253928902424,-35.574481993483175],[-58.06725549400856,-35.574485713221435],[-58.06725717153629,-35.57448934464971],[-58.06725906957788,-35.57449297961482],[-58.067261190297955,-35.574496528038374],[-58.067263313182735,-35.57449998638353],[-58.067265658746,-35.57450335818712],[-58.06726811456637,-35.57450673175905],[-58.06727079306526,-35.57451001878939],[-58.06727347372888,-35.57451321574134],[-58.067276377071046,-35.574516326151674],[-58.06727939067037,-35.574519438330334],[-58.067282518855876,-35.574522372120626],[-58.06728586971993,-35.574525219369264],[-58.06728922274878,-35.574527976539436],[-58.06729268819927,-35.57453064539959],[-58.06729637632838,-35.574533227718064],[-58.06730006662221,-35.57453571995807],[-58.06730387150222,-35.57453803380964],[-58.067307786639404,-35.574540349429455],[-58.067311816362746,-35.57454248666083],[-58.06731595850771,-35.57454453558209],[-58.06732010498188,-35.57454640434653],[-58.06732436387766,-35.574548184800804],[-58.06732862493814,-35.5745498751766],[-58.067333108677154,-35.57455147901061],[-58.067337486488334,-35.57455290091939],[-58.06734208914253,-35.57455414620801],[-58.06734658153992,-35.574555389728104],[-58.06735130094471,-35.57455636654965],[-58.06735591225713,-35.57455725152438],[-58.067360635991065,-35.57455804818886],[-58.06736536188949,-35.57455875477484],[-58.067370094281344,-35.57455919112557],[-58.067374826673245,-35.57455962747611],[-58.06737967581544,-35.57455979535973],[-58.06738441470069,-35.57455996147488],[-58.06738927033615,-35.57455985912307],[-58.067394015714655,-35.57455975500279],[-58.06739876758635,-35.57455938064725],[-58.06740351945801,-35.5745590062915],[-58.06740827782278,-35.574558361700554],[-58.06741303618751,-35.574557717109386],[-58.067417690788325,-35.57455680051474],[-58.06742234538904,-35.57455588391989],[-58.06742689406141,-35.574554785399876],[-58.0674314470624,-35.57455350672301],[-58.0674360022276,-35.574552137967615],[-58.06744033904309,-35.5745506755972],[-58.06744479044408,-35.57454903483814],[-58.06744902349532,-35.574547300464104],[-58.06788281221284,-35.574805221426764],[-58.06791938823949,-35.57476570756023],[-58.06795498706122,-35.57472554722255]]]}},{"type":"Feature","properties":{"CCA":"027110M000000000000000024000","ARA1":1009.37,"SAG":"ARBA","PARTIDO":"027","CIRC":11,"SECC":"M","CHACRA":null,"CHACRA_L":null,"QUINTA":null,"QUINTA_L":null,"FRACCION":24,"FRACC_L":null,"NOMENCLA":"Circ. XI - Secc. M - Fr. 24"},"geometry":{"type":"Polygon","coordinates":[[[-58.068689283509535,-35.573764186884404],[-58.068718123486725,-35.573720673907005],[-58.0687466391528,-35.573676885385105],[-58.06827269583098,-35.57346986854704],[-58.06827267859876,-35.57346599340784],[-58.06827243869214,-35.573462204812174],[-58.06827209069336,-35.57345832437066],[-58.06827163027576,-35.57345453224011],[-58.06827094934718,-35.57345073657469],[-58.068270045744335,-35.5734470274528],[-58.068269144304885,-35.573443228252515],[-58.068268020191205,-35.57343951559574],[-58.06826667340331,-35.573435889482475],[-58.06826521852335,-35.573432171523386],[-58.06826364906139,-35.57342863195361],[-58.06826185908863,-35.57342508884896],[-58.068259958860544,-35.573421543976835],[-58.06825794621381,-35.57341808741567],[-58.06825582114844,-35.5734147191654],[-58.06825347557235,-35.5734113473802],[-58.06825101541428,-35.57340815398438],[-58.06824844500098,-35.573404958821015],[-58.068245651913635,-35.57340185020109],[-58.068242858826515,-35.573398741581144],[-58.068239840902,-35.57339580958301],[-58.06823671055893,-35.57339296589574],[-58.068233580216074,-35.573390122208416],[-58.06823022503586,-35.57338745514291],[-58.06822675743708,-35.57338487638822],[-58.068223177419725,-35.57338238594441],[-58.0682195952392,-35.573379985578875],[-58.06821579038471,-35.5733776717567],[-58.06821198336703,-35.573375448012854],[-58.06820806176738,-35.57337340265819],[-58.06820402991256,-35.57337135553589],[-58.068199993731106,-35.573369488570314],[-58.06819584296765,-35.573367799993925],[-58.068191471693595,-35.57336610788238],[-58.068187098256324,-35.5733645058491],[-58.06818272265579,-35.57336299389406],[-58.0681782324732,-35.57336166032816],[-58.06817362770851,-35.573360505151456],[-58.06816902294396,-35.57335934997452],[-58.068164411689224,-35.57335846503264],[-58.06815969017922,-35.573357578323076],[-58.068155072434344,-35.57335696361607],[-58.06815034443415,-35.57335634714137],[-58.0681454996883,-35.57335599913415],[-58.068140765197846,-35.5733556528943],[-58.06813602421702,-35.5733555768895],[-58.06813117298083,-35.57335549911693],[-58.06812642550959,-35.57335569334695],[-58.06812167803832,-35.573355887576795],[-58.06811692407654,-35.57335635204166],[-58.06811217011473,-35.57335681650635],[-58.068107409662325,-35.57335755120605],[-58.06810275946521,-35.573358287673166],[-58.068098104941,-35.573359204296914],[-58.068093556344984,-35.57336030284485],[-58.06808900558535,-35.573361491471054],[-58.0680844504985,-35.57336286025389],[-58.0680800056669,-35.57336423080413],[-58.0680756645999,-35.57336587335702],[-58.0680713235327,-35.573367515909766],[-58.068067088393626,-35.57336934038678],[-58.06806296134616,-35.57337125670965],[-58.068058829971385,-35.57337335318919],[-58.06805491694362,-35.57337554328225],[-58.068051003915635,-35.57337773337516],[-58.068047194652095,-35.57338019547081],[-58.068043495643735,-35.57338265933396],[-58.06803990472695,-35.573385215043025],[-58.0680365299936,-35.57338795444408],[-58.06803315526,-35.57339069384505],[-58.068029886454376,-35.573393615170346],[-58.06802683599578,-35.573396630109265],[-58.0680237855369,-35.573399645048134],[-58.06802095342506,-35.5734027536006],[-58.068018227241204,-35.57340604407749],[-58.068015721567974,-35.573409338089625],[-58.068013323986385,-35.57341272394776],[-58.06801114475183,-35.573416203419605],[-58.06800918386435,-35.57341977650517],[-58.06800733323215,-35.57342335135837],[-58.0680055906916,-35.57342701805759],[-58.068004066498204,-35.57343077837052],[-58.06800265472372,-35.57343445037274],[-58.068001459132795,-35.57343830606708],[-58.068000486216334,-35.57344207521838],[-58.06799951113613,-35.57344593444808],[-58.067998866822315,-35.57344979898081],[-58.067998330600275,-35.57345375535962],[-58.06799790679729,-35.573457623427714],[-58.06799770134164,-35.57346158510957],[-58.06799760830511,-35.57346545848072],[-58.06799773577959,-35.57346933538721],[-58.06799797134596,-35.57347330413983],[-58.06799842958702,-35.57347718634942],[-58.06799899808365,-35.57348107032668],[-58.06799978709141,-35.57348495783928],[-58.06800079877395,-35.57348875880889],[-58.06800181045658,-35.57349255977848],[-58.068003152905945,-35.57349636605112],[-58.06800449751908,-35.573500082245324],[-58.06800617289902,-35.57350380374259],[-58.06800785044273,-35.5735074351614],[-58.06800974849775,-35.57351107011558],[-58.06801175897211,-35.57351461675899],[-58.06801399212146,-35.573518076859315],[-58.06801633552658,-35.57352153872731],[-58.06801879351472,-35.5735248222061],[-58.06802147201425,-35.573528109220206],[-58.068024152677644,-35.57353130615584],[-58.06802705385241,-35.573534506626764],[-58.06803017986587,-35.573537530476145],[-58.06803330804317,-35.57354046424703],[-58.06803654863992,-35.57354330970712],[-58.06804001191173,-35.573546068624026],[-58.0680434773474,-35.573548737462446],[-58.06804705520252,-35.573551317989974],[-58.06805085789627,-35.573553721895934],[-58.06805466059029,-35.57355612580177],[-58.06805857786734,-35.57355835131833],[-58.068062607563824,-35.57356048852399],[-58.06806675184332,-35.57356244734034],[-58.068070896123004,-35.57356440615658],[-58.068075154985706,-35.573566186583484],[-58.068079416012125,-35.57356787693183],[-58.06808379162152,-35.573569388890874],[-58.06808827965024,-35.57357081253894],[-58.068092772006246,-35.573572056030066],[-58.06809726652594,-35.57357320944261],[-58.068101873464954,-35.57357427454417],[-58.068106484731146,-35.57357515948879],[-58.068111208416674,-35.57357595612238],[-58.06811593642931,-35.57357657259901],[-58.06812066660556,-35.573577098997035],[-58.068125401108865,-35.57357744523808],[-58.06813013777574,-35.57357770140052],[-58.06813487876963,-35.573577777405966],[-58.06813962192703,-35.573577763332835],[-58.06814447966709,-35.57357757087027],[-58.06814922931493,-35.57357728656155],[-58.06815387303403,-35.57357682032829],[-58.06815862917223,-35.57357626578396],[-58.06816327938163,-35.57357552931509],[-58.06816793175442,-35.57357470276764],[-58.06817258629055,-35.57357378614162],[-58.06817713489782,-35.57357268759106],[-58.06818168783188,-35.573571408883495],[-58.06818613051009,-35.573570128408235],[-58.0681905796785,-35.573568577697635],[-58.06819491859108,-35.573567025219305],[-58.06819915157468,-35.573565290816504],[-58.068203386721514,-35.57356346633514],[-58.06820751593935,-35.5735614599293],[-58.06821153490132,-35.57355945175583],[-58.06821544793425,-35.57355726165789],[-58.068689283509535,-35.573764186884404]]]}},{"type":"Feature","properties":{"CCA":"027110M000000000000000025000","ARA1":1000.25,"SAG":"ARBA","PARTIDO":"027","CIRC":11,"SECC":"M","CHACRA":null,"CHACRA_L":null,"QUINTA":null,"QUINTA_L":null,"FRACCION":25,"FRACC_L":null,"NOMENCLA":"Circ. XI - Secc. M - Fr. 25"},"geometry":{"type":"Polygon","coordinates":[[[-58.069180190473865,-35.57292922571558],[-58.069203240422205,-35.572883367007854],[-58.06922596174124,-35.572837412916506],[-58.06872992743635,-35.572668612371906],[-58.06872957725429,-35.572664822009116],[-58.06872900656338,-35.57266102811231],[-58.06872832561803,-35.57265723244853],[-58.06872753441833,-35.57265343501779],[-58.06872652270979,-35.572649634053036],[-58.06872539858415,-35.572645921399726],[-58.06872416204142,-35.57264229705794],[-58.06872270715271,-35.57263857910364],[-58.06872113768416,-35.57263503953931],[-58.0687193498697,-35.57263140636244],[-58.06871744747545,-35.57262795157551],[-58.06871543482695,-35.57262449502155],[-58.068713201669816,-35.57262103493357],[-58.06871085393292,-35.57261775323543],[-58.06870839594184,-35.57261446977026],[-58.06870582553376,-35.5726112746165],[-58.068703142708756,-35.57260816777413],[-58.0687002393752,-35.572605057397695],[-58.06869733171628,-35.572602127178065],[-58.06869420138603,-35.57259928350282],[-58.06869096080166,-35.57259643806046],[-58.06868760563754,-35.57259377100791],[-58.0686841402193,-35.572591102188255],[-58.06868067047567,-35.57258861352542],[-58.068676978060765,-35.57258621140686],[-58.06867317322891,-35.57258389759962],[-58.06866936407164,-35.57258176394914],[-58.06866544466023,-35.57257962853152],[-58.06866141066906,-35.57257767150363],[-58.0686572642609,-35.57257580278701],[-58.068653115690125,-35.57257402414869],[-58.068648852539525,-35.57257242390009],[-58.06864458722627,-35.572570913729805],[-58.06863998682448,-35.57256957841505],[-58.068635382097156,-35.57256842325704],[-58.06863077304424,-35.57256744825572],[-58.06862616399146,-35.57256647325423],[-58.06862143819586,-35.57256576672086],[-58.068616710237514,-35.57256515026574],[-58.068611869862,-35.57256462212176],[-58.06860713541512,-35.57256427590162],[-58.06860239664252,-35.57256410983815],[-58.0685975476156,-35.57256394200741],[-58.06859280235436,-35.5725640461789],[-58.068587944675855,-35.5725642386615],[-58.068583195088756,-35.57256452298952],[-58.06857844117579,-35.57256498747423],[-58.06857368293694,-35.57256563211561],[-58.06856892253508,-35.57256636683526],[-58.06856427022453,-35.572567193400296],[-58.06855961358802,-35.572568200122014],[-58.068555062879796,-35.572569388767604],[-58.06855051217147,-35.572570577412975],[-58.06854595497415,-35.57257203629351],[-58.06854161828531,-35.57257349870818],[-58.06853716701607,-35.57257513951242],[-58.068532931929376,-35.57257696400766],[-58.06852869684248,-35.57257878850278],[-58.068524567683774,-35.57258079492176],[-58.0685205466162,-35.57258289318624],[-58.068516631476776,-35.5725851733746],[-58.068512714174176,-35.572587543641276],[-58.06850901521702,-35.57259000752061],[-58.068505424350974,-35.572592563245465],[-58.06850183132167,-35.572595209048636],[-58.06849845663789,-35.5725979484645],[-58.06849519004517,-35.572600779725896],[-58.068491921289215,-35.57260370106565],[-58.068488978970066,-35.57260680786377],[-58.06848603665071,-35.572609914661825],[-58.06848320242244,-35.57261311330543],[-58.06848058653967,-35.57261640556181],[-58.0684780809111,-35.57261969958536],[-58.068475791464955,-35.57262317730014],[-58.068473502018655,-35.572626655014886],[-58.06847154333533,-35.572630138031194],[-58.06846958032572,-35.57263380120437],[-58.06846795024221,-35.572637379600714],[-58.068466536341255,-35.57264114168836],[-58.06846523485763,-35.57264481546478],[-58.068464041465255,-35.57264858108681],[-58.06846306641855,-35.57265244032174],[-58.06846231404366,-35.57265621301268],[-58.068461559505636,-35.57266007578202],[-58.06846113573084,-35.57266394385309],[-58.06846082221046,-35.57266781369132],[-58.0684606189445,-35.5726716852968],[-58.06846063618743,-35.572675560436736],[-58.06846076368477,-35.57267943734391],[-58.06846111169109,-35.57268331778554],[-58.068461569951886,-35.57268719999442],[-58.068462140630274,-35.572690993892046],[-58.0684630399091,-35.57269488316982],[-58.06846394135105,-35.57269868236913],[-58.068465065465126,-35.57270239502446],[-58.0684664100883,-35.572706111214245],[-58.068467864966074,-35.57270982917126],[-58.068469432261594,-35.572713458817],[-58.06847122006623,-35.57271709199718],[-58.06847312028861,-35.57272063686614],[-58.068475130765655,-35.57272418350228],[-58.068477363914994,-35.572727643594405],[-58.068479599227565,-35.57273101360804],[-58.06848216746696,-35.57273429884484],[-58.0684847378696,-35.57273749400317],[-58.06848752878157,-35.57274069269584],[-58.06849043211129,-35.57274380307729],[-58.06849344785885,-35.57274682514734],[-58.06849657818724,-35.572749668827726],[-58.06849981877041,-35.572752514275194],[-58.068503171771425,-35.572755271411374],[-58.06850663935323,-35.57275785015778],[-58.06851032744443,-35.572760432438436],[-58.06851401986188,-35.57276283456214],[-58.06851782469713,-35.57276514837446],[-58.06852163169562,-35.57276737210826],[-58.06852566136649,-35.57276950929781],[-58.06852980561815,-35.57277146809756],[-58.06853395203299,-35.57277333681875],[-58.06853810061103,-35.572775115461354],[-58.068542584279,-35.572776719248424],[-58.0685470722731,-35.572778142878455],[-58.06855156243034,-35.57277947642985],[-58.06855616500528,-35.57278072166982],[-58.06856077190628,-35.57278178675273],[-58.06856549122501,-35.57278276352419],[-58.06857021486971,-35.57278356013858],[-58.068574942840435,-35.5727841765959],[-58.068579672974145,-35.5727847029746],[-58.06858451552549,-35.572785141041805],[-58.0685892521481,-35.5727853971848],[-58.06859410335121,-35.572785474937874],[-58.06859895671727,-35.57278546261227],[-58.0686037019916,-35.57278535844097],[-58.06860856184639,-35.572785075879665],[-58.0686133157723,-35.572784611394205],[-58.06861807186107,-35.572784056830095],[-58.068622830112645,-35.57278341218737],[-58.06862759268996,-35.572782587387564],[-58.06863224933826,-35.57278158066362],[-58.06863679789476,-35.57278048209396],[-58.068641458868605,-35.57277929521274],[-58.06864590365881,-35.572777924640334],[-58.0686503527746,-35.572776373910855],[-58.06865480189021,-35.57277482318123],[-58.068659145076744,-35.572773090527484],[-58.068663382334165,-35.57277117594964],[-58.06866751149965,-35.572769169526126],[-58.068671642827745,-35.57276707302403],[-58.068675555809264,-35.57276488290928],[-58.068679470953406,-35.572762602715954],[-58.068683280168365,-35.57276014059854],[-58.069180190473865,-35.57292922571558]]]}},{"type":"Feature","properties":{"CCA":"027110M000000000000000026000","ARA1":929.03,"SAG":"ARBA","PARTIDO":"027","CIRC":11,"SECC":"M","CHACRA":null,"CHACRA_L":null,"QUINTA":null,"QUINTA_L":null,"FRACCION":26,"FRACC_L":null,"NOMENCLA":"Circ. XI - Secc. M - Fr. 26"},"geometry":{"type":"Polygon","coordinates":[[[-58.06950145183886,-35.57203450308691],[-58.06950050711701,-35.57202790969391],[-58.06950333479946,-35.572006598180586],[-58.069508719930745,-35.571984426505644],[-58.0695298777988,-35.57195304562577],[-58.06954273854371,-35.57194108637635],[-58.06909353820255,-35.5718293583353],[-58.069092746991764,-35.57182556090614],[-58.06909184336544,-35.57182185178885],[-58.06909082948588,-35.57181814090494],[-58.06908959509973,-35.57181442648781],[-58.06908825046041,-35.57181071030402],[-58.06908668315231,-35.57180708066547],[-58.06908500342871,-35.57180353933879],[-58.069083213451975,-35.57179999624542],[-58.06908120080653,-35.57179653969725],[-58.06907907790793,-35.57179308138246],[-58.06907684043164,-35.57178980145796],[-58.06907438461128,-35.57178642792169],[-58.069071924466506,-35.57178323454232],[-58.06906924165307,-35.57178012770811],[-58.06906644858659,-35.571777019107216],[-58.06906354310475,-35.57177399881812],[-58.06906052520754,-35.57177106684079],[-58.06905728247943,-35.57176831148704],[-58.0690540397515,-35.57176555613325],[-58.069050684608236,-35.57176288909116],[-58.06904710679641,-35.57176030859416],[-58.06904352466011,-35.57175790825405],[-58.06903983227081,-35.57175550614717],[-58.069036025303824,-35.57175328243046],[-58.06903221617468,-35.57175114879211],[-58.06902818437697,-35.57174910169879],[-58.06902392558596,-35.57174732130745],[-58.06901955437955,-35.571745629227735],[-58.06901518101096,-35.571744027226345],[-58.06901069306463,-35.57174260361509],[-58.06900620295607,-35.57174127008214],[-58.06900159826969,-35.57174011493929],[-58.06899699142108,-35.571739049874765],[-58.068992272157,-35.57173807312181],[-58.06898765882148,-35.57173727829236],[-58.068982820654796,-35.57173666008626],[-58.06897809057904,-35.57173613372517],[-58.068973356178496,-35.57173578752081],[-58.06896850936241,-35.571735529628064],[-58.06896377063716,-35.57173536358028],[-58.068958915171436,-35.57173546600103],[-58.06895416995891,-35.57173557018834],[-58.06894931016829,-35.57173585276565],[-58.068944556305986,-35.571736317266456],[-58.06893980028116,-35.571736871845566],[-58.068935039931404,-35.57173760658141],[-58.06893038767231,-35.57173843316233],[-58.068925731088186,-35.57173943989998],[-58.06892107234148,-35.57174053671594],[-58.06891652168541,-35.57174172537697],[-58.06891207695745,-35.571743095961516],[-58.06890762790437,-35.571744646702854],[-58.06890317668866,-35.57174628752253],[-58.068898943816684,-35.57174802195404],[-58.068894708782025,-35.57174984646388],[-58.068890579675404,-35.57175185289731],[-58.06888644840606,-35.57175394940905],[-58.06888253548046,-35.571756139532745],[-58.0688786182296,-35.571758509813215],[-58.06887492148498,-35.57176088362719],[-58.068871220415076,-35.57176343759799],[-58.06886762743568,-35.57176608341397],[-58.068864252799955,-35.57176882284193],[-58.068860876001494,-35.57177165234828],[-58.068857717546706,-35.57177457546662],[-58.06885466501988,-35.571777680508646],[-58.06885172274607,-35.57178078731744],[-58.06884889072528,-35.57178389589297],[-58.06884627488569,-35.571787188159036],[-58.06884365688334,-35.57179057050352],[-58.06884136964055,-35.571793958148454],[-58.068839080235016,-35.571797435871844],[-58.06883700917327,-35.57180100720733],[-58.06883504836465,-35.57180458030961],[-58.06883330589984,-35.57180824702404],[-58.06883167368818,-35.57181191550527],[-58.06883025982037,-35.57181567759866],[-58.068828958368336,-35.57181935138041],[-58.06882776500688,-35.571823117007476],[-58.068826789989366,-35.57182697624671],[-58.06882592738766,-35.57183074717431],[-58.06882528312995,-35.57183461171409],[-58.068824749125476,-35.57183847802072],[-58.06882443562765,-35.57184234786109],[-58.068824232383115,-35.57184621946833],[-58.06882424964525,-35.57185009460926],[-58.06882437716073,-35.571853971517044],[-58.06882472518295,-35.57185785195856],[-58.06882518345854,-35.57186173416694],[-58.06882586224092,-35.57186561990904],[-58.068826653439324,-35.57186941733952],[-58.06882755489115,-35.57187321653686],[-58.068828676849854,-35.57187701926793],[-58.06883002147802,-35.57188073545422],[-58.068831476359684,-35.57188445340736],[-58.06883304365749,-35.57188808304889],[-58.06883472120881,-35.57189171445721],[-58.068836621429675,-35.57189525932079],[-58.06883874215756,-35.57189880771804],[-58.06884086504819,-35.571902266036794],[-58.06884321060842,-35.57190563781071],[-58.068845778838266,-35.57190892303982],[-58.068848347068325,-35.57191220826891],[-58.0688511401306,-35.57191531687466],[-58.068854043446514,-35.57191842724722],[-58.06885705917868,-35.57192144930806],[-58.06886018732705,-35.571924383057194],[-58.06886343005422,-35.57192713841615],[-58.06886678303508,-35.57192989554186],[-58.068870248432155,-35.57193256435583],[-58.06887393866149,-35.57193505654642],[-58.068877628891066,-35.57193754873689],[-58.068881433699396,-35.57193986253715],[-58.068885350923935,-35.57194208802563],[-58.068889272473776,-35.571944133357036],[-58.06889341453078,-35.57194618222195],[-58.06889756091301,-35.57194805092978],[-58.06890181971145,-35.571949831325796],[-58.06890608283506,-35.571951431564706],[-58.068910458374866,-35.571952943491844],[-58.06891494633085,-35.57195436710706],[-58.068919442936924,-35.57195543040831],[-58.06892393954311,-35.571956493709365],[-58.06892855289038,-35.57195728854161],[-58.06893327649127,-35.57195808514045],[-58.068937894163696,-35.571958699815404],[-58.0689426264146,-35.57195913609999],[-58.06894725057454,-35.57195948053919],[-58.06895198715048,-35.57195973666647],[-58.06895672805134,-35.57195981263663],[-58.06896147327711,-35.571959708449654],[-58.06896611041181,-35.57195951241727],[-58.068970859962434,-35.57195922807299],[-58.068975503584376,-35.57195876180482],[-58.068980259622194,-35.571958207224775],[-58.06898490973127,-35.57195747072082],[-58.06898945174919,-35.5719566423715],[-58.06899399809184,-35.57195563386506],[-58.06899854443437,-35.57195462535845],[-58.06900309726396,-35.57195334661624],[-58.06900743174883,-35.57195197426198],[-58.06901187864942,-35.571950513595766],[-58.06901610720526,-35.571948959317545],[-58.06902034008568,-35.5719472248822],[-58.06902457512829,-35.57194540036827],[-58.06902859182609,-35.57194348224229],[-58.06903261284844,-35.571941383959235],[-58.06903652361708,-35.57193928390938],[-58.06904032845676,-35.57193700193577],[-58.06904402520508,-35.57193462811688],[-58.06904761386204,-35.57193216245274],[-58.06905120684347,-35.57192951663151],[-58.06905457931773,-35.57192686727687],[-58.06905784370063,-35.571924126077],[-58.06950145183886,-35.57203450308691]]]}},{"type":"Feature","properties":{"CCA":"027110M000000000000000010000","ARA1":10908.76,"SAG":"ARBA","PARTIDO":"027","CIRC":11,"SECC":"M","CHACRA":null,"CHACRA_L":null,"QUINTA":null,"QUINTA_L":null,"FRACCION":10,"FRACC_L":null,"NOMENCLA":"Circ. XI - Secc. M - Fr. 10"},"geometry":{"type":"Polygon","coordinates":[[[-58.06346452739727,-35.57125043898354],[-58.06339317003731,-35.57125487926719],[-58.063326419056246,-35.57126498054595],[-58.063253668541655,-35.571281473503774],[-58.06319649139927,-35.5713016410103],[-58.06313251473609,-35.57132935881076],[-58.063071548813774,-35.571364874689195],[-58.06301194633954,-35.57140789183273],[-58.062975270541706,-35.57144235628067],[-58.062946974272315,-35.571472359647046],[-58.062882051897034,-35.57156224009578],[-58.06284891148673,-35.57163767264544],[-58.06282827512952,-35.571711413817106],[-58.06282338791874,-35.57178153329717],[-58.062830967577206,-35.57185608849673],[-58.062850331309384,-35.57193137380405],[-58.06287648022506,-35.571990547836045],[-58.06290780532639,-35.572040883879005],[-58.06294663419759,-35.57209107019334],[-58.062986244312526,-35.57213171707328],[-58.063033606911645,-35.572171046743044],[-58.06307900525182,-35.57220034227748],[-58.06313404303266,-35.57223240600599],[-58.06318829896209,-35.57225571618064],[-58.063258063807304,-35.57228080750954],[-58.06333474718853,-35.57229798992857],[-58.0634200372429,-35.57231044450932],[-58.063496252862656,-35.572310407721496],[-58.06357690065489,-35.572304945212025],[-58.063632687498036,-35.572296740229774],[-58.06370140068945,-35.57227847003875],[-58.06377942134181,-35.57224926545267],[-58.063836525966614,-35.57222296882892],[-58.063892599889705,-35.572189086122776],[-58.063944452250425,-35.57214729573186],[-58.06399323728999,-35.572100049256846],[-58.064034769400614,-35.57205169499728],[-58.064072443217924,-35.57199408720897],[-58.06409554591053,-35.57194156199619],[-58.06411620875158,-35.57187584107893],[-58.06412734302758,-35.57179816227736],[-58.06412390841847,-35.57172547598932],[-58.064113545861915,-35.57167484621519],[-58.064093966061286,-35.57161307457652],[-58.06407131996555,-35.57156413984038],[-58.064039992125274,-35.571513894157306],[-58.06400788109018,-35.57147327797979],[-58.06396969752963,-35.571432924686874],[-58.06394105081643,-35.57140876472298],[-58.063902332764975,-35.5713768734484],[-58.06384428188144,-35.57134169781731],[-58.06379492081653,-35.57131666432745],[-58.063736380658824,-35.57129265480147],[-58.06367494762847,-35.57127427588613],[-58.06361762364679,-35.571263892914146],[-58.063543459286116,-35.571252067835054],[-58.06346452739727,-35.57125043898354]]]}},{"type":"Feature","properties":{"CCA":"027110M000000000000000027000","ARA1":827.33,"SAG":"ARBA","PARTIDO":"027","CIRC":11,"SECC":"M","CHACRA":null,"CHACRA_L":null,"QUINTA":null,"QUINTA_L":null,"FRACCION":27,"FRACC_L":null,"NOMENCLA":"Circ. XI - Secc. M - Fr. 27"},"geometry":{"type":"Polygon","coordinates":[[[-58.06982920778144,-35.572017945873895],[-58.06983115780056,-35.57202861045797],[-58.06982457300446,-35.572068605334515],[-58.06980357520168,-35.57210251199861],[-58.069793844803435,-35.572112719153345],[-58.070135160878166,-35.57219757536808],[-58.070135949980184,-35.572201462870346],[-58.07013696175128,-35.572205263825424],[-58.07013808593751,-35.57220897646765],[-58.07013931821661,-35.57221278095408],[-58.07014077316486,-35.572216498893305],[-58.07014234052833,-35.572220128519646],[-58.070144128399804,-35.57222376167732],[-58.07014602868654,-35.57222730652211],[-58.070148039227384,-35.572230853132524],[-58.070150272437466,-35.57223431319572],[-58.070152618062856,-35.57223768494603],[-58.07015507610349,-35.572240968383404],[-58.07015775465231,-35.57224425535206],[-58.07016054561642,-35.572247454007794],[-58.07016333874189,-35.572250562584955],[-58.07016646695178,-35.572253496301904],[-58.0701695951619,-35.572256430018776],[-58.07017283578731,-35.57225927542271],[-58.070176188828114,-35.572262032513684],[-58.07017976453822,-35.572264703057314],[-58.070183344570786,-35.572267193443764],[-58.07018703485758,-35.57226968559575],[-58.070190839720816,-35.57227199935621],[-58.070194756999356,-35.572274224803635],[-58.07019878885432,-35.57227627185947],[-58.07020282070949,-35.572278318915224],[-58.07020707739506,-35.572280189344994],[-58.07021133624191,-35.572281969696064],[-58.070215599411085,-35.572283569889954],[-58.07021997499553,-35.572285081770744],[-58.07022446299525,-35.572286505338454],[-58.070228955317205,-35.57228774874893],[-58.070233560054405,-35.57228890384631],[-58.070238169113836,-35.572289878786435],[-58.07024278033439,-35.57229076364787],[-58.07024739587714,-35.572291468352034],[-58.07025212383504,-35.57229208474307],[-58.07025685395403,-35.57229261105538],[-58.07026158839514,-35.572292957210465],[-58.070266327158286,-35.57229312320826],[-58.07027117833654,-35.572293200892894],[-58.07027592142174,-35.572293186733276],[-58.07028066882892,-35.572292992416344],[-58.070285422719074,-35.57229252786365],[-58.070290068516094,-35.572291971466676],[-58.07029471647403,-35.57229132499097],[-58.070299368753865,-35.57229049835801],[-58.07030391294049,-35.5722895798808],[-58.07030846144895,-35.57228848124634],[-58.07031290186422,-35.57228729076765],[-58.07031734444031,-35.57228601021025],[-58.070321791338145,-35.572284549495606],[-58.07032613014273,-35.57228299693674],[-58.07033036301497,-35.57228126245513],[-58.07033448779395,-35.572279436129314],[-58.07033861473364,-35.57227751972483],[-58.07034263358006,-35.572275511476136],[-58.07034654649407,-35.57227332130476],[-58.07035045940788,-35.57227113113324],[-58.07035415613525,-35.572268757273534],[-58.07035774476927,-35.5722662915697],[-58.070361335563966,-35.572263735787196],[-58.0703647101722,-35.57226099631655],[-58.070368084780235,-35.572258256845814],[-58.070371241040895,-35.57225542376546],[-58.07037428920821,-35.57225249884107],[-58.070377229282194,-35.57224948207256],[-58.07038006126282,-35.572246373459976],[-58.07038278515012,-35.57224317300333],[-58.07038528852923,-35.57223996901571],[-58.07038768597585,-35.572236583105486],[-58.070389973168346,-35.572233195429746],[-58.07039215010665,-35.57222980598852],[-58.070394110858544,-35.5722262328593],[-58.070395961356304,-35.57222265796457],[-58.07039759134597,-35.57221907953892],[-58.07039911324238,-35.57221540926929],[-58.070400524884704,-35.57221173723417],[-58.070401828433795,-35.572207973355056],[-58.07040301956797,-35.57220429778904],[-58.07040399451584,-35.57220043853506],[-58.070404857048864,-35.57219666759417],[-58.070405611488724,-35.57219280480928],[-58.07040614325981,-35.57218902857208],[-58.07040645668384,-35.572185158725475],[-58.070406659853944,-35.57218128711342],[-58.07040675277011,-35.57217741373594],[-58.07040662517849,-35.572173536827634],[-58.07040638733295,-35.57216965815384],[-58.07040592897968,-35.572165775949216],[-58.07040524795781,-35.572161980292265],[-58.07040456693604,-35.572158184635335],[-58.070403555152694,-35.57215438368208],[-58.07040254336943,-35.57215058272884],[-58.0704013089177,-35.57214686832329],[-58.07039985395837,-35.57214315038678],[-58.07039828658448,-35.572139520763436],[-58.07039660895686,-35.57213588937462],[-58.07039470866087,-35.57213234453344],[-58.070392698111206,-35.57212879792683],[-58.07039057514704,-35.57212533963328],[-58.07038822951452,-35.57212196788734],[-58.07038577146753,-35.57211868445446],[-58.07038320316691,-35.572115399256106],[-58.070380522451835,-35.57211220237078],[-58.070377729322296,-35.57210909379851],[-58.07037471136361,-35.57210616185233],[-58.07037158315137,-35.57210322814066],[-58.07036834252467,-35.572100382742],[-58.070365099737316,-35.572097627421776],[-58.070361634281724,-35.57209495864907],[-58.0703580564117,-35.572092378189396],[-58.070354363966345,-35.572089976121184],[-58.070350561267446,-35.57208757228743],[-58.07034675424696,-35.572085348610635],[-58.07034272455825,-35.5720832114813],[-58.07033869270886,-35.572081164430365],[-58.07033454628408,-35.572079295770926],[-58.07033039769855,-35.57207751718989],[-58.070326136698576,-35.57207582692176],[-58.07032176112317,-35.572074315045064],[-58.07031738122605,-35.5720729833253],[-58.0703128889144,-35.572071739918385],[-58.070308392281014,-35.572070676668424],[-58.070303783233044,-35.57206970173133],[-58.070299169863326,-35.57206890695114],[-58.070294554332726,-35.572068202249305],[-58.07028993664123,-35.57206758762584],[-58.07028520437416,-35.57206715139374],[-58.070280580199906,-35.57206680700556],[-58.07027584145,-35.57206664100872],[-58.070271100539166,-35.57206656509025],[-58.07026635530632,-35.57206666932865],[-58.07026171816626,-35.572066865411],[-58.07025696645043,-35.57206723988467],[-58.07025232282731,-35.57206770620223],[-58.07024767488211,-35.57206835267671],[-58.07024302477584,-35.57206908922955],[-58.0702384827622,-35.57206991762633],[-58.07023393642645,-35.57207092618],[-58.07022938792952,-35.57207202481202],[-58.07022494536419,-35.57207330536655],[-58.07022050063766,-35.572074675999446],[-58.070216164003675,-35.57207613847632],[-58.07021193330122,-35.5720777828757],[-58.07020770259858,-35.572079427274915],[-58.07020357566634,-35.57208134367522],[-58.07019955898769,-35.57208326184098],[-58.0701955379867,-35.57208536016367],[-58.07019162507818,-35.57208755033035],[-58.070187820262156,-35.572089832341085],[-58.070184233792375,-35.572092207961504],[-58.070180645161265,-35.57209467366031],[-58.07017716246159,-35.57209732128173],[-58.07017379001542,-35.57209997066866],[-58.070170523500636,-35.5721028019782],[-58.06982920778144,-35.572017945873895]]]}},{"type":"Feature","properties":{"CCA":"027110M000000000000000028000","ARA1":900.03,"SAG":"ARBA","PARTIDO":"027","CIRC":11,"SECC":"M","CHACRA":null,"CHACRA_L":null,"QUINTA":null,"QUINTA_L":null,"FRACCION":28,"FRACC_L":null,"NOMENCLA":"Circ. XI - Secc. M - Fr. 28"},"geometry":{"type":"Polygon","coordinates":[[[-58.06936839558156,-35.57290466651235],[-58.06934556622905,-35.57295052878712],[-58.06932131434567,-35.57299591770014],[-58.06971701536498,-35.573131118563936],[-58.0697174736882,-35.57313500076976],[-58.06971815252177,-35.573138886507714],[-58.069718943772294,-35.57314268393329],[-58.06971995337155,-35.57314657496958],[-58.06972118780466,-35.573150289381054],[-58.0697224200762,-35.57315409387101],[-58.0697238750199,-35.57315781181467],[-58.06972555263584,-35.57316144321199],[-58.069727340507136,-35.573165076375346],[-58.06972924079548,-35.57316862122631],[-58.06973136375609,-35.57317207953093],[-58.06973359697213,-35.5731755396016],[-58.06973594260523,-35.57317891135983],[-58.06973850874899,-35.57318228665018],[-58.06974118947155,-35.573185483549565],[-58.069743980449545,-35.57318868221496],[-58.06974688600636,-35.57319170248942],[-58.069749901818625,-35.573194724529856],[-58.06975314030329,-35.57319766002388],[-58.069756383111475,-35.57320041536084],[-58.06975984643042,-35.57320317422983],[-58.06976342432817,-35.573205754707786],[-58.06976700222614,-35.57320833518566],[-58.06977080495816,-35.573210739038565],[-58.06977460985203,-35.57321305281285],[-58.06977852932468,-35.57321518819607],[-58.06978255905282,-35.573217325345205],[-58.06978670335971,-35.57321928410324],[-58.069790960083694,-35.573221154548705],[-58.06979522113111,-35.573222844837005],[-58.06979948434032,-35.573224445046684],[-58.06980397022189,-35.57322595870974],[-58.06980846042682,-35.573227292215705],[-58.069812952793505,-35.57322853564294],[-58.06981755973881,-35.57322960067904],[-58.069822168845825,-35.57323057563648],[-58.069826780114546,-35.57323146051526],[-58.069831505961794,-35.57323216700283],[-58.06983623613228,-35.573232693333274],[-58.06984096630282,-35.573233219663486],[-58.06984570295812,-35.57323347575804],[-58.06985044177498,-35.573233641773875],[-58.069855182753415,-35.57323371771104],[-58.06985993021649,-35.57323352341253],[-58.06986467767954,-35.573233329113826],[-58.06986943162716,-35.5732328645794],[-58.06987407531941,-35.57323239827887],[-58.06987883358999,-35.57323175358709],[-58.069883485928194,-35.57323092697215],[-58.0698880301725,-35.57323000851257],[-58.069892686833526,-35.573229001740316],[-58.0698971273068,-35.573227811278926],[-58.069901680196786,-35.57322653250482],[-58.06990601689896,-35.57322507004168],[-58.06991035576249,-35.57322351749984],[-58.069914696787286,-35.57322187487938],[-58.06991893187959,-35.573220050335806],[-58.069923058877855,-35.57321813394766],[-58.069927077782125,-35.57321612571496],[-58.06993098859234,-35.57321402563767],[-58.069934903725255,-35.57321174540328],[-58.0699387086027,-35.57320946340283],[-58.06994229729222,-35.57320699771344],[-58.06994588814296,-35.57320444194543],[-58.06994937089965,-35.57320179433291],[-58.069952747723704,-35.5731989647974],[-58.06995590403696,-35.57319613173],[-58.069959062511415,-35.57319320858399],[-58.06996200263656,-35.573190191827635],[-58.069964834667644,-35.57318708322683],[-58.06996755860463,-35.57318388278155],[-58.069970172286176,-35.573180680570346],[-58.069972567618436,-35.57317738474882],[-58.0699749651119,-35.57317399884874],[-58.06997703400084,-35.57317051757248],[-58.069979105051004,-35.57316694621769],[-58.06998095559053,-35.57316337133113],[-58.06998269587466,-35.57315979467867],[-58.06998421780959,-35.573156124415966],[-58.06998563165056,-35.57315236230885],[-58.06998682498097,-35.57314859667003],[-58.069987908056085,-35.57314482926531],[-58.069988883037276,-35.57314097001626],[-58.06998963750796,-35.57313710723546],[-58.069990171468206,-35.57313324092295],[-58.06999059517323,-35.57312937284459],[-58.069990908623,-35.573125503000355],[-58.069991001562435,-35.573121629624445],[-58.0699908739915,-35.57311775271683],[-58.069990748581965,-35.5731137857307],[-58.06999029024559,-35.573109903525506],[-58.069989719492725,-35.57310610963301],[-58.069989040646135,-35.57310222389611],[-58.069988139127965,-35.57309842470605],[-58.06998712735473,-35.57309462375011],[-58.06998589507133,-35.57309081926245],[-58.069984550371544,-35.57308710308746],[-58.06998298516163,-35.573083383380755],[-58.06998130753535,-35.57307975198663],[-58.069979517492754,-35.57307620890518],[-58.06997750694007,-35.57307266229198],[-58.069975386132484,-35.573069113912894],[-58.069973150747195,-35.57306574392491],[-58.0699706948519,-35.57306237040519],[-58.06996812654033,-35.57305908519804],[-58.069965445812485,-35.573055888303486],[-58.06996254457473,-35.57305268787714],[-58.069959639014364,-35.573049667607734],[-58.069956510782674,-35.573046733885015],[-58.06995327229615,-35.57304379839635],[-58.06995002948702,-35.57304104306463],[-58.069946451590134,-35.57303846259218],[-58.06994276127695,-35.573035970432244],[-58.069939068802626,-35.573033568350716],[-58.069935263911994,-35.573031254581686],[-58.069931344443674,-35.573029119203674],[-58.06992731255911,-35.57302707213812],[-58.06992316825825,-35.573025113385036],[-58.069918911541116,-35.57302324294442],[-58.06991465050131,-35.57302155266067],[-58.069910387300176,-35.57301995245529],[-58.06990601168275,-35.57301844056235],[-58.069901521487516,-35.57301710706036],[-58.06989702913097,-35.57301586363668],[-58.06989242219658,-35.57301479860393],[-58.06988781310083,-35.573013823649504],[-58.06988319968222,-35.57301302885194],[-58.06987847384719,-35.57301232236673],[-58.06987374585076,-35.57301170595985],[-58.06986901353137,-35.5730112697098],[-58.069864276889064,-35.57301101361658],[-58.06985953808521,-35.57301084760166],[-58.06985479711989,-35.57301077166507],[-58.069850051831544,-35.573010875885316],[-58.06984530222008,-35.57301116026236],[-58.06984055044709,-35.573011534717764],[-58.06983590676751,-35.57301200101741],[-58.06983114850978,-35.57301264570791],[-58.06982649834543,-35.573013382242735],[-58.069821843857866,-35.57301429893437],[-58.06981729746367,-35.57301530747033],[-58.069812746746194,-35.573016496163085],[-58.06980830412206,-35.573017776700254],[-58.06980385933618,-35.57301914731568],[-58.06979952048201,-35.57302069985401],[-58.06979517946607,-35.57302234247064],[-58.06979094438179,-35.57302416701016],[-58.06978681955236,-35.57302599331554],[-58.06978269039952,-35.57302799977781],[-58.06977877743333,-35.573030189928986],[-58.06977486446691,-35.573032380080036],[-58.06977105743208,-35.57303475215398],[-58.06976736065206,-35.57303712599388],[-58.06976376980362,-35.57303968175668],[-58.06936839558156,-35.57290466651235]]]}},{"type":"Feature","properties":{"CCA":"027110M000000000000000029000","ARA1":914.59,"SAG":"ARBA","PARTIDO":"027","CIRC":11,"SECC":"M","CHACRA":null,"CHACRA_L":null,"QUINTA":null,"QUINTA_L":null,"FRACCION":29,"FRACC_L":null,"NOMENCLA":"Circ. XI - Secc. M - Fr. 29"},"geometry":{"type":"Polygon","coordinates":[[[-58.06887352556378,-35.573766959356696],[-58.06884500993112,-35.57381074790921],[-58.0688168380114,-35.573854001283905],[-58.069191820397705,-35.574020771909545],[-58.069191504741696,-35.57402473182827],[-58.06919129934197,-35.574028693513625],[-58.06919131445499,-35.57403265873219],[-58.06919143982434,-35.57403662571738],[-58.069191787868796,-35.57404050615739],[-58.0691922440073,-35.57404447844243],[-58.069192922820996,-35.57404836418228],[-58.06919382214751,-35.574052253455335],[-58.0691948317305,-35.57405614449504],[-58.06919595373232,-35.57405994722284],[-58.06919729624706,-35.57406375348391],[-58.06919875118068,-35.57406747143311],[-58.069200426627255,-35.57407119291555],[-58.06920221233041,-35.574074916164555],[-58.06920411045249,-35.5740785511017],[-58.06920623124993,-35.57408209949359],[-58.069208464466335,-35.574085559573554],[-58.069210918195786,-35.57408902318673],[-58.06921348650659,-35.57409230840956],[-58.069216165074025,-35.57409559539893],[-58.06921895606046,-35.57409879407638],[-58.06922185730358,-35.57410199452037],[-58.06922498338451,-35.57410501834058],[-58.06922822188443,-35.57410795384884],[-58.06923157280337,-35.57411080104516],[-58.06923503614134,-35.574113559929515],[-58.069238611898356,-35.57411623050191],[-58.069242300074364,-35.574118812762315],[-58.06924610283169,-35.57412121663228],[-58.06924990775156,-35.574123530423684],[-58.06925393534691,-35.57412575766965],[-58.06925807536129,-35.57412789660358],[-58.069262217538146,-35.574129945458914],[-58.06926647429627,-35.574131815923785],[-58.069270735379156,-35.5741335062316],[-58.069275216975235,-35.57413520007234],[-58.06927959263951,-35.57413671198946],[-58.06928419314149,-35.5741380472826],[-58.069288795805896,-35.57413929249711],[-58.06929340063269,-35.574140447633006],[-58.06929812004062,-35.57414142437831],[-58.06930284161091,-35.57414231104501],[-58.06930756750576,-35.57414301755459],[-58.069312297725126,-35.5741435439071],[-58.069317138201114,-35.574144072025895],[-58.069321985163825,-35.57414432990913],[-58.069326728356636,-35.574144315790306],[-58.06933158613042,-35.57414412328087],[-58.06933633580983,-35.57414383892627],[-58.06934108765138,-35.57414346449303],[-58.06934584597951,-35.57414281982423],[-58.069350494051015,-35.57414217338873],[-58.06935525670334,-35.574141348562634],[-58.06935991342338,-35.57414034181295],[-58.06936446204895,-35.57413924321816],[-58.06936901283657,-35.57413805454472],[-58.06937356794838,-35.57413668571418],[-58.06937801496565,-35.57413522503856],[-58.06938235605057,-35.57413358243937],[-58.0693865890409,-35.57413184799514],[-58.06939082419322,-35.57413002347228],[-58.06939495341308,-35.574128017025885],[-58.06939908479489,-35.5741259205009],[-58.06940299782559,-35.57412373036441],[-58.06940691301818,-35.57412145014938],[-58.069410612021784,-35.57411898624439],[-58.06941431318727,-35.57411643226083],[-58.06941790625817,-35.57411378643228],[-58.06942127881581,-35.57411113707079],[-58.06942465569743,-35.57410830755224],[-58.06942781422795,-35.5741053844223],[-58.069430864663865,-35.57410236944743],[-58.06943380700514,-35.574099262627605],[-58.069436641251805,-35.57409606396282],[-58.06943936740386,-35.574092773453124],[-58.06944187304275,-35.574089479410574],[-58.06944427058707,-35.57408609352306],[-58.06944644978035,-35.574082614024285],[-58.06944851871696,-35.574079132759074],[-58.069450808166316,-35.574075655026576],[-58.06945287710256,-35.57407217376126],[-58.06945472552577,-35.574068688963145],[-58.069456576110895,-35.574065114086544],[-58.06945820834502,-35.57406144559868],[-58.06945962006617,-35.57405777357801],[-58.069460921530776,-35.574054099790985],[-58.069462114900894,-35.57405033415906],[-58.069463087758095,-35.574046564994376],[-58.06946395252084,-35.57404270398487],[-58.069464594608675,-35.574038929521066],[-58.0694651286021,-35.5740350632124],[-58.069465442082695,-35.574031193371006],[-58.06946564530687,-35.57402732176327],[-58.06946562801831,-35.57402344662275],[-58.069465500473356,-35.57401956971588],[-58.06946526050999,-35.57401578112108],[-58.069464802195995,-35.57401189891513],[-58.0694641212073,-35.57400810325485],[-58.069463442380666,-35.574004217516105],[-58.06946242846103,-35.5740005066352],[-58.06946130644719,-35.57399670390942],[-58.06946007201505,-35.57399298949578],[-58.06945872732672,-35.57398927331571],[-58.069457159963804,-35.573985643681354],[-58.06945537208842,-35.573982010514236],[-58.069453582051125,-35.573978467425555],[-58.069451459083034,-35.5739750091162],[-58.0694493361151,-35.57397155080679],[-58.06944699047271,-35.57396817904306],[-58.069444642668465,-35.57396489735775],[-58.06944196409554,-35.57396161037323],[-58.069439283360765,-35.573958413467146],[-58.069436488045795,-35.573955394951504],[-58.069433472218506,-35.57395237290306],[-58.06943034181099,-35.57394952924508],[-58.06942699089121,-35.573946682054206],[-58.06942363564749,-35.57394401502018],[-58.06942016798563,-35.57394143629813],[-58.06941658790568,-35.57393894588807],[-58.06941289540762,-35.57393654378991],[-58.0694090883293,-35.573934320082195],[-58.06940517099499,-35.57393209460795],[-58.06940113908044,-35.57393004752408],[-58.069397105004,-35.57392809051855],[-58.069392956347286,-35.5739263119034],[-58.06938869743452,-35.57392453152164],[-58.069384434197715,-35.57392293129673],[-58.069380056380616,-35.5739215094621],[-58.06937567856365,-35.57392008762737],[-58.06937118616636,-35.57391884418294],[-58.06936668944495,-35.57391778089524],[-58.06936208030526,-35.57391680591944],[-58.069357469003556,-35.57391592102189],[-58.06935285337764,-35.57391521628113],[-58.06934823558967,-35.57391460161865],[-58.06934350322119,-35.57391416534642],[-58.06933887894685,-35.57391382091896],[-58.06933414009193,-35.57391365488177],[-58.06932939907492,-35.573913578922856],[-58.069324653733474,-35.57391368312067],[-58.06932001648608,-35.57391387916329],[-58.06931526682027,-35.57391416351766],[-58.0693106230862,-35.57391462979529],[-58.069305977189906,-35.57391518615118],[-58.06930132696911,-35.57391592266383],[-58.06929667458602,-35.57391674925475],[-58.06929212813458,-35.573917757768946],[-58.06928757952082,-35.573918856361416],[-58.069283136838685,-35.57392013687716],[-58.06927869415641,-35.57392141739273],[-58.069274355243486,-35.57392296991006],[-58.0692701265866,-35.57392452419375],[-58.06926589360505,-35.57392625863423],[-58.069261658461066,-35.573928083153014],[-58.069257641667086,-35.57393000128322],[-58.069253620548366,-35.57393209957014],[-58.069249707523404,-35.573934289701995],[-58.06887352556378,-35.573766959356696]]]}},{"type":"Feature","properties":{"CCA":"027110M000000000000000011000","ARA1":22408.89,"SAG":"ARBA","PARTIDO":"027","CIRC":11,"SECC":"M","CHACRA":null,"CHACRA_L":null,"QUINTA":null,"QUINTA_L":null,"FRACCION":11,"FRACC_L":null,"NOMENCLA":"Circ. XI - Secc. M - Fr. 11"},"geometry":{"type":"Polygon","coordinates":[[[-58.064075567107324,-35.57224924740348],[-58.06402359836076,-35.572222550074024],[-58.06395763722875,-35.57227312513159],[-58.06386510054165,-35.57232345339766],[-58.06379744802983,-35.57235264440087],[-58.06372409730029,-35.572375706233885],[-58.06364047158239,-35.572394908282895],[-58.06355771335977,-35.57240556347581],[-58.06347337105297,-35.57240871377431],[-58.06338743601075,-35.57240471948843],[-58.06332554098838,-35.57239633550664],[-58.063265358345205,-35.57238554596259],[-58.06318057755298,-35.5724664565434],[-58.063091667305244,-35.572549373286684],[-58.06300508559632,-35.57262719094758],[-58.062887859845944,-35.57272713431092],[-58.06280361121242,-35.57279507689219],[-58.062700769500324,-35.572874795643585],[-58.06258766267395,-35.57295939559437],[-58.06248516078955,-35.57302956763884],[-58.06237963845412,-35.57310149328596],[-58.0622747301356,-35.573170815433556],[-58.06213314197702,-35.57325639876107],[-58.06201330368734,-35.57332277718867],[-58.06189470622396,-35.573388003981094],[-58.06176597812692,-35.57345252703048],[-58.06163907469133,-35.57351455612557],[-58.06151227309675,-35.573572351411784],[-58.06138464572923,-35.57362779033915],[-58.0612598315016,-35.57367633568912],[-58.06112037824593,-35.57373275553558],[-58.06100186613128,-35.5737760853472],[-58.06085872514953,-35.57382532662186],[-58.06073929865166,-35.573865397389376],[-58.06057664045732,-35.57390981858306],[-58.060452748047524,-35.57394296860132],[-58.06029275360195,-35.57398211561619],[-58.06015260178148,-35.574012570547545],[-58.060012279320866,-35.57404094996915],[-58.05987190735061,-35.57406680526609],[-58.059694313893864,-35.57409476446168],[-58.059543684178365,-35.57411603867107],[-58.05941083659585,-35.57413174171646],[-58.05948388179163,-35.5745649193992],[-58.05966432072048,-35.57454250323992],[-58.05985934004126,-35.57451464444521],[-58.06000169035058,-35.5744936871251],[-58.06013911816174,-35.574471028359746],[-58.0602681300241,-35.57444517012481],[-58.06043837655161,-35.57441087404673],[-58.06057175608046,-35.574377696521616],[-58.060754030491566,-35.57432944584124],[-58.06087925949913,-35.57429577635277],[-58.06104194705572,-35.57424558800537],[-58.06120067653687,-35.57419028942646],[-58.0613420821176,-35.574139848366855],[-58.06149523327307,-35.574087163036786],[-58.06163162796887,-35.574029522097014],[-58.06177555938747,-35.57396578442803],[-58.06191627580412,-35.573902715779056],[-58.06205884724898,-35.57383589204905],[-58.062178599480845,-35.57377311672774],[-58.06231091931471,-35.57370144195895],[-58.06245102880571,-35.57362232279726],[-58.062583318580145,-35.57354271729311],[-58.06270985096219,-35.57346401032266],[-58.06281142129356,-35.57339589572047],[-58.06294998988548,-35.57329827802209],[-58.0630864828232,-35.57319981577777],[-58.06319316001959,-35.57311655382659],[-58.063305013169995,-35.57302445377386],[-58.063408756762435,-35.572934746450805],[-58.06354814721178,-35.57281208982214],[-58.06365328337126,-35.57271032950992],[-58.06378516993379,-35.57257863082444],[-58.06390516165423,-35.57244620019993],[-58.0640060388044,-35.57233346745556],[-58.064075567107324,-35.57224924740348]]]}},{"type":"Feature","properties":{"CCA":"027050A000000000000000016000","ARA1":8250.63,"SAG":"ARBA","PARTIDO":"027","CIRC":5,"SECC":"A","CHACRA":null,"CHACRA_L":null,"QUINTA":null,"QUINTA_L":null,"FRACCION":16,"FRACC_L":null,"NOMENCLA":"Circ. V - Secc. A - Fr. 16"},"geometry":{"type":"Polygon","coordinates":[[[-58.023638591244286,-35.50810552033151],[-58.02359316541588,-35.50820975771588],[-58.023547968623575,-35.50831363838065],[-58.023501491456805,-35.50842029154853],[-58.0234525571884,-35.50853276177885],[-58.023407357807876,-35.50863673245095],[-58.023269553179595,-35.50895320394811],[-58.02328857862739,-35.50899082265076],[-58.02336956583824,-35.50901395750356],[-58.023473647634276,-35.509043598517536],[-58.023576193832135,-35.509072943936154],[-58.02368333831503,-35.50910353609722],[-58.02407284436865,-35.50921481048761],[-58.02412677095139,-35.509195418597336],[-58.02415232968053,-35.50913735391439],[-58.02419435090088,-35.50904162130075],[-58.02423625302273,-35.508946247170954],[-58.02427780909671,-35.50885149814658],[-58.02432053072014,-35.50875415491779],[-58.024362785092954,-35.50865788537425],[-58.0243999030123,-35.508573336493974],[-58.02405327865633,-35.508250369052995],[-58.02401394762667,-35.508213859564655],[-58.023713334822666,-35.50793372793131],[-58.023638591244286,-35.50810552033151]]]}},{"type":"Feature","properties":{"CCA":"027050A000000000000000001000","ARA1":12220.58,"SAG":"ARBA","PARTIDO":"027","CIRC":5,"SECC":"A","CHACRA":null,"CHACRA_L":null,"QUINTA":null,"QUINTA_L":null,"FRACCION":1,"FRACC_L":null,"NOMENCLA":"Circ. V - Secc. A - Fr. 1"},"geometry":{"type":"Polygon","coordinates":[[[-58.02186829378783,-35.51119287722859],[-58.021364625415,-35.51157462364096],[-58.02154023599269,-35.511730066375705],[-58.02169621440668,-35.5118681554195],[-58.02185995970641,-35.51201313015612],[-58.02202219417454,-35.51215681831163],[-58.02220169159204,-35.512315658047754],[-58.02260620559593,-35.512673823038455],[-58.02264552591687,-35.51266140139994],[-58.02273692231105,-35.5124310390282],[-58.02280952468321,-35.51224794814518],[-58.022874016973674,-35.51208545025506],[-58.02297164190507,-35.511839239763226],[-58.02301663510458,-35.511725804083525],[-58.02304636092086,-35.51165068650592],[-58.02301332272374,-35.5115957165518],[-58.02264480198812,-35.51149568640416],[-58.02252623271942,-35.511463464130145],[-58.02204931483337,-35.5113344404523],[-58.02204300997611,-35.51134884524856],[-58.02186829378783,-35.51119287722859]]]}},{"type":"Feature","properties":{"CCA":"027050A000000000000000017000","ARA1":6700.9,"SAG":"ARBA","PARTIDO":"027","CIRC":5,"SECC":"A","CHACRA":null,"CHACRA_L":null,"QUINTA":null,"QUINTA_L":null,"FRACCION":17,"FRACC_L":null,"NOMENCLA":"Circ. V - Secc. A - Fr. 17"},"geometry":{"type":"Polygon","coordinates":[[[-58.02462778294887,-35.5185684517784],[-58.02403467196771,-35.51903182733651],[-58.02372193237273,-35.519276134877394],[-58.023460657897196,-35.519480283772175],[-58.02310588372509,-35.51975751275375],[-58.02237116151566,-35.52033137940955],[-58.02269992761824,-35.520606749669206],[-58.02334166384713,-35.5199502550261],[-58.0236453412377,-35.51963965706399],[-58.023868861121294,-35.51941091896752],[-58.0241364711036,-35.519137125489976],[-58.02466377002611,-35.518597697271126],[-58.02462778294887,-35.5185684517784]]]}}]}