{
    "type": "FeatureCollection",
    "features": [
        {
            "type": "Feature",
            "geometry": {
                "type": "Polygon",
                "coordinates": [
                    [
                        [
                            -57.70363,
                            -35.483574,
                            0
                        ],
                        [
                            -57.702256,
                            -35.48616,
                            0
                        ],
                        [
                            -57.697107,
                            -35.488187,
                            0
                        ],
                        [
                            -57.694703,
                            -35.49203,
                            0
                        ],
                        [
                            -57.690498,
                            -35.489584,
                            0
                        ],
                        [
                            -57.688523,
                            -35.488466,
                            0
                        ],
                        [
                            -57.684146,
                            -35.487558,
                            0
                        ],
                        [
                            -57.681056,
                            -35.488816,
                            0
                        ],
                        [
                            -57.678567,
                            -35.489025,
                            0
                        ],
                        [
                            -57.676507,
                            -35.488047,
                            0
                        ],
                        [
                            -57.675134,
                            -35.486439,
                            0
                        ],
                        [
                            -57.674361,
                            -35.484622,
                            0
                        ],
                        [
                            -57.675048,
                            -35.473649,
                            0
                        ],
                        [
                            -57.675649,
                            -35.4726,
                            0
                        ],
                        [
                            -57.675477,
                            -35.471622,
                            0
                        ],
                        [
                            -57.675735,
                            -35.470713,
                            0
                        ],
                        [
                            -57.676679,
                            -35.470154,
                            0
                        ],
                        [
                            -57.67582,
                            -35.469455,
                            0
                        ],
                        [
                            -57.674705,
                            -35.469035,
                            0
                        ],
                        [
                            -57.674447,
                            -35.467637,
                            0
                        ],
                        [
                            -57.672731,
                            -35.466099,
                            0
                        ],
                        [
                            -57.672387,
                            -35.464492,
                            0
                        ],
                        [
                            -57.670756,
                            -35.464072,
                            0
                        ],
                        [
                            -57.668954,
                            -35.464562,
                            0
                        ],
                        [
                            -57.666551,
                            -35.464631,
                            0
                        ],
                        [
                            -57.664062,
                            -35.464562,
                            0
                        ],
                        [
                            -57.66183,
                            -35.464282,
                            0
                        ],
                        [
                            -57.660371,
                            -35.463373,
                            0
                        ],
                        [
                            -57.659084,
                            -35.462884,
                            0
                        ],
                        [
                            -57.657624,
                            -35.462814,
                            0
                        ],
                        [
                            -57.65771,
                            -35.463583,
                            0
                        ],
                        [
                            -57.656852,
                            -35.463373,
                            0
                        ],
                        [
                            -57.656079,
                            -35.463024,
                            0
                        ],
                        [
                            -57.654449,
                            -35.463443,
                            0
                        ],
                        [
                            -57.653934,
                            -35.463932,
                            0
                        ],
                        [
                            -57.652045,
                            -35.46554,
                            0
                        ],
                        [
                            -57.652646,
                            -35.468546,
                            0
                        ],
                        [
                            -57.65299,
                            -35.472181,
                            0
                        ],
                        [
                            -57.653762,
                            -35.476585,
                            0
                        ],
                        [
                            -57.652045,
                            -35.480988,
                            0
                        ],
                        [
                            -57.650844,
                            -35.481757,
                            0
                        ],
                        [
                            -57.64578,
                            -35.481058,
                            0
                        ],
                        [
                            -57.642261,
                            -35.481477,
                            0
                        ],
                        [
                            -57.6396,
                            -35.483015,
                            0
                        ],
                        [
                            -57.639171,
                            -35.484203,
                            0
                        ],
                        [
                            -57.637883,
                            -35.483714,
                            0
                        ],
                        [
                            -57.635051,
                            -35.484063,
                            0
                        ],
                        [
                            -57.629386,
                            -35.480289,
                            0
                        ],
                        [
                            -57.62724,
                            -35.479241,
                            0
                        ],
                        [
                            -57.62664,
                            -35.477913,
                            0
                        ],
                        [
                            -57.625352,
                            -35.477423,
                            0
                        ],
                        [
                            -57.624322,
                            -35.475257,
                            0
                        ],
                        [
                            -57.624236,
                            -35.473719,
                            0
                        ],
                        [
                            -57.624665,
                            -35.471901,
                            0
                        ],
                        [
                            -57.623893,
                            -35.470643,
                            0
                        ],
                        [
                            -57.623893,
                            -35.469455,
                            0
                        ],
                        [
                            -57.62415,
                            -35.468406,
                            0
                        ],
                        [
                            -57.62518,
                            -35.467777,
                            0
                        ],
                        [
                            -57.62724,
                            -35.467288,
                            0
                        ],
                        [
                            -57.628064,
                            -35.466649,
                            0
                        ],
                        [
                            -57.629628,
                            -35.466705,
                            0
                        ],
                        [
                            -57.631103,
                            -35.466379,
                            0
                        ],
                        [
                            -57.632133,
                            -35.467008,
                            0
                        ],
                        [
                            -57.633935,
                            -35.467358,
                            0
                        ],
                        [
                            -57.635995,
                            -35.467498,
                            0
                        ],
                        [
                            -57.637197,
                            -35.466868,
                            0
                        ],
                        [
                            -57.639257,
                            -35.466938,
                            0
                        ],
                        [
                            -57.640887,
                            -35.466379,
                            0
                        ],
                        [
                            -57.642776,
                            -35.464002,
                            0
                        ],
                        [
                            -57.644321,
                            -35.463024,
                            0
                        ],
                        [
                            -57.646395,
                            -35.462887,
                            0
                        ],
                        [
                            -57.647394,
                            -35.461733,
                            0
                        ],
                        [
                            -57.648831,
                            -35.461028,
                            0
                        ],
                        [
                            -57.650329,
                            -35.460577,
                            0
                        ],
                        [
                            -57.651788,
                            -35.460297,
                            0
                        ],
                        [
                            -57.653505,
                            -35.460367,
                            0
                        ],
                        [
                            -57.655135,
                            -35.460507,
                            0
                        ],
                        [
                            -57.656853,
                            -35.460357,
                            0
                        ],
                        [
                            -57.658054,
                            -35.461066,
                            0
                        ],
                        [
                            -57.659084,
                            -35.461905,
                            0
                        ],
                        [
                            -57.660543,
                            -35.462464,
                            0
                        ],
                        [
                            -57.662345,
                            -35.462954,
                            0
                        ],
                        [
                            -57.663633,
                            -35.463303,
                            0
                        ],
                        [
                            -57.666207,
                            -35.463303,
                            0
                        ],
                        [
                            -57.668439,
                            -35.463303,
                            0
                        ],
                        [
                            -57.671014,
                            -35.462954,
                            0
                        ],
                        [
                            -57.672473,
                            -35.463024,
                            0
                        ],
                        [
                            -57.672988,
                            -35.464142,
                            0
                        ],
                        [
                            -57.673589,
                            -35.46568,
                            0
                        ],
                        [
                            -57.674791,
                            -35.466589,
                            0
                        ],
                        [
                            -57.675477,
                            -35.467777,
                            0
                        ],
                        [
                            -57.675992,
                            -35.468896,
                            0
                        ],
                        [
                            -57.677623,
                            -35.469595,
                            0
                        ],
                        [
                            -57.67788,
                            -35.470224,
                            0
                        ],
                        [
                            -57.678825,
                            -35.471202,
                            0
                        ],
                        [
                            -57.682086,
                            -35.472181,
                            0
                        ],
                        [
                            -57.682773,
                            -35.47316,
                            0
                        ],
                        [
                            -57.682515,
                            -35.474138,
                            0
                        ],
                        [
                            -57.683202,
                            -35.475676,
                            0
                        ],
                        [
                            -57.683974,
                            -35.476864,
                            0
                        ],
                        [
                            -57.684747,
                            -35.478472,
                            0
                        ],
                        [
                            -57.684919,
                            -35.479031,
                            0
                        ],
                        [
                            -57.685691,
                            -35.47959,
                            0
                        ],
                        [
                            -57.68715,
                            -35.47938,
                            0
                        ],
                        [
                            -57.687579,
                            -35.480009,
                            0
                        ],
                        [
                            -57.687665,
                            -35.481058,
                            0
                        ],
                        [
                            -57.688953,
                            -35.482246,
                            0
                        ],
                        [
                            -57.692214,
                            -35.482805,
                            0
                        ],
                        [
                            -57.693158,
                            -35.483015,
                            0
                        ],
                        [
                            -57.694274,
                            -35.482805,
                            0
                        ],
                        [
                            -57.695647,
                            -35.482386,
                            0
                        ],
                        [
                            -57.696592,
                            -35.482316,
                            0
                        ],
                        [
                            -57.697879,
                            -35.481966,
                            0
                        ],
                        [
                            -57.698823,
                            -35.481827,
                            0
                        ],
                        [
                            -57.697965,
                            -35.482805,
                            0
                        ],
                        [
                            -57.696592,
                            -35.483294,
                            0
                        ],
                        [
                            -57.693158,
                            -35.483784,
                            0
                        ],
                        [
                            -57.693587,
                            -35.484483,
                            0
                        ],
                        [
                            -57.69539,
                            -35.484203,
                            0
                        ],
                        [
                            -57.696248,
                            -35.484483,
                            0
                        ],
                        [
                            -57.696248,
                            -35.485461,
                            0
                        ],
                        [
                            -57.696849,
                            -35.487418,
                            0
                        ],
                        [
                            -57.698995,
                            -35.486719,
                            0
                        ],
                        [
                            -57.701312,
                            -35.48581,
                            0
                        ],
                        [
                            -57.702428,
                            -35.483434,
                            0
                        ],
                        [
                            -57.70363,
                            -35.483574,
                            0
                        ]
                    ]
                ]
            },
            "properties": {
                "name": "Rio Samborombon",
                "SUP_HA": 771.9,
                "SUP_REF_HA": null,
                "PROF_MED_M": null,
                "PROF_MAX_M": null,
                "COTA_MSNM": null,
                "COTA_DESB_M": null,
                "SISTEMA": null,
                "FUENTE": null
            }
        },
        {
            "type": "Feature",
            "geometry": {
                "type": "Polygon",
                "coordinates": [
                    [
                        [
                            -57.916446,
                            -35.53057,
                            0
                        ],
                        [
                            -57.915931,
                            -35.53518,
                            0
                        ],
                        [
                            -57.914901,
                            -35.536157,
                            0
                        ],
                        [
                            -57.913185,
                            -35.537205,
                            0
                        ],
                        [
                            -57.912498,
                            -35.5393,
                            0
                        ],
                        [
                            -57.910438,
                            -35.538881,
                            0
                        ],
                        [
                            -57.909666,
                            -35.540139,
                            0
                        ],
                        [
                            -57.90855,
                            -35.540488,
                            0
                        ],
                        [
                            -57.906919,
                            -35.540627,
                            0
                        ],
                        [
                            -57.906232,
                            -35.541465,
                            0
                        ],
                        [
                            -57.906404,
                            -35.543561,
                            0
                        ],
                        [
                            -57.906747,
                            -35.545097,
                            0
                        ],
                        [
                            -57.906833,
                            -35.546564,
                            0
                        ],
                        [
                            -57.906833,
                            -35.54831,
                            0
                        ],
                        [
                            -57.906232,
                            -35.549636,
                            0
                        ],
                        [
                            -57.903057,
                            -35.550684,
                            0
                        ],
                        [
                            -57.901426,
                            -35.550754,
                            0
                        ],
                        [
                            -57.899881,
                            -35.550474,
                            0
                        ],
                        [
                            -57.89825,
                            -35.549497,
                            0
                        ],
                        [
                            -57.897134,
                            -35.549008,
                            0
                        ],
                        [
                            -57.89619,
                            -35.549008,
                            0
                        ],
                        [
                            -57.891298,
                            -35.549636,
                            0
                        ],
                        [
                            -57.890611,
                            -35.547751,
                            0
                        ],
                        [
                            -57.889238,
                            -35.547332,
                            0
                        ],
                        [
                            -57.887264,
                            -35.546075,
                            0
                        ],
                        [
                            -57.885891,
                            -35.544957,
                            0
                        ],
                        [
                            -57.885461,
                            -35.543561,
                            0
                        ],
                        [
                            -57.88692,
                            -35.541605,
                            0
                        ],
                        [
                            -57.887607,
                            -35.541046,
                            0
                        ],
                        [
                            -57.888036,
                            -35.540418,
                            0
                        ],
                        [
                            -57.88838,
                            -35.53965,
                            0
                        ],
                        [
                            -57.888723,
                            -35.538812,
                            0
                        ],
                        [
                            -57.88898,
                            -35.536856,
                            0
                        ],
                        [
                            -57.887607,
                            -35.533853,
                            0
                        ],
                        [
                            -57.887092,
                            -35.532735,
                            0
                        ],
                        [
                            -57.887092,
                            -35.531757,
                            0
                        ],
                        [
                            -57.888036,
                            -35.531268,
                            0
                        ],
                        [
                            -57.890268,
                            -35.530151,
                            0
                        ],
                        [
                            -57.89044,
                            -35.529662,
                            0
                        ],
                        [
                            -57.891212,
                            -35.528614,
                            0
                        ],
                        [
                            -57.891899,
                            -35.528055,
                            0
                        ],
                        [
                            -57.892757,
                            -35.527846,
                            0
                        ],
                        [
                            -57.894044,
                            -35.527357,
                            0
                        ],
                        [
                            -57.894817,
                            -35.527007,
                            0
                        ],
                        [
                            -57.895332,
                            -35.526448,
                            0
                        ],
                        [
                            -57.89516,
                            -35.52568,
                            0
                        ],
                        [
                            -57.895332,
                            -35.524912,
                            0
                        ],
                        [
                            -57.895675,
                            -35.524213,
                            0
                        ],
                        [
                            -57.89619,
                            -35.523584,
                            0
                        ],
                        [
                            -57.896963,
                            -35.523095,
                            0
                        ],
                        [
                            -57.900911,
                            -35.522467,
                            0
                        ],
                        [
                            -57.903572,
                            -35.521978,
                            0
                        ],
                        [
                            -57.904258,
                            -35.521559,
                            0
                        ],
                        [
                            -57.905202,
                            -35.521,
                            0
                        ],
                        [
                            -57.906147,
                            -35.52065,
                            0
                        ],
                        [
                            -57.907434,
                            -35.520511,
                            0
                        ],
                        [
                            -57.910953,
                            -35.520441,
                            0
                        ],
                        [
                            -57.911983,
                            -35.52086,
                            0
                        ],
                        [
                            -57.912841,
                            -35.521698,
                            0
                        ],
                        [
                            -57.914815,
                            -35.522746,
                            0
                        ],
                        [
                            -57.915931,
                            -35.524004,
                            0
                        ],
                        [
                            -57.91679,
                            -35.52568,
                            0
                        ],
                        [
                            -57.917219,
                            -35.527217,
                            0
                        ],
                        [
                            -57.91739,
                            -35.528754,
                            0
                        ],
                        [
                            -57.916446,
                            -35.53057,
                            0
                        ]
                    ]
                ]
            },
            "properties": {
                "name": "Laguna Las Mulas",
                "SUP_HA": 638,
                "SUP_REF_HA": null,
                "PROF_MED_M": null,
                "PROF_MAX_M": null,
                "COTA_MSNM": null,
                "COTA_DESB_M": null,
                "SISTEMA": null,
                "FUENTE": null
            }
        },
        {
            "type": "Feature",
            "geometry": {
                "type": "Polygon",
                "coordinates": [
                    [
                        [
                            -57.927604,
                            -35.594622,
                            0
                        ],
                        [
                            -57.927948,
                            -35.59553,
                            0
                        ],
                        [
                            -57.926403,
                            -35.595669,
                            0
                        ],
                        [
                            -57.925201,
                            -35.594483,
                            0
                        ],
                        [
                            -57.924514,
                            -35.595041,
                            0
                        ],
                        [
                            -57.917562,
                            -35.593715,
                            0
                        ],
                        [
                            -57.915931,
                            -35.594622,
                            0
                        ],
                        [
                            -57.913871,
                            -35.592249,
                            0
                        ],
                        [
                            -57.912584,
                            -35.592319,
                            0
                        ],
                        [
                            -57.912498,
                            -35.591342,
                            0
                        ],
                        [
                            -57.907262,
                            -35.587294,
                            0
                        ],
                        [
                            -57.906232,
                            -35.586177,
                            0
                        ],
                        [
                            -57.904516,
                            -35.586456,
                            0
                        ],
                        [
                            -57.90237,
                            -35.584641,
                            0
                        ],
                        [
                            -57.899366,
                            -35.584781,
                            0
                        ],
                        [
                            -57.897821,
                            -35.582966,
                            0
                        ],
                        [
                            -57.895074,
                            -35.581849,
                            0
                        ],
                        [
                            -57.893358,
                            -35.581221,
                            0
                        ],
                        [
                            -57.89207,
                            -35.580802,
                            0
                        ],
                        [
                            -57.891212,
                            -35.580802,
                            0
                        ],
                        [
                            -57.889495,
                            -35.581221,
                            0
                        ],
                        [
                            -57.887865,
                            -35.58136,
                            0
                        ],
                        [
                            -57.885118,
                            -35.581849,
                            0
                        ],
                        [
                            -57.88323,
                            -35.581709,
                            0
                        ],
                        [
                            -57.882028,
                            -35.580941,
                            0
                        ],
                        [
                            -57.88117,
                            -35.579755,
                            0
                        ],
                        [
                            -57.880741,
                            -35.578498,
                            0
                        ],
                        [
                            -57.880998,
                            -35.576823,
                            0
                        ],
                        [
                            -57.881685,
                            -35.574938,
                            0
                        ],
                        [
                            -57.882371,
                            -35.57431,
                            0
                        ],
                        [
                            -57.883831,
                            -35.572634,
                            0
                        ],
                        [
                            -57.884088,
                            -35.571727,
                            0
                        ],
                        [
                            -57.884346,
                            -35.569981,
                            0
                        ],
                        [
                            -57.884689,
                            -35.567957,
                            0
                        ],
                        [
                            -57.88529,
                            -35.5667,
                            0
                        ],
                        [
                            -57.886405,
                            -35.565932,
                            0
                        ],
                        [
                            -57.887264,
                            -35.565094,
                            0
                        ],
                        [
                            -57.888036,
                            -35.563907,
                            0
                        ],
                        [
                            -57.889152,
                            -35.563279,
                            0
                        ],
                        [
                            -57.890955,
                            -35.562581,
                            0
                        ],
                        [
                            -57.892328,
                            -35.562092,
                            0
                        ],
                        [
                            -57.893787,
                            -35.561463,
                            0
                        ],
                        [
                            -57.895074,
                            -35.560486,
                            0
                        ],
                        [
                            -57.896104,
                            -35.559997,
                            0
                        ],
                        [
                            -57.89722,
                            -35.559438,
                            0
                        ],
                        [
                            -57.898679,
                            -35.559159,
                            0
                        ],
                        [
                            -57.900138,
                            -35.55881,
                            0
                        ],
                        [
                            -57.901083,
                            -35.55902,
                            0
                        ],
                        [
                            -57.902456,
                            -35.558461,
                            0
                        ],
                        [
                            -57.903829,
                            -35.558112,
                            0
                        ],
                        [
                            -57.90546,
                            -35.558182,
                            0
                        ],
                        [
                            -57.906576,
                            -35.557972,
                            0
                        ],
                        [
                            -57.90752,
                            -35.557832,
                            0
                        ],
                        [
                            -57.90855,
                            -35.558112,
                            0
                        ],
                        [
                            -57.908979,
                            -35.558601,
                            0
                        ],
                        [
                            -57.908721,
                            -35.559369,
                            0
                        ],
                        [
                            -57.909494,
                            -35.559648,
                            0
                        ],
                        [
                            -57.910524,
                            -35.559718,
                            0
                        ],
                        [
                            -57.911125,
                            -35.560346,
                            0
                        ],
                        [
                            -57.913785,
                            -35.563907,
                            0
                        ],
                        [
                            -57.913957,
                            -35.565373,
                            0
                        ],
                        [
                            -57.91533,
                            -35.565583,
                            0
                        ],
                        [
                            -57.915073,
                            -35.566281,
                            0
                        ],
                        [
                            -57.917648,
                            -35.567957,
                            0
                        ],
                        [
                            -57.917305,
                            -35.569004,
                            0
                        ],
                        [
                            -57.916704,
                            -35.570121,
                            0
                        ],
                        [
                            -57.917991,
                            -35.570749,
                            0
                        ],
                        [
                            -57.917476,
                            -35.572146,
                            0
                        ],
                        [
                            -57.918163,
                            -35.572844,
                            0
                        ],
                        [
                            -57.917991,
                            -35.573681,
                            0
                        ],
                        [
                            -57.918849,
                            -35.574449,
                            0
                        ],
                        [
                            -57.918163,
                            -35.576893,
                            0
                        ],
                        [
                            -57.919107,
                            -35.57794,
                            0
                        ],
                        [
                            -57.919279,
                            -35.578777,
                            0
                        ],
                        [
                            -57.919879,
                            -35.580592,
                            0
                        ],
                        [
                            -57.921854,
                            -35.581081,
                            0
                        ],
                        [
                            -57.923742,
                            -35.58143,
                            0
                        ],
                        [
                            -57.924858,
                            -35.582128,
                            0
                        ],
                        [
                            -57.92563,
                            -35.582826,
                            0
                        ],
                        [
                            -57.924686,
                            -35.584013,
                            0
                        ],
                        [
                            -57.925802,
                            -35.584851,
                            0
                        ],
                        [
                            -57.925373,
                            -35.585549,
                            0
                        ],
                        [
                            -57.925802,
                            -35.586316,
                            0
                        ],
                        [
                            -57.9246,
                            -35.586735,
                            0
                        ],
                        [
                            -57.924943,
                            -35.587573,
                            0
                        ],
                        [
                            -57.924085,
                            -35.591412,
                            0
                        ],
                        [
                            -57.925201,
                            -35.59211,
                            0
                        ],
                        [
                            -57.925029,
                            -35.593017,
                            0
                        ],
                        [
                            -57.925373,
                            -35.594064,
                            0
                        ],
                        [
                            -57.927604,
                            -35.594622,
                            0
                        ]
                    ]
                ]
            },
            "properties": {
                "name": "Laguna Yalca",
                "SUP_HA": 941,
                "SUP_REF_HA": null,
                "PROF_MED_M": null,
                "PROF_MAX_M": null,
                "COTA_MSNM": null,
                "COTA_DESB_M": null,
                "SISTEMA": null,
                "FUENTE": null
            }
        },
        {
            "type": "Feature",
            "geometry": {
                "type": "Polygon",
                "coordinates": [
                    [
                        [
                            -57.827541,
                            -35.600051,
                            0
                        ],
                        [
                            -57.82943,
                            -35.602005,
                            0
                        ],
                        [
                            -57.828743,
                            -35.603122,
                            0
                        ],
                        [
                            -57.830202,
                            -35.604518,
                            0
                        ],
                        [
                            -57.832605,
                            -35.60696,
                            0
                        ],
                        [
                            -57.83252,
                            -35.608286,
                            0
                        ],
                        [
                            -57.832005,
                            -35.609891,
                            0
                        ],
                        [
                            -57.830545,
                            -35.611984,
                            0
                        ],
                        [
                            -57.826511,
                            -35.613729,
                            0
                        ],
                        [
                            -57.82428,
                            -35.614427,
                            0
                        ],
                        [
                            -57.823507,
                            -35.616939,
                            0
                        ],
                        [
                            -57.822477,
                            -35.617846,
                            0
                        ],
                        [
                            -57.821362,
                            -35.618753,
                            0
                        ],
                        [
                            -57.820932,
                            -35.619939,
                            0
                        ],
                        [
                            -57.819988,
                            -35.620776,
                            0
                        ],
                        [
                            -57.816641,
                            -35.621474,
                            0
                        ],
                        [
                            -57.815783,
                            -35.620916,
                            0
                        ],
                        [
                            -57.812349,
                            -35.619799,
                            0
                        ],
                        [
                            -57.810204,
                            -35.618962,
                            0
                        ],
                        [
                            -57.808315,
                            -35.617706,
                            0
                        ],
                        [
                            -57.807371,
                            -35.61645,
                            0
                        ],
                        [
                            -57.804539,
                            -35.61638,
                            0
                        ],
                        [
                            -57.802908,
                            -35.615683,
                            0
                        ],
                        [
                            -57.802135,
                            -35.615264,
                            0
                        ],
                        [
                            -57.802393,
                            -35.61652,
                            0
                        ],
                        [
                            -57.80162,
                            -35.616729,
                            0
                        ],
                        [
                            -57.800247,
                            -35.616171,
                            0
                        ],
                        [
                            -57.799561,
                            -35.615194,
                            0
                        ],
                        [
                            -57.798702,
                            -35.615334,
                            0
                        ],
                        [
                            -57.799389,
                            -35.61638,
                            0
                        ],
                        [
                            -57.79999,
                            -35.617287,
                            0
                        ],
                        [
                            -57.800247,
                            -35.618334,
                            0
                        ],
                        [
                            -57.800161,
                            -35.619381,
                            0
                        ],
                        [
                            -57.79999,
                            -35.621334,
                            0
                        ],
                        [
                            -57.800934,
                            -35.623078,
                            0
                        ],
                        [
                            -57.801363,
                            -35.624753,
                            0
                        ],
                        [
                            -57.801964,
                            -35.626358,
                            0
                        ],
                        [
                            -57.801106,
                            -35.626358,
                            0
                        ],
                        [
                            -57.79999,
                            -35.625451,
                            0
                        ],
                        [
                            -57.797415,
                            -35.623358,
                            0
                        ],
                        [
                            -57.795097,
                            -35.622939,
                            0
                        ],
                        [
                            -57.793552,
                            -35.619729,
                            0
                        ],
                        [
                            -57.794411,
                            -35.618892,
                            0
                        ],
                        [
                            -57.794497,
                            -35.617636,
                            0
                        ],
                        [
                            -57.793896,
                            -35.61638,
                            0
                        ],
                        [
                            -57.795012,
                            -35.615613,
                            0
                        ],
                        [
                            -57.794582,
                            -35.614427,
                            0
                        ],
                        [
                            -57.7969,
                            -35.614287,
                            0
                        ],
                        [
                            -57.79896,
                            -35.614008,
                            0
                        ],
                        [
                            -57.800076,
                            -35.613659,
                            0
                        ],
                        [
                            -57.800505,
                            -35.612682,
                            0
                        ],
                        [
                            -57.801191,
                            -35.611566,
                            0
                        ],
                        [
                            -57.80162,
                            -35.6101,
                            0
                        ],
                        [
                            -57.802736,
                            -35.609054,
                            0
                        ],
                        [
                            -57.804796,
                            -35.606472,
                            0
                        ],
                        [
                            -57.805912,
                            -35.605913,
                            0
                        ],
                        [
                            -57.807199,
                            -35.605844,
                            0
                        ],
                        [
                            -57.809345,
                            -35.604169,
                            0
                        ],
                        [
                            -57.810375,
                            -35.60389,
                            0
                        ],
                        [
                            -57.811749,
                            -35.602005,
                            0
                        ],
                        [
                            -57.813036,
                            -35.601796,
                            0
                        ],
                        [
                            -57.817842,
                            -35.599982,
                            0
                        ],
                        [
                            -57.818357,
                            -35.599284,
                            0
                        ],
                        [
                            -57.820246,
                            -35.599284,
                            0
                        ],
                        [
                            -57.82119,
                            -35.598656,
                            0
                        ],
                        [
                            -57.822048,
                            -35.598237,
                            0
                        ],
                        [
                            -57.827541,
                            -35.600051,
                            0
                        ]
                    ]
                ]
            },
            "properties": {
                "name": "Laguna la Limpia",
                "SUP_HA": 516.5,
                "SUP_REF_HA": null,
                "PROF_MED_M": null,
                "PROF_MAX_M": null,
                "COTA_MSNM": null,
                "COTA_DESB_M": null,
                "SISTEMA": null,
                "FUENTE": null
            }
        },
        {
            "type": "Feature",
            "geometry": {
                "type": "Polygon",
                "coordinates": [
                    [
                        [
                            -57.814797,
                            -35.658419,
                            0
                        ],
                        [
                            -57.818488,
                            -35.662255,
                            0
                        ],
                        [
                            -57.819089,
                            -35.664347,
                            0
                        ],
                        [
                            -57.819947,
                            -35.664765,
                            0
                        ],
                        [
                            -57.818831,
                            -35.665951,
                            0
                        ],
                        [
                            -57.818231,
                            -35.667136,
                            0
                        ],
                        [
                            -57.818059,
                            -35.668879,
                            0
                        ],
                        [
                            -57.818145,
                            -35.669646,
                            0
                        ],
                        [
                            -57.808789,
                            -35.675294,
                            0
                        ],
                        [
                            -57.808875,
                            -35.676131,
                            0
                        ],
                        [
                            -57.808103,
                            -35.675852,
                            0
                        ],
                        [
                            -57.807158,
                            -35.676131,
                            0
                        ],
                        [
                            -57.806043,
                            -35.675015,
                            0
                        ],
                        [
                            -57.804927,
                            -35.674318,
                            0
                        ],
                        [
                            -57.803639,
                            -35.674248,
                            0
                        ],
                        [
                            -57.802094,
                            -35.674457,
                            0
                        ],
                        [
                            -57.801923,
                            -35.673202,
                            0
                        ],
                        [
                            -57.800549,
                            -35.672226,
                            0
                        ],
                        [
                            -57.799691,
                            -35.671878,
                            0
                        ],
                        [
                            -57.79806,
                            -35.671599,
                            0
                        ],
                        [
                            -57.797374,
                            -35.671041,
                            0
                        ],
                        [
                            -57.796859,
                            -35.665253,
                            0
                        ],
                        [
                            -57.79703,
                            -35.664277,
                            0
                        ],
                        [
                            -57.798661,
                            -35.662882,
                            0
                        ],
                        [
                            -57.805356,
                            -35.659326,
                            0
                        ],
                        [
                            -57.806987,
                            -35.658908,
                            0
                        ],
                        [
                            -57.808446,
                            -35.658768,
                            0
                        ],
                        [
                            -57.809733,
                            -35.658629,
                            0
                        ],
                        [
                            -57.811278,
                            -35.658559,
                            0
                        ],
                        [
                            -57.812566,
                            -35.65814,
                            0
                        ],
                        [
                            -57.813338,
                            -35.65821,
                            0
                        ],
                        [
                            -57.814797,
                            -35.658419,
                            0
                        ]
                    ]
                ]
            },
            "properties": {
                "name": "Laguna San Jorge",
                "SUP_HA": 281.9,
                "SUP_REF_HA": null,
                "PROF_MED_M": null,
                "PROF_MAX_M": null,
                "COTA_MSNM": null,
                "COTA_DESB_M": null,
                "SISTEMA": null,
                "FUENTE": null
            }
        },
        {
            "type": "Feature",
            "geometry": {
                "type": "Polygon",
                "coordinates": [
                    [
                        [
                            -58.14559,
                            -35.514879,
                            0
                        ],
                        [
                            -58.147822,
                            -35.517673,
                            0
                        ],
                        [
                            -58.148508,
                            -35.522843,
                            0
                        ],
                        [
                            -58.149367,
                            -35.526056,
                            0
                        ],
                        [
                            -58.152457,
                            -35.526894,
                            0
                        ],
                        [
                            -58.155718,
                            -35.533181,
                            0
                        ],
                        [
                            -58.150397,
                            -35.532343,
                            0
                        ],
                        [
                            -58.141642,
                            -35.531644,
                            0
                        ],
                        [
                            -58.139067,
                            -35.533181,
                            0
                        ],
                        [
                            -58.136835,
                            -35.533041,
                            0
                        ],
                        [
                            -58.134432,
                            -35.534578,
                            0
                        ],
                        [
                            -58.127909,
                            -35.531085,
                            0
                        ],
                        [
                            -58.126536,
                            -35.532063,
                            0
                        ],
                        [
                            -58.126192,
                            -35.534298,
                            0
                        ],
                        [
                            -58.124647,
                            -35.53793,
                            0
                        ],
                        [
                            -58.121042,
                            -35.541003,
                            0
                        ],
                        [
                            -58.115034,
                            -35.545892,
                            0
                        ],
                        [
                            -58.111944,
                            -35.544356,
                            0
                        ],
                        [
                            -58.108168,
                            -35.544356,
                            0
                        ],
                        [
                            -58.104048,
                            -35.545752,
                            0
                        ],
                        [
                            -58.095637,
                            -35.541702,
                            0
                        ],
                        [
                            -58.093233,
                            -35.543098,
                            0
                        ],
                        [
                            -58.0898,
                            -35.543098,
                            0
                        ],
                        [
                            -58.086195,
                            -35.541841,
                            0
                        ],
                        [
                            -58.083964,
                            -35.540026,
                            0
                        ],
                        [
                            -58.080359,
                            -35.538768,
                            0
                        ],
                        [
                            -58.076754,
                            -35.536952,
                            0
                        ],
                        [
                            -58.076754,
                            -35.534298,
                            0
                        ],
                        [
                            -58.07744,
                            -35.531504,
                            0
                        ],
                        [
                            -58.080187,
                            -35.531225,
                            0
                        ],
                        [
                            -58.082762,
                            -35.530247,
                            0
                        ],
                        [
                            -58.084822,
                            -35.529549,
                            0
                        ],
                        [
                            -58.08671,
                            -35.52885,
                            0
                        ],
                        [
                            -58.088942,
                            -35.528431,
                            0
                        ],
                        [
                            -58.091517,
                            -35.527733,
                            0
                        ],
                        [
                            -58.091688,
                            -35.524938,
                            0
                        ],
                        [
                            -58.094092,
                            -35.525358,
                            0
                        ],
                        [
                            -58.100271,
                            -35.519629,
                            0
                        ],
                        [
                            -58.10216,
                            -35.51935,
                            0
                        ],
                        [
                            -58.10628,
                            -35.518232,
                            0
                        ],
                        [
                            -58.110056,
                            -35.517533,
                            0
                        ],
                        [
                            -58.112631,
                            -35.515857,
                            0
                        ],
                        [
                            -58.112803,
                            -35.51432,
                            0
                        ],
                        [
                            -58.117609,
                            -35.515857,
                            0
                        ],
                        [
                            -58.122244,
                            -35.516136,
                            0
                        ],
                        [
                            -58.127051,
                            -35.515997,
                            0
                        ],
                        [
                            -58.130484,
                            -35.515717,
                            0
                        ],
                        [
                            -58.1322,
                            -35.513621,
                            0
                        ],
                        [
                            -58.136492,
                            -35.514739,
                            0
                        ],
                        [
                            -58.137694,
                            -35.516555,
                            0
                        ],
                        [
                            -58.14559,
                            -35.514879,
                            0
                        ]
                    ]
                ]
            },
            "properties": {
                "name": "Laguna Vitel",
                "SUP_HA": 1432.8,
                "SUP_REF_HA": "1305-1465",
                "PROF_MED_M": 1.17,
                "PROF_MAX_M": null,
                "COTA_MSNM": null,
                "COTA_DESB_M": null,
                "SISTEMA": "Encadenadas",
                "FUENTE": "Wikipedia/Dangavs et al.; cota IGN"
            }
        },
        {
            "type": "Feature",
            "geometry": {
                "type": "Polygon",
                "coordinates": [
                    [
                        [
                            -58.06143,
                            -35.556741,
                            0
                        ],
                        [
                            -58.062975,
                            -35.558277,
                            0
                        ],
                        [
                            -58.061086,
                            -35.560651,
                            0
                        ],
                        [
                            -58.05937,
                            -35.563304,
                            0
                        ],
                        [
                            -58.05834,
                            -35.566795,
                            0
                        ],
                        [
                            -58.056967,
                            -35.571543,
                            0
                        ],
                        [
                            -58.059027,
                            -35.578105,
                            0
                        ],
                        [
                            -58.060743,
                            -35.580897,
                            0
                        ],
                        [
                            -58.063318,
                            -35.58355,
                            0
                        ],
                        [
                            -58.064176,
                            -35.585923,
                            0
                        ],
                        [
                            -58.064863,
                            -35.588855,
                            0
                        ],
                        [
                            -58.064863,
                            -35.590949,
                            0
                        ],
                        [
                            -58.062631,
                            -35.593182,
                            0
                        ],
                        [
                            -58.060056,
                            -35.592624,
                            0
                        ],
                        [
                            -58.056623,
                            -35.591507,
                            0
                        ],
                        [
                            -58.053533,
                            -35.592763,
                            0
                        ],
                        [
                            -58.050958,
                            -35.59374,
                            0
                        ],
                        [
                            -58.048212,
                            -35.59388,
                            0
                        ],
                        [
                            -58.042719,
                            -35.593601,
                            0
                        ],
                        [
                            -58.039972,
                            -35.593461,
                            0
                        ],
                        [
                            -58.037912,
                            -35.594159,
                            0
                        ],
                        [
                            -58.035852,
                            -35.59723,
                            0
                        ],
                        [
                            -58.033792,
                            -35.599463,
                            0
                        ],
                        [
                            -58.035681,
                            -35.602255,
                            0
                        ],
                        [
                            -58.037912,
                            -35.605325,
                            0
                        ],
                        [
                            -58.03877,
                            -35.60714,
                            0
                        ],
                        [
                            -58.039114,
                            -35.609792,
                            0
                        ],
                        [
                            -58.039114,
                            -35.611745,
                            0
                        ],
                        [
                            -58.038942,
                            -35.613001,
                            0
                        ],
                        [
                            -58.035166,
                            -35.615653,
                            0
                        ],
                        [
                            -58.032591,
                            -35.616351,
                            0
                        ],
                        [
                            -58.029157,
                            -35.619421,
                            0
                        ],
                        [
                            -58.026754,
                            -35.620258,
                            0
                        ],
                        [
                            -58.024866,
                            -35.620956,
                            0
                        ],
                        [
                            -58.020231,
                            -35.622072,
                            0
                        ],
                        [
                            -58.016969,
                            -35.62263,
                            0
                        ],
                        [
                            -58.014051,
                            -35.623328,
                            0
                        ],
                        [
                            -58.011476,
                            -35.624444,
                            0
                        ],
                        [
                            -58.009931,
                            -35.627235,
                            0
                        ],
                        [
                            -58.008215,
                            -35.628909,
                            0
                        ],
                        [
                            -58.006155,
                            -35.629188,
                            0
                        ],
                        [
                            -58.003752,
                            -35.627514,
                            0
                        ],
                        [
                            -58.00255,
                            -35.625142,
                            0
                        ],
                        [
                            -58.003065,
                            -35.62277,
                            0
                        ],
                        [
                            -58.000318,
                            -35.620537,
                            0
                        ],
                        [
                            -57.998773,
                            -35.618862,
                            0
                        ],
                        [
                            -57.998258,
                            -35.616072,
                            0
                        ],
                        [
                            -57.998258,
                            -35.612164,
                            0
                        ],
                        [
                            -57.997057,
                            -35.610489,
                            0
                        ],
                        [
                            -57.994482,
                            -35.609512,
                            0
                        ],
                        [
                            -57.992079,
                            -35.608117,
                            0
                        ],
                        [
                            -57.99019,
                            -35.605046,
                            0
                        ],
                        [
                            -57.988302,
                            -35.602953,
                            0
                        ],
                        [
                            -57.98607,
                            -35.601278,
                            0
                        ],
                        [
                            -57.982637,
                            -35.600301,
                            0
                        ],
                        [
                            -57.981092,
                            -35.602813,
                            0
                        ],
                        [
                            -57.980921,
                            -35.599603,
                            0
                        ],
                        [
                            -57.979376,
                            -35.597649,
                            0
                        ],
                        [
                            -57.978346,
                            -35.596393,
                            0
                        ],
                        [
                            -57.979032,
                            -35.594578,
                            0
                        ],
                        [
                            -57.981092,
                            -35.59388,
                            0
                        ],
                        [
                            -57.98401,
                            -35.594299,
                            0
                        ],
                        [
                            -57.986242,
                            -35.593461,
                            0
                        ],
                        [
                            -57.98916,
                            -35.590251,
                            0
                        ],
                        [
                            -57.992765,
                            -35.588994,
                            0
                        ],
                        [
                            -57.994482,
                            -35.587598,
                            0
                        ],
                        [
                            -57.9974,
                            -35.587877,
                            0
                        ],
                        [
                            -57.998087,
                            -35.585365,
                            0
                        ],
                        [
                            -58.000318,
                            -35.584527,
                            0
                        ],
                        [
                            -58.002893,
                            -35.584108,
                            0
                        ],
                        [
                            -58.004953,
                            -35.583829,
                            0
                        ],
                        [
                            -58.006155,
                            -35.584527,
                            0
                        ],
                        [
                            -58.00873,
                            -35.584806,
                            0
                        ],
                        [
                            -58.010618,
                            -35.585225,
                            0
                        ],
                        [
                            -58.012506,
                            -35.583969,
                            0
                        ],
                        [
                            -58.014395,
                            -35.582852,
                            0
                        ],
                        [
                            -58.017999,
                            -35.582223,
                            0
                        ],
                        [
                            -58.018858,
                            -35.581037,
                            0
                        ],
                        [
                            -58.019029,
                            -35.57992,
                            0
                        ],
                        [
                            -58.020059,
                            -35.578663,
                            0
                        ],
                        [
                            -58.020961,
                            -35.577267,
                            0
                        ],
                        [
                            -58.021132,
                            -35.575592,
                            0
                        ],
                        [
                            -58.023106,
                            -35.573567,
                            0
                        ],
                        [
                            -58.023965,
                            -35.572101,
                            0
                        ],
                        [
                            -58.025338,
                            -35.570356,
                            0
                        ],
                        [
                            -58.027484,
                            -35.568541,
                            0
                        ],
                        [
                            -58.028514,
                            -35.567424,
                            0
                        ],
                        [
                            -58.030144,
                            -35.566446,
                            0
                        ],
                        [
                            -58.031689,
                            -35.566027,
                            0
                        ],
                        [
                            -58.034007,
                            -35.564142,
                            0
                        ],
                        [
                            -58.035895,
                            -35.561768,
                            0
                        ],
                        [
                            -58.037955,
                            -35.56107,
                            0
                        ],
                        [
                            -58.04053,
                            -35.558137,
                            0
                        ],
                        [
                            -58.040187,
                            -35.556322,
                            0
                        ],
                        [
                            -58.043277,
                            -35.555205,
                            0
                        ],
                        [
                            -58.044478,
                            -35.554576,
                            0
                        ],
                        [
                            -58.04568,
                            -35.554436,
                            0
                        ],
                        [
                            -58.046538,
                            -35.555414,
                            0
                        ],
                        [
                            -58.047225,
                            -35.554506,
                            0
                        ],
                        [
                            -58.045852,
                            -35.553668,
                            0
                        ],
                        [
                            -58.045251,
                            -35.5529,
                            0
                        ],
                        [
                            -58.047225,
                            -35.55318,
                            0
                        ],
                        [
                            -58.048341,
                            -35.553459,
                            0
                        ],
                        [
                            -58.049456,
                            -35.553668,
                            0
                        ],
                        [
                            -58.051087,
                            -35.553599,
                            0
                        ],
                        [
                            -58.051945,
                            -35.554227,
                            0
                        ],
                        [
                            -58.05289,
                            -35.554716,
                            0
                        ],
                        [
                            -58.053662,
                            -35.554855,
                            0
                        ],
                        [
                            -58.054177,
                            -35.555344,
                            0
                        ],
                        [
                            -58.054692,
                            -35.554786,
                            0
                        ],
                        [
                            -58.055293,
                            -35.553948,
                            0
                        ],
                        [
                            -58.056323,
                            -35.554506,
                            0
                        ],
                        [
                            -58.056237,
                            -35.555065,
                            0
                        ],
                        [
                            -58.055379,
                            -35.555554,
                            0
                        ],
                        [
                            -58.055808,
                            -35.556392,
                            0
                        ],
                        [
                            -58.057095,
                            -35.556322,
                            0
                        ],
                        [
                            -58.057696,
                            -35.556741,
                            0
                        ],
                        [
                            -58.058211,
                            -35.557439,
                            0
                        ],
                        [
                            -58.059241,
                            -35.558067,
                            0
                        ],
                        [
                            -58.060357,
                            -35.558207,
                            0
                        ],
                        [
                            -58.060014,
                            -35.557439,
                            0
                        ],
                        [
                            -58.059413,
                            -35.55702,
                            0
                        ],
                        [
                            -58.060614,
                            -35.555693,
                            0
                        ],
                        [
                            -58.061044,
                            -35.554087,
                            0
                        ],
                        [
                            -58.061215,
                            -35.552202,
                            0
                        ],
                        [
                            -58.062245,
                            -35.550386,
                            0
                        ],
                        [
                            -58.063876,
                            -35.549478,
                            0
                        ],
                        [
                            -58.06143,
                            -35.556741,
                            0
                        ]
                    ]
                ]
            },
            "properties": {
                "name": "Laguna de Chascomus",
                "SUP_HA": 2918.5,
                "SUP_REF_HA": "3013",
                "PROF_MED_M": 1.53,
                "PROF_MAX_M": 3.42,
                "COTA_MSNM": 6.53,
                "COTA_DESB_M": 8,
                "SISTEMA": "Encadenadas",
                "FUENTE": "Wikipedia/Dangavs et al.; cota IGN"
            }
        },
        {
            "type": "Feature",
            "geometry": {
                "type": "Polygon",
                "coordinates": [
                    [
                        [
                            -57.898045,
                            -35.688634,
                            0
                        ],
                        [
                            -57.898989,
                            -35.690517,
                            0
                        ],
                        [
                            -57.900448,
                            -35.690795,
                            0
                        ],
                        [
                            -57.902165,
                            -35.68975,
                            0
                        ],
                        [
                            -57.903795,
                            -35.689053,
                            0
                        ],
                        [
                            -57.905855,
                            -35.686961,
                            0
                        ],
                        [
                            -57.906714,
                            -35.685288,
                            0
                        ],
                        [
                            -57.908173,
                            -35.6848,
                            0
                        ],
                        [
                            -57.908344,
                            -35.683406,
                            0
                        ],
                        [
                            -57.909803,
                            -35.682221,
                            0
                        ],
                        [
                            -57.911263,
                            -35.681384,
                            0
                        ],
                        [
                            -57.912979,
                            -35.681454,
                            0
                        ],
                        [
                            -57.914438,
                            -35.681733,
                            0
                        ],
                        [
                            -57.915554,
                            -35.680757,
                            0
                        ],
                        [
                            -57.91667,
                            -35.679711,
                            0
                        ],
                        [
                            -57.917786,
                            -35.678456,
                            0
                        ],
                        [
                            -57.9177,
                            -35.677061,
                            0
                        ],
                        [
                            -57.9177,
                            -35.675527,
                            0
                        ],
                        [
                            -57.917957,
                            -35.674133,
                            0
                        ],
                        [
                            -57.91873,
                            -35.673017,
                            0
                        ],
                        [
                            -57.918987,
                            -35.672041,
                            0
                        ],
                        [
                            -57.917099,
                            -35.670228,
                            0
                        ],
                        [
                            -57.919931,
                            -35.671832,
                            0
                        ],
                        [
                            -57.920446,
                            -35.672599,
                            0
                        ],
                        [
                            -57.921476,
                            -35.67232,
                            0
                        ],
                        [
                            -57.923021,
                            -35.67232,
                            0
                        ],
                        [
                            -57.92448,
                            -35.672808,
                            0
                        ],
                        [
                            -57.926111,
                            -35.67246,
                            0
                        ],
                        [
                            -57.927485,
                            -35.671623,
                            0
                        ],
                        [
                            -57.92903,
                            -35.671832,
                            0
                        ],
                        [
                            -57.93066,
                            -35.672111,
                            0
                        ],
                        [
                            -57.933235,
                            -35.672041,
                            0
                        ],
                        [
                            -57.934866,
                            -35.671483,
                            0
                        ],
                        [
                            -57.936068,
                            -35.670856,
                            0
                        ],
                        [
                            -57.937613,
                            -35.670995,
                            0
                        ],
                        [
                            -57.938471,
                            -35.672041,
                            0
                        ],
                        [
                            -57.939415,
                            -35.673227,
                            0
                        ],
                        [
                            -57.945252,
                            -35.677061,
                            0
                        ],
                        [
                            -57.946625,
                            -35.678526,
                            0
                        ],
                        [
                            -57.949972,
                            -35.683266,
                            0
                        ],
                        [
                            -57.952204,
                            -35.686334,
                            0
                        ],
                        [
                            -57.952375,
                            -35.688774,
                            0
                        ],
                        [
                            -57.951603,
                            -35.690098,
                            0
                        ],
                        [
                            -57.950401,
                            -35.690935,
                            0
                        ],
                        [
                            -57.949371,
                            -35.69205,
                            0
                        ],
                        [
                            -57.947397,
                            -35.692678,
                            0
                        ],
                        [
                            -57.94508,
                            -35.692608,
                            0
                        ],
                        [
                            -57.94302,
                            -35.691911,
                            0
                        ],
                        [
                            -57.940531,
                            -35.691911,
                            0
                        ],
                        [
                            -57.938299,
                            -35.692468,
                            0
                        ],
                        [
                            -57.936754,
                            -35.693165,
                            0
                        ],
                        [
                            -57.935295,
                            -35.694978,
                            0
                        ],
                        [
                            -57.934094,
                            -35.69672,
                            0
                        ],
                        [
                            -57.932978,
                            -35.698324,
                            0
                        ],
                        [
                            -57.931519,
                            -35.69916,
                            0
                        ],
                        [
                            -57.930317,
                            -35.699927,
                            0
                        ],
                        [
                            -57.9286,
                            -35.700833,
                            0
                        ],
                        [
                            -57.926111,
                            -35.702227,
                            0
                        ],
                        [
                            -57.92388,
                            -35.70153,
                            0
                        ],
                        [
                            -57.921906,
                            -35.699787,
                            0
                        ],
                        [
                            -57.919931,
                            -35.698533,
                            0
                        ],
                        [
                            -57.918043,
                            -35.698254,
                            0
                        ],
                        [
                            -57.916327,
                            -35.698324,
                            0
                        ],
                        [
                            -57.915382,
                            -35.69686,
                            0
                        ],
                        [
                            -57.913666,
                            -35.695257,
                            0
                        ],
                        [
                            -57.912207,
                            -35.694629,
                            0
                        ],
                        [
                            -57.910147,
                            -35.69456,
                            0
                        ],
                        [
                            -57.908516,
                            -35.693653,
                            0
                        ],
                        [
                            -57.907314,
                            -35.692817,
                            0
                        ],
                        [
                            -57.904053,
                            -35.692956,
                            0
                        ],
                        [
                            -57.902165,
                            -35.692259,
                            0
                        ],
                        [
                            -57.90062,
                            -35.692399,
                            0
                        ],
                        [
                            -57.89959,
                            -35.69219,
                            0
                        ],
                        [
                            -57.896414,
                            -35.691771,
                            0
                        ],
                        [
                            -57.894096,
                            -35.691492,
                            0
                        ],
                        [
                            -57.893496,
                            -35.690586,
                            0
                        ],
                        [
                            -57.892551,
                            -35.688913,
                            0
                        ],
                        [
                            -57.892637,
                            -35.687589,
                            0
                        ],
                        [
                            -57.893581,
                            -35.68717,
                            0
                        ],
                        [
                            -57.896414,
                            -35.688007,
                            0
                        ],
                        [
                            -57.898045,
                            -35.688634,
                            0
                        ]
                    ]
                ]
            },
            "properties": {
                "name": "Laguna del Burro",
                "SUP_HA": 943.7,
                "SUP_REF_HA": "1020-1070",
                "PROF_MED_M": 1.78,
                "PROF_MAX_M": null,
                "COTA_MSNM": null,
                "COTA_DESB_M": null,
                "SISTEMA": "Encadenadas",
                "FUENTE": "Wikipedia/Dangavs et al.; cota IGN"
            }
        },
        {
            "type": "Feature",
            "geometry": {
                "type": "Polygon",
                "coordinates": [
                    [
                        [
                            -58.342645,
                            -35.726077,
                            0
                        ],
                        [
                            -58.353117,
                            -35.729421,
                            0
                        ],
                        [
                            -58.353288,
                            -35.731512,
                            0
                        ],
                        [
                            -58.350885,
                            -35.732905,
                            0
                        ],
                        [
                            -58.348825,
                            -35.733044,
                            0
                        ],
                        [
                            -58.346937,
                            -35.733602,
                            0
                        ],
                        [
                            -58.34522,
                            -35.735135,
                            0
                        ],
                        [
                            -58.345049,
                            -35.737085,
                            0
                        ],
                        [
                            -58.34316,
                            -35.737364,
                            0
                        ],
                        [
                            -58.340242,
                            -35.738618,
                            0
                        ],
                        [
                            -58.339212,
                            -35.740429,
                            0
                        ],
                        [
                            -58.335264,
                            -35.740708,
                            0
                        ],
                        [
                            -58.332861,
                            -35.741126,
                            0
                        ],
                        [
                            -58.331144,
                            -35.743216,
                            0
                        ],
                        [
                            -58.329942,
                            -35.745167,
                            0
                        ],
                        [
                            -58.327882,
                            -35.746838,
                            0
                        ],
                        [
                            -58.324792,
                            -35.746838,
                            0
                        ],
                        [
                            -58.323248,
                            -35.745167,
                            0
                        ],
                        [
                            -58.321016,
                            -35.742937,
                            0
                        ],
                        [
                            -58.319471,
                            -35.740569,
                            0
                        ],
                        [
                            -58.320673,
                            -35.738339,
                            0
                        ],
                        [
                            -58.324449,
                            -35.739036,
                            0
                        ],
                        [
                            -58.327539,
                            -35.738897,
                            0
                        ],
                        [
                            -58.331487,
                            -35.737503,
                            0
                        ],
                        [
                            -58.335092,
                            -35.734159,
                            0
                        ],
                        [
                            -58.33801,
                            -35.730675,
                            0
                        ],
                        [
                            -58.337667,
                            -35.727331,
                            0
                        ],
                        [
                            -58.339555,
                            -35.725937,
                            0
                        ],
                        [
                            -58.342645,
                            -35.726077,
                            0
                        ]
                    ]
                ]
            },
            "properties": {
                "name": "Laguna San Jose",
                "SUP_HA": 248.6,
                "SUP_REF_HA": null,
                "PROF_MED_M": null,
                "PROF_MAX_M": null,
                "COTA_MSNM": null,
                "COTA_DESB_M": null,
                "SISTEMA": null,
                "FUENTE": null
            }
        },
        {
            "type": "Feature",
            "geometry": {
                "type": "Polygon",
                "coordinates": [
                    [
                        [
                            -58.376505,
                            -35.760779,
                            0
                        ],
                        [
                            -58.37599,
                            -35.760605,
                            0
                        ],
                        [
                            -58.375733,
                            -35.759944,
                            0
                        ],
                        [
                            -58.375347,
                            -35.759735,
                            0
                        ],
                        [
                            -58.374875,
                            -35.759944,
                            0
                        ],
                        [
                            -58.375089,
                            -35.760501,
                            0
                        ],
                        [
                            -58.374875,
                            -35.760919,
                            0
                        ],
                        [
                            -58.373802,
                            -35.760501,
                            0
                        ],
                        [
                            -58.373544,
                            -35.760779,
                            0
                        ],
                        [
                            -58.373759,
                            -35.761163,
                            0
                        ],
                        [
                            -58.373458,
                            -35.761441,
                            0
                        ],
                        [
                            -58.372858,
                            -35.76165,
                            0
                        ],
                        [
                            -58.372557,
                            -35.762068,
                            0
                        ],
                        [
                            -58.372471,
                            -35.762834,
                            0
                        ],
                        [
                            -58.372729,
                            -35.763391,
                            0
                        ],
                        [
                            -58.372514,
                            -35.763705,
                            0
                        ],
                        [
                            -58.372514,
                            -35.764088,
                            0
                        ],
                        [
                            -58.372471,
                            -35.764645,
                            0
                        ],
                        [
                            -58.372214,
                            -35.765411,
                            0
                        ],
                        [
                            -58.372085,
                            -35.765968,
                            0
                        ],
                        [
                            -58.372343,
                            -35.766421,
                            0
                        ],
                        [
                            -58.372085,
                            -35.766978,
                            0
                        ],
                        [
                            -58.371313,
                            -35.766804,
                            0
                        ],
                        [
                            -58.370626,
                            -35.766421,
                            0
                        ],
                        [
                            -58.370926,
                            -35.765898,
                            0
                        ],
                        [
                            -58.371441,
                            -35.765481,
                            0
                        ],
                        [
                            -58.371613,
                            -35.76468,
                            0
                        ],
                        [
                            -58.371699,
                            -35.764157,
                            0
                        ],
                        [
                            -58.371356,
                            -35.763635,
                            0
                        ],
                        [
                            -58.371098,
                            -35.763914,
                            0
                        ],
                        [
                            -58.370454,
                            -35.764227,
                            0
                        ],
                        [
                            -58.370068,
                            -35.764471,
                            0
                        ],
                        [
                            -58.36951,
                            -35.764331,
                            0
                        ],
                        [
                            -58.369296,
                            -35.763461,
                            0
                        ],
                        [
                            -58.368952,
                            -35.763809,
                            0
                        ],
                        [
                            -58.36848,
                            -35.764192,
                            0
                        ],
                        [
                            -58.367879,
                            -35.764192,
                            0
                        ],
                        [
                            -58.367279,
                            -35.764436,
                            0
                        ],
                        [
                            -58.36715,
                            -35.765028,
                            0
                        ],
                        [
                            -58.366892,
                            -35.765968,
                            0
                        ],
                        [
                            -58.366506,
                            -35.766769,
                            0
                        ],
                        [
                            -58.366034,
                            -35.767257,
                            0
                        ],
                        [
                            -58.365262,
                            -35.767918,
                            0
                        ],
                        [
                            -58.364318,
                            -35.767953,
                            0
                        ],
                        [
                            -58.363373,
                            -35.767605,
                            0
                        ],
                        [
                            -58.362558,
                            -35.7675,
                            0
                        ],
                        [
                            -58.361657,
                            -35.767953,
                            0
                        ],
                        [
                            -58.360756,
                            -35.768684,
                            0
                        ],
                        [
                            -58.360026,
                            -35.76945,
                            0
                        ],
                        [
                            -58.359211,
                            -35.770181,
                            0
                        ],
                        [
                            -58.358696,
                            -35.770878,
                            0
                        ],
                        [
                            -58.357408,
                            -35.771609,
                            0
                        ],
                        [
                            -58.356893,
                            -35.772097,
                            0
                        ],
                        [
                            -58.357108,
                            -35.778573,
                            0
                        ],
                        [
                            -58.356807,
                            -35.779095,
                            0
                        ],
                        [
                            -58.356679,
                            -35.779756,
                            0
                        ],
                        [
                            -58.356807,
                            -35.780522,
                            0
                        ],
                        [
                            -58.356207,
                            -35.780905,
                            0
                        ],
                        [
                            -58.355477,
                            -35.781114,
                            0
                        ],
                        [
                            -58.355348,
                            -35.780209,
                            0
                        ],
                        [
                            -58.355434,
                            -35.779861,
                            0
                        ],
                        [
                            -58.354919,
                            -35.779513,
                            0
                        ],
                        [
                            -58.354619,
                            -35.778747,
                            0
                        ],
                        [
                            -58.354833,
                            -35.778329,
                            0
                        ],
                        [
                            -58.355134,
                            -35.777459,
                            0
                        ],
                        [
                            -58.354962,
                            -35.776727,
                            0
                        ],
                        [
                            -58.354704,
                            -35.776066,
                            0
                        ],
                        [
                            -58.355091,
                            -35.775509,
                            0
                        ],
                        [
                            -58.355734,
                            -35.775056,
                            0
                        ],
                        [
                            -58.355391,
                            -35.772897,
                            0
                        ],
                        [
                            -58.355348,
                            -35.772271,
                            0
                        ],
                        [
                            -58.354275,
                            -35.771818,
                            0
                        ],
                        [
                            -58.353975,
                            -35.771191,
                            0
                        ],
                        [
                            -58.354147,
                            -35.77053,
                            0
                        ],
                        [
                            -58.354061,
                            -35.770007,
                            0
                        ],
                        [
                            -58.35346,
                            -35.769624,
                            0
                        ],
                        [
                            -58.352559,
                            -35.769485,
                            0
                        ],
                        [
                            -58.351228,
                            -35.76952,
                            0
                        ],
                        [
                            -58.350198,
                            -35.769137,
                            0
                        ],
                        [
                            -58.349812,
                            -35.76858,
                            0
                        ],
                        [
                            -58.349083,
                            -35.767465,
                            0
                        ],
                        [
                            -58.346422,
                            -35.764018,
                            0
                        ],
                        [
                            -58.346379,
                            -35.763356,
                            0
                        ],
                        [
                            -58.345649,
                            -35.762521,
                            0
                        ],
                        [
                            -58.345606,
                            -35.762103,
                            0
                        ],
                        [
                            -58.345864,
                            -35.761824,
                            0
                        ],
                        [
                            -58.346722,
                            -35.761441,
                            0
                        ],
                        [
                            -58.347066,
                            -35.761058,
                            0
                        ],
                        [
                            -58.347409,
                            -35.76064,
                            0
                        ],
                        [
                            -58.348353,
                            -35.760396,
                            0
                        ],
                        [
                            -58.349254,
                            -35.759944,
                            0
                        ],
                        [
                            -58.350198,
                            -35.759839,
                            0
                        ],
                        [
                            -58.350306,
                            -35.759491,
                            0
                        ],
                        [
                            -58.350402,
                            -35.758725,
                            0
                        ],
                        [
                            -58.350477,
                            -35.758359,
                            0
                        ],
                        [
                            -58.350681,
                            -35.75822,
                            0
                        ],
                        [
                            -58.351164,
                            -35.75795,
                            0
                        ],
                        [
                            -58.351786,
                            -35.75775,
                            0
                        ],
                        [
                            -58.352906,
                            -35.757821,
                            0
                        ],
                        [
                            -58.354404,
                            -35.758307,
                            0
                        ],
                        [
                            -58.355091,
                            -35.758307,
                            0
                        ],
                        [
                            -58.355949,
                            -35.757889,
                            0
                        ],
                        [
                            -58.356764,
                            -35.757506,
                            0
                        ],
                        [
                            -58.358095,
                            -35.757576,
                            0
                        ],
                        [
                            -58.35891,
                            -35.757645,
                            0
                        ],
                        [
                            -58.359811,
                            -35.758202,
                            0
                        ],
                        [
                            -58.360069,
                            -35.758829,
                            0
                        ],
                        [
                            -58.361185,
                            -35.758899,
                            0
                        ],
                        [
                            -58.361828,
                            -35.759839,
                            0
                        ],
                        [
                            -58.362815,
                            -35.760013,
                            0
                        ],
                        [
                            -58.363545,
                            -35.760257,
                            0
                        ],
                        [
                            -58.364017,
                            -35.760954,
                            0
                        ],
                        [
                            -58.364446,
                            -35.761894,
                            0
                        ],
                        [
                            -58.365219,
                            -35.762277,
                            0
                        ],
                        [
                            -58.366077,
                            -35.762207,
                            0
                        ],
                        [
                            -58.366721,
                            -35.761894,
                            0
                        ],
                        [
                            -58.366549,
                            -35.761267,
                            0
                        ],
                        [
                            -58.366335,
                            -35.760501,
                            0
                        ],
                        [
                            -58.366678,
                            -35.760048,
                            0
                        ],
                        [
                            -58.366807,
                            -35.759386,
                            0
                        ],
                        [
                            -58.365991,
                            -35.75862,
                            0
                        ],
                        [
                            -58.365948,
                            -35.757924,
                            0
                        ],
                        [
                            -58.365219,
                            -35.757436,
                            0
                        ],
                        [
                            -58.365047,
                            -35.756705,
                            0
                        ],
                        [
                            -58.365917,
                            -35.755715,
                            0
                        ],
                        [
                            -58.366592,
                            -35.755347,
                            0
                        ],
                        [
                            -58.368051,
                            -35.754894,
                            0
                        ],
                        [
                            -58.369296,
                            -35.754581,
                            0
                        ],
                        [
                            -58.371012,
                            -35.754511,
                            0
                        ],
                        [
                            -58.3726,
                            -35.754615,
                            0
                        ],
                        [
                            -58.374531,
                            -35.755068,
                            0
                        ],
                        [
                            -58.375561,
                            -35.755068,
                            0
                        ],
                        [
                            -58.376205,
                            -35.754964,
                            0
                        ],
                        [
                            -58.376978,
                            -35.755382,
                            0
                        ],
                        [
                            -58.377922,
                            -35.75559,
                            0
                        ],
                        [
                            -58.37908,
                            -35.756357,
                            0
                        ],
                        [
                            -58.379595,
                            -35.75775,
                            0
                        ],
                        [
                            -58.380025,
                            -35.75876,
                            0
                        ],
                        [
                            -58.379939,
                            -35.759595,
                            0
                        ],
                        [
                            -58.378909,
                            -35.760083,
                            0
                        ],
                        [
                            -58.37775,
                            -35.760153,
                            0
                        ],
                        [
                            -58.376505,
                            -35.760779,
                            0
                        ]
                    ]
                ]
            },
            "properties": {
                "name": "Laguna La Espadaña",
                "SUP_HA": 313.5,
                "SUP_REF_HA": null,
                "PROF_MED_M": null,
                "PROF_MAX_M": null,
                "COTA_MSNM": null,
                "COTA_DESB_M": null,
                "SISTEMA": null,
                "FUENTE": null
            }
        },
        {
            "type": "Feature",
            "geometry": {
                "type": "Polygon",
                "coordinates": [
                    [
                        [
                            -58.218662,
                            -35.762312,
                            0
                        ],
                        [
                            -58.219263,
                            -35.763914,
                            0
                        ],
                        [
                            -58.219005,
                            -35.765307,
                            0
                        ],
                        [
                            -58.217804,
                            -35.766421,
                            0
                        ],
                        [
                            -58.215143,
                            -35.767953,
                            0
                        ],
                        [
                            -58.212225,
                            -35.769973,
                            0
                        ],
                        [
                            -58.210079,
                            -35.770669,
                            0
                        ],
                        [
                            -58.208191,
                            -35.771157,
                            0
                        ],
                        [
                            -58.206818,
                            -35.770669,
                            0
                        ],
                        [
                            -58.205788,
                            -35.769416,
                            0
                        ],
                        [
                            -58.204843,
                            -35.768928,
                            0
                        ],
                        [
                            -58.203127,
                            -35.768789,
                            0
                        ],
                        [
                            -58.200981,
                            -35.76865,
                            0
                        ],
                        [
                            -58.198921,
                            -35.768441,
                            0
                        ],
                        [
                            -58.197891,
                            -35.767326,
                            0
                        ],
                        [
                            -58.196003,
                            -35.766421,
                            0
                        ],
                        [
                            -58.193943,
                            -35.764819,
                            0
                        ],
                        [
                            -58.192999,
                            -35.763914,
                            0
                        ],
                        [
                            -58.192484,
                            -35.762103,
                            0
                        ],
                        [
                            -58.192226,
                            -35.760501,
                            0
                        ],
                        [
                            -58.190681,
                            -35.759456,
                            0
                        ],
                        [
                            -58.189566,
                            -35.758899,
                            0
                        ],
                        [
                            -58.187248,
                            -35.758412,
                            0
                        ],
                        [
                            -58.186132,
                            -35.757506,
                            0
                        ],
                        [
                            -58.186218,
                            -35.756531,
                            0
                        ],
                        [
                            -58.187076,
                            -35.755556,
                            0
                        ],
                        [
                            -58.187591,
                            -35.753954,
                            0
                        ],
                        [
                            -58.187935,
                            -35.753118,
                            0
                        ],
                        [
                            -58.188021,
                            -35.751446,
                            0
                        ],
                        [
                            -58.188278,
                            -35.749775,
                            0
                        ],
                        [
                            -58.188192,
                            -35.748312,
                            0
                        ],
                        [
                            -58.188278,
                            -35.747337,
                            0
                        ],
                        [
                            -58.18845,
                            -35.746013,
                            0
                        ],
                        [
                            -58.188879,
                            -35.744898,
                            0
                        ],
                        [
                            -58.189995,
                            -35.743017,
                            0
                        ],
                        [
                            -58.191111,
                            -35.742181,
                            0
                        ],
                        [
                            -58.193428,
                            -35.740788,
                            0
                        ],
                        [
                            -58.194372,
                            -35.740301,
                            0
                        ],
                        [
                            -58.196604,
                            -35.739534,
                            0
                        ],
                        [
                            -58.197548,
                            -35.739465,
                            0
                        ],
                        [
                            -58.198578,
                            -35.739743,
                            0
                        ],
                        [
                            -58.199522,
                            -35.739604,
                            0
                        ],
                        [
                            -58.20038,
                            -35.739534,
                            0
                        ],
                        [
                            -58.201496,
                            -35.739743,
                            0
                        ],
                        [
                            -58.202526,
                            -35.739883,
                            0
                        ],
                        [
                            -58.203384,
                            -35.740579,
                            0
                        ],
                        [
                            -58.204157,
                            -35.741763,
                            0
                        ],
                        [
                            -58.205015,
                            -35.742948,
                            0
                        ],
                        [
                            -58.204672,
                            -35.74455,
                            0
                        ],
                        [
                            -58.203642,
                            -35.746361,
                            0
                        ],
                        [
                            -58.203728,
                            -35.747545,
                            0
                        ],
                        [
                            -58.203728,
                            -35.749496,
                            0
                        ],
                        [
                            -58.204414,
                            -35.751098,
                            0
                        ],
                        [
                            -58.205444,
                            -35.752631,
                            0
                        ],
                        [
                            -58.20656,
                            -35.753675,
                            0
                        ],
                        [
                            -58.208105,
                            -35.754302,
                            0
                        ],
                        [
                            -58.209564,
                            -35.755486,
                            0
                        ],
                        [
                            -58.21171,
                            -35.757437,
                            0
                        ],
                        [
                            -58.216431,
                            -35.760083,
                            0
                        ],
                        [
                            -58.21789,
                            -35.760919,
                            0
                        ],
                        [
                            -58.218662,
                            -35.762312,
                            0
                        ]
                    ]
                ]
            },
            "properties": {
                "name": "Laguna del Medio",
                "SUP_HA": 576.6,
                "SUP_REF_HA": null,
                "PROF_MED_M": null,
                "PROF_MAX_M": null,
                "COTA_MSNM": null,
                "COTA_DESB_M": null,
                "SISTEMA": null,
                "FUENTE": null
            }
        },
        {
            "type": "Feature",
            "geometry": {
                "type": "Polygon",
                "coordinates": [
                    [
                        [
                            -58.175241,
                            -35.735566,
                            0
                        ],
                        [
                            -58.174319,
                            -35.737281,
                            0
                        ],
                        [
                            -58.173086,
                            -35.737686,
                            0
                        ],
                        [
                            -58.171525,
                            -35.739317,
                            0
                        ],
                        [
                            -58.170701,
                            -35.739505,
                            0
                        ],
                        [
                            -58.165998,
                            -35.744162,
                            0
                        ],
                        [
                            -58.162401,
                            -35.746282,
                            0
                        ],
                        [
                            -58.158371,
                            -35.748944,
                            0
                        ],
                        [
                            -58.158244,
                            -35.749892,
                            0
                        ],
                        [
                            -58.155906,
                            -35.75155,
                            0
                        ],
                        [
                            -58.155751,
                            -35.752382,
                            0
                        ],
                        [
                            -58.154995,
                            -35.752588,
                            0
                        ],
                        [
                            -58.154239,
                            -35.754047,
                            0
                        ],
                        [
                            -58.154083,
                            -35.756203,
                            0
                        ],
                        [
                            -58.153547,
                            -35.754235,
                            0
                        ],
                        [
                            -58.15305,
                            -35.753699,
                            0
                        ],
                        [
                            -58.152231,
                            -35.753336,
                            0
                        ],
                        [
                            -58.151323,
                            -35.753342,
                            0
                        ],
                        [
                            -58.150522,
                            -35.753539,
                            0
                        ],
                        [
                            -58.150022,
                            -35.75405,
                            0
                        ],
                        [
                            -58.149137,
                            -35.754945,
                            0
                        ],
                        [
                            -58.149169,
                            -35.754087,
                            0
                        ],
                        [
                            -58.148461,
                            -35.75387,
                            0
                        ],
                        [
                            -58.148214,
                            -35.753765,
                            0
                        ],
                        [
                            -58.148697,
                            -35.753295,
                            0
                        ],
                        [
                            -58.149963,
                            -35.75239,
                            0
                        ],
                        [
                            -58.151199,
                            -35.751256,
                            0
                        ],
                        [
                            -58.150675,
                            -35.750123,
                            0
                        ],
                        [
                            -58.149671,
                            -35.749215,
                            0
                        ],
                        [
                            -58.148692,
                            -35.74726,
                            0
                        ],
                        [
                            -58.146605,
                            -35.744672,
                            0
                        ],
                        [
                            -58.145821,
                            -35.741518,
                            0
                        ],
                        [
                            -58.144341,
                            -35.739807,
                            0
                        ],
                        [
                            -58.142582,
                            -35.738614,
                            0
                        ],
                        [
                            -58.145854,
                            -35.735359,
                            0
                        ],
                        [
                            -58.146036,
                            -35.734333,
                            0
                        ],
                        [
                            -58.1452,
                            -35.734024,
                            0
                        ],
                        [
                            -58.144727,
                            -35.734242,
                            0
                        ],
                        [
                            -58.142005,
                            -35.731967,
                            0
                        ],
                        [
                            -58.140398,
                            -35.731398,
                            0
                        ],
                        [
                            -58.139244,
                            -35.729914,
                            0
                        ],
                        [
                            -58.136594,
                            -35.727919,
                            0
                        ],
                        [
                            -58.13167,
                            -35.724601,
                            0
                        ],
                        [
                            -58.126317,
                            -35.721979,
                            0
                        ],
                        [
                            -58.130757,
                            -35.723329,
                            0
                        ],
                        [
                            -58.135154,
                            -35.724715,
                            0
                        ],
                        [
                            -58.137683,
                            -35.72658,
                            0
                        ],
                        [
                            -58.144372,
                            -35.730589,
                            0
                        ],
                        [
                            -58.144019,
                            -35.731708,
                            0
                        ],
                        [
                            -58.145199,
                            -35.731995,
                            0
                        ],
                        [
                            -58.146873,
                            -35.731803,
                            0
                        ],
                        [
                            -58.150149,
                            -35.730399,
                            0
                        ],
                        [
                            -58.155743,
                            -35.730771,
                            0
                        ],
                        [
                            -58.157746,
                            -35.731028,
                            0
                        ],
                        [
                            -58.160036,
                            -35.730844,
                            0
                        ],
                        [
                            -58.161355,
                            -35.730128,
                            0
                        ],
                        [
                            -58.161846,
                            -35.729393,
                            0
                        ],
                        [
                            -58.164201,
                            -35.729317,
                            0
                        ],
                        [
                            -58.165048,
                            -35.728955,
                            0
                        ],
                        [
                            -58.170359,
                            -35.732156,
                            0
                        ],
                        [
                            -58.173357,
                            -35.734035,
                            0
                        ],
                        [
                            -58.175241,
                            -35.735566,
                            0
                        ]
                    ]
                ]
            },
            "properties": {
                "name": "Laguna las Averias",
                "SUP_HA": 489.8,
                "SUP_REF_HA": null,
                "PROF_MED_M": null,
                "PROF_MAX_M": null,
                "COTA_MSNM": null,
                "COTA_DESB_M": null,
                "SISTEMA": null,
                "FUENTE": null
            }
        },
        {
            "type": "Feature",
            "geometry": {
                "type": "Polygon",
                "coordinates": [
                    [
                        [
                            -57.961301,
                            -35.694484,
                            0
                        ],
                        [
                            -57.961618,
                            -35.692916,
                            0
                        ],
                        [
                            -57.962966,
                            -35.692045,
                            0
                        ],
                        [
                            -57.964974,
                            -35.691279,
                            0
                        ],
                        [
                            -57.966416,
                            -35.689746,
                            0
                        ],
                        [
                            -57.969815,
                            -35.68919,
                            0
                        ],
                        [
                            -57.970775,
                            -35.687661,
                            0
                        ],
                        [
                            -57.975271,
                            -35.687251,
                            0
                        ],
                        [
                            -57.981172,
                            -35.68629,
                            0
                        ],
                        [
                            -57.984723,
                            -35.682847,
                            0
                        ],
                        [
                            -57.985792,
                            -35.680219
                        ],
                        [
                            -57.985395,
                            -35.677709
                        ],
                        [
                            -57.985435,
                            -35.67552
                        ],
                        [
                            -57.984722,
                            -35.673491
                        ],
                        [
                            -57.985673,
                            -35.672075
                        ],
                        [
                            -57.984642,
                            -35.671624
                        ],
                        [
                            -57.98381,
                            -35.670014
                        ],
                        [
                            -57.982304,
                            -35.669081
                        ],
                        [
                            -57.981313,
                            -35.667278
                        ],
                        [
                            -57.982859,
                            -35.665733
                        ],
                        [
                            -57.985126,
                            -35.667508
                        ],
                        [
                            -57.985932,
                            -35.669547
                        ],
                        [
                            -57.985248,
                            -35.670086
                        ],
                        [
                            -57.986397,
                            -35.670826
                        ],
                        [
                            -57.989052,
                            -35.671332
                        ],
                        [
                            -57.992064,
                            -35.671277
                        ],
                        [
                            -57.993205,
                            -35.670525
                        ],
                        [
                            -57.993981,
                            -35.669614
                        ],
                        [
                            -57.994516,
                            -35.668969
                        ],
                        [
                            -57.995268,
                            -35.668088
                        ],
                        [
                            -57.995993,
                            -35.667289
                        ],
                        [
                            -57.9968,
                            -35.666354
                        ],
                        [
                            -57.997783,
                            -35.665246
                        ],
                        [
                            -57.99837,
                            -35.663032
                        ],
                        [
                            -57.99861,
                            -35.662397
                        ],
                        [
                            -57.998817,
                            -35.661584
                        ],
                        [
                            -57.999214,
                            -35.660967
                        ],
                        [
                            -57.999524,
                            -35.660491
                        ],
                        [
                            -57.999231,
                            -35.659902
                        ],
                        [
                            -57.999645,
                            -35.659594
                        ],
                        [
                            -57.999939,
                            -35.65869
                        ],
                        [
                            -58.000008,
                            -35.657485
                        ],
                        [
                            -57.999504,
                            -35.655644
                        ],
                        [
                            -57.99909,
                            -35.654747
                        ],
                        [
                            -57.998831,
                            -35.653766
                        ],
                        [
                            -57.997723,
                            -35.650281
                        ],
                        [
                            -57.998188,
                            -35.649832
                        ],
                        [
                            -57.997957,
                            -35.648986
                        ],
                        [
                            -57.997255,
                            -35.650222
                        ],
                        [
                            -57.995922,
                            -35.650712
                        ],
                        [
                            -57.996512,
                            -35.652536
                        ],
                        [
                            -57.994954,
                            -35.653227
                        ],
                        [
                            -57.990321,
                            -35.65173
                        ],
                        [
                            -57.989497,
                            -35.652231
                        ],
                        [
                            -57.989065,
                            -35.65199
                        ],
                        [
                            -57.988228,
                            -35.651233
                        ],
                        [
                            -57.986514,
                            -35.651025
                        ],
                        [
                            -57.983031,
                            -35.647778
                        ],
                        [
                            -57.985496,
                            -35.646794
                        ],
                        [
                            -57.985741,
                            -35.64625
                        ],
                        [
                            -57.985444,
                            -35.645712
                        ],
                        [
                            -57.985984,
                            -35.645548
                        ],
                        [
                            -57.986403,
                            -35.645262
                        ],
                        [
                            -57.986927,
                            -35.645412
                        ],
                        [
                            -57.987602,
                            -35.646191
                        ],
                        [
                            -57.988714,
                            -35.647514
                        ],
                        [
                            -57.99243,
                            -35.64957
                        ],
                        [
                            -57.993209,
                            -35.649999
                        ],
                        [
                            -57.993794,
                            -35.649737
                        ],
                        [
                            -57.995274,
                            -35.649724
                        ],
                        [
                            -57.995841,
                            -35.649446
                        ],
                        [
                            -57.99703,
                            -35.64843
                        ],
                        [
                            -57.997489,
                            -35.647991
                        ],
                        [
                            -57.997714,
                            -35.648261
                        ],
                        [
                            -57.998335,
                            -35.648232
                        ],
                        [
                            -58.000495,
                            -35.646762
                        ],
                        [
                            -58.000855,
                            -35.647193
                        ],
                        [
                            -57.998827,
                            -35.649033
                        ],
                        [
                            -57.999482,
                            -35.649734
                        ],
                        [
                            -57.999706,
                            -35.650238
                        ],
                        [
                            -58.000258,
                            -35.651192
                        ],
                        [
                            -57.99893,
                            -35.652215
                        ],
                        [
                            -57.999435,
                            -35.65249
                        ],
                        [
                            -58.000073,
                            -35.653065
                        ],
                        [
                            -58.000729,
                            -35.653822
                        ],
                        [
                            -58.001764,
                            -35.653976
                        ],
                        [
                            -58.002212,
                            -35.654999
                        ],
                        [
                            -58.002074,
                            -35.655195
                        ],
                        [
                            -58.000832,
                            -35.655433
                        ],
                        [
                            -58.00097,
                            -35.656134
                        ],
                        [
                            -58.001229,
                            -35.656779
                        ],
                        [
                            -58.001538,
                            -35.655628
                        ],
                        [
                            -58.002925,
                            -35.655273
                        ],
                        [
                            -58.003123,
                            -35.653728
                        ],
                        [
                            -58.002331,
                            -35.652214
                        ],
                        [
                            -58.002262,
                            -35.650589
                        ],
                        [
                            -58.007692,
                            -35.65542
                        ],
                        [
                            -58.008722,
                            -35.656064
                        ],
                        [
                            -58.009738,
                            -35.656751
                        ],
                        [
                            -58.010405,
                            -35.658436
                        ],
                        [
                            -58.010991,
                            -35.659734
                        ],
                        [
                            -58.01166,
                            -35.660045
                        ],
                        [
                            -58.012234,
                            -35.660293
                        ],
                        [
                            -58.013076,
                            -35.660542
                        ],
                        [
                            -58.014051,
                            -35.660666
                        ],
                        [
                            -58.018378,
                            -35.662814,
                            0
                        ],
                        [
                            -58.018034,
                            -35.663416,
                            0
                        ],
                        [
                            -58.01842,
                            -35.664274,
                            0
                        ],
                        [
                            -58.019129,
                            -35.665296,
                            0
                        ],
                        [
                            -58.021113,
                            -35.667376,
                            0
                        ],
                        [
                            -58.023093,
                            -35.668835,
                            0
                        ],
                        [
                            -58.025585,
                            -35.669599,
                            0
                        ],
                        [
                            -58.028333,
                            -35.669806,
                            0
                        ],
                        [
                            -58.029793,
                            -35.669352,
                            0
                        ],
                        [
                            -58.030995,
                            -35.669195,
                            0
                        ],
                        [
                            -58.031896,
                            -35.668523,
                            0
                        ],
                        [
                            -58.032647,
                            -35.66885,
                            0
                        ],
                        [
                            -58.033613,
                            -35.668654,
                            0
                        ],
                        [
                            -58.032605,
                            -35.669926,
                            0
                        ],
                        [
                            -58.032959,
                            -35.670249,
                            0
                        ],
                        [
                            -58.034123,
                            -35.670236,
                            0
                        ],
                        [
                            -58.032302,
                            -35.670996,
                            0
                        ],
                        [
                            -58.031949,
                            -35.671586,
                            0
                        ],
                        [
                            -58.030357,
                            -35.671218,
                            0
                        ],
                        [
                            -58.029475,
                            -35.671662,
                            0
                        ],
                        [
                            -58.028948,
                            -35.6715,
                            0
                        ],
                        [
                            -58.028255,
                            -35.671698,
                            0
                        ],
                        [
                            -58.027909,
                            -35.672146,
                            0
                        ],
                        [
                            -58.02765,
                            -35.673032,
                            0
                        ],
                        [
                            -58.028035,
                            -35.673928,
                            0
                        ],
                        [
                            -58.027412,
                            -35.674167,
                            0
                        ],
                        [
                            -58.027144,
                            -35.673589,
                            0
                        ],
                        [
                            -58.026151,
                            -35.673196,
                            0
                        ],
                        [
                            -58.023209,
                            -35.674917,
                            0
                        ],
                        [
                            -58.021308,
                            -35.675777,
                            0
                        ],
                        [
                            -58.020487,
                            -35.676172,
                            0
                        ],
                        [
                            -58.019733,
                            -35.677137,
                            0
                        ],
                        [
                            -58.020515,
                            -35.677689,
                            0
                        ],
                        [
                            -58.022193,
                            -35.677477,
                            0
                        ],
                        [
                            -58.023633,
                            -35.677545,
                            0
                        ],
                        [
                            -58.024696,
                            -35.678207,
                            0
                        ],
                        [
                            -58.023232,
                            -35.679392,
                            0
                        ],
                        [
                            -58.022798,
                            -35.680577,
                            0
                        ],
                        [
                            -58.019869,
                            -35.679836,
                            0
                        ],
                        [
                            -58.01819,
                            -35.680408,
                            0
                        ],
                        [
                            -58.015677,
                            -35.680554,
                            0
                        ],
                        [
                            -58.010589,
                            -35.677074,
                            0
                        ],
                        [
                            -58.01061,
                            -35.677932
                        ],
                        [
                            -58.010254,
                            -35.679831
                        ],
                        [
                            -58.010492,
                            -35.681666
                        ],
                        [
                            -58.01061,
                            -35.683082
                        ],
                        [
                            -58.011324,
                            -35.683726
                        ],
                        [
                            -58.011506,
                            -35.684756,
                            0
                        ],
                        [
                            -58.019005,
                            -35.683733,
                            0
                        ],
                        [
                            -58.025459,
                            -35.685348,
                            0
                        ],
                        [
                            -58.028393,
                            -35.685289,
                            0
                        ],
                        [
                            -58.028898,
                            -35.688622,
                            0
                        ],
                        [
                            -58.027906,
                            -35.690394,
                            0
                        ],
                        [
                            -58.028011,
                            -35.694068,
                            0
                        ],
                        [
                            -58.030123,
                            -35.697055,
                            0
                        ],
                        [
                            -58.031824,
                            -35.698165,
                            0
                        ],
                        [
                            -58.034691,
                            -35.698302,
                            0
                        ],
                        [
                            -58.037944,
                            -35.701924,
                            0
                        ],
                        [
                            -58.027117,
                            -35.702557,
                            0
                        ],
                        [
                            -58.025545,
                            -35.701654,
                            0
                        ],
                        [
                            -58.024029,
                            -35.70169,
                            0
                        ],
                        [
                            -58.020868,
                            -35.699756,
                            0
                        ],
                        [
                            -58.018515,
                            -35.696698,
                            0
                        ],
                        [
                            -58.012558,
                            -35.693222,
                            0
                        ],
                        [
                            -58.010489,
                            -35.690995,
                            0
                        ],
                        [
                            -58.008081,
                            -35.690369,
                            0
                        ],
                        [
                            -58.006877,
                            -35.689848,
                            0
                        ],
                        [
                            -58.00516,
                            -35.687495,
                            0
                        ],
                        [
                            -58.002008,
                            -35.686803,
                            0
                        ],
                        [
                            -58.000689,
                            -35.688618,
                            0
                        ],
                        [
                            -58.002003,
                            -35.69545,
                            0
                        ],
                        [
                            -58.001544,
                            -35.698937,
                            0
                        ],
                        [
                            -57.998654,
                            -35.702422,
                            0
                        ],
                        [
                            -57.99884,
                            -35.704374,
                            0
                        ],
                        [
                            -57.999619,
                            -35.707232,
                            0
                        ],
                        [
                            -57.998893,
                            -35.7111,
                            0
                        ],
                        [
                            -57.995869,
                            -35.71408,
                            0
                        ],
                        [
                            -57.994091,
                            -35.715716,
                            0
                        ],
                        [
                            -57.993803,
                            -35.722596,
                            0
                        ],
                        [
                            -57.992888,
                            -35.725829,
                            0
                        ],
                        [
                            -57.989168,
                            -35.729048,
                            0
                        ],
                        [
                            -57.986794,
                            -35.731356,
                            0
                        ],
                        [
                            -57.986722,
                            -35.734112,
                            0
                        ],
                        [
                            -57.984799,
                            -35.7357,
                            0
                        ],
                        [
                            -57.983579,
                            -35.737957,
                            0
                        ],
                        [
                            -57.984601,
                            -35.744311,
                            0
                        ],
                        [
                            -57.985112,
                            -35.745817,
                            0
                        ],
                        [
                            -57.984081,
                            -35.747475,
                            0
                        ],
                        [
                            -57.983995,
                            -35.749001,
                            0
                        ],
                        [
                            -57.984896,
                            -35.749695,
                            0
                        ],
                        [
                            -57.984231,
                            -35.750529,
                            0
                        ],
                        [
                            -57.988533,
                            -35.752897,
                            0
                        ],
                        [
                            -57.994977,
                            -35.75422,
                            0
                        ],
                        [
                            -57.997427,
                            -35.75502,
                            0
                        ],
                        [
                            -58.000025,
                            -35.7573,
                            0
                        ],
                        [
                            -58.001754,
                            -35.761923,
                            0
                        ],
                        [
                            -58.001418,
                            -35.765558,
                            0
                        ],
                        [
                            -57.999533,
                            -35.767584,
                            0
                        ],
                        [
                            -57.996788,
                            -35.769155,
                            0
                        ],
                        [
                            -57.995288,
                            -35.770219,
                            0
                        ],
                        [
                            -57.994945,
                            -35.770925,
                            0
                        ],
                        [
                            -57.995053,
                            -35.771511,
                            0
                        ],
                        [
                            -57.995364,
                            -35.772013,
                            0
                        ],
                        [
                            -57.995734,
                            -35.77303,
                            0
                        ],
                        [
                            -57.997486,
                            -35.773138,
                            0
                        ],
                        [
                            -57.998404,
                            -35.773018,
                            0
                        ],
                        [
                            -57.999765,
                            -35.773219,
                            0
                        ],
                        [
                            -58.001582,
                            -35.77358,
                            0
                        ],
                        [
                            -58.003001,
                            -35.773303,
                            0
                        ],
                        [
                            -58.004676,
                            -35.772678,
                            0
                        ],
                        [
                            -58.006997,
                            -35.770871,
                            0
                        ],
                        [
                            -58.010395,
                            -35.7675,
                            0
                        ],
                        [
                            -58.014463,
                            -35.764476,
                            0
                        ],
                        [
                            -58.014694,
                            -35.76366,
                            0
                        ],
                        [
                            -58.016526,
                            -35.763044,
                            0
                        ],
                        [
                            -58.018043,
                            -35.76183,
                            0
                        ],
                        [
                            -58.018973,
                            -35.760108,
                            0
                        ],
                        [
                            -58.017635,
                            -35.758621,
                            0
                        ],
                        [
                            -58.018339,
                            -35.756693,
                            0
                        ],
                        [
                            -58.018949,
                            -35.757679,
                            0
                        ],
                        [
                            -58.019168,
                            -35.758799,
                            0
                        ],
                        [
                            -58.024342,
                            -35.759777,
                            0
                        ],
                        [
                            -58.025469,
                            -35.759848,
                            0
                        ],
                        [
                            -58.026805,
                            -35.758421,
                            0
                        ],
                        [
                            -58.029877,
                            -35.758682,
                            0
                        ],
                        [
                            -58.03167,
                            -35.757907,
                            0
                        ],
                        [
                            -58.032995,
                            -35.75543,
                            0
                        ],
                        [
                            -58.03486,
                            -35.754366,
                            0
                        ],
                        [
                            -58.039299,
                            -35.751003,
                            0
                        ],
                        [
                            -58.040187,
                            -35.751319,
                            0
                        ],
                        [
                            -58.038572,
                            -35.753149,
                            0
                        ],
                        [
                            -58.037678,
                            -35.755387,
                            0
                        ],
                        [
                            -58.035601,
                            -35.756019,
                            0
                        ],
                        [
                            -58.036965,
                            -35.759122,
                            0
                        ],
                        [
                            -58.035759,
                            -35.7613,
                            0
                        ],
                        [
                            -58.036272,
                            -35.762528,
                            0
                        ],
                        [
                            -58.037387,
                            -35.762655,
                            0
                        ],
                        [
                            -58.037258,
                            -35.763903,
                            0
                        ],
                        [
                            -58.035992,
                            -35.764248,
                            0
                        ],
                        [
                            -58.034758,
                            -35.764769,
                            0
                        ],
                        [
                            -58.035944,
                            -35.76691,
                            0
                        ],
                        [
                            -58.037137,
                            -35.767911,
                            0
                        ],
                        [
                            -58.039194,
                            -35.767715,
                            0
                        ],
                        [
                            -58.039192,
                            -35.768592,
                            0
                        ],
                        [
                            -58.037646,
                            -35.768473,
                            0
                        ],
                        [
                            -58.036444,
                            -35.76911,
                            0
                        ],
                        [
                            -58.035156,
                            -35.768315,
                            0
                        ],
                        [
                            -58.034512,
                            -35.766315,
                            0
                        ],
                        [
                            -58.033417,
                            -35.763574,
                            0
                        ],
                        [
                            -58.031325,
                            -35.763805,
                            0
                        ],
                        [
                            -58.028304,
                            -35.764896,
                            0
                        ],
                        [
                            -58.025249,
                            -35.767183,
                            0
                        ],
                        [
                            -58.023893,
                            -35.768605,
                            0
                        ],
                        [
                            -58.022357,
                            -35.769316,
                            0
                        ],
                        [
                            -58.018327,
                            -35.768349,
                            0
                        ],
                        [
                            -58.021633,
                            -35.772322,
                            0
                        ],
                        [
                            -58.025948,
                            -35.774866,
                            0
                        ],
                        [
                            -58.026576,
                            -35.777268,
                            0
                        ],
                        [
                            -58.031167,
                            -35.778871,
                            0
                        ],
                        [
                            -58.033634,
                            -35.781691,
                            0
                        ],
                        [
                            -58.035297,
                            -35.782266,
                            0
                        ],
                        [
                            -58.036558,
                            -35.781578,
                            0
                        ],
                        [
                            -58.037016,
                            -35.778936,
                            0
                        ],
                        [
                            -58.038018,
                            -35.777267,
                            0
                        ],
                        [
                            -58.038519,
                            -35.773299,
                            0
                        ],
                        [
                            -58.039284,
                            -35.776119,
                            0
                        ],
                        [
                            -58.040611,
                            -35.777112,
                            0
                        ],
                        [
                            -58.0393,
                            -35.777956,
                            0
                        ],
                        [
                            -58.039761,
                            -35.778866,
                            0
                        ],
                        [
                            -58.041708,
                            -35.780435,
                            0
                        ],
                        [
                            -58.044827,
                            -35.784979,
                            0
                        ],
                        [
                            -58.049555,
                            -35.786464,
                            0
                        ],
                        [
                            -58.054627,
                            -35.786695,
                            0
                        ],
                        [
                            -58.06108,
                            -35.790219,
                            0
                        ],
                        [
                            -58.056614,
                            -35.790958,
                            0
                        ],
                        [
                            -58.055238,
                            -35.789726,
                            0
                        ],
                        [
                            -58.053006,
                            -35.791338,
                            0
                        ],
                        [
                            -58.05116,
                            -35.792715,
                            0
                        ],
                        [
                            -58.048778,
                            -35.793264,
                            0
                        ],
                        [
                            -58.047057,
                            -35.793719,
                            0
                        ],
                        [
                            -58.045353,
                            -35.796342,
                            0
                        ],
                        [
                            -58.042526,
                            -35.797515,
                            0
                        ],
                        [
                            -58.041542,
                            -35.799006,
                            0
                        ],
                        [
                            -58.039334,
                            -35.80191,
                            0
                        ],
                        [
                            -58.042178,
                            -35.805311,
                            0
                        ],
                        [
                            -58.045099,
                            -35.807971,
                            0
                        ],
                        [
                            -58.047848,
                            -35.809239,
                            0
                        ],
                        [
                            -58.053863,
                            -35.811914,
                            0
                        ],
                        [
                            -58.043108,
                            -35.810499,
                            0
                        ],
                        [
                            -58.039218,
                            -35.81145,
                            0
                        ],
                        [
                            -58.036487,
                            -35.81261,
                            0
                        ],
                        [
                            -58.036845,
                            -35.814744,
                            0
                        ],
                        [
                            -58.035329,
                            -35.81609,
                            0
                        ],
                        [
                            -58.038478,
                            -35.82073,
                            0
                        ],
                        [
                            -58.035116,
                            -35.81776,
                            0
                        ],
                        [
                            -58.031755,
                            -35.817018,
                            0
                        ],
                        [
                            -58.030012,
                            -35.818038,
                            0
                        ],
                        [
                            -58.028241,
                            -35.819383,
                            0
                        ],
                        [
                            -58.02665,
                            -35.821467,
                            0
                        ],
                        [
                            -58.027805,
                            -35.825083,
                            0
                        ],
                        [
                            -58.027027,
                            -35.826051,
                            0
                        ],
                        [
                            -58.02753,
                            -35.828545,
                            0
                        ],
                        [
                            -58.029223,
                            -35.830191,
                            0
                        ],
                        [
                            -58.026872,
                            -35.829245,
                            0
                        ],
                        [
                            -58.025353,
                            -35.829328,
                            0
                        ],
                        [
                            -58.025452,
                            -35.831597,
                            0
                        ],
                        [
                            -58.026581,
                            -35.833727,
                            0
                        ],
                        [
                            -58.030033,
                            -35.837889,
                            0
                        ],
                        [
                            -58.033161,
                            -35.838976,
                            0
                        ],
                        [
                            -58.0365,
                            -35.845187,
                            0
                        ],
                        [
                            -58.03469,
                            -35.845623,
                            0
                        ],
                        [
                            -58.033956,
                            -35.846259,
                            0
                        ],
                        [
                            -58.032902,
                            -35.848316,
                            0
                        ],
                        [
                            -58.03511,
                            -35.847868,
                            0
                        ],
                        [
                            -58.040501,
                            -35.841921,
                            0
                        ],
                        [
                            -58.044227,
                            -35.840339,
                            0
                        ],
                        [
                            -58.046922,
                            -35.837644,
                            0
                        ],
                        [
                            -58.047556,
                            -35.840536,
                            0
                        ],
                        [
                            -58.045787,
                            -35.842314,
                            0
                        ],
                        [
                            -58.04242,
                            -35.84434,
                            0
                        ],
                        [
                            -58.041866,
                            -35.846723,
                            0
                        ],
                        [
                            -58.041445,
                            -35.849262,
                            0
                        ],
                        [
                            -58.043006,
                            -35.850723,
                            0
                        ],
                        [
                            -58.044926,
                            -35.851696,
                            0
                        ],
                        [
                            -58.046192,
                            -35.853643,
                            0
                        ],
                        [
                            -58.047007,
                            -35.855868,
                            0
                        ],
                        [
                            -58.047779,
                            -35.857953,
                            0
                        ],
                        [
                            -58.048808,
                            -35.859756,
                            0
                        ],
                        [
                            -58.046661,
                            -35.862326,
                            0
                        ],
                        [
                            -58.044901,
                            -35.863263,
                            0
                        ],
                        [
                            -58.043163,
                            -35.864705,
                            0
                        ],
                        [
                            -58.042551,
                            -35.866539,
                            0
                        ],
                        [
                            -58.042996,
                            -35.86723,
                            0
                        ],
                        [
                            -58.043762,
                            -35.867595,
                            0
                        ],
                        [
                            -58.044356,
                            -35.868237,
                            0
                        ],
                        [
                            -58.044607,
                            -35.868862,
                            0
                        ],
                        [
                            -58.044991,
                            -35.869522,
                            0
                        ],
                        [
                            -58.045848,
                            -35.869591,
                            0
                        ],
                        [
                            -58.046531,
                            -35.869,
                            0
                        ],
                        [
                            -58.047772,
                            -35.867105,
                            0
                        ],
                        [
                            -58.049996,
                            -35.865264,
                            0
                        ],
                        [
                            -58.053585,
                            -35.863945,
                            0
                        ],
                        [
                            -58.056645,
                            -35.86409,
                            0
                        ],
                        [
                            -58.062533,
                            -35.865918,
                            0
                        ],
                        [
                            -58.066585,
                            -35.869434,
                            0
                        ],
                        [
                            -58.069198,
                            -35.870067,
                            0
                        ],
                        [
                            -58.071161,
                            -35.870776,
                            0
                        ],
                        [
                            -58.07217,
                            -35.869691,
                            0
                        ],
                        [
                            -58.073846,
                            -35.870858,
                            0
                        ],
                        [
                            -58.071757,
                            -35.871935,
                            0
                        ],
                        [
                            -58.071385,
                            -35.874821,
                            0
                        ],
                        [
                            -58.068094,
                            -35.875273,
                            0
                        ],
                        [
                            -58.065318,
                            -35.876281,
                            0
                        ],
                        [
                            -58.064514,
                            -35.878087,
                            0
                        ],
                        [
                            -58.064966,
                            -35.880587,
                            0
                        ],
                        [
                            -58.064324,
                            -35.883918,
                            0
                        ],
                        [
                            -58.066302,
                            -35.887381,
                            0
                        ],
                        [
                            -58.064765,
                            -35.891248,
                            0
                        ],
                        [
                            -58.063922,
                            -35.895922,
                            0
                        ],
                        [
                            -58.059833,
                            -35.896231,
                            0
                        ],
                        [
                            -58.057834,
                            -35.895597,
                            0
                        ],
                        [
                            -58.056926,
                            -35.896277,
                            0
                        ],
                        [
                            -58.056825,
                            -35.899166,
                            0
                        ],
                        [
                            -58.057139,
                            -35.903832,
                            0
                        ],
                        [
                            -58.055535,
                            -35.908576,
                            0
                        ],
                        [
                            -58.044579,
                            -35.907928,
                            0
                        ],
                        [
                            -58.039402,
                            -35.903051,
                            0
                        ],
                        [
                            -58.032166,
                            -35.899285,
                            0
                        ],
                        [
                            -58.041925,
                            -35.893608,
                            0
                        ],
                        [
                            -58.043272,
                            -35.883897,
                            0
                        ],
                        [
                            -58.046249,
                            -35.876552,
                            0
                        ],
                        [
                            -58.046386,
                            -35.871471,
                            0
                        ],
                        [
                            -58.045835,
                            -35.870379,
                            0
                        ],
                        [
                            -58.044734,
                            -35.869911,
                            0
                        ],
                        [
                            -58.044233,
                            -35.869374,
                            0
                        ],
                        [
                            -58.042606,
                            -35.87168,
                            0
                        ],
                        [
                            -58.042124,
                            -35.872969,
                            0
                        ],
                        [
                            -58.042029,
                            -35.874328,
                            0
                        ],
                        [
                            -58.04158,
                            -35.874646,
                            0
                        ],
                        [
                            -58.040082,
                            -35.873248,
                            0
                        ],
                        [
                            -58.04063,
                            -35.872655,
                            0
                        ],
                        [
                            -58.04062,
                            -35.871993,
                            0
                        ],
                        [
                            -58.039602,
                            -35.871504,
                            0
                        ],
                        [
                            -58.040466,
                            -35.869799,
                            0
                        ],
                        [
                            -58.039182,
                            -35.869155,
                            0
                        ],
                        [
                            -58.037939,
                            -35.86779,
                            0
                        ],
                        [
                            -58.03368,
                            -35.867466,
                            0
                        ],
                        [
                            -58.029507,
                            -35.866621,
                            0
                        ],
                        [
                            -58.036535,
                            -35.863045,
                            0
                        ],
                        [
                            -58.038246,
                            -35.859171,
                            0
                        ],
                        [
                            -58.037983,
                            -35.856409,
                            0
                        ],
                        [
                            -58.036287,
                            -35.854614,
                            0
                        ],
                        [
                            -58.032129,
                            -35.852948,
                            0
                        ],
                        [
                            -58.028763,
                            -35.851489,
                            0
                        ],
                        [
                            -58.028539,
                            -35.852916,
                            0
                        ],
                        [
                            -58.027457,
                            -35.85323,
                            0
                        ],
                        [
                            -58.025188,
                            -35.850451,
                            0
                        ],
                        [
                            -58.026113,
                            -35.850174,
                            0
                        ],
                        [
                            -58.024602,
                            -35.848922,
                            0
                        ],
                        [
                            -58.023417,
                            -35.846418,
                            0
                        ],
                        [
                            -58.022568,
                            -35.844888,
                            0
                        ],
                        [
                            -58.019225,
                            -35.843566,
                            0
                        ],
                        [
                            -58.013691,
                            -35.843253,
                            0
                        ],
                        [
                            -58.011964,
                            -35.844114,
                            0
                        ],
                        [
                            -58.010238,
                            -35.845949,
                            0
                        ],
                        [
                            -58.009589,
                            -35.846101,
                            0
                        ],
                        [
                            -58.00894,
                            -35.845627,
                            0
                        ],
                        [
                            -58.008506,
                            -35.843848,
                            0
                        ],
                        [
                            -58.007127,
                            -35.842104,
                            0
                        ],
                        [
                            -58.006597,
                            -35.841265,
                            0
                        ],
                        [
                            -58.005724,
                            -35.840529,
                            0
                        ],
                        [
                            -58.004787,
                            -35.837306,
                            0
                        ],
                        [
                            -58.003796,
                            -35.836066,
                            0
                        ],
                        [
                            -58.002591,
                            -35.834964,
                            0
                        ],
                        [
                            -57.998721,
                            -35.834362,
                            0
                        ],
                        [
                            -58.002833,
                            -35.834605,
                            0
                        ],
                        [
                            -58.004242,
                            -35.834117,
                            0
                        ],
                        [
                            -58.006094,
                            -35.834925,
                            0
                        ],
                        [
                            -58.007432,
                            -35.836742,
                            0
                        ],
                        [
                            -58.008541,
                            -35.83806,
                            0
                        ],
                        [
                            -58.00995,
                            -35.838995,
                            0
                        ],
                        [
                            -58.011917,
                            -35.839147,
                            0
                        ],
                        [
                            -58.012982,
                            -35.838498,
                            0
                        ],
                        [
                            -58.014605,
                            -35.838123,
                            0
                        ],
                        [
                            -58.016057,
                            -35.836565,
                            0
                        ],
                        [
                            -58.017029,
                            -35.834942,
                            0
                        ],
                        [
                            -58.017348,
                            -35.831683,
                            0
                        ],
                        [
                            -58.016765,
                            -35.831278,
                            0
                        ],
                        [
                            -58.017855,
                            -35.830298,
                            0
                        ],
                        [
                            -58.018345,
                            -35.828831,
                            0
                        ],
                        [
                            -58.021721,
                            -35.827313,
                            0
                        ],
                        [
                            -58.023122,
                            -35.824959,
                            0
                        ],
                        [
                            -58.023391,
                            -35.822434,
                            0
                        ],
                        [
                            -58.022973,
                            -35.820186,
                            0
                        ],
                        [
                            -58.021109,
                            -35.81778,
                            0
                        ],
                        [
                            -58.01961,
                            -35.816725,
                            0
                        ],
                        [
                            -58.022062,
                            -35.81715,
                            0
                        ],
                        [
                            -58.024514,
                            -35.815905,
                            0
                        ],
                        [
                            -58.026843,
                            -35.813136,
                            0
                        ],
                        [
                            -58.02824,
                            -35.811634,
                            0
                        ],
                        [
                            -58.027085,
                            -35.809187,
                            0
                        ],
                        [
                            -58.024695,
                            -35.80831,
                            0
                        ],
                        [
                            -58.022321,
                            -35.80753,
                            0
                        ],
                        [
                            -58.024753,
                            -35.806263,
                            0
                        ],
                        [
                            -58.024609,
                            -35.80263,
                            0
                        ],
                        [
                            -58.026211,
                            -35.805251,
                            0
                        ],
                        [
                            -58.028157,
                            -35.803695,
                            0
                        ],
                        [
                            -58.028958,
                            -35.800584,
                            0
                        ],
                        [
                            -58.029186,
                            -35.798677,
                            0
                        ],
                        [
                            -58.028039,
                            -35.797454,
                            0
                        ],
                        [
                            -58.03024,
                            -35.797414,
                            0
                        ],
                        [
                            -58.030723,
                            -35.796122,
                            0
                        ],
                        [
                            -58.028196,
                            -35.791927,
                            0
                        ],
                        [
                            -58.024925,
                            -35.786684,
                            0
                        ],
                        [
                            -58.016504,
                            -35.791187,
                            0
                        ],
                        [
                            -58.017954,
                            -35.792767,
                            0
                        ],
                        [
                            -58.016828,
                            -35.793232,
                            0
                        ],
                        [
                            -58.01947,
                            -35.796251,
                            0
                        ],
                        [
                            -58.019675,
                            -35.797761,
                            0
                        ],
                        [
                            -58.01885,
                            -35.798296,
                            0
                        ],
                        [
                            -58.01751,
                            -35.797427,
                            0
                        ],
                        [
                            -58.016877,
                            -35.797264,
                            0
                        ],
                        [
                            -58.01647,
                            -35.797442,
                            0
                        ],
                        [
                            -58.016193,
                            -35.797884,
                            0
                        ],
                        [
                            -58.015832,
                            -35.79809,
                            0
                        ],
                        [
                            -58.015152,
                            -35.79812,
                            0
                        ],
                        [
                            -58.014944,
                            -35.797932,
                            0
                        ],
                        [
                            -58.014907,
                            -35.797639,
                            0
                        ],
                        [
                            -58.014985,
                            -35.797263,
                            0
                        ],
                        [
                            -58.015192,
                            -35.797165,
                            0
                        ],
                        [
                            -58.016232,
                            -35.797017,
                            0
                        ],
                        [
                            -58.016489,
                            -35.796844,
                            0
                        ],
                        [
                            -58.016553,
                            -35.796568,
                            0
                        ],
                        [
                            -58.016123,
                            -35.796171,
                            0
                        ],
                        [
                            -58.015519,
                            -35.796073,
                            0
                        ],
                        [
                            -58.014506,
                            -35.796104,
                            0
                        ],
                        [
                            -58.014109,
                            -35.796202,
                            0
                        ],
                        [
                            -58.013295,
                            -35.796814,
                            0
                        ],
                        [
                            -58.012717,
                            -35.796872,
                            0
                        ],
                        [
                            -58.012441,
                            -35.796762,
                            0
                        ],
                        [
                            -58.012019,
                            -35.796403,
                            0
                        ],
                        [
                            -58.011025,
                            -35.795388,
                            0
                        ],
                        [
                            -58.010602,
                            -35.794421,
                            0
                        ],
                        [
                            -58.00972,
                            -35.793446,
                            0
                        ],
                        [
                            -58.009107,
                            -35.792871,
                            0
                        ],
                        [
                            -58.008683,
                            -35.79274,
                            0
                        ],
                        [
                            -58.008451,
                            -35.792801,
                            0
                        ],
                        [
                            -58.008407,
                            -35.793406,
                            0
                        ],
                        [
                            -58.008471,
                            -35.79408,
                            0
                        ],
                        [
                            -58.008148,
                            -35.794754,
                            0
                        ],
                        [
                            -58.007986,
                            -35.795143,
                            0
                        ],
                        [
                            -58.008082,
                            -35.795463,
                            0
                        ],
                        [
                            -58.007696,
                            -35.796139,
                            0
                        ],
                        [
                            -58.007541,
                            -35.796404,
                            0
                        ],
                        [
                            -58.007471,
                            -35.796737,
                            0
                        ],
                        [
                            -58.007451,
                            -35.797061,
                            0
                        ],
                        [
                            -58.007495,
                            -35.797799,
                            0
                        ],
                        [
                            -58.007375,
                            -35.797846,
                            0
                        ],
                        [
                            -58.007266,
                            -35.797815,
                            0
                        ],
                        [
                            -58.007007,
                            -35.797085,
                            0
                        ],
                        [
                            -58.006588,
                            -35.796303,
                            0
                        ],
                        [
                            -58.00588,
                            -35.795808,
                            0
                        ],
                        [
                            -58.005163,
                            -35.795521,
                            0
                        ],
                        [
                            -58.004972,
                            -35.795053,
                            0
                        ],
                        [
                            -58.005234,
                            -35.794534,
                            0
                        ],
                        [
                            -58.004857,
                            -35.794366,
                            0
                        ],
                        [
                            -58.004266,
                            -35.794372,
                            0
                        ],
                        [
                            -58.002769,
                            -35.795733,
                            0
                        ],
                        [
                            -58.001849,
                            -35.796866,
                            0
                        ],
                        [
                            -58.001506,
                            -35.797832,
                            0
                        ],
                        [
                            -58.000965,
                            -35.798429,
                            0
                        ],
                        [
                            -58.001022,
                            -35.798858,
                            0
                        ],
                        [
                            -58.000975,
                            -35.799542,
                            0
                        ],
                        [
                            -58.001647,
                            -35.799321,
                            0
                        ],
                        [
                            -58.002106,
                            -35.799716,
                            0
                        ],
                        [
                            -58.002597,
                            -35.800181,
                            0
                        ],
                        [
                            -58.002528,
                            -35.800528,
                            0
                        ],
                        [
                            -58.002244,
                            -35.800579,
                            0
                        ],
                        [
                            -58.001537,
                            -35.800332,
                            0
                        ],
                        [
                            -58.000744,
                            -35.799668,
                            0
                        ],
                        [
                            -58.000198,
                            -35.799941,
                            0
                        ],
                        [
                            -57.999696,
                            -35.799691,
                            0
                        ],
                        [
                            -57.999617,
                            -35.79925,
                            0
                        ],
                        [
                            -58.000053,
                            -35.798992,
                            0
                        ],
                        [
                            -58.000489,
                            -35.798856,
                            0
                        ],
                        [
                            -58.000689,
                            -35.798415,
                            0
                        ],
                        [
                            -58.000814,
                            -35.798027,
                            0
                        ],
                        [
                            -58.000734,
                            -35.797821,
                            0
                        ],
                        [
                            -58.001201,
                            -35.796467,
                            0
                        ],
                        [
                            -58.001083,
                            -35.795934,
                            0
                        ],
                        [
                            -57.999903,
                            -35.796192,
                            0
                        ],
                        [
                            -58.000718,
                            -35.795455,
                            0
                        ],
                        [
                            -58.002005,
                            -35.792589,
                            0
                        ],
                        [
                            -58.003378,
                            -35.792425,
                            0
                        ],
                        [
                            -58.004406,
                            -35.790148,
                            0
                        ],
                        [
                            -58.003716,
                            -35.788241,
                            0
                        ],
                        [
                            -58.009203,
                            -35.788325,
                            0
                        ],
                        [
                            -58.010048,
                            -35.786265,
                            0
                        ],
                        [
                            -58.010377,
                            -35.783161,
                            0
                        ],
                        [
                            -58.009506,
                            -35.78131,
                            0
                        ],
                        [
                            -58.008535,
                            -35.776425,
                            0
                        ],
                        [
                            -58.006191,
                            -35.771958,
                            0
                        ],
                        [
                            -58.005204,
                            -35.772888,
                            0
                        ],
                        [
                            -58.004088,
                            -35.773331,
                            0
                        ],
                        [
                            -58.0022,
                            -35.774073,
                            0
                        ],
                        [
                            -57.999196,
                            -35.773521,
                            0
                        ],
                        [
                            -57.996643,
                            -35.773613,
                            0
                        ],
                        [
                            -57.995421,
                            -35.773322,
                            0
                        ],
                        [
                            -57.994373,
                            -35.77181,
                            0
                        ],
                        [
                            -57.986676,
                            -35.769132,
                            0
                        ],
                        [
                            -57.986174,
                            -35.773526,
                            0
                        ],
                        [
                            -57.982421,
                            -35.779387,
                            0
                        ],
                        [
                            -57.979034,
                            -35.779689,
                            0
                        ],
                        [
                            -57.976724,
                            -35.780709,
                            0
                        ],
                        [
                            -57.973475,
                            -35.784838,
                            0
                        ],
                        [
                            -57.96732,
                            -35.786968,
                            0
                        ],
                        [
                            -57.96535,
                            -35.785795,
                            0
                        ],
                        [
                            -57.966642,
                            -35.783508,
                            0
                        ],
                        [
                            -57.968367,
                            -35.77963,
                            0
                        ],
                        [
                            -57.961861,
                            -35.774521,
                            0
                        ],
                        [
                            -57.960351,
                            -35.773216,
                            0
                        ],
                        [
                            -57.957502,
                            -35.773113,
                            0
                        ],
                        [
                            -57.954725,
                            -35.770678,
                            0
                        ],
                        [
                            -57.952602,
                            -35.770405,
                            0
                        ],
                        [
                            -57.948357,
                            -35.773199,
                            0
                        ],
                        [
                            -57.945876,
                            -35.776003,
                            0
                        ],
                        [
                            -57.943489,
                            -35.77576,
                            0
                        ],
                        [
                            -57.94033,
                            -35.772105,
                            0
                        ],
                        [
                            -57.933214,
                            -35.768885,
                            0
                        ],
                        [
                            -57.933309,
                            -35.767336,
                            0
                        ],
                        [
                            -57.937363,
                            -35.764203,
                            0
                        ],
                        [
                            -57.938412,
                            -35.760096,
                            0
                        ],
                        [
                            -57.937935,
                            -35.756617,
                            0
                        ],
                        [
                            -57.936982,
                            -35.750913,
                            0
                        ],
                        [
                            -57.938338,
                            -35.74884,
                            0
                        ],
                        [
                            -57.940876,
                            -35.7472,
                            0
                        ],
                        [
                            -57.943207,
                            -35.746707,
                            0
                        ],
                        [
                            -57.947009,
                            -35.749204,
                            0
                        ],
                        [
                            -57.953754,
                            -35.751411,
                            0
                        ],
                        [
                            -57.95746,
                            -35.751784,
                            0
                        ],
                        [
                            -57.959036,
                            -35.754201,
                            0
                        ],
                        [
                            -57.966651,
                            -35.760845,
                            0
                        ],
                        [
                            -57.968321,
                            -35.765913,
                            0
                        ],
                        [
                            -57.971832,
                            -35.766436,
                            0
                        ],
                        [
                            -57.975249,
                            -35.76414,
                            0
                        ],
                        [
                            -57.977448,
                            -35.760941,
                            0
                        ],
                        [
                            -57.979441,
                            -35.760531,
                            0
                        ],
                        [
                            -57.980853,
                            -35.759015,
                            0
                        ],
                        [
                            -57.978696,
                            -35.753477,
                            0
                        ],
                        [
                            -57.976614,
                            -35.749643,
                            0
                        ],
                        [
                            -57.976569,
                            -35.747689,
                            0
                        ],
                        [
                            -57.978708,
                            -35.743224,
                            0
                        ],
                        [
                            -57.978523,
                            -35.739727,
                            0
                        ],
                        [
                            -57.977294,
                            -35.73538,
                            0
                        ],
                        [
                            -57.975007,
                            -35.731288,
                            0
                        ],
                        [
                            -57.980042,
                            -35.726028,
                            0
                        ],
                        [
                            -57.982902,
                            -35.724567,
                            0
                        ],
                        [
                            -57.985874,
                            -35.72067,
                            0
                        ],
                        [
                            -57.987351,
                            -35.713714,
                            0
                        ],
                        [
                            -57.986622,
                            -35.703755,
                            0
                        ],
                        [
                            -57.984521,
                            -35.700349,
                            0
                        ],
                        [
                            -57.980661,
                            -35.697438,
                            0
                        ],
                        [
                            -57.977576,
                            -35.696775,
                            0
                        ],
                        [
                            -57.971923,
                            -35.697261,
                            0
                        ],
                        [
                            -57.969886,
                            -35.698233,
                            0
                        ],
                        [
                            -57.969417,
                            -35.701153,
                            0
                        ],
                        [
                            -57.968306,
                            -35.705179,
                            0
                        ],
                        [
                            -57.966428,
                            -35.705006,
                            0
                        ],
                        [
                            -57.962571,
                            -35.701121,
                            0
                        ],
                        [
                            -57.961804,
                            -35.698072,
                            0
                        ],
                        [
                            -57.961301,
                            -35.694484,
                            0
                        ]
                    ]
                ]
            },
            "properties": {
                "name": "Lagunas Encadenadas",
                "SUP_HA": 6417.2,
                "SUP_REF_HA": null,
                "PROF_MED_M": null,
                "PROF_MAX_M": null,
                "COTA_MSNM": null,
                "COTA_DESB_M": null,
                "SISTEMA": "Encadenadas",
                "FUENTE": "Wikipedia/Dangavs et al.; cota IGN:  Composición del sistema (de Norte a Sur)El orden de las lagunas que integran esta cadena es el siguiente:Vitel: Ubicada al norte, con una superficie de unas 1.305 ha.Chascomús: La mayor del sistema (3.014 ha) y la más cercana al centro urbano. Tiene una profundidad media de 1,53 m y una máxima de 3,42 m.Adela (o Manantiales): Posee aproximadamente 2.098 ha.Del Burro: Con 1.070 ha.Chis-Chis: Abarca unas 1.481 ha.La Tablilla: Con 1.674 ha.Las Barrancas: La última de la cadena, con 875-885 ha"
            }
        },
        {
            "type": "Feature",
            "geometry": {
                "type": "Polygon",
                "coordinates": [
                    [
                        [
                            -58.249456,
                            -35.764508,
                            0
                        ],
                        [
                            -58.252439,
                            -35.766527,
                            0
                        ],
                        [
                            -58.253791,
                            -35.768791,
                            0
                        ],
                        [
                            -58.250272,
                            -35.778575,
                            0
                        ],
                        [
                            -58.250014,
                            -35.783205,
                            0
                        ],
                        [
                            -58.253361,
                            -35.791055,
                            0
                        ],
                        [
                            -58.255894,
                            -35.799531,
                            0
                        ],
                        [
                            -58.246667,
                            -35.806284,
                            0
                        ],
                        [
                            -58.234436,
                            -35.811644,
                            0
                        ],
                        [
                            -58.230531,
                            -35.811435,
                            0
                        ],
                        [
                            -58.224351,
                            -35.814254,
                            0
                        ],
                        [
                            -58.22272,
                            -35.814062,
                            0
                        ],
                        [
                            -58.223364,
                            -35.810913,
                            0
                        ],
                        [
                            -58.222269,
                            -35.810826,
                            0
                        ],
                        [
                            -58.221046,
                            -35.811087,
                            0
                        ],
                        [
                            -58.218858,
                            -35.810599,
                            0
                        ],
                        [
                            -58.215424,
                            -35.81394,
                            0
                        ],
                        [
                            -58.214051,
                            -35.815019,
                            0
                        ],
                        [
                            -58.211648,
                            -35.814949,
                            0
                        ],
                        [
                            -58.210961,
                            -35.813488,
                            0
                        ],
                        [
                            -58.211519,
                            -35.812252,
                            0
                        ],
                        [
                            -58.212678,
                            -35.811295,
                            0
                        ],
                        [
                            -58.207871,
                            -35.812966,
                            0
                        ],
                        [
                            -58.20594,
                            -35.81488,
                            0
                        ],
                        [
                            -58.204245,
                            -35.815802,
                            0
                        ],
                        [
                            -58.202378,
                            -35.815054,
                            0
                        ],
                        [
                            -58.200318,
                            -35.812827,
                            0
                        ],
                        [
                            -58.200061,
                            -35.811748,
                            0
                        ],
                        [
                            -58.197722,
                            -35.810843,
                            0
                        ],
                        [
                            -58.195812,
                            -35.810634,
                            0
                        ],
                        [
                            -58.195662,
                            -35.809155,
                            0
                        ],
                        [
                            -58.196542,
                            -35.807537,
                            0
                        ],
                        [
                            -58.197357,
                            -35.805762,
                            0
                        ],
                        [
                            -58.197786,
                            -35.804404,
                            0
                        ],
                        [
                            -58.198838,
                            -35.802908,
                            0
                        ],
                        [
                            -58.19829,
                            -35.800349,
                            0
                        ],
                        [
                            -58.19843,
                            -35.798209,
                            0
                        ],
                        [
                            -58.201863,
                            -35.793753,
                            0
                        ],
                        [
                            -58.198902,
                            -35.793231,
                            0
                        ],
                        [
                            -58.200318,
                            -35.791247,
                            0
                        ],
                        [
                            -58.201177,
                            -35.788183,
                            0
                        ],
                        [
                            -58.206155,
                            -35.780942,
                            0
                        ],
                        [
                            -58.208386,
                            -35.780246,
                            0
                        ],
                        [
                            -58.219048,
                            -35.766874,
                            0
                        ],
                        [
                            -58.224704,
                            -35.763741,
                            0
                        ],
                        [
                            -58.232419,
                            -35.76214,
                            0
                        ],
                        [
                            -58.237225,
                            -35.76214,
                            0
                        ],
                        [
                            -58.241517,
                            -35.762418,
                            0
                        ],
                        [
                            -58.249456,
                            -35.764508,
                            0
                        ]
                    ]
                ]
            },
            "properties": {
                "name": "Laguna Esquivel",
                "SUP_HA": 2257.8,
                "SUP_REF_HA": null,
                "PROF_MED_M": null,
                "PROF_MAX_M": null,
                "COTA_MSNM": null,
                "COTA_DESB_M": null,
                "SISTEMA": null,
                "FUENTE": null
            }
        }
    ]
}