{"type":"FeatureCollection","name":"chascomus_110108_subparcelas","crs":{"type":"name","properties":{"name":"urn:ogc:def:crs:OGC:1.3:CRS84"}},"features":[{"type":"Feature","properties":{"CCA":"02711000000000000000000000000000000108100A000043","ARA1":15051.67,"SAG":"ARBA","PARTIDO":"027","CIRC":11,"SECC":null,"CHACRA":null,"CHACRA_L":null,"QUINTA":null,"QUINTA_L":null,"FRACCION":null,"FRACC_L":null,"MANZANA":null,"MANZANA_L":null,"PARCELA":1081,"PARCELA_L":"A","SUBPARC":43,"CCA_MADRE":"02711000000000000000000000000000000108100A","NOMENCLA":"Circ. XI - Pc. 1081A - UF 43"},"geometry":{"type":"Polygon","coordinates":[[[-58.13923933091275,-35.534553917307434],[-58.14021172107317,-35.535780244642595],[-58.140289736694804,-35.535681690987126],[-58.14037133908209,-35.53558535535738],[-58.140456756964376,-35.53549088081473],[-58.14054553702565,-35.53539880104837],[-58.14063790383765,-35.53530893928468],[-58.14073352261472,-35.535221470582215],[-58.14076423519758,-35.53519481965149],[-58.14078516005517,-35.53516234053999],[-58.140794696069044,-35.53512653177717],[-58.14079212378944,-35.53508990548661],[-58.14077781960743,-35.53505526103203],[-58.14075272342408,-35.53502486577507],[-58.1406885659377,-35.53493862772322],[-58.14062529856192,-35.53485204290651],[-58.14056281316681,-35.53476501954372],[-58.14050099538473,-35.53467773610183],[-58.140440069786926,-35.53459001581591],[-58.14037970159178,-35.53450203375309],[-58.140287273930475,-35.53437489787699],[-58.140191613131876,-35.53424933412479],[-58.140092827332595,-35.534125434272056],[-58.139990916541585,-35.53400319831146],[-58.13988609701906,-35.53388280980149],[-58.13977815044032,-35.533764175251335],[-58.13923933091275,-35.534553917307434]]]}},{"type":"Feature","properties":{"CCA":"02711000000000000000000000000000000108100A000005","ARA1":17713.02,"SAG":"ARBA","PARTIDO":"027","CIRC":11,"SECC":null,"CHACRA":null,"CHACRA_L":null,"QUINTA":null,"QUINTA_L":null,"FRACCION":null,"FRACC_L":null,"MANZANA":null,"MANZANA_L":null,"PARCELA":1081,"PARCELA_L":"A","SUBPARC":5,"CCA_MADRE":"02711000000000000000000000000000000108100A","NOMENCLA":"Circ. XI - Pc. 1081A - UF 5"},"geometry":{"type":"Polygon","coordinates":[[[-58.144024297378735,-35.53186673232341],[-58.14429843284041,-35.533538618793095],[-58.14445709680747,-35.53351853207278],[-58.144616051900286,-35.53350016180583],[-58.14477529812896,-35.533483507991484],[-58.144934829280196,-35.53346884087787],[-58.145094653662866,-35.53345580013214],[-58.14525454465304,-35.533444652611784],[-58.145149629887406,-35.531762394919674],[-58.144024297378735,-35.53186673232341]]]}},{"type":"Feature","properties":{"CCA":"02711000000000000000000000000000000108100A000006","ARA1":18527.37,"SAG":"ARBA","PARTIDO":"027","CIRC":11,"SECC":null,"CHACRA":null,"CHACRA_L":null,"QUINTA":null,"QUINTA_L":null,"FRACCION":null,"FRACC_L":null,"MANZANA":null,"MANZANA_L":null,"PARCELA":1081,"PARCELA_L":"A","SUBPARC":6,"CCA_MADRE":"02711000000000000000000000000000000108100A","NOMENCLA":"Circ. XI - Pc. 1081A - UF 6"},"geometry":{"type":"Polygon","coordinates":[[[-58.143410489900525,-35.53372653556971],[-58.14355477692993,-35.533684510963205],[-58.143700729544165,-35.53364674722637],[-58.14384834984023,-35.53361315427086],[-58.14399719078996,-35.533583995554025],[-58.14414736677342,-35.533559092602545],[-58.14429843284041,-35.533538618793095],[-58.144024297378735,-35.53186673232341],[-58.143498643679195,-35.53191054561585],[-58.14282741432991,-35.531932829705276],[-58.143410489900525,-35.53372653556971]]]}},{"type":"Feature","properties":{"CCA":"02711000000000000000000000000000000108100A000072","ARA1":10758.39,"SAG":"ARBA","PARTIDO":"027","CIRC":11,"SECC":null,"CHACRA":null,"CHACRA_L":null,"QUINTA":null,"QUINTA_L":null,"FRACCION":null,"FRACC_L":null,"MANZANA":null,"MANZANA_L":null,"PARCELA":1081,"PARCELA_L":"A","SUBPARC":72,"CCA_MADRE":"02711000000000000000000000000000000108100A","NOMENCLA":"Circ. XI - Pc. 1081A - UF 72"},"geometry":{"type":"Polygon","coordinates":[[[-58.14903536899556,-35.53626658298326],[-58.14778479091278,-35.536488343814014],[-58.14799225311603,-35.537333384632866],[-58.14818933315213,-35.53728747956264],[-58.14838795845682,-35.53724628387572],[-58.1485880229936,-35.53720961570685],[-58.14878918995058,-35.53717774022237],[-58.14899146350333,-35.537150477251586],[-58.14919461912413,-35.537128003572455],[-58.14903536899556,-35.53626658298326]]]}},{"type":"Feature","properties":{"CCA":"02711000000000000000000000000000000108100A000007","ARA1":21344.41,"SAG":"ARBA","PARTIDO":"027","CIRC":11,"SECC":null,"CHACRA":null,"CHACRA_L":null,"QUINTA":null,"QUINTA_L":null,"FRACCION":null,"FRACC_L":null,"MANZANA":null,"MANZANA_L":null,"PARCELA":1081,"PARCELA_L":"A","SUBPARC":7,"CCA_MADRE":"02711000000000000000000000000000000108100A","NOMENCLA":"Circ. XI - Pc. 1081A - UF 7"},"geometry":{"type":"Polygon","coordinates":[[[-58.143410489900525,-35.53372653556971],[-58.14282741432991,-35.531932829705276],[-58.14219516522386,-35.531937958061775],[-58.14211742027855,-35.53195811730398],[-58.14164564722248,-35.53219902297909],[-58.14257712509339,-35.53403351730386],[-58.1427106997116,-35.533973215596816],[-58.142846507467475,-35.53391646261758],[-58.14298454629828,-35.53386334844202],[-58.14312470393644,-35.53381396144854],[-58.14326664978026,-35.5337682965387],[-58.143410489900525,-35.53372653556971]]]}},{"type":"Feature","properties":{"CCA":"02711000000000000000000000000000000108100A000009","ARA1":23177.88,"SAG":"ARBA","PARTIDO":"027","CIRC":11,"SECC":null,"CHACRA":null,"CHACRA_L":null,"QUINTA":null,"QUINTA_L":null,"FRACCION":null,"FRACC_L":null,"MANZANA":null,"MANZANA_L":null,"PARCELA":1081,"PARCELA_L":"A","SUBPARC":9,"CCA_MADRE":"02711000000000000000000000000000000108100A","NOMENCLA":"Circ. XI - Pc. 1081A - UF 9"},"geometry":{"type":"Polygon","coordinates":[[[-58.140579025713826,-35.532615489707304],[-58.139423781438005,-35.53296885053022],[-58.13966217448184,-35.53320079009609],[-58.13989272971387,-35.53343801516946],[-58.140115338980266,-35.53368043401115],[-58.14032967994875,-35.53392768123286],[-58.140535646530154,-35.53417957501186],[-58.14073313055016,-35.534436023606816],[-58.140770985648196,-35.53449635352422],[-58.14080962056628,-35.53455633499615],[-58.14084914759183,-35.53461587963863],[-58.140889676933305,-35.534674989150204],[-58.14093098609907,-35.53473375021395],[-58.14097318737652,-35.53479207444565],[-58.141006476335704,-35.53482097391781],[-58.14104812231314,-35.53484126109795],[-58.14109496670952,-35.534851265209205],[-58.14114349742664,-35.53485030129128],[-58.14118974282424,-35.53483848833783],[-58.1412301554645,-35.534816672807224],[-58.141326134938,-35.53474218570886],[-58.141424705164205,-35.534670081455175],[-58.14152586614549,-35.53460036003999],[-58.14162939331442,-35.534533198225105],[-58.14173539896041,-35.534468507620446],[-58.141843770803106,-35.53440637660391],[-58.140579025713826,-35.532615489707304]]]}},{"type":"Feature","properties":{"CCA":"02711000000000000000000000000000000108100A000071","ARA1":11072.59,"SAG":"ARBA","PARTIDO":"027","CIRC":11,"SECC":null,"CHACRA":null,"CHACRA_L":null,"QUINTA":null,"QUINTA_L":null,"FRACCION":null,"FRACC_L":null,"MANZANA":null,"MANZANA_L":null,"PARCELA":1081,"PARCELA_L":"A","SUBPARC":71,"CCA_MADRE":"02711000000000000000000000000000000108100A","NOMENCLA":"Circ. XI - Pc. 1081A - UF 71"},"geometry":{"type":"Polygon","coordinates":[[[-58.14903536899556,-35.53626658298326],[-58.148889422546475,-35.53547403399248],[-58.14866883897771,-35.535492274545604],[-58.14844893774864,-35.535514400115495],[-58.14822971468588,-35.535540590871165],[-58.14801128410758,-35.53557066834203],[-58.147793639768366,-35.53560490278071],[-58.147577010339354,-35.535642937244695],[-58.14778479091278,-35.536488343814014],[-58.14903536899556,-35.53626658298326]]]}},{"type":"Feature","properties":{"CCA":"02711000000000000000000000000000000108100A000073","ARA1":11912.14,"SAG":"ARBA","PARTIDO":"027","CIRC":11,"SECC":null,"CHACRA":null,"CHACRA_L":null,"QUINTA":null,"QUINTA_L":null,"FRACCION":null,"FRACC_L":null,"MANZANA":null,"MANZANA_L":null,"PARCELA":1081,"PARCELA_L":"A","SUBPARC":73,"CCA_MADRE":"02711000000000000000000000000000000108100A","NOMENCLA":"Circ. XI - Pc. 1081A - UF 73"},"geometry":{"type":"Polygon","coordinates":[[[-58.14656181437129,-35.53681351722686],[-58.14778479091278,-35.536488343814014],[-58.147577010339354,-35.535642937244695],[-58.147354238431504,-35.53568439140844],[-58.14713270593198,-35.53572946880176],[-58.14691229638618,-35.53577843798586],[-58.14669312619058,-35.535831030410826],[-58.14647541573557,-35.53588724947123],[-58.146259048565454,-35.53594736372871],[-58.14656181437129,-35.53681351722686]]]}},{"type":"Feature","properties":{"CCA":"02711000000000000000000000000000000108100A000044","ARA1":13734.73,"SAG":"ARBA","PARTIDO":"027","CIRC":11,"SECC":null,"CHACRA":null,"CHACRA_L":null,"QUINTA":null,"QUINTA_L":null,"FRACCION":null,"FRACC_L":null,"MANZANA":null,"MANZANA_L":null,"PARCELA":1081,"PARCELA_L":"A","SUBPARC":44,"CCA_MADRE":"02711000000000000000000000000000000108100A","NOMENCLA":"Circ. XI - Pc. 1081A - UF 44"},"geometry":{"type":"Polygon","coordinates":[[[-58.13867401833256,-35.53522060144614],[-58.13955774306186,-35.53642411767598],[-58.13967854627718,-35.53632514334262],[-58.13979479946814,-35.536222674314644],[-58.13990639034653,-35.53611679898746],[-58.14001309433743,-35.536007694138846],[-58.140115019575305,-35.53589545156482],[-58.14021172107317,-35.535780244642595],[-58.13923933091275,-35.534553917307434],[-58.13867401833256,-35.53522060144614]]]}},{"type":"Feature","properties":{"CCA":"02711000000000000000000000000000000108100A000078","ARA1":12555.26,"SAG":"ARBA","PARTIDO":"027","CIRC":11,"SECC":null,"CHACRA":null,"CHACRA_L":null,"QUINTA":null,"QUINTA_L":null,"FRACCION":null,"FRACC_L":null,"MANZANA":null,"MANZANA_L":null,"PARCELA":1081,"PARCELA_L":"A","SUBPARC":78,"CCA_MADRE":"02711000000000000000000000000000000108100A","NOMENCLA":"Circ. XI - Pc. 1081A - UF 78"},"geometry":{"type":"Polygon","coordinates":[[[-58.14543723023671,-35.53725103297099],[-58.144603501449325,-35.537878831454364],[-58.14445466011576,-35.53797945186382],[-58.14434693826694,-35.53808980660733],[-58.14440175799876,-35.53819878821485],[-58.14445501829897,-35.53830846671501],[-58.14450650703884,-35.538418478385516],[-58.14455643841092,-35.53852909686961],[-58.14460470634739,-35.53864014030703],[-58.14465141690453,-35.53875179056148],[-58.14467702272039,-35.538774533109084],[-58.144708486205275,-35.538791868790945],[-58.144744176988496,-35.538802781249395],[-58.14478168697874,-35.53880651250443],[-58.144819475259965,-35.53880294872718],[-58.14485499862433,-35.538792411241616],[-58.14501374930743,-35.538682841236806],[-58.14517443982305,-35.5385751932717],[-58.1453367436868,-35.53846928208628],[-58.145500879254016,-35.538365201147975],[-58.14566684445544,-35.53826304053245],[-58.1458597951877,-35.538138045071776],[-58.14543723023671,-35.53725103297099]]]}},{"type":"Feature","properties":{"CCA":"02711000000000000000000000000000000108100A000046","ARA1":12391.97,"SAG":"ARBA","PARTIDO":"027","CIRC":11,"SECC":null,"CHACRA":null,"CHACRA_L":null,"QUINTA":null,"QUINTA_L":null,"FRACCION":null,"FRACC_L":null,"MANZANA":null,"MANZANA_L":null,"PARCELA":1081,"PARCELA_L":"A","SUBPARC":46,"CCA_MADRE":"02711000000000000000000000000000000108100A","NOMENCLA":"Circ. XI - Pc. 1081A - UF 46"},"geometry":{"type":"Polygon","coordinates":[[[-58.13801206977348,-35.53584172415838],[-58.137454028931835,-35.536283678131944],[-58.137174871112585,-35.53647950996384],[-58.13719061645884,-35.53648038405374],[-58.13720634513898,-35.536481978802136],[-58.137221836734795,-35.53648429080335],[-58.137237315831854,-35.53648714329803],[-58.13725255576202,-35.53649080312823],[-58.13726756485874,-35.53649490996378],[-58.137399913241055,-35.53661194119031],[-58.13752340546878,-35.53673532372326],[-58.13763727839038,-35.53686468534154],[-58.13774132405876,-35.53699948217105],[-58.13783522222592,-35.53713925871615],[-58.13791832616954,-35.53728337420758],[-58.137940797199,-35.53732715659247],[-58.13798000600695,-35.53736227612636],[-58.13803108475576,-35.53738469256272],[-58.138088468916344,-35.53739188684948],[-58.13814556248143,-35.537383036193894],[-58.13819572779551,-35.53735911946716],[-58.13830248831218,-35.53730021101037],[-58.13840817155525,-35.53724020444442],[-58.13851310815356,-35.537179104877076],[-58.138616965391776,-35.53711699728806],[-58.13871996577027,-35.537053795000446],[-58.13882199907654,-35.53698949631491],[-58.13801206977348,-35.53584172415838]]]}},{"type":"Feature","properties":{"CCA":"02711000000000000000000000000000000108100A000070","ARA1":9942.25,"SAG":"ARBA","PARTIDO":"027","CIRC":11,"SECC":null,"CHACRA":null,"CHACRA_L":null,"QUINTA":null,"QUINTA_L":null,"FRACCION":null,"FRACC_L":null,"MANZANA":null,"MANZANA_L":null,"PARCELA":1081,"PARCELA_L":"A","SUBPARC":70,"CCA_MADRE":"02711000000000000000000000000000000108100A","NOMENCLA":"Circ. XI - Pc. 1081A - UF 70"},"geometry":{"type":"Polygon","coordinates":[[[-58.14903536899556,-35.53626658298326],[-58.14919461912413,-35.537128003572455],[-58.14924474960043,-35.53711985177252],[-58.149295185861995,-35.53711278602506],[-58.149345705419194,-35.537106893029296],[-58.14939663890697,-35.53710217786048],[-58.14944743734264,-35.53709854197647],[-58.14949853950228,-35.537096082227286],[-58.149607463068925,-35.537096222115586],[-58.149716142921704,-35.53709257333678],[-58.149824693394606,-35.53708495741601],[-58.14993255720969,-35.53707363614653],[-58.15003984870108,-35.53705843105439],[-58.15014623308298,-35.53703951723395],[-58.15019583211514,-35.53704009803308],[-58.1502435041489,-35.53702857384028],[-58.15028470569407,-35.53700595632786],[-58.150315748064635,-35.53697444178308],[-58.150333924143204,-35.53693669212954],[-58.15033761031523,-35.536896196947175],[-58.15030724940424,-35.53678281708153],[-58.15028131560541,-35.536668694096534],[-58.15026002725207,-35.53655392145953],[-58.15024315769828,-35.53643876604022],[-58.15023092941373,-35.5363231411385],[-58.150223230099975,-35.53620713514746],[-58.14903536899556,-35.53626658298326]]]}},{"type":"Feature","properties":{"CCA":"02711000000000000000000000000000000108100A000068","ARA1":13343.47,"SAG":"ARBA","PARTIDO":"027","CIRC":11,"SECC":null,"CHACRA":null,"CHACRA_L":null,"QUINTA":null,"QUINTA_L":null,"FRACCION":null,"FRACC_L":null,"MANZANA":null,"MANZANA_L":null,"PARCELA":1081,"PARCELA_L":"A","SUBPARC":68,"CCA_MADRE":"02711000000000000000000000000000000108100A","NOMENCLA":"Circ. XI - Pc. 1081A - UF 68"},"geometry":{"type":"Polygon","coordinates":[[[-58.150552884379785,-35.53548640648383],[-58.15049854376541,-35.535490709431556],[-58.150449151875,-35.53550995724681],[-58.15041115044061,-35.535542086000596],[-58.15038904296428,-35.53558301950475],[-58.15038570466033,-35.53562757520919],[-58.15038092818198,-35.53581638294255],[-58.15038365004261,-35.536005125477416],[-58.1503937621538,-35.53619371104085],[-58.15041137891466,-35.53638196115689],[-58.15043628616296,-35.536569602192536],[-58.150468596228514,-35.53675654575238],[-58.150479198783096,-35.536803748423345],[-58.15050878595611,-35.536845204630545],[-58.15055382837735,-35.53687617423977],[-58.150609010526786,-35.53689288098009],[-58.150667763174184,-35.536893331654454],[-58.15072325322157,-35.53687742144435],[-58.15092358699875,-35.53678091714662],[-58.15110987148163,-35.53666725543388],[-58.151280091805866,-35.53653775719779],[-58.15143222487997,-35.53639410367002],[-58.151564474280214,-35.536237709215825],[-58.151675251641876,-35.536070532079535],[-58.1516990216542,-35.5359955603507],[-58.15169671952456,-35.535918116267624],[-58.151668649736614,-35.5358441520883],[-58.151616888379976,-35.535779286755584],[-58.15154540160511,-35.53572844725913],[-58.15145961511009,-35.53569541146999],[-58.15128954247713,-35.53563603122786],[-58.15118945672188,-35.535591962181726],[-58.151055958958786,-35.53556261008653],[-58.15094112565069,-35.53554625031691],[-58.15083097433029,-35.53552284316556],[-58.15071900242679,-35.5355067073034],[-58.15060586909591,-35.53549794295123],[-58.150552884379785,-35.53548640648383]]]}},{"type":"Feature","properties":{"CCA":"02711000000000000000000000000000000108100A000045","ARA1":13437.7,"SAG":"ARBA","PARTIDO":"027","CIRC":11,"SECC":null,"CHACRA":null,"CHACRA_L":null,"QUINTA":null,"QUINTA_L":null,"FRACCION":null,"FRACC_L":null,"MANZANA":null,"MANZANA_L":null,"PARCELA":1081,"PARCELA_L":"A","SUBPARC":45,"CCA_MADRE":"02711000000000000000000000000000000108100A","NOMENCLA":"Circ. XI - Pc. 1081A - UF 45"},"geometry":{"type":"Polygon","coordinates":[[[-58.13801206977348,-35.53584172415838],[-58.13882199907654,-35.53698949631491],[-58.13895190963356,-35.536902017804245],[-58.139079131263536,-35.53681161396971],[-58.139203437298,-35.536718551665416],[-58.13932460315278,-35.53662300766371],[-58.13944274319813,-35.53652480350944],[-58.13955774306186,-35.53642411767598],[-58.13867401833256,-35.53522060144614],[-58.13801206977348,-35.53584172415838]]]}},{"type":"Feature","properties":{"CCA":"02711000000000000000000000000000000108100A000004","ARA1":18624.53,"SAG":"ARBA","PARTIDO":"027","CIRC":11,"SECC":null,"CHACRA":null,"CHACRA_L":null,"QUINTA":null,"QUINTA_L":null,"FRACCION":null,"FRACC_L":null,"MANZANA":null,"MANZANA_L":null,"PARCELA":1081,"PARCELA_L":"A","SUBPARC":4,"CCA_MADRE":"02711000000000000000000000000000000108100A","NOMENCLA":"Circ. XI - Pc. 1081A - UF 4"},"geometry":{"type":"Polygon","coordinates":[[[-58.14525454465304,-35.533444652611784],[-58.145409395183535,-35.533432165734695],[-58.145564728269605,-35.53342265987295],[-58.145720101032325,-35.53341621832854],[-58.145875625768504,-35.53341275271356],[-58.14603141270109,-35.533412264722635],[-58.14618701687861,-35.53341492774328],[-58.146385911622865,-35.53177095462613],[-58.14604966881728,-35.53168008539675],[-58.145945720817316,-35.53168921063926],[-58.145149629887406,-35.531762394919674],[-58.14525454465304,-35.533444652611784]]]}},{"type":"Feature","properties":{"CCA":"02711000000000000000000000000000000108100A000077","ARA1":13203.46,"SAG":"ARBA","PARTIDO":"027","CIRC":11,"SECC":null,"CHACRA":null,"CHACRA_L":null,"QUINTA":null,"QUINTA_L":null,"FRACCION":null,"FRACC_L":null,"MANZANA":null,"MANZANA_L":null,"PARCELA":1081,"PARCELA_L":"A","SUBPARC":77,"CCA_MADRE":"02711000000000000000000000000000000108100A","NOMENCLA":"Circ. XI - Pc. 1081A - UF 77"},"geometry":{"type":"Polygon","coordinates":[[[-58.145017765543116,-35.53634946849841],[-58.14463543543426,-35.536502097332466],[-58.14457354433345,-35.53652304276063],[-58.144518368155275,-35.536554004138914],[-58.14447236263207,-35.536593667549],[-58.14443744283594,-35.536640260178785],[-58.14441508716288,-35.5366918222652],[-58.14440633940549,-35.53674611700909],[-58.14439449362816,-35.53685353184322],[-58.14436791697462,-35.536959097872746],[-58.14432674658032,-35.53706164570481],[-58.14427189936377,-35.53715965748478],[-58.14420372874941,-35.53725214737046],[-58.14412348023772,-35.53733769267429],[-58.14407225016025,-35.53736961572792],[-58.14403455355241,-35.537412290540985],[-58.14401377978289,-35.53746216471051],[-58.14401157354651,-35.53751484793732],[-58.14402815095502,-35.53756574769224],[-58.14406217893247,-35.53761051793295],[-58.14434693826694,-35.53808980660733],[-58.14445466011576,-35.53797945186382],[-58.144603501449325,-35.537878831454364],[-58.14543723023671,-35.53725103297099],[-58.145017765543116,-35.53634946849841]]]}},{"type":"Feature","properties":{"CCA":"02711000000000000000000000000000000108100A000075","ARA1":12195.55,"SAG":"ARBA","PARTIDO":"027","CIRC":11,"SECC":null,"CHACRA":null,"CHACRA_L":null,"QUINTA":null,"QUINTA_L":null,"FRACCION":null,"FRACC_L":null,"MANZANA":null,"MANZANA_L":null,"PARCELA":1081,"PARCELA_L":"A","SUBPARC":75,"CCA_MADRE":"02711000000000000000000000000000000108100A","NOMENCLA":"Circ. XI - Pc. 1081A - UF 75"},"geometry":{"type":"Polygon","coordinates":[[[-58.14543723023671,-35.53725103297099],[-58.14656181437129,-35.53681351722686],[-58.146259048565454,-35.53594736372871],[-58.14604034388698,-35.53600843291059],[-58.14582310094991,-35.5360730386521],[-58.14560742993778,-35.536141182655435],[-58.145393555392566,-35.53621268815292],[-58.14518125272354,-35.53628773192821],[-58.145017765543116,-35.53634946849841],[-58.14543723023671,-35.53725103297099]]]}},{"type":"Feature","properties":{"CCA":"02711000000000000000000000000000000108100A000074","ARA1":10895.97,"SAG":"ARBA","PARTIDO":"027","CIRC":11,"SECC":null,"CHACRA":null,"CHACRA_L":null,"QUINTA":null,"QUINTA_L":null,"FRACCION":null,"FRACC_L":null,"MANZANA":null,"MANZANA_L":null,"PARCELA":1081,"PARCELA_L":"A","SUBPARC":74,"CCA_MADRE":"02711000000000000000000000000000000108100A","NOMENCLA":"Circ. XI - Pc. 1081A - UF 74"},"geometry":{"type":"Polygon","coordinates":[[[-58.14778479091278,-35.536488343814014],[-58.14656181437129,-35.53681351722686],[-58.146868957821845,-35.53768613539662],[-58.147052084450415,-35.53761902095842],[-58.14723700977864,-35.53755517801586],[-58.147423511330906,-35.53749469325729],[-58.147611589127656,-35.537437566676076],[-58.14780113297852,-35.53738379657232],[-58.14799225311603,-35.537333384632866],[-58.14778479091278,-35.536488343814014]]]}},{"type":"Feature","properties":{"CCA":"02711000000000000000000000000000000108100A000003","ARA1":16312.77,"SAG":"ARBA","PARTIDO":"027","CIRC":11,"SECC":null,"CHACRA":null,"CHACRA_L":null,"QUINTA":null,"QUINTA_L":null,"FRACCION":null,"FRACC_L":null,"MANZANA":null,"MANZANA_L":null,"PARCELA":1081,"PARCELA_L":"A","SUBPARC":3,"CCA_MADRE":"02711000000000000000000000000000000108100A","NOMENCLA":"Circ. XI - Pc. 1081A - UF 3"},"geometry":{"type":"Polygon","coordinates":[[[-58.146385911622865,-35.53177095462613],[-58.14618701687861,-35.53341492774328],[-58.14633779275421,-35.53341661517953],[-58.14648874138376,-35.533420377726905],[-58.14663942195606,-35.53342620860861],[-58.14679005903884,-35.53343393104776],[-58.14694042808675,-35.533443721823346],[-58.147090641389006,-35.53345549254732],[-58.14754501718217,-35.532048300412725],[-58.146385911622865,-35.53177095462613]]]}},{"type":"Feature","properties":{"CCA":"02711000000000000000000000000000000108100A000001","ARA1":13756.62,"SAG":"ARBA","PARTIDO":"027","CIRC":11,"SECC":null,"CHACRA":null,"CHACRA_L":null,"QUINTA":null,"QUINTA_L":null,"FRACCION":null,"FRACC_L":null,"MANZANA":null,"MANZANA_L":null,"PARCELA":1081,"PARCELA_L":"A","SUBPARC":1,"CCA_MADRE":"02711000000000000000000000000000000108100A","NOMENCLA":"Circ. XI - Pc. 1081A - UF 1"},"geometry":{"type":"Polygon","coordinates":[[[-58.14800771842077,-35.53356312254182],[-58.148728053614754,-35.53369286686076],[-58.148776736751614,-35.533704428178744],[-58.14882712791017,-35.533704030409105],[-58.148875471776435,-35.53369197635118],[-58.148917557724666,-35.53366919262449],[-58.14900207422537,-35.5335990290235],[-58.14902201958387,-35.53356103636506],[-58.14969267939157,-35.53259935031953],[-58.14915656447158,-35.532436213782944],[-58.14858052714618,-35.532297784163795],[-58.14800771842077,-35.53356312254182]]]}},{"type":"Feature","properties":{"CCA":"02711000000000000000000000000000000108100A000076","ARA1":10998.55,"SAG":"ARBA","PARTIDO":"027","CIRC":11,"SECC":null,"CHACRA":null,"CHACRA_L":null,"QUINTA":null,"QUINTA_L":null,"FRACCION":null,"FRACC_L":null,"MANZANA":null,"MANZANA_L":null,"PARCELA":1081,"PARCELA_L":"A","SUBPARC":76,"CCA_MADRE":"02711000000000000000000000000000000108100A","NOMENCLA":"Circ. XI - Pc. 1081A - UF 76"},"geometry":{"type":"Polygon","coordinates":[[[-58.14656181437129,-35.53681351722686],[-58.14543723023671,-35.53725103297099],[-58.1458597951877,-35.538138045071776],[-58.146000396616216,-35.538074423521465],[-58.14616905050984,-35.53798951548223],[-58.146340378494365,-35.5379081627969],[-58.14651426622766,-35.53783054392627],[-58.14669049744983,-35.53775647530541],[-58.146868957821845,-35.53768613539662],[-58.14656181437129,-35.53681351722686]]]}},{"type":"Feature","properties":{"CCA":"02711000000000000000000000000000000108100A000002","ARA1":13996.26,"SAG":"ARBA","PARTIDO":"027","CIRC":11,"SECC":null,"CHACRA":null,"CHACRA_L":null,"QUINTA":null,"QUINTA_L":null,"FRACCION":null,"FRACC_L":null,"MANZANA":null,"MANZANA_L":null,"PARCELA":1081,"PARCELA_L":"A","SUBPARC":2,"CCA_MADRE":"02711000000000000000000000000000000108100A","NOMENCLA":"Circ. XI - Pc. 1081A - UF 2"},"geometry":{"type":"Polygon","coordinates":[[[-58.14754501718217,-35.532048300412725],[-58.147090641389006,-35.53345549254732],[-58.14724437304194,-35.53346767761196],[-58.147397832546076,-35.533482111173356],[-58.147551017842474,-35.53349888331608],[-58.14770370853239,-35.5335179906553],[-58.14785590462859,-35.53353943319324],[-58.14800771842077,-35.53356312254182],[-58.14858052714618,-35.532297784163795],[-58.14754501718217,-35.532048300412725]]]}},{"type":"Feature","properties":{"CCA":"02711000000000000000000000000000000108100A000125","ARA1":13625.57,"SAG":"ARBA","PARTIDO":"027","CIRC":11,"SECC":null,"CHACRA":null,"CHACRA_L":null,"QUINTA":null,"QUINTA_L":null,"FRACCION":null,"FRACC_L":null,"MANZANA":null,"MANZANA_L":null,"PARCELA":1081,"PARCELA_L":"A","SUBPARC":125,"CCA_MADRE":"02711000000000000000000000000000000108100A","NOMENCLA":"Circ. XI - Pc. 1081A - UF 125"},"geometry":{"type":"Polygon","coordinates":[[[-58.134698315213846,-35.53917097267614],[-58.13466756252803,-35.539023069237054],[-58.13463979402392,-35.53887485150369],[-58.13461500968515,-35.53872631947771],[-58.13459299115773,-35.5385773796673],[-58.134573956763674,-35.53842812556662],[-58.134557792102015,-35.53827873563598],[-58.13420050028268,-35.53840585538003],[-58.13339161725954,-35.538775600443635],[-58.132891203825416,-35.53900305063487],[-58.13294492342572,-35.5391065231887],[-58.13299597299375,-35.53921103574519],[-58.133043807720796,-35.5393163095266],[-58.13308886427125,-35.53942253152795],[-58.133130924297056,-35.539529608256316],[-58.133169879662034,-35.53963744792545],[-58.134698315213846,-35.53917097267614]]]}},{"type":"Feature","properties":{"CCA":"02711000000000000000000000000000000108100A000126","ARA1":12633.01,"SAG":"ARBA","PARTIDO":"027","CIRC":11,"SECC":null,"CHACRA":null,"CHACRA_L":null,"QUINTA":null,"QUINTA_L":null,"FRACCION":null,"FRACC_L":null,"MANZANA":null,"MANZANA_L":null,"PARCELA":1081,"PARCELA_L":"A","SUBPARC":126,"CCA_MADRE":"02711000000000000000000000000000000108100A","NOMENCLA":"Circ. XI - Pc. 1081A - UF 126"},"geometry":{"type":"Polygon","coordinates":[[[-58.134698315213846,-35.53917097267614],[-58.133169879662034,-35.53963744792545],[-58.1331994474557,-35.53973171513336],[-58.13322635557066,-35.53982657195171],[-58.133250718387686,-35.539921839923984],[-58.133272315470236,-35.54001751563823],[-58.13329136723667,-35.540113602508804],[-58.13330765324973,-35.54021009712351],[-58.13332717547743,-35.540257349136134],[-58.13336541625488,-35.54029614985964],[-58.133417628473,-35.540322010158334],[-58.13347738463575,-35.540331586371366],[-58.13353765187048,-35.54032386845587],[-58.13359102281586,-35.540299732992075],[-58.133810588098264,-35.540235726310634],[-58.134032872514645,-35.54017806933607],[-58.13425743108284,-35.540126935396884],[-58.134484047599464,-35.54008214090623],[-58.1347124975148,-35.5400438626084],[-58.13494234002658,-35.540012093674406],[-58.13489084905142,-35.53987414253747],[-58.134843679521936,-35.539735266975526],[-58.13480083558942,-35.53959528682828],[-58.13476230888747,-35.539454562429114],[-58.134728097307864,-35.53931318386393],[-58.134698315213846,-35.53917097267614]]]}},{"type":"Feature","properties":{"CCA":"02711000000000000000000000000000000108100A000050","ARA1":22077.84,"SAG":"ARBA","PARTIDO":"027","CIRC":11,"SECC":null,"CHACRA":null,"CHACRA_L":null,"QUINTA":null,"QUINTA_L":null,"FRACCION":null,"FRACC_L":null,"MANZANA":null,"MANZANA_L":null,"PARCELA":1081,"PARCELA_L":"A","SUBPARC":50,"CCA_MADRE":"02711000000000000000000000000000000108100A","NOMENCLA":"Circ. XI - Pc. 1081A - UF 50"},"geometry":{"type":"Polygon","coordinates":[[[-58.12963321206234,-35.53823586728089],[-58.12933048041867,-35.53673508744056],[-58.128281286513115,-35.536766383505004],[-58.12829762518426,-35.53678916581718],[-58.12830584742116,-35.53681488601571],[-58.12830512178204,-35.5368413684435],[-58.128295604520126,-35.53686663300475],[-58.128278108959606,-35.53688889003241],[-58.128253779056514,-35.536906354991416],[-58.1282340417346,-35.536915961163594],[-58.12821537719381,-35.53692684559268],[-58.12819801003923,-35.53693883153717],[-58.128181717758466,-35.536952005657504],[-58.1281668351664,-35.536966192923344],[-58.128153474566055,-35.53698130496422],[-58.12808425882106,-35.5371132394194],[-58.128017997568385,-35.5372461208508],[-58.12795447040003,-35.5373799458409],[-58.127894007957316,-35.53751471952852],[-58.12783650423055,-35.53765026004311],[-58.12778184692818,-35.53778665575965],[-58.12776116814561,-35.53785572285177],[-58.12776536134137,-35.5379267081456],[-58.12779401163493,-35.53799374774893],[-58.127844707775104,-35.5380514874405],[-58.12791337484568,-35.538094997728294],[-58.127994249129024,-35.538120854843925],[-58.12826425799474,-35.53816334591233],[-58.12853602362873,-35.538196671962375],[-58.12880933179765,-35.538220559312],[-58.1290836292591,-35.53823508947833],[-58.12935847716592,-35.53824016552918],[-58.12963321206234,-35.53823586728089]]]}},{"type":"Feature","properties":{"CCA":"02711000000000000000000000000000000108100A000049","ARA1":22753.08,"SAG":"ARBA","PARTIDO":"027","CIRC":11,"SECC":null,"CHACRA":null,"CHACRA_L":null,"QUINTA":null,"QUINTA_L":null,"FRACCION":null,"FRACC_L":null,"MANZANA":null,"MANZANA_L":null,"PARCELA":1081,"PARCELA_L":"A","SUBPARC":49,"CCA_MADRE":"02711000000000000000000000000000000108100A","NOMENCLA":"Circ. XI - Pc. 1081A - UF 49"},"geometry":{"type":"Polygon","coordinates":[[[-58.12963321206234,-35.53823586728089],[-58.12986076882985,-35.53822642095118],[-58.13008769630106,-35.538210836636196],[-58.13031388630403,-35.53818902254636],[-58.130539114182284,-35.538161155430615],[-58.130763051342704,-35.53812714008405],[-58.1309854710415,-35.538087243341764],[-58.13104675432871,-35.53807368494945],[-58.131108041777125,-35.538059946360875],[-58.13116932920596,-35.538046207740464],[-58.131230510584345,-35.53803228721535],[-58.131291696123,-35.538018186494],[-58.131352771430535,-35.53800408403264],[-58.13140579768993,-35.53798526093689],[-58.131446810496655,-35.53795201350555],[-58.13147041313761,-35.53790885395379],[-58.13147338179863,-35.53786167989248],[-58.131455347714024,-35.537816883747794],[-58.13141859762062,-35.53778044852035],[-58.13122859514375,-35.53763016600521],[-58.13105700021647,-35.53746584033162],[-58.13090532648248,-35.53728875664886],[-58.130775185210105,-35.537100742305185],[-58.13066742242929,-35.53690334243508],[-58.13058331661176,-35.536698469327575],[-58.12933048041867,-35.53673508744056],[-58.12963321206234,-35.53823586728089]]]}},{"type":"Feature","properties":{"CCA":"02711000000000000000000000000000000108100A000115","ARA1":17389.88,"SAG":"ARBA","PARTIDO":"027","CIRC":11,"SECC":null,"CHACRA":null,"CHACRA_L":null,"QUINTA":null,"QUINTA_L":null,"FRACCION":null,"FRACC_L":null,"MANZANA":null,"MANZANA_L":null,"PARCELA":1081,"PARCELA_L":"A","SUBPARC":115,"CCA_MADRE":"02711000000000000000000000000000000108100A","NOMENCLA":"Circ. XI - Pc. 1081A - UF 115"},"geometry":{"type":"Polygon","coordinates":[[[-58.15208580869626,-35.53774800827399],[-58.1512842028608,-35.536790953242374],[-58.15111009174455,-35.536907415245665],[-58.15092253878613,-35.53700907219918],[-58.15072355059202,-35.53709496355651],[-58.150515019451966,-35.537164307257164],[-58.15029916624649,-35.53721641640802],[-58.1500779935251,-35.53725051066531],[-58.15053662463733,-35.53839362654406],[-58.15079572737462,-35.5382874806397],[-58.1510542928609,-35.538180695121795],[-58.15131275987364,-35.53807336683705],[-58.15157079777115,-35.53796549071652],[-58.1518285167618,-35.53785706845238],[-58.15208580869626,-35.53774800827399]]]}},{"type":"Feature","properties":{"CCA":"02711000000000000000000000000000000108100A000059","ARA1":13856.45,"SAG":"ARBA","PARTIDO":"027","CIRC":11,"SECC":null,"CHACRA":null,"CHACRA_L":null,"QUINTA":null,"QUINTA_L":null,"FRACCION":null,"FRACC_L":null,"MANZANA":null,"MANZANA_L":null,"PARCELA":1081,"PARCELA_L":"A","SUBPARC":59,"CCA_MADRE":"02711000000000000000000000000000000108100A","NOMENCLA":"Circ. XI - Pc. 1081A - UF 59"},"geometry":{"type":"Polygon","coordinates":[[[-58.14546057743051,-35.53482441761157],[-58.14484336112992,-35.534932161303786],[-58.14529665232714,-35.5360688159047],[-58.145478776525366,-35.536006824935534],[-58.14566227510461,-35.5359473780427],[-58.145846819526255,-35.535890380052656],[-58.14603241187877,-35.535835740878014],[-58.14621904803039,-35.53578364068054],[-58.14640683820603,-35.535734081150295],[-58.146157136245016,-35.53476123604909],[-58.14546057743051,-35.53482441761157]]]}},{"type":"Feature","properties":{"CCA":"02711000000000000000000000000000000108100A000098","ARA1":17049.19,"SAG":"ARBA","PARTIDO":"027","CIRC":11,"SECC":null,"CHACRA":null,"CHACRA_L":null,"QUINTA":null,"QUINTA_L":null,"FRACCION":null,"FRACC_L":null,"MANZANA":null,"MANZANA_L":null,"PARCELA":1081,"PARCELA_L":"A","SUBPARC":98,"CCA_MADRE":"02711000000000000000000000000000000108100A","NOMENCLA":"Circ. XI - Pc. 1081A - UF 98"},"geometry":{"type":"Polygon","coordinates":[[[-58.12860832847048,-35.54052725610886],[-58.12866103308452,-35.53951644812067],[-58.12762498699243,-35.53936951517243],[-58.12699908704662,-35.53926508217919],[-58.126955239851,-35.53932054230783],[-58.126919135982774,-35.539379637195196],[-58.1268914534903,-35.53944165646706],[-58.12687231936305,-35.53950588118618],[-58.12686197499657,-35.53957141396211],[-58.12686054948067,-35.539637445772186],[-58.126869024855715,-35.53978500484722],[-58.12691631294457,-35.5399276699787],[-58.12700026077905,-35.54005846885516],[-58.12711659403067,-35.540171567668196],[-58.12726026258917,-35.540261300774056],[-58.12742419468262,-35.54032359318947],[-58.1276185304077,-35.54036806434854],[-58.127814397567676,-35.54040832359618],[-58.1280113552782,-35.54044436407837],[-58.12820940141651,-35.540476275871],[-58.1284084320201,-35.540503787010636],[-58.12860832847048,-35.54052725610886]]]}},{"type":"Feature","properties":{"CCA":"02711000000000000000000000000000000108100A000100","ARA1":13092.34,"SAG":"ARBA","PARTIDO":"027","CIRC":11,"SECC":null,"CHACRA":null,"CHACRA_L":null,"QUINTA":null,"QUINTA_L":null,"FRACCION":null,"FRACC_L":null,"MANZANA":null,"MANZANA_L":null,"PARCELA":1081,"PARCELA_L":"A","SUBPARC":100,"CCA_MADRE":"02711000000000000000000000000000000108100A","NOMENCLA":"Circ. XI - Pc. 1081A - UF 100"},"geometry":{"type":"Polygon","coordinates":[[[-58.13237146710492,-35.541770440435485],[-58.13267281422302,-35.54269211481343],[-58.13284746882723,-35.54263948970571],[-58.13302149741268,-35.542585322697406],[-58.13319479184132,-35.54252952200188],[-58.133367239798496,-35.54247217599765],[-58.133539061710174,-35.54241328810101],[-58.1337099269162,-35.54235285319539],[-58.133833770551455,-35.54227087367096],[-58.13392358404651,-35.5421634055005],[-58.13397221296899,-35.54203943959393],[-58.133975229200864,-35.54190927064255],[-58.133932819165075,-35.54178389552352],[-58.13384816388651,-35.54167354638764],[-58.13381972313171,-35.541635257977305],[-58.13379206226615,-35.54159662117488],[-58.13376495876944,-35.54155772265083],[-58.133738527032115,-35.54151838394712],[-58.133712981222565,-35.54147887872356],[-58.13368788465147,-35.541439019991],[-58.13237146710492,-35.541770440435485]]]}},{"type":"Feature","properties":{"CCA":"02711000000000000000000000000000000108100A000035","ARA1":13779.29,"SAG":"ARBA","PARTIDO":"027","CIRC":11,"SECC":null,"CHACRA":null,"CHACRA_L":null,"QUINTA":null,"QUINTA_L":null,"FRACCION":null,"FRACC_L":null,"MANZANA":null,"MANZANA_L":null,"PARCELA":1081,"PARCELA_L":"A","SUBPARC":35,"CCA_MADRE":"02711000000000000000000000000000000108100A","NOMENCLA":"Circ. XI - Pc. 1081A - UF 35"},"geometry":{"type":"Polygon","coordinates":[[[-58.13062275495529,-35.535849479941845],[-58.132053399591314,-35.53612217335634],[-58.13205438135725,-35.53604180627652],[-58.13206351226226,-35.53596183580057],[-58.132081002253656,-35.53588271575256],[-58.13210650606068,-35.535805071581855],[-58.13213967841556,-35.53572952873659],[-58.13218062115231,-35.53565644924669],[-58.132205903535294,-35.53562638217309],[-58.13223553363479,-35.535598995775594],[-58.13226873372901,-35.535574548346595],[-58.132305378989784,-35.53555366875226],[-58.13234480608465,-35.53553643682823],[-58.132386345416755,-35.53552320265798],[-58.13133390254333,-35.534925384698354],[-58.13124750012287,-35.53489079314838],[-58.131152781961475,-35.53487724958377],[-58.131057335534415,-35.53488559252183],[-58.13096833883456,-35.53491530243477],[-58.13089290356117,-35.53496396637968],[-58.13083696053368,-35.53502780140042],[-58.13077712063381,-35.535159792778536],[-58.13072659170417,-35.535294361581556],[-58.13068593736596,-35.53543097587267],[-58.13065483331418,-35.53556936029002],[-58.13063384317808,-35.53570898289304],[-58.13062275495529,-35.535849479941845]]]}},{"type":"Feature","properties":{"CCA":"02711000000000000000000000000000000108100A000025","ARA1":19311.35,"SAG":"ARBA","PARTIDO":"027","CIRC":11,"SECC":null,"CHACRA":null,"CHACRA_L":null,"QUINTA":null,"QUINTA_L":null,"FRACCION":null,"FRACC_L":null,"MANZANA":null,"MANZANA_L":null,"PARCELA":1081,"PARCELA_L":"A","SUBPARC":25,"CCA_MADRE":"02711000000000000000000000000000000108100A","NOMENCLA":"Circ. XI - Pc. 1081A - UF 25"},"geometry":{"type":"Polygon","coordinates":[[[-58.122488244047126,-35.54051761571391],[-58.12410146526858,-35.542023400214],[-58.12449866752138,-35.54171309837432],[-58.124832184030986,-35.54143875150288],[-58.123140175342044,-35.540011411247455],[-58.122488244047126,-35.54051761571391]]]}},{"type":"Feature","properties":{"CCA":"02711000000000000000000000000000000108100A000056","ARA1":13809.06,"SAG":"ARBA","PARTIDO":"027","CIRC":11,"SECC":null,"CHACRA":null,"CHACRA_L":null,"QUINTA":null,"QUINTA_L":null,"FRACCION":null,"FRACC_L":null,"MANZANA":null,"MANZANA_L":null,"PARCELA":1081,"PARCELA_L":"A","SUBPARC":56,"CCA_MADRE":"02711000000000000000000000000000000108100A","NOMENCLA":"Circ. XI - Pc. 1081A - UF 56"},"geometry":{"type":"Polygon","coordinates":[[[-58.14358338659499,-35.53525114828634],[-58.14301260034731,-35.53404761491801],[-58.142853278915986,-35.534100941977435],[-58.142697654578484,-35.53416126462255],[-58.1425463926949,-35.534228412888105],[-58.14239982593345,-35.53430230180065],[-58.14225829319894,-35.534382576139414],[-58.14212245986754,-35.53446906594529],[-58.14279346384759,-35.535638551790186],[-58.14289836894921,-35.53560727584138],[-58.14300752046204,-35.53558787025406],[-58.14311881616524,-35.53558066309874],[-58.143230268204036,-35.535585803985164],[-58.14333989495327,-35.53560317228159],[-58.143445608727895,-35.535632465500356],[-58.14358338659499,-35.53525114828634]]]}},{"type":"Feature","properties":{"CCA":"02711000000000000000000000000000000108100A000138","ARA1":19261.76,"SAG":"ARBA","PARTIDO":"027","CIRC":11,"SECC":null,"CHACRA":null,"CHACRA_L":null,"QUINTA":null,"QUINTA_L":null,"FRACCION":null,"FRACC_L":null,"MANZANA":null,"MANZANA_L":null,"PARCELA":1081,"PARCELA_L":"A","SUBPARC":138,"CCA_MADRE":"02711000000000000000000000000000000108100A","NOMENCLA":"Circ. XI - Pc. 1081A - UF 138"},"geometry":{"type":"Polygon","coordinates":[[[-58.123295099247805,-35.54453828920073],[-58.12345834511458,-35.543366999998376],[-58.12331137643484,-35.54331947467211],[-58.12315795124573,-35.54328879016046],[-58.12300059186913,-35.54327552639752],[-58.122842594237305,-35.543280185261665],[-58.122669102104055,-35.54328262010513],[-58.122518562181774,-35.54332208873422],[-58.122338910228756,-35.543423192564546],[-58.12214247766404,-35.54350628218131],[-58.12194721508467,-35.543591191985946],[-58.12175323269869,-35.543677923701104],[-58.12156042027825,-35.543766475615165],[-58.12136889223522,-35.54385666928769],[-58.12131384186763,-35.54389582216213],[-58.121274086354376,-35.54394575676163],[-58.12125268988127,-35.54400273605218],[-58.121251188308946,-35.544062368375265],[-58.12126979908811,-35.54412006128739],[-58.12130708428234,-35.54417128665097],[-58.12162925211223,-35.54426146515579],[-58.12195598606846,-35.54434026941664],[-58.122286520796585,-35.54440741713015],[-58.12262030296855,-35.54446298976043],[-58.122956789751974,-35.544506618368686],[-58.123295099247805,-35.54453828920073]]]}},{"type":"Feature","properties":{"CCA":"02711000000000000000000000000000000108100A000123","ARA1":17902.97,"SAG":"ARBA","PARTIDO":"027","CIRC":11,"SECC":null,"CHACRA":null,"CHACRA_L":null,"QUINTA":null,"QUINTA_L":null,"FRACCION":null,"FRACC_L":null,"MANZANA":null,"MANZANA_L":null,"PARCELA":1081,"PARCELA_L":"A","SUBPARC":123,"CCA_MADRE":"02711000000000000000000000000000000108100A","NOMENCLA":"Circ. XI - Pc. 1081A - UF 123"},"geometry":{"type":"Polygon","coordinates":[[[-58.14034374300062,-35.542228731740934],[-58.13989278788145,-35.541073802816605],[-58.13854824209281,-35.54139278188415],[-58.13903528444227,-35.54265523876966],[-58.14034374300062,-35.542228731740934]]]}},{"type":"Feature","properties":{"CCA":"02711000000000000000000000000000000108100A000113","ARA1":14897.4,"SAG":"ARBA","PARTIDO":"027","CIRC":11,"SECC":null,"CHACRA":null,"CHACRA_L":null,"QUINTA":null,"QUINTA_L":null,"FRACCION":null,"FRACC_L":null,"MANZANA":null,"MANZANA_L":null,"PARCELA":1081,"PARCELA_L":"A","SUBPARC":113,"CCA_MADRE":"02711000000000000000000000000000000108100A","NOMENCLA":"Circ. XI - Pc. 1081A - UF 113"},"geometry":{"type":"Polygon","coordinates":[[[-58.12452249195179,-35.54204409902078],[-58.12448032435995,-35.54204623654183],[-58.12444047354264,-35.54205778199753],[-58.12440604861766,-35.54207779250373],[-58.12423136072429,-35.5422026765901],[-58.12405429999117,-35.54232527062647],[-58.123874758305696,-35.542445482805604],[-58.12369273987133,-35.542563132953106],[-58.12350845883223,-35.54267849473468],[-58.123321921493265,-35.54279129789498],[-58.12327230701016,-35.54285748053648],[-58.12324817781325,-35.542932440560755],[-58.123251550420306,-35.54301008159557],[-58.12328236612974,-35.54308346391445],[-58.12333790211205,-35.543146417328344],[-58.12341321015284,-35.54319363813843],[-58.123746929533745,-35.543261191835086],[-58.12415305784701,-35.54327327950118],[-58.125003569865626,-35.54318873690572],[-58.12504707514145,-35.54317652719607],[-58.1250847302685,-35.543155124922414],[-58.125114072697826,-35.54312611385112],[-58.12513262311202,-35.543091798404454],[-58.125139000185364,-35.54305468030951],[-58.125132812458915,-35.54301736679981],[-58.12505719250378,-35.54286038277881],[-58.12497835346527,-35.54270433990134],[-58.12489640138159,-35.54254942003971],[-58.12481122395364,-35.54239571155552],[-58.12472271307797,-35.542243122646106],[-58.12463119732124,-35.54209174853027],[-58.124600994544,-35.54206775879847],[-58.12456377796744,-35.54205140978955],[-58.12452249195179,-35.54204409902078]]]}},{"type":"Feature","properties":{"CCA":"02711000000000000000000000000000000108100A000036","ARA1":13136.3,"SAG":"ARBA","PARTIDO":"027","CIRC":11,"SECC":null,"CHACRA":null,"CHACRA_L":null,"QUINTA":null,"QUINTA_L":null,"FRACCION":null,"FRACC_L":null,"MANZANA":null,"MANZANA_L":null,"PARCELA":1081,"PARCELA_L":"A","SUBPARC":36,"CCA_MADRE":"02711000000000000000000000000000000108100A","NOMENCLA":"Circ. XI - Pc. 1081A - UF 36"},"geometry":{"type":"Polygon","coordinates":[[[-58.15452571068898,-35.53561883621065],[-58.15349347291811,-35.536556087690556],[-58.15378306163316,-35.53681257441195],[-58.15380741693041,-35.53681781358845],[-58.15382945858246,-35.536827793427264],[-58.153847766239785,-35.53684195148962],[-58.15386114616624,-35.53685945846229],[-58.15386874557906,-35.536879039677935],[-58.153870258618475,-35.53689960907355],[-58.15420124466304,-35.53684114587478],[-58.15451614450017,-35.536738909954984],[-58.154805746215175,-35.53659555400946],[-58.15506257460237,-35.53641492888377],[-58.15527912783572,-35.53620205655526],[-58.15544986746348,-35.53596289021247],[-58.15529169751741,-35.53591315976002],[-58.15513514085857,-35.53586038987709],[-58.15498019956437,-35.53580449048682],[-58.15482686952176,-35.53574564176274],[-58.15467537528962,-35.53568366691814],[-58.15452571068898,-35.53561883621065]]]}},{"type":"Feature","properties":{"CCA":"02711000000000000000000000000000000108100A000055","ARA1":13918.28,"SAG":"ARBA","PARTIDO":"027","CIRC":11,"SECC":null,"CHACRA":null,"CHACRA_L":null,"QUINTA":null,"QUINTA_L":null,"FRACCION":null,"FRACC_L":null,"MANZANA":null,"MANZANA_L":null,"PARCELA":1081,"PARCELA_L":"A","SUBPARC":55,"CCA_MADRE":"02711000000000000000000000000000000108100A","NOMENCLA":"Circ. XI - Pc. 1081A - UF 55"},"geometry":{"type":"Polygon","coordinates":[[[-58.14358338659499,-35.53525114828634],[-58.144492845466864,-35.53498660353956],[-58.14410254426456,-35.533748454987055],[-58.143914083035824,-35.53377943698549],[-58.14372764727495,-35.533818199753384],[-58.14354390231872,-35.53386457331445],[-58.14336307268336,-35.53391838090774],[-58.14318593599646,-35.53397936417718],[-58.14301260034731,-35.53404761491801],[-58.14358338659499,-35.53525114828634]]]}},{"type":"Feature","properties":{"CCA":"02711000000000000000000000000000000108100A000108","ARA1":15175.22,"SAG":"ARBA","PARTIDO":"027","CIRC":11,"SECC":null,"CHACRA":null,"CHACRA_L":null,"QUINTA":null,"QUINTA_L":null,"FRACCION":null,"FRACC_L":null,"MANZANA":null,"MANZANA_L":null,"PARCELA":1081,"PARCELA_L":"A","SUBPARC":108,"CCA_MADRE":"02711000000000000000000000000000000108100A","NOMENCLA":"Circ. XI - Pc. 1081A - UF 108"},"geometry":{"type":"Polygon","coordinates":[[[-58.1286840058037,-35.54316824625027],[-58.128443286419724,-35.54191696375492],[-58.128075699128026,-35.54188350117103],[-58.1271932489094,-35.54179653221871],[-58.127529042381575,-35.543092999266506],[-58.12772117677851,-35.543109140194375],[-58.12791345708595,-35.54312375113602],[-58.12810587910507,-35.54313701225439],[-58.128298444920084,-35.543148833466596],[-58.12849115452084,-35.543159214771514],[-58.1286840058037,-35.54316824625027]]]}},{"type":"Feature","properties":{"CCA":"02711000000000000000000000000000000108100A000132","ARA1":19857.37,"SAG":"ARBA","PARTIDO":"027","CIRC":11,"SECC":null,"CHACRA":null,"CHACRA_L":null,"QUINTA":null,"QUINTA_L":null,"FRACCION":null,"FRACC_L":null,"MANZANA":null,"MANZANA_L":null,"PARCELA":1081,"PARCELA_L":"A","SUBPARC":132,"CCA_MADRE":"02711000000000000000000000000000000108100A","NOMENCLA":"Circ. XI - Pc. 1081A - UF 132"},"geometry":{"type":"Polygon","coordinates":[[[-58.13003923222479,-35.544751952139954],[-58.1302619088277,-35.544735040243275],[-58.13048325142076,-35.54470909579154],[-58.130702814867206,-35.544674292117385],[-58.13091982964644,-35.54463052718356],[-58.131134181287386,-35.544577979457074],[-58.13134476543392,-35.54451672194663],[-58.13137060346181,-35.544510363874686],[-58.13139654125365,-35.544504457916325],[-58.13142268693926,-35.54449909586214],[-58.131448934480076,-35.54449409583918],[-58.13147527760532,-35.544489728093936],[-58.131501938845766,-35.54448590596097],[-58.13128834999648,-35.543170527164506],[-58.131068887058134,-35.54320118826751],[-58.13084903955335,-35.543229409912],[-58.13062859124802,-35.54325500851396],[-58.13040786654358,-35.5432782594452],[-58.13018654317147,-35.54329879724769],[-58.12996505784276,-35.54331680892209],[-58.13003923222479,-35.544751952139954]]]}},{"type":"Feature","properties":{"CCA":"02711000000000000000000000000000000108100A000037","ARA1":10608.27,"SAG":"ARBA","PARTIDO":"027","CIRC":11,"SECC":null,"CHACRA":null,"CHACRA_L":null,"QUINTA":null,"QUINTA_L":null,"FRACCION":null,"FRACC_L":null,"MANZANA":null,"MANZANA_L":null,"PARCELA":1081,"PARCELA_L":"A","SUBPARC":37,"CCA_MADRE":"02711000000000000000000000000000000108100A","NOMENCLA":"Circ. XI - Pc. 1081A - UF 37"},"geometry":{"type":"Polygon","coordinates":[[[-58.15293234047526,-35.53615549176133],[-58.15298537170882,-35.536193882182104],[-58.15309050986521,-35.53626289890337],[-58.15319406395325,-35.53633369356993],[-58.15329559313442,-35.53640625943326],[-58.15339543423605,-35.53648033131245],[-58.15349347291811,-35.536556087690556],[-58.15452571068898,-35.53561883621065],[-58.15437815600648,-35.535548540601305],[-58.15423242272873,-35.5354757494778],[-58.15408873334589,-35.53540037613825],[-58.1539469755921,-35.535322508986006],[-58.1538073678269,-35.53524224148684],[-58.15366991418533,-35.53515939348132],[-58.15293234047526,-35.53615549176133]]]}},{"type":"Feature","properties":{"CCA":"02711000000000000000000000000000000108100A000032","ARA1":11898.17,"SAG":"ARBA","PARTIDO":"027","CIRC":11,"SECC":null,"CHACRA":null,"CHACRA_L":null,"QUINTA":null,"QUINTA_L":null,"FRACCION":null,"FRACC_L":null,"MANZANA":null,"MANZANA_L":null,"PARCELA":1081,"PARCELA_L":"A","SUBPARC":32,"CCA_MADRE":"02711000000000000000000000000000000108100A","NOMENCLA":"Circ. XI - Pc. 1081A - UF 32"},"geometry":{"type":"Polygon","coordinates":[[[-58.13249899778288,-35.53840564341326],[-58.13367156679516,-35.53750436140545],[-58.13359144883367,-35.53746959843723],[-58.133511328855576,-35.53743492550003],[-58.133431098737944,-35.53740025080514],[-58.133350864515755,-35.537365756223416],[-58.133270630364045,-35.53733126159025],[-58.13319028398486,-35.5372968552813],[-58.133144347837074,-35.53726667646876],[-58.13310100084299,-35.53723419475141],[-58.13306024091493,-35.537199500214406],[-58.133027321915726,-35.53714996805189],[-58.13299238902828,-35.53711121845449],[-58.13296058381195,-35.53707071499038],[-58.131702157763385,-35.537799622006304],[-58.13177048573028,-35.53784357544261],[-58.131839487574354,-35.53788699859547],[-58.13190883266258,-35.537929886340414],[-58.13197885371647,-35.537972153717696],[-58.1320493282243,-35.53801388739309],[-58.132120150152495,-35.53805490549371],[-58.13219227069151,-35.53810648708719],[-58.13226101604854,-35.53816099013201],[-58.132326278101225,-35.53821832284426],[-58.132387730391756,-35.53827829994288],[-58.132445377094776,-35.538340741268904],[-58.13249899778288,-35.53840564341326]]]}},{"type":"Feature","properties":{"CCA":"02711000000000000000000000000000000108100A000084","ARA1":11696.01,"SAG":"ARBA","PARTIDO":"027","CIRC":11,"SECC":null,"CHACRA":null,"CHACRA_L":null,"QUINTA":null,"QUINTA_L":null,"FRACCION":null,"FRACC_L":null,"MANZANA":null,"MANZANA_L":null,"PARCELA":1081,"PARCELA_L":"A","SUBPARC":84,"CCA_MADRE":"02711000000000000000000000000000000108100A","NOMENCLA":"Circ. XI - Pc. 1081A - UF 84"},"geometry":{"type":"Polygon","coordinates":[[[-58.14169051308137,-35.53938637309498],[-58.140546083383654,-35.53985462575289],[-58.14091869921672,-35.540625356687386],[-58.14113595605809,-35.540560850407104],[-58.141351432465534,-35.540492261114515],[-58.141564691707615,-35.54041940185662],[-58.1417760581644,-35.540342547988935],[-58.141984982813334,-35.54026160094448],[-58.142191573765366,-35.54017665251628],[-58.14169051308137,-35.53938637309498]]]}},{"type":"Feature","properties":{"CCA":"02711000000000000000000000000000000108100A000026","ARA1":19358.65,"SAG":"ARBA","PARTIDO":"027","CIRC":11,"SECC":null,"CHACRA":null,"CHACRA_L":null,"QUINTA":null,"QUINTA_L":null,"FRACCION":null,"FRACC_L":null,"MANZANA":null,"MANZANA_L":null,"PARCELA":1081,"PARCELA_L":"A","SUBPARC":26,"CCA_MADRE":"02711000000000000000000000000000000108100A","NOMENCLA":"Circ. XI - Pc. 1081A - UF 26"},"geometry":{"type":"Polygon","coordinates":[[[-58.122488244047126,-35.54051761571391],[-58.12179085935654,-35.540967958301266],[-58.123293905324196,-35.54254575046934],[-58.123718453451,-35.5422829167662],[-58.12410146526858,-35.542023400214],[-58.122488244047126,-35.54051761571391]]]}},{"type":"Feature","properties":{"CCA":"02711000000000000000000000000000000108100A000089","ARA1":10305.82,"SAG":"ARBA","PARTIDO":"027","CIRC":11,"SECC":null,"CHACRA":null,"CHACRA_L":null,"QUINTA":null,"QUINTA_L":null,"FRACCION":null,"FRACC_L":null,"MANZANA":null,"MANZANA_L":null,"PARCELA":1081,"PARCELA_L":"A","SUBPARC":89,"CCA_MADRE":"02711000000000000000000000000000000108100A","NOMENCLA":"Circ. XI - Pc. 1081A - UF 89"},"geometry":{"type":"Polygon","coordinates":[[[-58.13807864717482,-35.54053989354748],[-58.13780794392109,-35.539625643782436],[-58.13775415721708,-35.5396344552177],[-58.137701279104846,-35.53964688525327],[-58.13764986481208,-35.53966276223793],[-58.13760013892655,-35.53968190941352],[-58.137552542298145,-35.5397043335927],[-58.13750729951655,-35.53972985801819],[-58.13744392667216,-35.53977654962495],[-58.137377097745436,-35.53982012389904],[-58.137307266095505,-35.53986004715134],[-58.137234537774766,-35.53989650124487],[-58.137159353645195,-35.53992949298679],[-58.137081838514035,-35.53995839349829],[-58.13698141409286,-35.54001487548795],[-58.13689414182786,-35.54008426682374],[-58.136822377889644,-35.54016480165438],[-58.13676838493578,-35.54025399176629],[-58.13673354393641,-35.54034933531611],[-58.136718799192586,-35.54044814347521],[-58.13683623368393,-35.54082880065381],[-58.13807864717482,-35.54053989354748]]]}},{"type":"Feature","properties":{"CCA":"02711000000000000000000000000000000108100A000085","ARA1":10227.02,"SAG":"ARBA","PARTIDO":"027","CIRC":11,"SECC":null,"CHACRA":null,"CHACRA_L":null,"QUINTA":null,"QUINTA_L":null,"FRACCION":null,"FRACC_L":null,"MANZANA":null,"MANZANA_L":null,"PARCELA":1081,"PARCELA_L":"A","SUBPARC":85,"CCA_MADRE":"02711000000000000000000000000000000108100A","NOMENCLA":"Circ. XI - Pc. 1081A - UF 85"},"geometry":{"type":"Polygon","coordinates":[[[-58.140546083383654,-35.53985462575289],[-58.140174260341766,-35.53909760335916],[-58.1399851756057,-35.53916452514924],[-58.139794736858555,-35.53922800138345],[-58.13960238473233,-35.53928838388281],[-58.13940867655568,-35.53934541089576],[-58.13921372048266,-35.539399174200156],[-58.13901718797618,-35.539449578604156],[-58.13930704328077,-35.540213089166976],[-58.140546083383654,-35.53985462575289]]]}},{"type":"Feature","properties":{"CCA":"02711000000000000000000000000000000108100A000086","ARA1":11239.51,"SAG":"ARBA","PARTIDO":"027","CIRC":11,"SECC":null,"CHACRA":null,"CHACRA_L":null,"QUINTA":null,"QUINTA_L":null,"FRACCION":null,"FRACC_L":null,"MANZANA":null,"MANZANA_L":null,"PARCELA":1081,"PARCELA_L":"A","SUBPARC":86,"CCA_MADRE":"02711000000000000000000000000000000108100A","NOMENCLA":"Circ. XI - Pc. 1081A - UF 86"},"geometry":{"type":"Polygon","coordinates":[[[-58.140546083383654,-35.53985462575289],[-58.13930704328077,-35.540213089166976],[-58.13960289072855,-35.54097993562929],[-58.13982555193807,-35.54092975327595],[-58.140046973520604,-35.54087594679116],[-58.14026715336787,-35.54081860626351],[-58.14048587102216,-35.54075772829881],[-58.1407030162419,-35.540693311204365],[-58.14091869921672,-35.540625356687386],[-58.140546083383654,-35.53985462575289]]]}},{"type":"Feature","properties":{"CCA":"02711000000000000000000000000000000108100A000015","ARA1":16301.73,"SAG":"ARBA","PARTIDO":"027","CIRC":11,"SECC":null,"CHACRA":null,"CHACRA_L":null,"QUINTA":null,"QUINTA_L":null,"FRACCION":null,"FRACC_L":null,"MANZANA":null,"MANZANA_L":null,"PARCELA":1081,"PARCELA_L":"A","SUBPARC":15,"CCA_MADRE":"02711000000000000000000000000000000108100A","NOMENCLA":"Circ. XI - Pc. 1081A - UF 15"},"geometry":{"type":"Polygon","coordinates":[[[-58.12872540550643,-35.53323402547653],[-58.128743657567114,-35.533250349173464],[-58.12876045396062,-35.53326764153607],[-58.128775684482186,-35.53328590085446],[-58.12878957372506,-35.53330495038572],[-58.12880179526022,-35.53332460483468],[-58.12881234699421,-35.53334495428403],[-58.12941599180103,-35.533665307195605],[-58.12970132456307,-35.53265306010475],[-58.129843692695296,-35.53212404245044],[-58.12879707492066,-35.531567655964125],[-58.12851924726985,-35.531535227969535],[-58.12884046744184,-35.532703864429834],[-58.12872540550643,-35.53323402547653]]]}},{"type":"Feature","properties":{"CCA":"02711000000000000000000000000000000108100A000063","ARA1":11803.47,"SAG":"ARBA","PARTIDO":"027","CIRC":11,"SECC":null,"CHACRA":null,"CHACRA_L":null,"QUINTA":null,"QUINTA_L":null,"FRACCION":null,"FRACC_L":null,"MANZANA":null,"MANZANA_L":null,"PARCELA":1081,"PARCELA_L":"A","SUBPARC":63,"CCA_MADRE":"02711000000000000000000000000000000108100A","NOMENCLA":"Circ. XI - Pc. 1081A - UF 63"},"geometry":{"type":"Polygon","coordinates":[[[-58.14049198119946,-35.53748467363112],[-58.13970121096266,-35.53657538140804],[-58.1395856329501,-35.536677229946356],[-58.139466153675876,-35.5367761344886],[-58.13934310793153,-35.53687191996075],[-58.139216387590714,-35.536964494568345],[-58.13908621515854,-35.53705377161966],[-58.138952808979774,-35.537139844589056],[-58.13959102358953,-35.5380905833019],[-58.14049198119946,-35.53748467363112]]]}},{"type":"Feature","properties":{"CCA":"02711000000000000000000000000000000108100A000022","ARA1":18992.11,"SAG":"ARBA","PARTIDO":"027","CIRC":11,"SECC":null,"CHACRA":null,"CHACRA_L":null,"QUINTA":null,"QUINTA_L":null,"FRACCION":null,"FRACC_L":null,"MANZANA":null,"MANZANA_L":null,"PARCELA":1081,"PARCELA_L":"A","SUBPARC":22,"CCA_MADRE":"02711000000000000000000000000000000108100A","NOMENCLA":"Circ. XI - Pc. 1081A - UF 22"},"geometry":{"type":"Polygon","coordinates":[[[-58.12658448637742,-35.53947113015989],[-58.12473004527746,-35.53814500955769],[-58.124591531974545,-35.53834552246257],[-58.12454813185897,-35.53845749046306],[-58.12431886503615,-35.53885277046814],[-58.12501458383978,-35.539362917376145],[-58.125123276658144,-35.53945832690807],[-58.125517942353284,-35.539767879682195],[-58.12607314583238,-35.54016247163669],[-58.126358230814965,-35.53979887499188],[-58.12658448637742,-35.53947113015989]]]}},{"type":"Feature","properties":{"CCA":"02711000000000000000000000000000000108100A000018","ARA1":17861.89,"SAG":"ARBA","PARTIDO":"027","CIRC":11,"SECC":null,"CHACRA":null,"CHACRA_L":null,"QUINTA":null,"QUINTA_L":null,"FRACCION":null,"FRACC_L":null,"MANZANA":null,"MANZANA_L":null,"PARCELA":1081,"PARCELA_L":"A","SUBPARC":18,"CCA_MADRE":"02711000000000000000000000000000000108100A","NOMENCLA":"Circ. XI - Pc. 1081A - UF 18"},"geometry":{"type":"Polygon","coordinates":[[[-58.12607884676305,-35.53590383674746],[-58.127746564820576,-35.537246051131234],[-58.12778262825664,-35.537169653324476],[-58.12782087906158,-35.537094010389765],[-58.12786153764931,-35.53701912574773],[-58.1279043794083,-35.53694517613719],[-58.127949406427945,-35.53687207147364],[-58.12799672472577,-35.53679999363001],[-58.12802818614526,-35.53672235278978],[-58.12804054651272,-35.53664117122861],[-58.12803351219058,-35.536559598404736],[-58.1280073426815,-35.53648070224162],[-58.12796296292086,-35.53640738075716],[-58.12790195907979,-35.53634254223003],[-58.12706315182672,-35.53556660386864],[-58.12658063332587,-35.53513854208806],[-58.12607884676305,-35.53590383674746]]]}},{"type":"Feature","properties":{"CCA":"02711000000000000000000000000000000108100A000054","ARA1":13925.43,"SAG":"ARBA","PARTIDO":"027","CIRC":11,"SECC":null,"CHACRA":null,"CHACRA_L":null,"QUINTA":null,"QUINTA_L":null,"FRACCION":null,"FRACC_L":null,"MANZANA":null,"MANZANA_L":null,"PARCELA":1081,"PARCELA_L":"A","SUBPARC":54,"CCA_MADRE":"02711000000000000000000000000000000108100A","NOMENCLA":"Circ. XI - Pc. 1081A - UF 54"},"geometry":{"type":"Polygon","coordinates":[[[-58.14484336112992,-35.534932161303786],[-58.14546057743051,-35.53482441761157],[-58.14530392069862,-35.53361762182643],[-58.14510213245892,-35.53362893585616],[-58.14490079770569,-35.53364449192604],[-58.14470014096841,-35.533664113263136],[-58.144500045786096,-35.53368806842276],[-58.144300848970104,-35.53371609224662],[-58.14410254426456,-35.533748454987055],[-58.144492845466864,-35.53498660353956],[-58.14484336112992,-35.534932161303786]]]}},{"type":"Feature","properties":{"CCA":"02711000000000000000000000000000000108100A000134","ARA1":18147.61,"SAG":"ARBA","PARTIDO":"027","CIRC":11,"SECC":null,"CHACRA":null,"CHACRA_L":null,"QUINTA":null,"QUINTA_L":null,"FRACCION":null,"FRACC_L":null,"MANZANA":null,"MANZANA_L":null,"PARCELA":1081,"PARCELA_L":"A","SUBPARC":134,"CCA_MADRE":"02711000000000000000000000000000000108100A","NOMENCLA":"Circ. XI - Pc. 1081A - UF 134"},"geometry":{"type":"Polygon","coordinates":[[[-58.12869550423155,-35.54469938023219],[-58.12864693720158,-35.54333050776787],[-58.12849665694506,-35.543320965645066],[-58.12834660973135,-35.54331088626633],[-58.12819646700307,-35.5433001744165],[-58.12804655732384,-35.54328892531187],[-58.12789666235475,-35.54327704544813],[-58.12774666978688,-35.54326462319557],[-58.12766981932029,-35.543259915147786],[-58.12759296467575,-35.54325538721524],[-58.12751588960617,-35.5432508558099],[-58.127439037078176,-35.54324623769772],[-58.127362070153595,-35.54324179798859],[-58.12728521764753,-35.54323717977883],[-58.12728992658321,-35.543513543983586],[-58.12731182856293,-35.543747551110314],[-58.12732274716722,-35.54403662778824],[-58.12731892723725,-35.544546976900754],[-58.12754991684918,-35.544561378770936],[-58.12778058140014,-35.5445802808753],[-58.12801059236305,-35.54460358800007],[-58.128239843742854,-35.544631118274715],[-58.128468108853376,-35.544663138528215],[-58.12869550423155,-35.54469938023219]]]}},{"type":"Feature","properties":{"CCA":"02711000000000000000000000000000000108100A000034","ARA1":13415.61,"SAG":"ARBA","PARTIDO":"027","CIRC":11,"SECC":null,"CHACRA":null,"CHACRA_L":null,"QUINTA":null,"QUINTA_L":null,"FRACCION":null,"FRACC_L":null,"MANZANA":null,"MANZANA_L":null,"PARCELA":1081,"PARCELA_L":"A","SUBPARC":34,"CCA_MADRE":"02711000000000000000000000000000000108100A","NOMENCLA":"Circ. XI - Pc. 1081A - UF 34"},"geometry":{"type":"Polygon","coordinates":[[[-58.13062275495529,-35.535849479941845],[-58.13061825709129,-35.536067037088145],[-58.13064023642327,-35.53628383328429],[-58.130688518740996,-35.53649788329561],[-58.13076249526008,-35.53670692478867],[-58.13086166111315,-35.53690896736977],[-58.130984854329654,-35.53710183021438],[-58.13231396766485,-35.536647703908464],[-58.132297528094206,-35.536624469987586],[-58.13227896949281,-35.53660228461246],[-58.13225862248915,-35.53658115290434],[-58.132236482906144,-35.53656125502691],[-58.13221277116233,-35.536542594394085],[-58.13218736869301,-35.53652552962676],[-58.13216251721448,-35.53648945919481],[-58.13214166879247,-35.53645191882854],[-58.13212493572016,-35.53641282015509],[-58.132112523786965,-35.53637279716714],[-58.132104541106514,-35.53633194165564],[-58.132100864929434,-35.53629079240761],[-58.13209036891245,-35.536263234926345],[-58.13208065062985,-35.5362354191501],[-58.132072261123966,-35.53620735361671],[-58.132064755381066,-35.53617921166082],[-58.132058580501514,-35.5361507298659],[-58.132053399591314,-35.53612217335634],[-58.13062275495529,-35.535849479941845]]]}},{"type":"Feature","properties":{"CCA":"02711000000000000000000000000000000108100A000052","ARA1":12762.82,"SAG":"ARBA","PARTIDO":"027","CIRC":11,"SECC":null,"CHACRA":null,"CHACRA_L":null,"QUINTA":null,"QUINTA_L":null,"FRACCION":null,"FRACC_L":null,"MANZANA":null,"MANZANA_L":null,"PARCELA":1081,"PARCELA_L":"A","SUBPARC":52,"CCA_MADRE":"02711000000000000000000000000000000108100A","NOMENCLA":"Circ. XI - Pc. 1081A - UF 52"},"geometry":{"type":"Polygon","coordinates":[[[-58.14651845796472,-35.53472578908571],[-58.14765210688877,-35.534721674458304],[-58.14771298194755,-35.53369962467785],[-58.14751516399639,-35.53367252465884],[-58.147316699859516,-35.533649559675354],[-58.14711748137319,-35.5336306379466],[-58.146917614569745,-35.53361594132798],[-58.14671754438713,-35.53360529642541],[-58.14651716058936,-35.53359870154276],[-58.14651845796472,-35.53472578908571]]]}},{"type":"Feature","properties":{"CCA":"02711000000000000000000000000000000108100A000082","ARA1":12146.85,"SAG":"ARBA","PARTIDO":"027","CIRC":11,"SECC":null,"CHACRA":null,"CHACRA_L":null,"QUINTA":null,"QUINTA_L":null,"FRACCION":null,"FRACC_L":null,"MANZANA":null,"MANZANA_L":null,"PARCELA":1081,"PARCELA_L":"A","SUBPARC":82,"CCA_MADRE":"02711000000000000000000000000000000108100A","NOMENCLA":"Circ. XI - Pc. 1081A - UF 82"},"geometry":{"type":"Polygon","coordinates":[[[-58.14270647128379,-35.538823131685376],[-58.14169051308137,-35.53938637309498],[-58.142191573765366,-35.54017665251628],[-58.142389482458405,-35.54010004073422],[-58.14258537981416,-35.5400197930395],[-58.14277882495362,-35.53993590264955],[-58.14297014642286,-35.53984846475154],[-58.143158901268976,-35.539757562647424],[-58.1433449771845,-35.539663284734104],[-58.14270647128379,-35.538823131685376]]]}},{"type":"Feature","properties":{"CCA":"02711000000000000000000000000000000108100A000080","ARA1":13878.85,"SAG":"ARBA","PARTIDO":"027","CIRC":11,"SECC":null,"CHACRA":null,"CHACRA_L":null,"QUINTA":null,"QUINTA_L":null,"FRACCION":null,"FRACC_L":null,"MANZANA":null,"MANZANA_L":null,"PARCELA":1081,"PARCELA_L":"A","SUBPARC":80,"CCA_MADRE":"02711000000000000000000000000000000108100A","NOMENCLA":"Circ. XI - Pc. 1081A - UF 80"},"geometry":{"type":"Polygon","coordinates":[[[-58.14270647128379,-35.538823131685376],[-58.1433449771845,-35.539663284734104],[-58.1435076691086,-35.53958378571826],[-58.143669194044755,-35.539502285981406],[-58.143829104900554,-35.53941904898884],[-58.14398751395976,-35.53933398636062],[-58.144144529353554,-35.53924718988194],[-58.14429993687576,-35.539158385916394],[-58.14435108772161,-35.539144304308905],[-58.14439489948981,-35.5391185750171],[-58.14442768324212,-35.53908339414097],[-58.144446276218716,-35.539042047258945],[-58.14444927493691,-35.53899802725506],[-58.14443636975214,-35.538955204303164],[-58.14438772079262,-35.538831989435316],[-58.14433652047587,-35.53870945619519],[-58.1442823196598,-35.53858795812553],[-58.14422545937175,-35.53846704989778],[-58.144165708819756,-35.53834717852986],[-58.14410317822695,-35.5382283457145],[-58.14270647128379,-35.538823131685376]]]}},{"type":"Feature","properties":{"CCA":"02711000000000000000000000000000000108100A000058","ARA1":11891.37,"SAG":"ARBA","PARTIDO":"027","CIRC":11,"SECC":null,"CHACRA":null,"CHACRA_L":null,"QUINTA":null,"QUINTA_L":null,"FRACCION":null,"FRACC_L":null,"MANZANA":null,"MANZANA_L":null,"PARCELA":1081,"PARCELA_L":"A","SUBPARC":58,"CCA_MADRE":"02711000000000000000000000000000000108100A","NOMENCLA":"Circ. XI - Pc. 1081A - UF 58"},"geometry":{"type":"Polygon","coordinates":[[[-58.14651845796472,-35.53472578908571],[-58.146157136245016,-35.53476123604909],[-58.14640683820603,-35.535734081150295],[-58.146603513267266,-35.53568168411855],[-58.14680121141679,-35.53563272685495],[-58.14700037351334,-35.535587216130736],[-58.14720056081809,-35.53554505508155],[-58.14740177128304,-35.535506333786195],[-58.14760411099831,-35.53547123409989],[-58.14765210688877,-35.534721674458304],[-58.14651845796472,-35.53472578908571]]]}},{"type":"Feature","properties":{"CCA":"02711000000000000000000000000000000108100A000038","ARA1":11667.43,"SAG":"ARBA","PARTIDO":"027","CIRC":11,"SECC":null,"CHACRA":null,"CHACRA_L":null,"QUINTA":null,"QUINTA_L":null,"FRACCION":null,"FRACC_L":null,"MANZANA":null,"MANZANA_L":null,"PARCELA":1081,"PARCELA_L":"A","SUBPARC":38,"CCA_MADRE":"02711000000000000000000000000000000108100A","NOMENCLA":"Circ. XI - Pc. 1081A - UF 38"},"geometry":{"type":"Polygon","coordinates":[[[-58.15293234047526,-35.53615549176133],[-58.15366991418533,-35.53515939348132],[-58.153544099322964,-35.53506419758209],[-58.15341479396022,-35.534972192234605],[-58.15328199396422,-35.534883557594455],[-58.15314591974691,-35.53479829702652],[-58.15300645489804,-35.53471667908158],[-58.15286404230681,-35.53463862041816],[-58.152176483518126,-35.535775519074576],[-58.152259546865665,-35.53581193699383],[-58.152388013139266,-35.53586842539446],[-58.15251430916897,-35.53592821465924],[-58.1526382166117,-35.535991211334384],[-58.15275973754179,-35.536057325344046],[-58.15293234047526,-35.53615549176133]]]}},{"type":"Feature","properties":{"CCA":"02711000000000000000000000000000000108100A000112","ARA1":10463.39,"SAG":"ARBA","PARTIDO":"027","CIRC":11,"SECC":null,"CHACRA":null,"CHACRA_L":null,"QUINTA":null,"QUINTA_L":null,"FRACCION":null,"FRACC_L":null,"MANZANA":null,"MANZANA_L":null,"PARCELA":1081,"PARCELA_L":"A","SUBPARC":112,"CCA_MADRE":"02711000000000000000000000000000000108100A","NOMENCLA":"Circ. XI - Pc. 1081A - UF 112"},"geometry":{"type":"Polygon","coordinates":[[[-58.12608410766999,-35.54193258111063],[-58.12506778069264,-35.54252874597816],[-58.12511218836795,-35.542610359439585],[-58.125155040508055,-35.5426924893797],[-58.12519655754322,-35.54277513922814],[-58.12523674156715,-35.54285821890435],[-58.1252752619241,-35.542941723267454],[-58.1253125594794,-35.543025659174894],[-58.12532670904887,-35.543057239050604],[-58.125350546122725,-35.54308473419308],[-58.12538224314327,-35.54310613365896],[-58.125419849744695,-35.543119965281974],[-58.12546041101292,-35.54312528196336],[-58.12550150843829,-35.54312177574988],[-58.125668461282686,-35.54310184305198],[-58.125836214030535,-35.54308543702186],[-58.126004319544116,-35.54307282104903],[-58.126172894353225,-35.54306372660027],[-58.126341603635254,-35.543058328699004],[-58.126510449509205,-35.54305653726338],[-58.12608410766999,-35.54193258111063]]]}},{"type":"Feature","properties":{"CCA":"02711000000000000000000000000000000108100A000027","ARA1":18758.59,"SAG":"ARBA","PARTIDO":"027","CIRC":11,"SECC":null,"CHACRA":null,"CHACRA_L":null,"QUINTA":null,"QUINTA_L":null,"FRACCION":null,"FRACC_L":null,"MANZANA":null,"MANZANA_L":null,"PARCELA":1081,"PARCELA_L":"A","SUBPARC":27,"CCA_MADRE":"02711000000000000000000000000000000108100A","NOMENCLA":"Circ. XI - Pc. 1081A - UF 27"},"geometry":{"type":"Polygon","coordinates":[[[-58.1225217177839,-35.54297393575591],[-58.12291434208593,-35.542770623997384],[-58.123293905324196,-35.54254575046934],[-58.12179085935654,-35.540967958301266],[-58.12146090828299,-35.541178911643115],[-58.121024771438044,-35.54141857760464],[-58.1225217177839,-35.54297393575591]]]}},{"type":"Feature","properties":{"CCA":"02711000000000000000000000000000000108100A000029","ARA1":17177.89,"SAG":"ARBA","PARTIDO":"027","CIRC":11,"SECC":null,"CHACRA":null,"CHACRA_L":null,"QUINTA":null,"QUINTA_L":null,"FRACCION":null,"FRACC_L":null,"MANZANA":null,"MANZANA_L":null,"PARCELA":1081,"PARCELA_L":"A","SUBPARC":29,"CCA_MADRE":"02711000000000000000000000000000000108100A","NOMENCLA":"Circ. XI - Pc. 1081A - UF 29"},"geometry":{"type":"Polygon","coordinates":[[[-58.11947007863574,-35.542277276332364],[-58.12098229162484,-35.54365969151176],[-58.12111668032073,-35.543613124400146],[-58.121249913215046,-35.54356410603419],[-58.12138165964353,-35.54351263126454],[-58.121512029814454,-35.54345870181321],[-58.121640913500386,-35.54340231596696],[-58.12176819417115,-35.54334374225796],[-58.12026086867432,-35.54184606654689],[-58.11947007863574,-35.542277276332364]]]}},{"type":"Feature","properties":{"CCA":"02711000000000000000000000000000000108100A000129","ARA1":21380.75,"SAG":"ARBA","PARTIDO":"027","CIRC":11,"SECC":null,"CHACRA":null,"CHACRA_L":null,"QUINTA":null,"QUINTA_L":null,"FRACCION":null,"FRACC_L":null,"MANZANA":null,"MANZANA_L":null,"PARCELA":1081,"PARCELA_L":"A","SUBPARC":129,"CCA_MADRE":"02711000000000000000000000000000000108100A","NOMENCLA":"Circ. XI - Pc. 1081A - UF 129"},"geometry":{"type":"Polygon","coordinates":[[[-58.136058731968475,-35.54280984792956],[-58.13415579405198,-35.54222007727208],[-58.13412425084722,-35.54227284680292],[-58.13408681640697,-35.5423229118153],[-58.1340437236826,-35.54236973522165],[-58.133995309583774,-35.54241305188697],[-58.13394202541498,-35.542452418217685],[-58.1338844327015,-35.54248739232661],[-58.1338360017732,-35.542507639321585],[-58.133787248519546,-35.5425275208484],[-58.13373828524605,-35.54254694853062],[-58.1336891119534,-35.542565922368055],[-58.13363972446678,-35.54258462252505],[-58.1335900146569,-35.54260295721264],[-58.1345268549867,-35.54380769192384],[-58.13468339575212,-35.54375171997535],[-58.134838451663654,-35.5436932016364],[-58.13499213292826,-35.54363213861756],[-58.13514432722894,-35.54356861930092],[-58.13529481203121,-35.543502730364345],[-58.135443814020306,-35.54343420497626],[-58.13558704717274,-35.543362436167236],[-58.135716855210234,-35.543275230193615],[-58.135830989937155,-35.543174444739705],[-58.13592709506253,-35.5430618457072],[-58.13600357751875,-35.5429395712583],[-58.136058731968475,-35.54280984792956]]]}},{"type":"Feature","properties":{"CCA":"02711000000000000000000000000000000108100A000065","ARA1":12373.34,"SAG":"ARBA","PARTIDO":"027","CIRC":11,"SECC":null,"CHACRA":null,"CHACRA_L":null,"QUINTA":null,"QUINTA_L":null,"FRACCION":null,"FRACC_L":null,"MANZANA":null,"MANZANA_L":null,"PARCELA":1081,"PARCELA_L":"A","SUBPARC":65,"CCA_MADRE":"02711000000000000000000000000000000108100A","NOMENCLA":"Circ. XI - Pc. 1081A - UF 65"},"geometry":{"type":"Polygon","coordinates":[[[-58.14125941706293,-35.53684993435532],[-58.14049198119946,-35.53748467363112],[-58.14124715983354,-35.53834132570705],[-58.141366371314675,-35.53826359227305],[-58.14148288339413,-35.53818338400311],[-58.14159702462538,-35.53810079608442],[-58.1417085725032,-35.53801591520871],[-58.14181741889229,-35.53792864960157],[-58.141923447345214,-35.537839267819955],[-58.141959781224934,-35.537803151069554],[-58.14198358207478,-35.537760713344866],[-58.1419931343969,-35.537714631659455],[-58.141987920480744,-35.537668232286556],[-58.14196820448672,-35.53762440297007],[-58.141935460814715,-35.53758614021599],[-58.141816223527464,-35.537483463978106],[-58.14171558082115,-35.53736809770696],[-58.14163568283204,-35.53724241757669],[-58.14157812652707,-35.537108881344395],[-58.14154406592311,-35.5369700300447],[-58.14153398751959,-35.536828664754665],[-58.14125941706293,-35.53684993435532]]]}},{"type":"Feature","properties":{"CCA":"02711000000000000000000000000000000108100A000121","ARA1":20283.95,"SAG":"ARBA","PARTIDO":"027","CIRC":11,"SECC":null,"CHACRA":null,"CHACRA_L":null,"QUINTA":null,"QUINTA_L":null,"FRACCION":null,"FRACC_L":null,"MANZANA":null,"MANZANA_L":null,"PARCELA":1081,"PARCELA_L":"A","SUBPARC":121,"CCA_MADRE":"02711000000000000000000000000000000108100A","NOMENCLA":"Circ. XI - Pc. 1081A - UF 121"},"geometry":{"type":"Polygon","coordinates":[[[-58.14139394735093,-35.5406470128393],[-58.141869959416844,-35.54174419869343],[-58.142139976898,-35.54166770755704],[-58.14240727786674,-35.541584685684434],[-58.14267141932107,-35.541495216382195],[-58.14293228475786,-35.54139956821979],[-58.14318954763198,-35.54129755595835],[-58.143442979154855,-35.541189536555784],[-58.14288888253051,-35.54006871513388],[-58.142643191689224,-35.54017108534125],[-58.14239601333341,-35.54027099901639],[-58.14214756583269,-35.54036854963051],[-58.14189773899009,-35.54046373547769],[-58.14164653282346,-35.54055655654994],[-58.14139394735093,-35.5406470128393]]]}},{"type":"Feature","properties":{"CCA":"02711000000000000000000000000000000108100A000042","ARA1":12870.35,"SAG":"ARBA","PARTIDO":"027","CIRC":11,"SECC":null,"CHACRA":null,"CHACRA_L":null,"QUINTA":null,"QUINTA_L":null,"FRACCION":null,"FRACC_L":null,"MANZANA":null,"MANZANA_L":null,"PARCELA":1081,"PARCELA_L":"A","SUBPARC":42,"CCA_MADRE":"02711000000000000000000000000000000108100A","NOMENCLA":"Circ. XI - Pc. 1081A - UF 42"},"geometry":{"type":"Polygon","coordinates":[[[-58.14951180835852,-35.535275603118215],[-58.150071387443475,-35.53400023221009],[-58.14994330338052,-35.53398970590753],[-58.14981523177135,-35.533978638970346],[-58.14963216655202,-35.533961951798446],[-58.149504228014266,-35.53394989530919],[-58.14937641214462,-35.53393729987749],[-58.14924849646274,-35.53392425220357],[-58.149193989240494,-35.53391665684193],[-58.14913907377412,-35.533922031747146],[-58.14908816657906,-35.53394008426096],[-58.14904582543225,-35.53396917217619],[-58.149015412412545,-35.534006914013915],[-58.14899942245209,-35.53405028417777],[-58.14891721420457,-35.53420708370391],[-58.14885065759844,-35.53436880946234],[-58.148800549007305,-35.534534392328084],[-58.14876680315903,-35.53470274963383],[-58.14874999603394,-35.53487280885908],[-58.14874993216505,-35.53504348563135],[-58.14875765140983,-35.53511055958212],[-58.14878851598247,-35.53517312271695],[-58.1488397826596,-35.535225816115364],[-58.148907466911204,-35.53526452340076],[-58.14898569613616,-35.53528573001389],[-58.14906810925484,-35.53528798655113],[-58.14951180835852,-35.535275603118215]]]}},{"type":"Feature","properties":{"CCA":"02711000000000000000000000000000000108100A000010","ARA1":15093.51,"SAG":"ARBA","PARTIDO":"027","CIRC":11,"SECC":null,"CHACRA":null,"CHACRA_L":null,"QUINTA":null,"QUINTA_L":null,"FRACCION":null,"FRACC_L":null,"MANZANA":null,"MANZANA_L":null,"PARCELA":1081,"PARCELA_L":"A","SUBPARC":10,"CCA_MADRE":"02711000000000000000000000000000000108100A","NOMENCLA":"Circ. XI - Pc. 1081A - UF 10"},"geometry":{"type":"Polygon","coordinates":[[[-58.13337719204976,-35.534103110462574],[-58.132727032437984,-35.53487541852394],[-58.13267222259953,-35.53497603876985],[-58.13255371087178,-35.53513758109093],[-58.132434946915815,-35.53530047109765],[-58.13297637698202,-35.535595061205726],[-58.13300498598875,-35.53558793460922],[-58.1330348982414,-35.535586415298724],[-58.133064342069545,-35.53559083629724],[-58.13309167271334,-35.53560081167708],[-58.13311524749874,-35.53561586542954],[-58.13313387710699,-35.535634987878815],[-58.13323413322258,-35.53556661127265],[-58.133337404007605,-35.535501345156135],[-58.13344346905219,-35.535439186109286],[-58.133552434395654,-35.5353803159959],[-58.13366385921573,-35.535324727984246],[-58.133777849554875,-35.53527260393861],[-58.13390940556349,-35.53518083084944],[-58.134018334891294,-35.535071135041115],[-58.134100919340476,-35.53494697350362],[-58.13415452615555,-35.53481254093883],[-58.134177393855985,-35.53467249609213],[-58.13416864682186,-35.53453133116851],[-58.13337719204976,-35.534103110462574]]]}},{"type":"Feature","properties":{"CCA":"02711000000000000000000000000000000108100A000088","ARA1":10506.09,"SAG":"ARBA","PARTIDO":"027","CIRC":11,"SECC":null,"CHACRA":null,"CHACRA_L":null,"QUINTA":null,"QUINTA_L":null,"FRACCION":null,"FRACC_L":null,"MANZANA":null,"MANZANA_L":null,"PARCELA":1081,"PARCELA_L":"A","SUBPARC":88,"CCA_MADRE":"02711000000000000000000000000000000108100A","NOMENCLA":"Circ. XI - Pc. 1081A - UF 88"},"geometry":{"type":"Polygon","coordinates":[[[-58.13930704328077,-35.540213089166976],[-58.13807864717482,-35.54053989354748],[-58.138308953545064,-35.54129410591146],[-58.13960289072855,-35.54097993562929],[-58.13930704328077,-35.540213089166976]]]}},{"type":"Feature","properties":{"CCA":"02711000000000000000000000000000000108100A000031","ARA1":17350.25,"SAG":"ARBA","PARTIDO":"027","CIRC":11,"SECC":null,"CHACRA":null,"CHACRA_L":null,"QUINTA":null,"QUINTA_L":null,"FRACCION":null,"FRACC_L":null,"MANZANA":null,"MANZANA_L":null,"PARCELA":1081,"PARCELA_L":"A","SUBPARC":31,"CCA_MADRE":"02711000000000000000000000000000000108100A","NOMENCLA":"Circ. XI - Pc. 1081A - UF 31"},"geometry":{"type":"Polygon","coordinates":[[[-58.13367156679516,-35.53750436140545],[-58.13249899778288,-35.53840564341326],[-58.13257486169541,-35.53850026745959],[-58.132646705940196,-35.53859708206372],[-58.13271420404878,-35.538695901946696],[-58.13277757852237,-35.538796640447096],[-58.13283661518991,-35.53889902391013],[-58.132891203825416,-35.53900305063487],[-58.13339161725954,-35.538775600443635],[-58.13420050028268,-35.53840585538003],[-58.134557792102015,-35.53827873563598],[-58.13454537282978,-35.538153284048136],[-58.134535166158074,-35.53802750623543],[-58.13452716581731,-35.537901672445216],[-58.13452126158623,-35.53777578097235],[-58.13451756366572,-35.53764983352217],[-58.13451243742289,-35.53754747401911],[-58.13434343888164,-35.53757063167142],[-58.134207540618135,-35.53759745537148],[-58.134067838653976,-35.537602862864006],[-58.133929415311115,-35.53758639211639],[-58.133792506583255,-35.53756165410516],[-58.13367156679516,-35.53750436140545]]]}},{"type":"Feature","properties":{"CCA":"02711000000000000000000000000000000108100A000111","ARA1":10866.49,"SAG":"ARBA","PARTIDO":"027","CIRC":11,"SECC":null,"CHACRA":null,"CHACRA_L":null,"QUINTA":null,"QUINTA_L":null,"FRACCION":null,"FRACC_L":null,"MANZANA":null,"MANZANA_L":null,"PARCELA":1081,"PARCELA_L":"A","SUBPARC":111,"CCA_MADRE":"02711000000000000000000000000000000108100A","NOMENCLA":"Circ. XI - Pc. 1081A - UF 111"},"geometry":{"type":"Polygon","coordinates":[[[-58.12608410766999,-35.54193258111063],[-58.125672651375396,-35.54099854590821],[-58.12553428209225,-35.54112642972726],[-58.12539417828258,-35.54125302480335],[-58.1252521216121,-35.54137823762067],[-58.12510844062858,-35.5415021633965],[-58.124962916998236,-35.54162470861476],[-58.1248157690546,-35.54174596677946],[-58.12477279271568,-35.54176863792645],[-58.12473963622211,-35.541800473259315],[-58.12471911790034,-35.541838813193046],[-58.12471285840059,-35.541880348709206],[-58.124721490633966,-35.541921575191196],[-58.12474410448869,-35.54195896401432],[-58.1248038003022,-35.542051629138975],[-58.12486115443963,-35.54214542929906],[-58.12491639781521,-35.5422399175171],[-58.12496908326415,-35.5423353571842],[-58.12501976395974,-35.542431666792794],[-58.12506778069264,-35.54252874597816],[-58.12608410766999,-35.54193258111063]]]}},{"type":"Feature","properties":{"CCA":"02711000000000000000000000000000000108100A000014","ARA1":14975.5,"SAG":"ARBA","PARTIDO":"027","CIRC":11,"SECC":null,"CHACRA":null,"CHACRA_L":null,"QUINTA":null,"QUINTA_L":null,"FRACCION":null,"FRACC_L":null,"MANZANA":null,"MANZANA_L":null,"PARCELA":1081,"PARCELA_L":"A","SUBPARC":14,"CCA_MADRE":"02711000000000000000000000000000000108100A","NOMENCLA":"Circ. XI - Pc. 1081A - UF 14"},"geometry":{"type":"Polygon","coordinates":[[[-58.12941599180103,-35.533665307195605],[-58.13009011990023,-35.53402703159511],[-58.13044522097539,-35.53338569542311],[-58.13085603112005,-35.53266177552446],[-58.129843692695296,-35.53212404245044],[-58.12970132456307,-35.53265306010475],[-58.12941599180103,-35.533665307195605]]]}},{"type":"Feature","properties":{"CCA":"02711000000000000000000000000000000108100A000067","ARA1":16643.17,"SAG":"ARBA","PARTIDO":"027","CIRC":11,"SECC":null,"CHACRA":null,"CHACRA_L":null,"QUINTA":null,"QUINTA_L":null,"FRACCION":null,"FRACC_L":null,"MANZANA":null,"MANZANA_L":null,"PARCELA":1081,"PARCELA_L":"A","SUBPARC":67,"CCA_MADRE":"02711000000000000000000000000000000108100A","NOMENCLA":"Circ. XI - Pc. 1081A - UF 67"},"geometry":{"type":"Polygon","coordinates":[[[-58.13959102358953,-35.5380905833019],[-58.138231342926986,-35.53853701873777],[-58.13821362887838,-35.53863560105433],[-58.13819041457074,-35.53873364785002],[-58.138161604349094,-35.538830526840876],[-58.138127528833024,-35.538926243128785],[-58.13808786153214,-35.53902061143715],[-58.13804305161144,-35.53911327823851],[-58.13803824975512,-35.539182682536186],[-58.13806084947287,-35.53924953625479],[-58.13810847211717,-35.53930704403868],[-58.13817619160534,-35.539348911865815],[-58.13825683172371,-35.53937079348824],[-58.138341843677324,-35.539370484228144],[-58.13865258633078,-35.53932535882336],[-58.138959999707296,-35.5392668442341],[-58.13926319570944,-35.53919519712023],[-58.139561400624885,-35.53911049568583],[-58.13985372637565,-35.53901299660729],[-58.14013917468376,-35.53890295486866],[-58.13959102358953,-35.5380905833019]]]}},{"type":"Feature","properties":{"CCA":"02711000000000000000000000000000000108100A000120","ARA1":21789.94,"SAG":"ARBA","PARTIDO":"027","CIRC":11,"SECC":null,"CHACRA":null,"CHACRA_L":null,"QUINTA":null,"QUINTA_L":null,"FRACCION":null,"FRACC_L":null,"MANZANA":null,"MANZANA_L":null,"PARCELA":1081,"PARCELA_L":"A","SUBPARC":120,"CCA_MADRE":"02711000000000000000000000000000000108100A","NOMENCLA":"Circ. XI - Pc. 1081A - UF 120"},"geometry":{"type":"Polygon","coordinates":[[[-58.143442979154855,-35.541189536555784],[-58.14369413717334,-35.54108445538886],[-58.1439422041761,-35.54097473024208],[-58.144187182206984,-35.540860271050484],[-58.14442873228511,-35.540741433074],[-58.14466697082578,-35.54061794777978],[-58.14490156300526,-35.54048999026423],[-58.14488864036713,-35.540481410730706],[-58.14487740416118,-35.54047141530966],[-58.14486818088292,-35.54046018925545],[-58.144860966381756,-35.54044791273431],[-58.144856307582806,-35.540434774392516],[-58.14485396952908,-35.540421401418584],[-58.14458347129382,-35.53945183837044],[-58.144567675291405,-35.53940527623392],[-58.144533184924896,-35.539366176250915],[-58.1444846418567,-35.539338845244295],[-58.14442736975732,-35.53932669938676],[-58.14436872178055,-35.53933120356958],[-58.14431532523935,-35.539351828998385],[-58.14408350545509,-35.53947919730523],[-58.14384933290523,-35.53960337490913],[-58.143612695317515,-35.53972445018272],[-58.143373702923704,-35.539842424809535],[-58.14313235989624,-35.53995711861063],[-58.14288888253051,-35.54006871513388],[-58.143442979154855,-35.541189536555784]]]}},{"type":"Feature","properties":{"CCA":"02711000000000000000000000000000000108100A000118","ARA1":23280.3,"SAG":"ARBA","PARTIDO":"027","CIRC":11,"SECC":null,"CHACRA":null,"CHACRA_L":null,"QUINTA":null,"QUINTA_L":null,"FRACCION":null,"FRACC_L":null,"MANZANA":null,"MANZANA_L":null,"PARCELA":1081,"PARCELA_L":"A","SUBPARC":118,"CCA_MADRE":"02711000000000000000000000000000000108100A","NOMENCLA":"Circ. XI - Pc. 1081A - UF 118"},"geometry":{"type":"Polygon","coordinates":[[[-58.147707558499754,-35.53944878383172],[-58.14708786264623,-35.53781782364198],[-58.14682489463959,-35.53791453016187],[-58.14660471279948,-35.538006036405434],[-58.146388681548075,-35.538104004211114],[-58.14617713770342,-35.53820816843503],[-58.14597030373025,-35.5383184424064],[-58.14583501812766,-35.538400168644436],[-58.1463872894677,-35.53986032175365],[-58.147707558499754,-35.53944878383172]]]}},{"type":"Feature","properties":{"CCA":"02711000000000000000000000000000000108100A000079","ARA1":13210.88,"SAG":"ARBA","PARTIDO":"027","CIRC":11,"SECC":null,"CHACRA":null,"CHACRA_L":null,"QUINTA":null,"QUINTA_L":null,"FRACCION":null,"FRACC_L":null,"MANZANA":null,"MANZANA_L":null,"PARCELA":1081,"PARCELA_L":"A","SUBPARC":79,"CCA_MADRE":"02711000000000000000000000000000000108100A","NOMENCLA":"Circ. XI - Pc. 1081A - UF 79"},"geometry":{"type":"Polygon","coordinates":[[[-58.14270647128379,-35.538823131685376],[-58.14410317822695,-35.5382283457145],[-58.144070675167804,-35.538155663357365],[-58.14403539403285,-35.53808392948718],[-58.143997334828455,-35.538013144101654],[-58.14395649548503,-35.53794339728133],[-58.143912984144116,-35.537874780803214],[-58.14386702331004,-35.5378072079754],[-58.14382305367929,-35.53776805196586],[-58.143769845375104,-35.53773749483466],[-58.143709787748236,-35.537717105311806],[-58.143645835727085,-35.53770783003508],[-58.14358095668912,-35.53771007515041],[-58.14351812839052,-35.53772379639547],[-58.143348685806025,-35.53779021500364],[-58.14317009066414,-35.53783756828628],[-58.14298522727211,-35.53786508959937],[-58.1427976391496,-35.53787211258552],[-58.142610414440014,-35.53785859469699],[-58.14242718403154,-35.53782486222687],[-58.14238619990995,-35.53782359993078],[-58.14234533440695,-35.537826755074946],[-58.14230525709551,-35.537833977517586],[-58.142266623005305,-35.537845547697465],[-58.14223032421162,-35.53786102878831],[-58.14219658736693,-35.537880153940456],[-58.142068712542226,-35.537984608926074],[-58.14270647128379,-35.538823131685376]]]}},{"type":"Feature","properties":{"CCA":"02711000000000000000000000000000000108100A000033","ARA1":11787.17,"SAG":"ARBA","PARTIDO":"027","CIRC":11,"SECC":null,"CHACRA":null,"CHACRA_L":null,"QUINTA":null,"QUINTA_L":null,"FRACCION":null,"FRACC_L":null,"MANZANA":null,"MANZANA_L":null,"PARCELA":1081,"PARCELA_L":"A","SUBPARC":33,"CCA_MADRE":"02711000000000000000000000000000000108100A","NOMENCLA":"Circ. XI - Pc. 1081A - UF 33"},"geometry":{"type":"Polygon","coordinates":[[[-58.130984854329654,-35.53710183021438],[-58.13107701756625,-35.53723509670207],[-58.13118100341399,-35.537362508706515],[-58.13129616945719,-35.5374832452086],[-58.13142175469642,-35.53759684380854],[-58.13155744941074,-35.53770239852779],[-58.131702157763385,-35.537799622006304],[-58.13296058381195,-35.53707071499038],[-58.13292359784271,-35.537039683440824],[-58.132885041818916,-35.53700979905543],[-58.13284513198376,-35.53698124541109],[-58.1328037623037,-35.536953840634915],[-58.132761259230826,-35.53692777001084],[-58.1327176206759,-35.53690312362005],[-58.13268647275893,-35.536862810495464],[-58.13264738513494,-35.53682733069207],[-58.13260176546882,-35.53679778738225],[-58.13255047872522,-35.53677491487418],[-58.13249538383612,-35.536759372758716],[-58.13243790097884,-35.53675172371819],[-58.132411724349744,-35.536739513197034],[-58.13238747768312,-35.53672489947152],[-58.132365262834256,-35.53670824457942],[-58.132345408342545,-35.536689643726056],[-58.1323282364803,-35.536669462363804],[-58.13231396766485,-35.536647703908464],[-58.130984854329654,-35.53710183021438]]]}},{"type":"Feature","properties":{"CCA":"02711000000000000000000000000000000108100A000011","ARA1":13738.98,"SAG":"ARBA","PARTIDO":"027","CIRC":11,"SECC":null,"CHACRA":null,"CHACRA_L":null,"QUINTA":null,"QUINTA_L":null,"FRACCION":null,"FRACC_L":null,"MANZANA":null,"MANZANA_L":null,"PARCELA":1081,"PARCELA_L":"A","SUBPARC":11,"CCA_MADRE":"02711000000000000000000000000000000108100A","NOMENCLA":"Circ. XI - Pc. 1081A - UF 11"},"geometry":{"type":"Polygon","coordinates":[[[-58.1316292251128,-35.53486003272181],[-58.132434946915815,-35.53530047109765],[-58.13255371087178,-35.53513758109093],[-58.13267222259953,-35.53497603876985],[-58.132727032437984,-35.53487541852394],[-58.13337719204976,-35.534103110462574],[-58.13257968434973,-35.53365577669518],[-58.13240580368205,-35.53385656235045],[-58.132280374186955,-35.5340074538652],[-58.13216587039218,-35.534186359949764],[-58.1316292251128,-35.53486003272181]]]}},{"type":"Feature","properties":{"CCA":"02711000000000000000000000000000000108100A000030","ARA1":17921.52,"SAG":"ARBA","PARTIDO":"027","CIRC":11,"SECC":null,"CHACRA":null,"CHACRA_L":null,"QUINTA":null,"QUINTA_L":null,"FRACCION":null,"FRACC_L":null,"MANZANA":null,"MANZANA_L":null,"PARCELA":1081,"PARCELA_L":"A","SUBPARC":30,"CCA_MADRE":"02711000000000000000000000000000000108100A","NOMENCLA":"Circ. XI - Pc. 1081A - UF 30"},"geometry":{"type":"Polygon","coordinates":[[[-58.11947007863574,-35.542277276332364],[-58.11907684703404,-35.5424827300507],[-58.118598105361166,-35.542884198393644],[-58.119757733367344,-35.54373656973781],[-58.11985049081973,-35.543787218914254],[-58.11995157194493,-35.54382610273791],[-58.12005857504336,-35.543852192475335],[-58.12016908578254,-35.54386499988947],[-58.120280687718015,-35.54386412683292],[-58.12039095178455,-35.54384971565629],[-58.12049127879742,-35.54382172240513],[-58.120590867855526,-35.5437922757341],[-58.120689721056465,-35.543761285563285],[-58.12078794440891,-35.54372893377572],[-58.12088554211276,-35.54369504020955],[-58.12098229162484,-35.54365969151176],[-58.11947007863574,-35.542277276332364]]]}},{"type":"Feature","properties":{"CCA":"02711000000000000000000000000000000108100A000131","ARA1":19007.58,"SAG":"ARBA","PARTIDO":"027","CIRC":11,"SECC":null,"CHACRA":null,"CHACRA_L":null,"QUINTA":null,"QUINTA_L":null,"FRACCION":null,"FRACC_L":null,"MANZANA":null,"MANZANA_L":null,"PARCELA":1081,"PARCELA_L":"A","SUBPARC":131,"CCA_MADRE":"02711000000000000000000000000000000108100A","NOMENCLA":"Circ. XI - Pc. 1081A - UF 131"},"geometry":{"type":"Polygon","coordinates":[[[-58.131501938845766,-35.54448590596097],[-58.13174859758465,-35.54446179339562],[-58.13199438751562,-35.54443235010057],[-58.1322390860611,-35.544397662746334],[-58.13248269526334,-35.5443576412559],[-58.13272499463535,-35.54431228221975],[-58.13296553489704,-35.54426193914501],[-58.132532198588564,-35.542917205614486],[-58.13232770966256,-35.54296783608846],[-58.13212197310087,-35.543015202754376],[-58.131914991016664,-35.54305921552442],[-58.13170698805027,-35.54309969764491],[-58.13149818257391,-35.54313674261031],[-58.13128834999648,-35.543170527164506],[-58.131501938845766,-35.54448590596097]]]}},{"type":"Feature","properties":{"CCA":"02711000000000000000000000000000000108100A000116","ARA1":22917.4,"SAG":"ARBA","PARTIDO":"027","CIRC":11,"SECC":null,"CHACRA":null,"CHACRA_L":null,"QUINTA":null,"QUINTA_L":null,"FRACCION":null,"FRACC_L":null,"MANZANA":null,"MANZANA_L":null,"PARCELA":1081,"PARCELA_L":"A","SUBPARC":116,"CCA_MADRE":"02711000000000000000000000000000000108100A","NOMENCLA":"Circ. XI - Pc. 1081A - UF 116"},"geometry":{"type":"Polygon","coordinates":[[[-58.15053662463733,-35.53839362654406],[-58.1500779935251,-35.53725051066531],[-58.14980787796475,-35.53726024329444],[-58.14953834965058,-35.53727800456105],[-58.149269847276706,-35.53730389131729],[-58.14900270139586,-35.537337908643806],[-58.14873724256172,-35.53738006162417],[-58.14847391568215,-35.53743017687119],[-58.149081642210376,-35.53895461102375],[-58.15053662463733,-35.53839362654406]]]}},{"type":"Feature","properties":{"CCA":"02711000000000000000000000000000000108100A000099","ARA1":12437.87,"SAG":"ARBA","PARTIDO":"027","CIRC":11,"SECC":null,"CHACRA":null,"CHACRA_L":null,"QUINTA":null,"QUINTA_L":null,"FRACCION":null,"FRACC_L":null,"MANZANA":null,"MANZANA_L":null,"PARCELA":1081,"PARCELA_L":"A","SUBPARC":99,"CCA_MADRE":"02711000000000000000000000000000000108100A","NOMENCLA":"Circ. XI - Pc. 1081A - UF 99"},"geometry":{"type":"Polygon","coordinates":[[[-58.13237146710492,-35.541770440435485],[-58.13368788465147,-35.541439019991],[-58.13361368219333,-35.541324867473364],[-58.133544157012004,-35.54120871469028],[-58.13347930282813,-35.54109083189613],[-58.13341889919425,-35.54097121568495],[-58.13336337860211,-35.540850233218144],[-58.13331263290509,-35.54072779271302],[-58.133274812388436,-35.54068512355081],[-58.13322543098352,-35.540651286821316],[-58.1331673062449,-35.54062839877809],[-58.13310404600729,-35.54061777688404],[-58.133039715658505,-35.54062002477709],[-58.13297795225339,-35.54063519878225],[-58.13282372349819,-35.540662998543304],[-58.132668681854526,-35.54068781173123],[-58.132513045679886,-35.54070973184032],[-58.13235692729461,-35.54072867049405],[-58.132200214411874,-35.540744716065646],[-58.13204301726317,-35.54075787026112],[-58.13237146710492,-35.541770440435485]]]}},{"type":"Feature","properties":{"CCA":"02711000000000000000000000000000000108100A000114","ARA1":21558.41,"SAG":"ARBA","PARTIDO":"027","CIRC":11,"SECC":null,"CHACRA":null,"CHACRA_L":null,"QUINTA":null,"QUINTA_L":null,"FRACCION":null,"FRACC_L":null,"MANZANA":null,"MANZANA_L":null,"PARCELA":1081,"PARCELA_L":"A","SUBPARC":114,"CCA_MADRE":"02711000000000000000000000000000000108100A","NOMENCLA":"Circ. XI - Pc. 1081A - UF 114"},"geometry":{"type":"Polygon","coordinates":[[[-58.1512842028608,-35.536790953242374],[-58.15208580869626,-35.53774800827399],[-58.152373773281084,-35.537633109560346],[-58.15356215896673,-35.5370129414616],[-58.15353125749184,-35.53694217846961],[-58.153341969408004,-35.53676860138878],[-58.153140556332175,-35.536604570699375],[-58.15292744671867,-35.536450633595635],[-58.15270362212026,-35.536307255630845],[-58.15246973137294,-35.53617498737862],[-58.152226645779386,-35.536054292709224],[-58.15214931857281,-35.53604175304632],[-58.15207065023893,-35.53604442221454],[-58.15199494097628,-35.53606227601042],[-58.15192651579022,-35.53609420924128],[-58.151869167255605,-35.53613829752665],[-58.15182636354141,-35.53619234117305],[-58.15176179429582,-35.536306067724745],[-58.15168608885313,-35.53641502764439],[-58.15159992291553,-35.536518600465406],[-58.15150374970752,-35.53661625242438],[-58.15139835722922,-35.536707274660124],[-58.1512842028608,-35.536790953242374]]]}},{"type":"Feature","properties":{"CCA":"02711000000000000000000000000000000108100A000127","ARA1":17894.91,"SAG":"ARBA","PARTIDO":"027","CIRC":11,"SECC":null,"CHACRA":null,"CHACRA_L":null,"QUINTA":null,"QUINTA_L":null,"FRACCION":null,"FRACC_L":null,"MANZANA":null,"MANZANA_L":null,"PARCELA":1081,"PARCELA_L":"A","SUBPARC":127,"CCA_MADRE":"02711000000000000000000000000000000108100A","NOMENCLA":"Circ. XI - Pc. 1081A - UF 127"},"geometry":{"type":"Polygon","coordinates":[[[-58.134026759479575,-35.54158394340822],[-58.135537992295575,-35.54128093019143],[-58.135452297470856,-35.54111063982007],[-58.135370048868964,-35.54093914108696],[-58.1352914648152,-35.5407665274905],[-58.1352164329879,-35.54059288741465],[-58.13514495336643,-35.54041822086544],[-58.13507713405805,-35.540242619635805],[-58.13482758723548,-35.54027777866304],[-58.134579626290844,-35.540320621455315],[-58.134334022655814,-35.54037115995969],[-58.134090888564636,-35.54042930581189],[-58.133850668985446,-35.54049488568443],[-58.13361358428653,-35.5405679030053],[-58.133582238181845,-35.54058363834542],[-58.13355681608456,-35.540605412960154],[-58.133539116920964,-35.540631722756],[-58.1335301722957,-35.54066087152984],[-58.133530797563765,-35.54069097950005],[-58.133540932626865,-35.540719882984845],[-58.13360782384232,-35.54086879672168],[-58.13368059845675,-35.54101599921147],[-58.13375881981186,-35.54116130345503],[-58.13384260649802,-35.541304350819516],[-58.13393195436426,-35.54144532145873],[-58.134026759479575,-35.54158394340822]]]}},{"type":"Feature","properties":{"CCA":"02711000000000000000000000000000000108100A000107","ARA1":16898.63,"SAG":"ARBA","PARTIDO":"027","CIRC":11,"SECC":null,"CHACRA":null,"CHACRA_L":null,"QUINTA":null,"QUINTA_L":null,"FRACCION":null,"FRACC_L":null,"MANZANA":null,"MANZANA_L":null,"PARCELA":1081,"PARCELA_L":"A","SUBPARC":107,"CCA_MADRE":"02711000000000000000000000000000000108100A","NOMENCLA":"Circ. XI - Pc. 1081A - UF 107"},"geometry":{"type":"Polygon","coordinates":[[[-58.127005261391865,-35.54041233621484],[-58.1271932489094,-35.54179653221871],[-58.128075699128026,-35.54188350117103],[-58.128443286419724,-35.54191696375492],[-58.12839166866444,-35.540693758583984],[-58.12815779249817,-35.54065696525658],[-58.12792478229706,-35.5406161297709],[-58.127692970831575,-35.54057116718612],[-58.127462243731436,-35.540522255962145],[-58.12723304188456,-35.540469402954635],[-58.127005261391865,-35.54041233621484]]]}},{"type":"Feature","properties":{"CCA":"02711000000000000000000000000000000108100A000039","ARA1":12705.0,"SAG":"ARBA","PARTIDO":"027","CIRC":11,"SECC":null,"CHACRA":null,"CHACRA_L":null,"QUINTA":null,"QUINTA_L":null,"FRACCION":null,"FRACC_L":null,"MANZANA":null,"MANZANA_L":null,"PARCELA":1081,"PARCELA_L":"A","SUBPARC":39,"CCA_MADRE":"02711000000000000000000000000000000108100A","NOMENCLA":"Circ. XI - Pc. 1081A - UF 39"},"geometry":{"type":"Polygon","coordinates":[[[-58.15286404230681,-35.53463862041816],[-58.15271845256667,-35.53455970187382],[-58.15256808978063,-35.53448701807101],[-58.15241327628591,-35.53442093439156],[-58.15225445288631,-35.53436145757376],[-58.15209216438969,-35.53430886629698],[-58.151926624976795,-35.53426343417504],[-58.151645420366215,-35.5348385629888],[-58.15136750066826,-35.5354721359306],[-58.151497392392244,-35.53551449906756],[-58.151626134624856,-35.53555891708822],[-58.15175372323974,-35.53560557016313],[-58.15188004596924,-35.5356545466901],[-58.15200521923092,-35.535705578112605],[-58.152176483518126,-35.535775519074576],[-58.15286404230681,-35.53463862041816]]]}},{"type":"Feature","properties":{"CCA":"02711000000000000000000000000000000108100A000124","ARA1":19792.4,"SAG":"ARBA","PARTIDO":"027","CIRC":11,"SECC":null,"CHACRA":null,"CHACRA_L":null,"QUINTA":null,"QUINTA_L":null,"FRACCION":null,"FRACC_L":null,"MANZANA":null,"MANZANA_L":null,"PARCELA":1081,"PARCELA_L":"A","SUBPARC":124,"CCA_MADRE":"02711000000000000000000000000000000108100A","NOMENCLA":"Circ. XI - Pc. 1081A - UF 124"},"geometry":{"type":"Polygon","coordinates":[[[-58.13903528444227,-35.54265523876966],[-58.13854824209281,-35.54139278188415],[-58.13732693728764,-35.541669493839464],[-58.13727680901023,-35.54168214638124],[-58.137233904555714,-35.541706625432994],[-58.13720235609836,-35.54174065187137],[-58.13718477572,-35.541780931824405],[-58.13718334298649,-35.54182380427562],[-58.13719793959339,-35.54186485177839],[-58.137498259149396,-35.54269512273749],[-58.13757376077413,-35.54278676434099],[-58.1376735882167,-35.54286111921948],[-58.137792440787685,-35.542913779926444],[-58.137923108605854,-35.542941841483675],[-58.13805824027325,-35.542943748472545],[-58.13819001225179,-35.542919289933714],[-58.13903528444227,-35.54265523876966]]]}},{"type":"Feature","properties":{"CCA":"02711000000000000000000000000000000108100A000122","ARA1":19096.86,"SAG":"ARBA","PARTIDO":"027","CIRC":11,"SECC":null,"CHACRA":null,"CHACRA_L":null,"QUINTA":null,"QUINTA_L":null,"FRACCION":null,"FRACC_L":null,"MANZANA":null,"MANZANA_L":null,"PARCELA":1081,"PARCELA_L":"A","SUBPARC":122,"CCA_MADRE":"02711000000000000000000000000000000108100A","NOMENCLA":"Circ. XI - Pc. 1081A - UF 122"},"geometry":{"type":"Polygon","coordinates":[[[-58.141869959416844,-35.54174419869343],[-58.14139394735093,-35.5406470128393],[-58.141148090674285,-35.54072774983255],[-58.14090022676996,-35.5408046705416],[-58.14065079653063,-35.54087778175474],[-58.14039957955715,-35.54094708006299],[-58.14014691068937,-35.54101239039204],[-58.13989278788145,-35.541073802816605],[-58.14034374300062,-35.542228731740934],[-58.141869959416844,-35.54174419869343]]]}},{"type":"Feature","properties":{"CCA":"02711000000000000000000000000000000108100A000021","ARA1":18304.07,"SAG":"ARBA","PARTIDO":"027","CIRC":11,"SECC":null,"CHACRA":null,"CHACRA_L":null,"QUINTA":null,"QUINTA_L":null,"FRACCION":null,"FRACC_L":null,"MANZANA":null,"MANZANA_L":null,"PARCELA":1081,"PARCELA_L":"A","SUBPARC":21,"CCA_MADRE":"02711000000000000000000000000000000108100A","NOMENCLA":"Circ. XI - Pc. 1081A - UF 21"},"geometry":{"type":"Polygon","coordinates":[[[-58.127001671947234,-35.538779404903785],[-58.125225322971495,-35.53748054824637],[-58.125097468723915,-35.53771583152763],[-58.12473004527746,-35.53814500955769],[-58.12658448637742,-35.53947113015989],[-58.12679664419045,-35.539137939165016],[-58.127001671947234,-35.538779404903785]]]}},{"type":"Feature","properties":{"CCA":"02711000000000000000000000000000000108100A000066","ARA1":12509.04,"SAG":"ARBA","PARTIDO":"027","CIRC":11,"SECC":null,"CHACRA":null,"CHACRA_L":null,"QUINTA":null,"QUINTA_L":null,"FRACCION":null,"FRACC_L":null,"MANZANA":null,"MANZANA_L":null,"PARCELA":1081,"PARCELA_L":"A","SUBPARC":66,"CCA_MADRE":"02711000000000000000000000000000000108100A","NOMENCLA":"Circ. XI - Pc. 1081A - UF 66"},"geometry":{"type":"Polygon","coordinates":[[[-58.14049198119946,-35.53748467363112],[-58.13959102358953,-35.5380905833019],[-58.14013917468376,-35.53890295486866],[-58.14033352609172,-35.53882277707777],[-58.14052425676158,-35.53873704611851],[-58.14071125229221,-35.538645940472726],[-58.14089429015317,-35.538549546840414],[-58.14107292739284,-35.53844794852378],[-58.14124715983354,-35.53834132570705],[-58.14049198119946,-35.53748467363112]]]}},{"type":"Feature","properties":{"CCA":"02711000000000000000000000000000000108100A000110","ARA1":13099.77,"SAG":"ARBA","PARTIDO":"027","CIRC":11,"SECC":null,"CHACRA":null,"CHACRA_L":null,"QUINTA":null,"QUINTA_L":null,"FRACCION":null,"FRACC_L":null,"MANZANA":null,"MANZANA_L":null,"PARCELA":1081,"PARCELA_L":"A","SUBPARC":110,"CCA_MADRE":"02711000000000000000000000000000000108100A","NOMENCLA":"Circ. XI - Pc. 1081A - UF 110"},"geometry":{"type":"Polygon","coordinates":[[[-58.127529042381575,-35.543092999266506],[-58.1271932489094,-35.54179653221871],[-58.12675275227551,-35.54185448052933],[-58.12667334687283,-35.541864871402225],[-58.12638129200013,-35.541878535773826],[-58.12608410766999,-35.54193258111063],[-58.126510449509205,-35.54305653726338],[-58.12659514694363,-35.54305569077982],[-58.12667995459664,-35.54305484594943],[-58.12676465203296,-35.543053999346625],[-58.12684945549705,-35.543053334560696],[-58.12693425896245,-35.54305266971506],[-58.127018844089115,-35.54305191130286],[-58.12710324821235,-35.543063675934576],[-58.12718791888892,-35.54307346212951],[-58.127272964235544,-35.543081361681075],[-58.12735816800063,-35.54308719100014],[-58.12744352598819,-35.5430911302501],[-58.127529042381575,-35.543092999266506]]]}},{"type":"Feature","properties":{"CCA":"02711000000000000000000000000000000108100A000060","ARA1":15620.18,"SAG":"ARBA","PARTIDO":"027","CIRC":11,"SECC":null,"CHACRA":null,"CHACRA_L":null,"QUINTA":null,"QUINTA_L":null,"FRACCION":null,"FRACC_L":null,"MANZANA":null,"MANZANA_L":null,"PARCELA":1081,"PARCELA_L":"A","SUBPARC":60,"CCA_MADRE":"02711000000000000000000000000000000108100A","NOMENCLA":"Circ. XI - Pc. 1081A - UF 60"},"geometry":{"type":"Polygon","coordinates":[[[-58.144492845466864,-35.53498660353956],[-58.14358338659499,-35.53525114828634],[-58.143445608727895,-35.535632465500356],[-58.14362722568361,-35.53567860737337],[-58.14379784990862,-35.535747288677584],[-58.143953441149186,-35.5358368251932],[-58.14408997362676,-35.535944902134375],[-58.14420441753316,-35.53606903982574],[-58.14429397587217,-35.53620622148591],[-58.14433473475403,-35.53625551088511],[-58.14439018431452,-35.536294032367714],[-58.14445630698209,-35.536319110748046],[-58.14452818895777,-35.53632868785597],[-58.14460055051971,-35.536322231852864],[-58.14466809119254,-35.53630011174179],[-58.144772091529084,-35.53626025932816],[-58.14487641202048,-35.53622086232373],[-58.1449811587283,-35.53618210258951],[-58.14508600517543,-35.53614379487141],[-58.14519116970779,-35.536106032643396],[-58.14529665232714,-35.5360688159047],[-58.14484336112992,-35.534932161303786],[-58.144492845466864,-35.53498660353956]]]}},{"type":"Feature","properties":{"CCA":"02711000000000000000000000000000000108100A000019","ARA1":19379.32,"SAG":"ARBA","PARTIDO":"027","CIRC":11,"SECC":null,"CHACRA":null,"CHACRA_L":null,"QUINTA":null,"QUINTA_L":null,"FRACCION":null,"FRACC_L":null,"MANZANA":null,"MANZANA_L":null,"PARCELA":1081,"PARCELA_L":"A","SUBPARC":19,"CCA_MADRE":"02711000000000000000000000000000000108100A","NOMENCLA":"Circ. XI - Pc. 1081A - UF 19"},"geometry":{"type":"Polygon","coordinates":[[[-58.12607884676305,-35.53590383674746],[-58.125892866094674,-35.536183094561466],[-58.12562568220323,-35.53671124761957],[-58.12605160319743,-35.53703218839326],[-58.126640817131324,-35.53748543019288],[-58.127390100905075,-35.53802964814212],[-58.127495065371164,-35.53781599477968],[-58.12752929448393,-35.53771893233356],[-58.12756670494739,-35.53762255008791],[-58.127607182352904,-35.537527026491894],[-58.127650616481134,-35.537432359830525],[-58.12769711334515,-35.537338731976085],[-58.127746564820576,-35.537246051131234],[-58.12607884676305,-35.53590383674746]]]}},{"type":"Feature","properties":{"CCA":"02711000000000000000000000000000000108100A000012","ARA1":14280.59,"SAG":"ARBA","PARTIDO":"027","CIRC":11,"SECC":null,"CHACRA":null,"CHACRA_L":null,"QUINTA":null,"QUINTA_L":null,"FRACCION":null,"FRACC_L":null,"MANZANA":null,"MANZANA_L":null,"PARCELA":1081,"PARCELA_L":"A","SUBPARC":12,"CCA_MADRE":"02711000000000000000000000000000000108100A","NOMENCLA":"Circ. XI - Pc. 1081A - UF 12"},"geometry":{"type":"Polygon","coordinates":[[[-58.130799375619105,-35.5344145290238],[-58.1316292251128,-35.53486003272181],[-58.13216587039218,-35.534186359949764],[-58.132280374186955,-35.5340074538652],[-58.13240580368205,-35.53385656235045],[-58.13257968434973,-35.53365577669518],[-58.131797132688085,-35.53318190543208],[-58.131483742334815,-35.533584457476984],[-58.130799375619105,-35.5344145290238]]]}},{"type":"Feature","properties":{"CCA":"02711000000000000000000000000000000108100A000137","ARA1":16239.33,"SAG":"ARBA","PARTIDO":"027","CIRC":11,"SECC":null,"CHACRA":null,"CHACRA_L":null,"QUINTA":null,"QUINTA_L":null,"FRACCION":null,"FRACC_L":null,"MANZANA":null,"MANZANA_L":null,"PARCELA":1081,"PARCELA_L":"A","SUBPARC":137,"CCA_MADRE":"02711000000000000000000000000000000108100A","NOMENCLA":"Circ. XI - Pc. 1081A - UF 137"},"geometry":{"type":"Polygon","coordinates":[[[-58.123295099247805,-35.54453828920073],[-58.1235528018224,-35.544556088369994],[-58.12381097582238,-35.54456785666022],[-58.12406951097075,-35.54457359235142],[-58.12432818257372,-35.54457347217309],[-58.124586664112314,-35.54456731081494],[-58.12484484530868,-35.54455510656188],[-58.12471075024464,-35.543391265152536],[-58.12450331109323,-35.54342156059885],[-58.12429343739017,-35.54343803029423],[-58.12408277831602,-35.543440880120066],[-58.12387233013711,-35.54342994534999],[-58.12366385644787,-35.54340525343669],[-58.12345834511458,-35.543366999998376],[-58.123295099247805,-35.54453828920073]]]}},{"type":"Feature","properties":{"CCA":"02711000000000000000000000000000000108100A000092","ARA1":17952.67,"SAG":"ARBA","PARTIDO":"027","CIRC":11,"SECC":null,"CHACRA":null,"CHACRA_L":null,"QUINTA":null,"QUINTA_L":null,"FRACCION":null,"FRACC_L":null,"MANZANA":null,"MANZANA_L":null,"PARCELA":1081,"PARCELA_L":"A","SUBPARC":92,"CCA_MADRE":"02711000000000000000000000000000000108100A","NOMENCLA":"Circ. XI - Pc. 1081A - UF 92"},"geometry":{"type":"Polygon","coordinates":[[[-58.13140253741381,-35.53948012199712],[-58.131635319878356,-35.54060953176759],[-58.13182951389449,-35.540593707303216],[-58.132063446212904,-35.54057110886081],[-58.132296686305196,-35.54054507488198],[-58.132529456659725,-35.54051551870212],[-58.13276164076592,-35.54048270886273],[-58.13299291839423,-35.540446189834235],[-58.13303956672433,-35.5404409646946],[-58.133082171450354,-35.5404246829317],[-58.13311705789388,-35.54039890970773],[-58.13314108784318,-35.540365849298084],[-58.13315209832362,-35.5403284419976],[-58.133149020161376,-35.54029000549493],[-58.13312121675754,-35.5401196187328],[-58.13308412417422,-35.5399504398295],[-58.13303784432962,-35.539782830814325],[-58.13298248331613,-35.539616973549926],[-58.13291814095866,-35.539453320144],[-58.13284503146847,-35.53929214424459],[-58.13140253741381,-35.53948012199712]]]}},{"type":"Feature","properties":{"CCA":"02711000000000000000000000000000000108100A000081","ARA1":10984.5,"SAG":"ARBA","PARTIDO":"027","CIRC":11,"SECC":null,"CHACRA":null,"CHACRA_L":null,"QUINTA":null,"QUINTA_L":null,"FRACCION":null,"FRACC_L":null,"MANZANA":null,"MANZANA_L":null,"PARCELA":1081,"PARCELA_L":"A","SUBPARC":81,"CCA_MADRE":"02711000000000000000000000000000000108100A","NOMENCLA":"Circ. XI - Pc. 1081A - UF 81"},"geometry":{"type":"Polygon","coordinates":[[[-58.14270647128379,-35.538823131685376],[-58.142068712542226,-35.537984608926074],[-58.14192992440874,-35.53809376177148],[-58.141788112314984,-35.5382001643957],[-58.1416435985867,-35.538304182215974],[-58.141496171117346,-35.53840545149374],[-58.14134615847017,-35.538504067398776],[-58.1411934483599,-35.538600118305126],[-58.14169051308137,-35.53938637309498],[-58.14270647128379,-35.538823131685376]]]}},{"type":"Feature","properties":{"CCA":"02711000000000000000000000000000000108100A000087","ARA1":10862.07,"SAG":"ARBA","PARTIDO":"027","CIRC":11,"SECC":null,"CHACRA":null,"CHACRA_L":null,"QUINTA":null,"QUINTA_L":null,"FRACCION":null,"FRACC_L":null,"MANZANA":null,"MANZANA_L":null,"PARCELA":1081,"PARCELA_L":"A","SUBPARC":87,"CCA_MADRE":"02711000000000000000000000000000000108100A","NOMENCLA":"Circ. XI - Pc. 1081A - UF 87"},"geometry":{"type":"Polygon","coordinates":[[[-58.13930704328077,-35.540213089166976],[-58.13901718797618,-35.539449578604156],[-58.13881805198548,-35.53948858803229],[-58.13861768277818,-35.539523703153414],[-58.13841629872728,-35.53955501744856],[-58.13821434279738,-35.53958244763929],[-58.138011482293926,-35.539606078699386],[-58.13780794392109,-35.539625643782436],[-58.13807864717482,-35.54053989354748],[-58.13930704328077,-35.540213089166976]]]}},{"type":"Feature","properties":{"CCA":"02711000000000000000000000000000000108100A000064","ARA1":11729.27,"SAG":"ARBA","PARTIDO":"027","CIRC":11,"SECC":null,"CHACRA":null,"CHACRA_L":null,"QUINTA":null,"QUINTA_L":null,"FRACCION":null,"FRACC_L":null,"MANZANA":null,"MANZANA_L":null,"PARCELA":1081,"PARCELA_L":"A","SUBPARC":64,"CCA_MADRE":"02711000000000000000000000000000000108100A","NOMENCLA":"Circ. XI - Pc. 1081A - UF 64"},"geometry":{"type":"Polygon","coordinates":[[[-58.13959102358953,-35.5380905833019],[-58.138952808979774,-35.537139844589056],[-58.13883619635769,-35.5372148221996],[-58.13871775782078,-35.537287698863565],[-58.13859738316327,-35.53735847287418],[-58.13847507447203,-35.53742705414322],[-58.1383511623848,-35.53749344777061],[-58.138225206064924,-35.53755764694375],[-58.138191269002775,-35.53757109064069],[-58.138162902555,-35.53759155919361],[-58.138142127997014,-35.53761746175645],[-58.138130532014834,-35.537646930427506],[-58.138129046281854,-35.53767781684386],[-58.13813761265788,-35.53770786723922],[-58.13817647956276,-35.537843639613094],[-58.138206161559786,-35.53798089219598],[-58.13822655672062,-35.538119262960805],[-58.13823756311512,-35.53825838987846],[-58.138239193188554,-35.538397732454406],[-58.138231342926986,-35.53853701873777],[-58.13959102358953,-35.5380905833019]]]}},{"type":"Feature","properties":{"CCA":"02711000000000000000000000000000000108100A000023","ARA1":18389.66,"SAG":"ARBA","PARTIDO":"027","CIRC":11,"SECC":null,"CHACRA":null,"CHACRA_L":null,"QUINTA":null,"QUINTA_L":null,"FRACCION":null,"FRACC_L":null,"MANZANA":null,"MANZANA_L":null,"PARCELA":1081,"PARCELA_L":"A","SUBPARC":23,"CCA_MADRE":"02711000000000000000000000000000000108100A","NOMENCLA":"Circ. XI - Pc. 1081A - UF 23"},"geometry":{"type":"Polygon","coordinates":[[[-58.12379809182745,-35.53949403192656],[-58.12550428503499,-35.540842553198495],[-58.12558091515838,-35.54075714466307],[-58.12564453802116,-35.54068108597849],[-58.125688473151854,-35.54059823291954],[-58.125734787677125,-35.54054578542492],[-58.12591290198531,-35.54035868317349],[-58.12607314583238,-35.54016247163669],[-58.125517942353284,-35.539767879682195],[-58.125123276658144,-35.53945832690807],[-58.12501458383978,-35.539362917376145],[-58.12431886503615,-35.53885277046814],[-58.12409572161956,-35.539250127782005],[-58.12379809182745,-35.53949403192656]]]}},{"type":"Feature","properties":{"CCA":"02711000000000000000000000000000000108100A000096","ARA1":15806.38,"SAG":"ARBA","PARTIDO":"027","CIRC":11,"SECC":null,"CHACRA":null,"CHACRA_L":null,"QUINTA":null,"QUINTA_L":null,"FRACCION":null,"FRACC_L":null,"MANZANA":null,"MANZANA_L":null,"PARCELA":1081,"PARCELA_L":"A","SUBPARC":96,"CCA_MADRE":"02711000000000000000000000000000000108100A","NOMENCLA":"Circ. XI - Pc. 1081A - UF 96"},"geometry":{"type":"Polygon","coordinates":[[[-58.12866103308452,-35.53951644812067],[-58.12860832847048,-35.54052725610886],[-58.12886512214909,-35.54055521258185],[-58.12912244896593,-35.5405792117426],[-58.129380412821085,-35.5405995255432],[-58.12963857491415,-35.540616057056546],[-58.129897161913476,-35.540628539453294],[-58.13015605310826,-35.540637421430866],[-58.13001942228817,-35.53950841922047],[-58.12866103308452,-35.53951644812067]]]}},{"type":"Feature","properties":{"CCA":"02711000000000000000000000000000000108100A000047","ARA1":10967.16,"SAG":"ARBA","PARTIDO":"027","CIRC":11,"SECC":null,"CHACRA":null,"CHACRA_L":null,"QUINTA":null,"QUINTA_L":null,"FRACCION":null,"FRACC_L":null,"MANZANA":null,"MANZANA_L":null,"PARCELA":1081,"PARCELA_L":"A","SUBPARC":47,"CCA_MADRE":"02711000000000000000000000000000000108100A","NOMENCLA":"Circ. XI - Pc. 1081A - UF 47"},"geometry":{"type":"Polygon","coordinates":[[[-58.13016723123645,-35.5342955977749],[-58.12881120663469,-35.533564906462864],[-58.12836644924986,-35.53410716152323],[-58.12852144870346,-35.534216533727765],[-58.12866980622638,-35.53433184032525],[-58.128811085181695,-35.534452894333874],[-58.1289451837289,-35.53457933373911],[-58.12907155710382,-35.53471087976681],[-58.12919009926809,-35.53484735056606],[-58.12988074486818,-35.5344552530706],[-58.13016723123645,-35.5342955977749]]]}},{"type":"Feature","properties":{"CCA":"02711000000000000000000000000000000108100A000104","ARA1":14339.72,"SAG":"ARBA","PARTIDO":"027","CIRC":11,"SECC":null,"CHACRA":null,"CHACRA_L":null,"QUINTA":null,"QUINTA_L":null,"FRACCION":null,"FRACC_L":null,"MANZANA":null,"MANZANA_L":null,"PARCELA":1081,"PARCELA_L":"A","SUBPARC":104,"CCA_MADRE":"02711000000000000000000000000000000108100A","NOMENCLA":"Circ. XI - Pc. 1081A - UF 104"},"geometry":{"type":"Polygon","coordinates":[[[-58.12985218636118,-35.54203353892015],[-58.129949992006786,-35.54314418608733],[-58.130178250356394,-35.5431241167384],[-58.13040623860949,-35.543101429444086],[-58.13063373003449,-35.54307639103332],[-58.130860951320265,-35.54304873467977],[-58.131087567609825,-35.54301863542238],[-58.13131369119116,-35.54298600489028],[-58.1311434867072,-35.54198687941597],[-58.12985218636118,-35.54203353892015]]]}},{"type":"Feature","properties":{"CCA":"02711000000000000000000000000000000108100A000090","ARA1":9904.93,"SAG":"ARBA","PARTIDO":"027","CIRC":11,"SECC":null,"CHACRA":null,"CHACRA_L":null,"QUINTA":null,"QUINTA_L":null,"FRACCION":null,"FRACC_L":null,"MANZANA":null,"MANZANA_L":null,"PARCELA":1081,"PARCELA_L":"A","SUBPARC":90,"CCA_MADRE":"02711000000000000000000000000000000108100A","NOMENCLA":"Circ. XI - Pc. 1081A - UF 90"},"geometry":{"type":"Polygon","coordinates":[[[-58.13807864717482,-35.54053989354748],[-58.13683623368393,-35.54082880065381],[-58.1370716586189,-35.54146612543419],[-58.137091121748064,-35.54149697507894],[-58.13712052749704,-35.54152221102209],[-58.13715727860681,-35.541539720484565],[-58.13719853862212,-35.54154819802469],[-58.137241019796846,-35.54154678180404],[-58.1372814093778,-35.541535690978364],[-58.138308953545064,-35.54129410591146],[-58.13807864717482,-35.54053989354748]]]}},{"type":"Feature","properties":{"CCA":"02711000000000000000000000000000000108100A000013","ARA1":14932.17,"SAG":"ARBA","PARTIDO":"027","CIRC":11,"SECC":null,"CHACRA":null,"CHACRA_L":null,"QUINTA":null,"QUINTA_L":null,"FRACCION":null,"FRACC_L":null,"MANZANA":null,"MANZANA_L":null,"PARCELA":1081,"PARCELA_L":"A","SUBPARC":13,"CCA_MADRE":"02711000000000000000000000000000000108100A","NOMENCLA":"Circ. XI - Pc. 1081A - UF 13"},"geometry":{"type":"Polygon","coordinates":[[[-58.13085603112005,-35.53266177552446],[-58.13044522097539,-35.53338569542311],[-58.13009011990023,-35.53402703159511],[-58.130799375619105,-35.5344145290238],[-58.131483742334815,-35.533584457476984],[-58.131797132688085,-35.53318190543208],[-58.13085603112005,-35.53266177552446]]]}},{"type":"Feature","properties":{"CCA":"02711000000000000000000000000000000108100A000053","ARA1":13571.0,"SAG":"ARBA","PARTIDO":"027","CIRC":11,"SECC":null,"CHACRA":null,"CHACRA_L":null,"QUINTA":null,"QUINTA_L":null,"FRACCION":null,"FRACC_L":null,"MANZANA":null,"MANZANA_L":null,"PARCELA":1081,"PARCELA_L":"A","SUBPARC":53,"CCA_MADRE":"02711000000000000000000000000000000108100A","NOMENCLA":"Circ. XI - Pc. 1081A - UF 53"},"geometry":{"type":"Polygon","coordinates":[[[-58.146157136245016,-35.53476123604909],[-58.14651845796472,-35.53472578908571],[-58.14651716058936,-35.53359870154276],[-58.1463149572347,-35.53358973536288],[-58.14611252971163,-35.53358572171913],[-58.14590999233555,-35.53358648213798],[-58.14570756340863,-35.53359211009076],[-58.14550557765942,-35.533602430496295],[-58.14530392069862,-35.53361762182643],[-58.14546057743051,-35.53482441761157],[-58.146157136245016,-35.53476123604909]]]}},{"type":"Feature","properties":{"CCA":"02711000000000000000000000000000000108100A000016","ARA1":22696.8,"SAG":"ARBA","PARTIDO":"027","CIRC":11,"SECC":null,"CHACRA":null,"CHACRA_L":null,"QUINTA":null,"QUINTA_L":null,"FRACCION":null,"FRACC_L":null,"MANZANA":null,"MANZANA_L":null,"PARCELA":1081,"PARCELA_L":"A","SUBPARC":16,"CCA_MADRE":"02711000000000000000000000000000000108100A","NOMENCLA":"Circ. XI - Pc. 1081A - UF 16"},"geometry":{"type":"Polygon","coordinates":[[[-58.128538556066786,-35.53326663042738],[-58.12856155466264,-35.53324472910089],[-58.12859059703208,-35.53322841857569],[-58.12862389479702,-35.5332187524646],[-58.12865889443202,-35.53321650216168],[-58.128693612269124,-35.53322163687667],[-58.12872540550643,-35.53323402547653],[-58.12884046744184,-35.532703864429834],[-58.12851924726985,-35.531535227969535],[-58.12803989982644,-35.531474258310425],[-58.12787906505605,-35.531473923785775],[-58.12774984131333,-35.53148903896348],[-58.1276240861282,-35.5315019550011],[-58.127388458145376,-35.531560654868755],[-58.127167583221535,-35.53171501485603],[-58.12701087664012,-35.53186901956924],[-58.12697145184317,-35.5319762743337],[-58.12706431104796,-35.532264011118514],[-58.12704963999782,-35.53243509114409],[-58.128538556066786,-35.53326663042738]]]}},{"type":"Feature","properties":{"CCA":"02711000000000000000000000000000000108100A000103","ARA1":14969.02,"SAG":"ARBA","PARTIDO":"027","CIRC":11,"SECC":null,"CHACRA":null,"CHACRA_L":null,"QUINTA":null,"QUINTA_L":null,"FRACCION":null,"FRACC_L":null,"MANZANA":null,"MANZANA_L":null,"PARCELA":1081,"PARCELA_L":"A","SUBPARC":103,"CCA_MADRE":"02711000000000000000000000000000000108100A","NOMENCLA":"Circ. XI - Pc. 1081A - UF 103"},"geometry":{"type":"Polygon","coordinates":[[[-58.12985218636118,-35.54203353892015],[-58.1311434867072,-35.54198687941597],[-58.130938582540985,-35.54082032341139],[-58.13073756620462,-35.54082603792401],[-58.130536408887664,-35.54082832556009],[-58.13033533104541,-35.54082718973841],[-58.13013422248872,-35.54082262875058],[-58.12993330576458,-35.540814555934524],[-58.1297326890219,-35.54080306308393],[-58.12985218636118,-35.54203353892015]]]}},{"type":"Feature","properties":{"CCA":"02711000000000000000000000000000000108100A000119","ARA1":18931.78,"SAG":"ARBA","PARTIDO":"027","CIRC":11,"SECC":null,"CHACRA":null,"CHACRA_L":null,"QUINTA":null,"QUINTA_L":null,"FRACCION":null,"FRACC_L":null,"MANZANA":null,"MANZANA_L":null,"PARCELA":1081,"PARCELA_L":"A","SUBPARC":119,"CCA_MADRE":"02711000000000000000000000000000000108100A","NOMENCLA":"Circ. XI - Pc. 1081A - UF 119"},"geometry":{"type":"Polygon","coordinates":[[[-58.14583501812766,-35.538400168644436],[-58.145698798411836,-35.53847935714137],[-58.14549789620483,-35.53859530863517],[-58.1453653317993,-35.538678518025336],[-58.14523459510273,-35.538763737910585],[-58.145105800472976,-35.53885078982651],[-58.14497894583213,-35.53893976386214],[-58.14482729643377,-35.539056922618435],[-58.144811123003386,-35.539074606589956],[-58.14479876553235,-35.53909415157841],[-58.144790673176196,-35.53911520403755],[-58.14478697275152,-35.53913704500099],[-58.14478789921398,-35.539159047280904],[-58.14479335687919,-35.53918057860086],[-58.14512915381666,-35.54038355211564],[-58.1455244430243,-35.54020039224774],[-58.1463872894677,-35.53986032175365],[-58.14583501812766,-35.538400168644436]]]}},{"type":"Feature","properties":{"CCA":"02711000000000000000000000000000000108100A000101","ARA1":13092.55,"SAG":"ARBA","PARTIDO":"027","CIRC":11,"SECC":null,"CHACRA":null,"CHACRA_L":null,"QUINTA":null,"QUINTA_L":null,"FRACCION":null,"FRACC_L":null,"MANZANA":null,"MANZANA_L":null,"PARCELA":1081,"PARCELA_L":"A","SUBPARC":101,"CCA_MADRE":"02711000000000000000000000000000000108100A","NOMENCLA":"Circ. XI - Pc. 1081A - UF 101"},"geometry":{"type":"Polygon","coordinates":[[[-58.13237146710492,-35.541770440435485],[-58.13204301726317,-35.54075787026112],[-58.13185950953582,-35.54077404089185],[-58.131675723348735,-35.540787954061074],[-58.13149166080732,-35.540799519685855],[-58.131307542357405,-35.54080874118224],[-58.13112314549495,-35.54081570521549],[-58.130938582540985,-35.54082032341139],[-58.1311434867072,-35.54198687941597],[-58.13237146710492,-35.541770440435485]]]}},{"type":"Feature","properties":{"CCA":"02711000000000000000000000000000000108100A000102","ARA1":13277.87,"SAG":"ARBA","PARTIDO":"027","CIRC":11,"SECC":null,"CHACRA":null,"CHACRA_L":null,"QUINTA":null,"QUINTA_L":null,"FRACCION":null,"FRACC_L":null,"MANZANA":null,"MANZANA_L":null,"PARCELA":1081,"PARCELA_L":"A","SUBPARC":102,"CCA_MADRE":"02711000000000000000000000000000000108100A","NOMENCLA":"Circ. XI - Pc. 1081A - UF 102"},"geometry":{"type":"Polygon","coordinates":[[[-58.13237146710492,-35.541770440435485],[-58.1311434867072,-35.54198687941597],[-58.13131369119116,-35.54298600489028],[-58.13154316768542,-35.54294666730545],[-58.13177152144455,-35.542903436953324],[-58.131998750347016,-35.542856403921384],[-58.13222485854077,-35.54280538805064],[-58.13244950907359,-35.54275065447057],[-58.13267281422302,-35.54269211481343],[-58.13237146710492,-35.541770440435485]]]}},{"type":"Feature","properties":{"CCA":"02711000000000000000000000000000000108100A000040","ARA1":11879.5,"SAG":"ARBA","PARTIDO":"027","CIRC":11,"SECC":null,"CHACRA":null,"CHACRA_L":null,"QUINTA":null,"QUINTA_L":null,"FRACCION":null,"FRACC_L":null,"MANZANA":null,"MANZANA_L":null,"PARCELA":1081,"PARCELA_L":"A","SUBPARC":40,"CCA_MADRE":"02711000000000000000000000000000000108100A","NOMENCLA":"Circ. XI - Pc. 1081A - UF 40"},"geometry":{"type":"Polygon","coordinates":[[[-58.15047789128763,-35.53530502606782],[-58.15057413494519,-35.53530992685053],[-58.150669944583264,-35.535319326648874],[-58.150764989591906,-35.535333220393014],[-58.15085871894341,-35.535351599633614],[-58.1509512428609,-35.535374466064304],[-58.151041796101,-35.53540153760725],[-58.151092939548896,-35.53542124608809],[-58.15114580852187,-35.53543782698377],[-58.15119984990356,-35.53545136192508],[-58.151255178032436,-35.535461672433605],[-58.15131102557582,-35.53546856651135],[-58.15136750066826,-35.5354721359306],[-58.151645420366215,-35.5348385629888],[-58.151926624976795,-35.53426343417504],[-58.151771556762405,-35.53422771454335],[-58.15161517926529,-35.53419621004735],[-58.15145760266996,-35.53416892237113],[-58.15129916170897,-35.53414567641231],[-58.15113973788236,-35.534126830810045],[-58.15097966592122,-35.53411221046361],[-58.15088741614697,-35.534303191208494],[-58.15073590936281,-35.53472224520746],[-58.15062019993391,-35.534974594647764],[-58.15047789128763,-35.53530502606782]]]}},{"type":"Feature","properties":{"CCA":"02711000000000000000000000000000000108100A000106","ARA1":16006.34,"SAG":"ARBA","PARTIDO":"027","CIRC":11,"SECC":null,"CHACRA":null,"CHACRA_L":null,"QUINTA":null,"QUINTA_L":null,"FRACCION":null,"FRACC_L":null,"MANZANA":null,"MANZANA_L":null,"PARCELA":1081,"PARCELA_L":"A","SUBPARC":106,"CCA_MADRE":"02711000000000000000000000000000000108100A","NOMENCLA":"Circ. XI - Pc. 1081A - UF 106"},"geometry":{"type":"Polygon","coordinates":[[[-58.1286840058037,-35.54316824625027],[-58.12889498030993,-35.54318026215511],[-58.12910632183445,-35.54318597537],[-58.12931770595194,-35.54318511051433],[-58.12952901820771,-35.54317784604024],[-58.12973981558723,-35.54316426518888],[-58.129949992006786,-35.54314418608733],[-58.12985218636118,-35.54203353892015],[-58.12936821137275,-35.54199818454953],[-58.12881573751544,-35.54195464598525],[-58.128443286419724,-35.54191696375492],[-58.1286840058037,-35.54316824625027]]]}},{"type":"Feature","properties":{"CCA":"02711000000000000000000000000000000108100A000109","ARA1":17891.25,"SAG":"ARBA","PARTIDO":"027","CIRC":11,"SECC":null,"CHACRA":null,"CHACRA_L":null,"QUINTA":null,"QUINTA_L":null,"FRACCION":null,"FRACC_L":null,"MANZANA":null,"MANZANA_L":null,"PARCELA":1081,"PARCELA_L":"A","SUBPARC":109,"CCA_MADRE":"02711000000000000000000000000000000108100A","NOMENCLA":"Circ. XI - Pc. 1081A - UF 109"},"geometry":{"type":"Polygon","coordinates":[[[-58.127005261391865,-35.54041233621484],[-58.126875255718765,-35.54037985759509],[-58.12674068486928,-35.54036352851483],[-58.12660473239787,-35.540363939116915],[-58.12647048840208,-35.54038095718947],[-58.12634071862803,-35.54041417514966],[-58.12621852576222,-35.54046292031978],[-58.126137417466566,-35.54051338535324],[-58.126060617025004,-35.54056824279004],[-58.12598835534242,-35.54062704565508],[-58.12592107327477,-35.54068980080982],[-58.12585922425875,-35.54075597462463],[-58.125802922706455,-35.540825388657524],[-58.125782608506405,-35.54085499085559],[-58.12576175160387,-35.54088422415447],[-58.125740347805625,-35.54091326871772],[-58.12571840130423,-35.540941944381224],[-58.125695687477005,-35.54097042788135],[-58.125672651375396,-35.54099854590821],[-58.12608410766999,-35.54193258111063],[-58.12638129200013,-35.541878535773826],[-58.12667334687283,-35.541864871402225],[-58.12675275227551,-35.54185448052933],[-58.1271932489094,-35.54179653221871],[-58.127005261391865,-35.54041233621484]]]}},{"type":"Feature","properties":{"CCA":"02711000000000000000000000000000000108100A000020","ARA1":18612.16,"SAG":"ARBA","PARTIDO":"027","CIRC":11,"SECC":null,"CHACRA":null,"CHACRA_L":null,"QUINTA":null,"QUINTA_L":null,"FRACCION":null,"FRACC_L":null,"MANZANA":null,"MANZANA_L":null,"PARCELA":1081,"PARCELA_L":"A","SUBPARC":20,"CCA_MADRE":"02711000000000000000000000000000000108100A","NOMENCLA":"Circ. XI - Pc. 1081A - UF 20"},"geometry":{"type":"Polygon","coordinates":[[[-58.125225322971495,-35.53748054824637],[-58.127001671947234,-35.538779404903785],[-58.12719404059873,-35.53840571457599],[-58.127390100905075,-35.53802964814212],[-58.126640817131324,-35.53748543019288],[-58.12605160319743,-35.53703218839326],[-58.12562568220323,-35.53671124761957],[-58.125225322971495,-35.53748054824637]]]}},{"type":"Feature","properties":{"CCA":"02711000000000000000000000000000000108100A000091","ARA1":15139.62,"SAG":"ARBA","PARTIDO":"027","CIRC":11,"SECC":null,"CHACRA":null,"CHACRA_L":null,"QUINTA":null,"QUINTA_L":null,"FRACCION":null,"FRACC_L":null,"MANZANA":null,"MANZANA_L":null,"PARCELA":1081,"PARCELA_L":"A","SUBPARC":91,"CCA_MADRE":"02711000000000000000000000000000000108100A","NOMENCLA":"Circ. XI - Pc. 1081A - UF 91"},"geometry":{"type":"Polygon","coordinates":[[[-58.13140253741381,-35.53948012199712],[-58.13284503146847,-35.53929214424459],[-58.13278024543728,-35.539161916427744],[-58.13271034597286,-35.53903350178276],[-58.13263566373276,-35.53890690542293],[-58.13255597204488,-35.5387823941724],[-58.13247149343987,-35.5386598813542],[-58.132382219578744,-35.538539727287954],[-58.13221720438187,-35.538391004874796],[-58.13201602010808,-35.53827587527441],[-58.1317886807449,-35.53819990036582],[-58.13154656651476,-35.538166770845365],[-58.131301434128666,-35.53817820080298],[-58.13112704191992,-35.5382151479548],[-58.13140253741381,-35.53948012199712]]]}},{"type":"Feature","properties":{"CCA":"02711000000000000000000000000000000108100A000095","ARA1":14302.99,"SAG":"ARBA","PARTIDO":"027","CIRC":11,"SECC":null,"CHACRA":null,"CHACRA_L":null,"QUINTA":null,"QUINTA_L":null,"FRACCION":null,"FRACC_L":null,"MANZANA":null,"MANZANA_L":null,"PARCELA":1081,"PARCELA_L":"A","SUBPARC":95,"CCA_MADRE":"02711000000000000000000000000000000108100A","NOMENCLA":"Circ. XI - Pc. 1081A - UF 95"},"geometry":{"type":"Polygon","coordinates":[[[-58.12866103308452,-35.53951644812067],[-58.13001942228817,-35.53950841922047],[-58.1298776405451,-35.5383877174792],[-58.12968209275477,-35.538395587787626],[-58.12948631891133,-35.53839894854053],[-58.1292906475897,-35.53839789495042],[-58.129094968610616,-35.53839242530845],[-58.12889950661451,-35.53838236287237],[-58.128704588082726,-35.53836789294057],[-58.12866103308452,-35.53951644812067]]]}},{"type":"Feature","properties":{"CCA":"02711000000000000000000000000000000108100A000105","ARA1":16872.41,"SAG":"ARBA","PARTIDO":"027","CIRC":11,"SECC":null,"CHACRA":null,"CHACRA_L":null,"QUINTA":null,"QUINTA_L":null,"FRACCION":null,"FRACC_L":null,"MANZANA":null,"MANZANA_L":null,"PARCELA":1081,"PARCELA_L":"A","SUBPARC":105,"CCA_MADRE":"02711000000000000000000000000000000108100A","NOMENCLA":"Circ. XI - Pc. 1081A - UF 105"},"geometry":{"type":"Polygon","coordinates":[[[-58.12839166866444,-35.540693758583984],[-58.128443286419724,-35.54191696375492],[-58.12881573751544,-35.54195464598525],[-58.12936821137275,-35.54199818454953],[-58.12985218636118,-35.54203353892015],[-58.1297326890219,-35.54080306308393],[-58.12950864055491,-35.5407893139337],[-58.12928485446289,-35.54077376614785],[-58.129061110331264,-35.54075641630737],[-58.1288377388188,-35.54073726954491],[-58.12861462763227,-35.54071641423424],[-58.12839166866444,-35.540693758583984]]]}},{"type":"Feature","properties":{"CCA":"02711000000000000000000000000000000108100A000135","ARA1":15895.83,"SAG":"ARBA","PARTIDO":"027","CIRC":11,"SECC":null,"CHACRA":null,"CHACRA_L":null,"QUINTA":null,"QUINTA_L":null,"FRACCION":null,"FRACC_L":null,"MANZANA":null,"MANZANA_L":null,"PARCELA":1081,"PARCELA_L":"A","SUBPARC":135,"CCA_MADRE":"02711000000000000000000000000000000108100A","NOMENCLA":"Circ. XI - Pc. 1081A - UF 135"},"geometry":{"type":"Polygon","coordinates":[[[-58.12614229360542,-35.544501928516155],[-58.12633877617573,-35.54450191867835],[-58.126535187501,-35.54450497130476],[-58.126731421575336,-35.544510904519804],[-58.126927474228815,-35.5445198984888],[-58.12712334548364,-35.54453195321333],[-58.12731892723725,-35.544546976900754],[-58.12732274716722,-35.54403662778824],[-58.12731182856293,-35.543747551110314],[-58.12728992658321,-35.543513543983586],[-58.12728521764753,-35.54323717977883],[-58.12719949907645,-35.543225034393316],[-58.12711325585744,-35.543216485376036],[-58.12702648378878,-35.54321171288943],[-58.12693951351202,-35.54321072206959],[-58.126852785886356,-35.54321351976608],[-58.12676608255932,-35.54322001247173],[-58.12672998054735,-35.54322206479598],[-58.12669367905424,-35.54322321286458],[-58.12665739223007,-35.54322373034876],[-58.12662112636269,-35.543223347002794],[-58.12658487726186,-35.543222242990545],[-58.12654875724222,-35.54322032994303],[-58.1264627684591,-35.54321980460449],[-58.126376845882824,-35.54322117263774],[-58.12629109762915,-35.54322452583778],[-58.126205307448274,-35.54322968061461],[-58.12611980389174,-35.54323673218966],[-58.12603458485718,-35.54324577064523],[-58.12614229360542,-35.544501928516155]]]}},{"type":"Feature","properties":{"CCA":"02711000000000000000000000000000000108100A000117","ARA1":24970.34,"SAG":"ARBA","PARTIDO":"027","CIRC":11,"SECC":null,"CHACRA":null,"CHACRA_L":null,"QUINTA":null,"QUINTA_L":null,"FRACCION":null,"FRACC_L":null,"MANZANA":null,"MANZANA_L":null,"PARCELA":1081,"PARCELA_L":"A","SUBPARC":117,"CCA_MADRE":"02711000000000000000000000000000000108100A","NOMENCLA":"Circ. XI - Pc. 1081A - UF 117"},"geometry":{"type":"Polygon","coordinates":[[[-58.149081642210376,-35.53895461102375],[-58.14847391568215,-35.53743017687119],[-58.14822948020516,-35.53747859917888],[-58.147987299255654,-35.53753444504315],[-58.14774792797074,-35.53759754277565],[-58.14751147857424,-35.537667804001586],[-58.14731736210097,-35.53773339853295],[-58.14708786264623,-35.53781782364198],[-58.147707558499754,-35.53944878383172],[-58.149081642210376,-35.53895461102375]]]}},{"type":"Feature","properties":{"CCA":"02711000000000000000000000000000000108100A000128","ARA1":19536.99,"SAG":"ARBA","PARTIDO":"027","CIRC":11,"SECC":null,"CHACRA":null,"CHACRA_L":null,"QUINTA":null,"QUINTA_L":null,"FRACCION":null,"FRACC_L":null,"MANZANA":null,"MANZANA_L":null,"PARCELA":1081,"PARCELA_L":"A","SUBPARC":128,"CCA_MADRE":"02711000000000000000000000000000000108100A","NOMENCLA":"Circ. XI - Pc. 1081A - UF 128"},"geometry":{"type":"Polygon","coordinates":[[[-58.13415579405198,-35.54222007727208],[-58.136058731968475,-35.54280984792956],[-58.13609940270829,-35.54266755492407],[-58.1361158921632,-35.54252200435903],[-58.13610802352379,-35.54237607718146],[-58.13607584875904,-35.54223229740262],[-58.13601996466204,-35.54209346778719],[-58.13594141513058,-35.54196212765616],[-58.135870577718514,-35.54185010115268],[-58.135801187908754,-35.54173746619139],[-58.13573313548029,-35.54162422107014],[-58.13566664294639,-35.54151027911766],[-58.13560159382958,-35.54139590887897],[-58.135537992295575,-35.54128093019143],[-58.134026759479575,-35.54158394340822],[-58.13410932660392,-35.541674975570224],[-58.13416947536373,-35.541777105261836],[-58.13420519715212,-35.541886606728],[-58.13421470585135,-35.54199966753045],[-58.134198097358606,-35.54211214388471],[-58.13415579405198,-35.54222007727208]]]}},{"type":"Feature","properties":{"CCA":"02711000000000000000000000000000000108100A000017","ARA1":14987.52,"SAG":"ARBA","PARTIDO":"027","CIRC":11,"SECC":null,"CHACRA":null,"CHACRA_L":null,"QUINTA":null,"QUINTA_L":null,"FRACCION":null,"FRACC_L":null,"MANZANA":null,"MANZANA_L":null,"PARCELA":1081,"PARCELA_L":"A","SUBPARC":17,"CCA_MADRE":"02711000000000000000000000000000000108100A","NOMENCLA":"Circ. XI - Pc. 1081A - UF 17"},"geometry":{"type":"Polygon","coordinates":[[[-58.12704963999782,-35.53243509114409],[-58.12694581845213,-35.53352918207187],[-58.12719426411739,-35.533578549496006],[-58.12765242135962,-35.53373588660266],[-58.12810497279037,-35.533944770640844],[-58.12829813331455,-35.534058159973576],[-58.1287406763051,-35.533516321368374],[-58.128552980534636,-35.53341923821024],[-58.1285316560195,-35.53339755002795],[-58.12851724790711,-35.53337236461719],[-58.12851060434346,-35.53334513698044],[-58.1285121305612,-35.53331740535824],[-58.128521570565695,-35.53329069772552],[-58.128538556066786,-35.53326663042738],[-58.12704963999782,-35.53243509114409]]]}},{"type":"Feature","properties":{"CCA":"02711000000000000000000000000000000108100A000041","ARA1":11830.83,"SAG":"ARBA","PARTIDO":"027","CIRC":11,"SECC":null,"CHACRA":null,"CHACRA_L":null,"QUINTA":null,"QUINTA_L":null,"FRACCION":null,"FRACC_L":null,"MANZANA":null,"MANZANA_L":null,"PARCELA":1081,"PARCELA_L":"A","SUBPARC":41,"CCA_MADRE":"02711000000000000000000000000000000108100A","NOMENCLA":"Circ. XI - Pc. 1081A - UF 41"},"geometry":{"type":"Polygon","coordinates":[[[-58.150071387443475,-35.53400023221009],[-58.14951180835852,-35.535275603118215],[-58.14961045211311,-35.53526720449117],[-58.14970966605422,-35.535262779592934],[-58.149809011432,-35.53526223157415],[-58.14990815970453,-35.53526546527812],[-58.15000710881682,-35.535272570788926],[-58.15010552608879,-35.53528363311771],[-58.15016783731952,-35.53528269678114],[-58.1502301051082,-35.53528365216053],[-58.150292333596425,-35.53528631908965],[-58.15035441051111,-35.535290785961095],[-58.15041633585637,-35.535297052775235],[-58.15047789128763,-35.53530502606782],[-58.15062019993391,-35.534974594647764],[-58.15073590936281,-35.53472224520746],[-58.15088741614697,-35.534303191208494],[-58.15097966592122,-35.53411221046361],[-58.150827140401795,-35.53410022887064],[-58.15067500553137,-35.53408563974187],[-58.15052326546084,-35.534068262912655],[-58.15037202834395,-35.53404819015894],[-58.15022151047172,-35.53402560503133],[-58.150071387443475,-35.53400023221009]]]}},{"type":"Feature","properties":{"CCA":"02711000000000000000000000000000000108100A000136","ARA1":15976.9,"SAG":"ARBA","PARTIDO":"027","CIRC":11,"SECC":null,"CHACRA":null,"CHACRA_L":null,"QUINTA":null,"QUINTA_L":null,"FRACCION":null,"FRACC_L":null,"MANZANA":null,"MANZANA_L":null,"PARCELA":1081,"PARCELA_L":"A","SUBPARC":136,"CCA_MADRE":"02711000000000000000000000000000000108100A","NOMENCLA":"Circ. XI - Pc. 1081A - UF 136"},"geometry":{"type":"Polygon","coordinates":[[[-58.12614229360542,-35.544501928516155],[-58.12603458485718,-35.54324577064523],[-58.12581366815241,-35.543267748548814],[-58.1255927261833,-35.54329080702603],[-58.12537209588585,-35.543314680972856],[-58.12515144869705,-35.543339275166346],[-58.124930996656545,-35.54336495336235],[-58.12471075024464,-35.543391265152536],[-58.12484484530868,-35.54455510656188],[-58.12492591105066,-35.544544562539194],[-58.12500726548083,-35.544535825240686],[-58.125088798385114,-35.54452889295175],[-58.12517062208592,-35.5445236773045],[-58.12525251195474,-35.54452035503394],[-58.12533458241138,-35.54451874769051],[-58.125469084747515,-35.54451462138589],[-58.12560379493434,-35.54451103884939],[-58.125738274193125,-35.544507903143874],[-58.125872959211144,-35.5445054012881],[-58.12600763374537,-35.54450334969093],[-58.12614229360542,-35.544501928516155]]]}},{"type":"Feature","properties":{"CCA":"02711000000000000000000000000000000108100A000093","ARA1":15854.02,"SAG":"ARBA","PARTIDO":"027","CIRC":11,"SECC":null,"CHACRA":null,"CHACRA_L":null,"QUINTA":null,"QUINTA_L":null,"FRACCION":null,"FRACC_L":null,"MANZANA":null,"MANZANA_L":null,"PARCELA":1081,"PARCELA_L":"A","SUBPARC":93,"CCA_MADRE":"02711000000000000000000000000000000108100A","NOMENCLA":"Circ. XI - Pc. 1081A - UF 93"},"geometry":{"type":"Polygon","coordinates":[[[-58.13001942228817,-35.53950841922047],[-58.13140253741381,-35.53948012199712],[-58.13112704191992,-35.5382151479548],[-58.13086906371185,-35.538267019590464],[-58.13067200164529,-35.538297396690695],[-58.130474130937586,-35.538324606914514],[-58.13027577806347,-35.53834883555084],[-58.130076949319104,-35.538369812351505],[-58.1298776405451,-35.5383877174792],[-58.13001942228817,-35.53950841922047]]]}},{"type":"Feature","properties":{"CCA":"02711000000000000000000000000000000108100A000097","ARA1":15745.9,"SAG":"ARBA","PARTIDO":"027","CIRC":11,"SECC":null,"CHACRA":null,"CHACRA_L":null,"QUINTA":null,"QUINTA_L":null,"FRACCION":null,"FRACC_L":null,"MANZANA":null,"MANZANA_L":null,"PARCELA":1081,"PARCELA_L":"A","SUBPARC":97,"CCA_MADRE":"02711000000000000000000000000000000108100A","NOMENCLA":"Circ. XI - Pc. 1081A - UF 97"},"geometry":{"type":"Polygon","coordinates":[[[-58.128704588082726,-35.53836789294057],[-58.128572947676965,-35.53835368406978],[-58.128441434281555,-35.5383387561108],[-58.128310045806494,-35.53832319914626],[-58.12817867413703,-35.53830692138337],[-58.12804754388649,-35.538289746080785],[-58.127916534378635,-35.53827212193828],[-58.12780944758892,-35.53826406085016],[-58.12770337816597,-35.538278634225264],[-58.127605512784804,-35.53831496242212],[-58.12752208394121,-35.53837052893941],[-58.1274588024401,-35.53844154758246],[-58.127419850841044,-35.538523577621234],[-58.12735639359778,-35.538649563359584],[-58.12729019970426,-35.53877469551736],[-58.127221383551614,-35.53889879563781],[-58.12714994513071,-35.5390218637163],[-58.12707577212556,-35.53914398811765],[-58.12699908704662,-35.53926508217919],[-58.12762498699243,-35.53936951517243],[-58.12866103308452,-35.53951644812067],[-58.128704588082726,-35.53836789294057]]]}},{"type":"Feature","properties":{"CCA":"02711000000000000000000000000000000108100A000028","ARA1":17722.11,"SAG":"ARBA","PARTIDO":"027","CIRC":11,"SECC":null,"CHACRA":null,"CHACRA_L":null,"QUINTA":null,"QUINTA_L":null,"FRACCION":null,"FRACC_L":null,"MANZANA":null,"MANZANA_L":null,"PARCELA":1081,"PARCELA_L":"A","SUBPARC":28,"CCA_MADRE":"02711000000000000000000000000000000108100A","NOMENCLA":"Circ. XI - Pc. 1081A - UF 28"},"geometry":{"type":"Polygon","coordinates":[[[-58.12026086867432,-35.54184606654689],[-58.12176819417115,-35.54334374225796],[-58.12189659364505,-35.54328446492625],[-58.12202736309956,-35.54322756734946],[-58.1221516852765,-35.54316345015738],[-58.12228419176428,-35.543093512762674],[-58.122394144273734,-35.5430356597253],[-58.1225217177839,-35.54297393575591],[-58.121024771438044,-35.54141857760464],[-58.12026086867432,-35.54184606654689]]]}},{"type":"Feature","properties":{"CCA":"02711000000000000000000000000000000108100A000048","ARA1":13812.31,"SAG":"ARBA","PARTIDO":"027","CIRC":11,"SECC":null,"CHACRA":null,"CHACRA_L":null,"QUINTA":null,"QUINTA_L":null,"FRACCION":null,"FRACC_L":null,"MANZANA":null,"MANZANA_L":null,"PARCELA":1081,"PARCELA_L":"A","SUBPARC":48,"CCA_MADRE":"02711000000000000000000000000000000108100A","NOMENCLA":"Circ. XI - Pc. 1081A - UF 48"},"geometry":{"type":"Polygon","coordinates":[[[-58.13016723123645,-35.5342955977749],[-58.12988074486818,-35.5344552530706],[-58.12919009926809,-35.53484735056606],[-58.12924049120298,-35.53491815158535],[-58.12928876419141,-35.53499000108107],[-58.129335255125966,-35.53506263393905],[-58.129379855888054,-35.5351359583691],[-58.1294223418754,-35.53521015111766],[-58.12946293558961,-35.53528512552444],[-58.129570765454275,-35.53542719709301],[-58.129696020248026,-35.53555953616193],[-58.129837192663054,-35.53568058734745],[-58.12999288138393,-35.53578897713905],[-58.13016133980125,-35.535883957474624],[-58.130341058421656,-35.53596406305696],[-58.13034521349051,-35.53576605549224],[-58.13036797896861,-35.5355689673305],[-58.13040944192912,-35.535373791170784],[-58.13046901775296,-35.53518195976095],[-58.13054646709083,-35.534994280393136],[-58.1306414278549,-35.53481209913729],[-58.13066623051157,-35.53474570873725],[-58.13066861163825,-35.53467635735996],[-58.130648458404735,-35.53460890945039],[-58.130607092748896,-35.53454816157312],[-58.13054783075184,-35.534498490630654],[-58.13047444810135,-35.534463469617435],[-58.13016723123645,-35.5342955977749]]]}},{"type":"Feature","properties":{"CCA":"02711000000000000000000000000000000108100A000083","ARA1":10306.04,"SAG":"ARBA","PARTIDO":"027","CIRC":11,"SECC":null,"CHACRA":null,"CHACRA_L":null,"QUINTA":null,"QUINTA_L":null,"FRACCION":null,"FRACC_L":null,"MANZANA":null,"MANZANA_L":null,"PARCELA":1081,"PARCELA_L":"A","SUBPARC":83,"CCA_MADRE":"02711000000000000000000000000000000108100A","NOMENCLA":"Circ. XI - Pc. 1081A - UF 83"},"geometry":{"type":"Polygon","coordinates":[[[-58.14169051308137,-35.53938637309498],[-58.1411934483599,-35.538600118305126],[-58.14103347217595,-35.53869569651089],[-58.14086930545065,-35.53878652390522],[-58.14070095443918,-35.53887233022357],[-58.14052875811909,-35.53895276021812],[-58.14035315528665,-35.539027910756325],[-58.140174260341766,-35.53909760335916],[-58.140546083383654,-35.53985462575289],[-58.14169051308137,-35.53938637309498]]]}},{"type":"Feature","properties":{"CCA":"02711000000000000000000000000000000108100A000061","ARA1":12307.45,"SAG":"ARBA","PARTIDO":"027","CIRC":11,"SECC":null,"CHACRA":null,"CHACRA_L":null,"QUINTA":null,"QUINTA_L":null,"FRACCION":null,"FRACC_L":null,"MANZANA":null,"MANZANA_L":null,"PARCELA":1081,"PARCELA_L":"A","SUBPARC":61,"CCA_MADRE":"02711000000000000000000000000000000108100A","NOMENCLA":"Circ. XI - Pc. 1081A - UF 61"},"geometry":{"type":"Polygon","coordinates":[[[-58.14125941706293,-35.53684993435532],[-58.14153398751959,-35.536828664754665],[-58.141537587930834,-35.536715626149935],[-58.1415569296114,-35.53660364122999],[-58.14159142611582,-35.53649423289847],[-58.14164104828976,-35.53638866229996],[-58.14170477094599,-35.53628835545046],[-58.141782015983885,-35.53619447490979],[-58.14180791648569,-35.53614224704873],[-58.14181637683818,-35.53608614578731],[-58.14180686064563,-35.53603030814491],[-58.14178005835921,-35.53597825923853],[-58.14173776043114,-35.53593363124786],[-58.14168287185269,-35.53589953283862],[-58.14158769428782,-35.53582453203767],[-58.14149397871047,-35.53574829209279],[-58.141401718884836,-35.53567108325562],[-58.141310918967115,-35.53559272536394],[-58.14122146874837,-35.535513216721775],[-58.141133590723264,-35.53543247064782],[-58.14109810551995,-35.53538407254122],[-58.14104220492822,-35.535350859391315],[-58.14097480125599,-35.53533837548494],[-58.14090687367406,-35.53534859240055],[-58.14084926825256,-35.53537969486446],[-58.140811244505876,-35.53542695948138],[-58.14073110252338,-35.53550781819307],[-58.14065291501642,-35.53558996859828],[-58.140576792195226,-35.53567341240057],[-58.1405028421912,-35.535758241386475],[-58.1404308508287,-35.53584418191203],[-58.14036103852823,-35.53593123738068],[-58.14125941706293,-35.53684993435532]]]}},{"type":"Feature","properties":{"CCA":"02711000000000000000000000000000000108100A000024","ARA1":18832.34,"SAG":"ARBA","PARTIDO":"027","CIRC":11,"SECC":null,"CHACRA":null,"CHACRA_L":null,"QUINTA":null,"QUINTA_L":null,"FRACCION":null,"FRACC_L":null,"MANZANA":null,"MANZANA_L":null,"PARCELA":1081,"PARCELA_L":"A","SUBPARC":24,"CCA_MADRE":"02711000000000000000000000000000000108100A","NOMENCLA":"Circ. XI - Pc. 1081A - UF 24"},"geometry":{"type":"Polygon","coordinates":[[[-58.123140175342044,-35.540011411247455],[-58.124832184030986,-35.54143875150288],[-58.125187051775406,-35.54112805911513],[-58.12550428503499,-35.540842553198495],[-58.12379809182745,-35.53949403192656],[-58.123140175342044,-35.540011411247455]]]}},{"type":"Feature","properties":{"CCA":"02711000000000000000000000000000000108100A000130","ARA1":19688.26,"SAG":"ARBA","PARTIDO":"027","CIRC":11,"SECC":null,"CHACRA":null,"CHACRA_L":null,"QUINTA":null,"QUINTA_L":null,"FRACCION":null,"FRACC_L":null,"MANZANA":null,"MANZANA_L":null,"PARCELA":1081,"PARCELA_L":"A","SUBPARC":130,"CCA_MADRE":"02711000000000000000000000000000000108100A","NOMENCLA":"Circ. XI - Pc. 1081A - UF 130"},"geometry":{"type":"Polygon","coordinates":[[[-58.1345268549867,-35.54380769192384],[-58.1335900146569,-35.54260295721264],[-58.13341528957626,-35.54265864621158],[-58.13323993219348,-35.542713063557095],[-58.13306394669268,-35.54276602908216],[-58.13288721659882,-35.542817811324],[-58.13270996862053,-35.54286814344727],[-58.132532198588564,-35.542917205614486],[-58.13296553489704,-35.54426193914501],[-58.13323126853092,-35.54419973013695],[-58.13349514311038,-35.54413208487587],[-58.133756717707634,-35.544058996547],[-58.134015990187024,-35.54398055524606],[-58.13427274006371,-35.543896757574544],[-58.1345268549867,-35.54380769192384]]]}},{"type":"Feature","properties":{"CCA":"02711000000000000000000000000000000108100A000051","ARA1":14739.43,"SAG":"ARBA","PARTIDO":"027","CIRC":11,"SECC":null,"CHACRA":null,"CHACRA_L":null,"QUINTA":null,"QUINTA_L":null,"FRACCION":null,"FRACC_L":null,"MANZANA":null,"MANZANA_L":null,"PARCELA":1081,"PARCELA_L":"A","SUBPARC":51,"CCA_MADRE":"02711000000000000000000000000000000108100A","NOMENCLA":"Circ. XI - Pc. 1081A - UF 51"},"geometry":{"type":"Polygon","coordinates":[[[-58.14765210688877,-35.534721674458304],[-58.14760411099831,-35.53547123409989],[-58.14776917398392,-35.53544628506279],[-58.14791576784458,-35.53542384563903],[-58.14805533345261,-35.53538102221121],[-58.148183547731655,-35.53531882977989],[-58.14829661590076,-35.53523928274041],[-58.14839095121531,-35.53514493938287],[-58.14846373429469,-35.53503855001636],[-58.148492052363316,-35.534962477300596],[-58.14851652966595,-35.5348856246743],[-58.14853705600495,-35.53480799044771],[-58.14855384766516,-35.53472975817429],[-58.14856668424193,-35.53465092447109],[-58.14857566767201,-35.53457185136477],[-58.148598228404296,-35.534482443301485],[-58.14862419308176,-35.53439362819286],[-58.14865366568986,-35.534305677978274],[-58.14868631973814,-35.534218407411664],[-58.14872248169723,-35.53413200173331],[-58.148761929073665,-35.53404654763854],[-58.1487751147952,-35.53401007330367],[-58.14877510883574,-35.5339719545742],[-58.14876150399658,-35.53393551945243],[-58.1487357748688,-35.53390376437076],[-58.148699953277394,-35.53387942397039],[-58.14865707945551,-35.533864527456664],[-58.14850141291799,-35.53383095721729],[-58.14834502730218,-35.53379989895412],[-58.148187816529926,-35.53377117080496],[-58.148030109136414,-35.533744867927965],[-58.147871905108055,-35.533720990320745],[-58.14771298194755,-35.53369962467785],[-58.14765210688877,-35.534721674458304]]]}},{"type":"Feature","properties":{"CCA":"02711000000000000000000000000000000108100A000133","ARA1":19007.24,"SAG":"ARBA","PARTIDO":"027","CIRC":11,"SECC":null,"CHACRA":null,"CHACRA_L":null,"QUINTA":null,"QUINTA_L":null,"FRACCION":null,"FRACC_L":null,"MANZANA":null,"MANZANA_L":null,"PARCELA":1081,"PARCELA_L":"A","SUBPARC":133,"CCA_MADRE":"02711000000000000000000000000000000108100A","NOMENCLA":"Circ. XI - Pc. 1081A - UF 133"},"geometry":{"type":"Polygon","coordinates":[[[-58.13003923222479,-35.544751952139954],[-58.12996505784276,-35.54331680892209],[-58.12974577328103,-35.543330258489426],[-58.12952615450554,-35.543339106629276],[-58.12930630340152,-35.543343715379535],[-58.1290863385936,-35.543343726122416],[-58.12886658658767,-35.54333932415475],[-58.12864693720158,-35.54333050776787],[-58.12869550423155,-35.54469938023219],[-58.12891688168707,-35.5447336356982],[-58.1291401491574,-35.54475773715238],[-58.12936464523969,-35.54477167431972],[-58.12958982084174,-35.544775348557906],[-58.12981490433654,-35.544768747890856],[-58.13003923222479,-35.544751952139954]]]}},{"type":"Feature","properties":{"CCA":"02711000000000000000000000000000000108100A000062","ARA1":11868.79,"SAG":"ARBA","PARTIDO":"027","CIRC":11,"SECC":null,"CHACRA":null,"CHACRA_L":null,"QUINTA":null,"QUINTA_L":null,"FRACCION":null,"FRACC_L":null,"MANZANA":null,"MANZANA_L":null,"PARCELA":1081,"PARCELA_L":"A","SUBPARC":62,"CCA_MADRE":"02711000000000000000000000000000000108100A","NOMENCLA":"Circ. XI - Pc. 1081A - UF 62"},"geometry":{"type":"Polygon","coordinates":[[[-58.14125941706293,-35.53684993435532],[-58.14036103852823,-35.53593123738068],[-58.1402618188817,-35.536045684657985],[-58.14015825090743,-35.53615745143817],[-58.14005022854974,-35.53626635584419],[-58.13993797222178,-35.536372401264785],[-58.139821596290076,-35.536475409223165],[-58.13970121096266,-35.53657538140804],[-58.14049198119946,-35.53748467363112],[-58.14125941706293,-35.53684993435532]]]}},{"type":"Feature","properties":{"CCA":"02711000000000000000000000000000000108100A000094","ARA1":16545.9,"SAG":"ARBA","PARTIDO":"027","CIRC":11,"SECC":null,"CHACRA":null,"CHACRA_L":null,"QUINTA":null,"QUINTA_L":null,"FRACCION":null,"FRACC_L":null,"MANZANA":null,"MANZANA_L":null,"PARCELA":1081,"PARCELA_L":"A","SUBPARC":94,"CCA_MADRE":"02711000000000000000000000000000000108100A","NOMENCLA":"Circ. XI - Pc. 1081A - UF 94"},"geometry":{"type":"Polygon","coordinates":[[[-58.13001942228817,-35.53950841922047],[-58.13015605310826,-35.540637421430866],[-58.130396004209246,-35.540645288206335],[-58.130636062019285,-35.5406485603149],[-58.130876126736354,-35.540646785634976],[-58.131116079738845,-35.54064032278528],[-58.13135570682613,-35.54062889810189],[-58.131635319878356,-35.54060953176759],[-58.13140253741381,-35.53948012199712],[-58.13001942228817,-35.53950841922047]]]}},{"type":"Feature","properties":{"CCA":"02711000000000000000000000000000000108100A000057","ARA1":11988.12,"SAG":"ARBA","PARTIDO":"027","CIRC":11,"SECC":null,"CHACRA":null,"CHACRA_L":null,"QUINTA":null,"QUINTA_L":null,"FRACCION":null,"FRACC_L":null,"MANZANA":null,"MANZANA_L":null,"PARCELA":1081,"PARCELA_L":"A","SUBPARC":57,"CCA_MADRE":"02711000000000000000000000000000000108100A","NOMENCLA":"Circ. XI - Pc. 1081A - UF 57"},"geometry":{"type":"Polygon","coordinates":[[[-58.14279346384759,-35.535638551790186],[-58.14212245986754,-35.53446906594529],[-58.14198255449562,-35.534536118142334],[-58.141846707927094,-35.53460881984947],[-58.141715375518544,-35.53468654729458],[-58.141588553100576,-35.534769480657545],[-58.141466802090044,-35.53485717803253],[-58.14135045102431,-35.53494973461437],[-58.14129861006522,-35.534974708245],[-58.14126013963628,-35.53501268429784],[-58.14124010717156,-35.5350590549403],[-58.141240513027405,-35.53510835401675],[-58.14126138838397,-35.5351544541989],[-58.14130043134312,-35.53519200321277],[-58.14139775829594,-35.535298036873925],[-58.141500570915035,-35.53540046031329],[-58.14160853650574,-35.53549935850367],[-58.14172144504837,-35.535594277620035],[-58.14183929238879,-35.53568539781438],[-58.1419618726567,-35.53577208509559],[-58.142013646501546,-35.53581694915888],[-58.14207897790723,-35.53584760375565],[-58.1421525227259,-35.535861533409744],[-58.14222780768713,-35.53585737674909],[-58.142298424012544,-35.535835755937306],[-58.14235837468459,-35.535798561105175],[-58.1424251416183,-35.53576219218401],[-58.142494466250255,-35.535729647455405],[-58.14256624045639,-35.535700835134456],[-58.14264034780427,-35.53567602376778],[-58.14271612497498,-35.53565529324747],[-58.14279346384759,-35.535638551790186]]]}},{"type":"Feature","properties":{"CCA":"02705000000000000000000000000000000022300A000163","ARA1":717.19,"SAG":"ARBA","PARTIDO":"027","CIRC":5,"SECC":null,"CHACRA":null,"CHACRA_L":null,"QUINTA":null,"QUINTA_L":null,"FRACCION":null,"FRACC_L":null,"MANZANA":null,"MANZANA_L":null,"PARCELA":223,"PARCELA_L":"A","SUBPARC":163,"CCA_MADRE":"02705000000000000000000000000000000022300A","NOMENCLA":"Circ. V - Pc. 223A - UF 163"},"geometry":{"type":"Polygon","coordinates":[[[-58.018451513853556,-35.53744225963463],[-58.018477800106076,-35.537158025688385],[-58.018124031525026,-35.53738145701887],[-58.01816099521048,-35.537433969599874],[-58.01819472378038,-35.5374835453809],[-58.01822000567303,-35.5375224391129],[-58.01823619737952,-35.53754991932079],[-58.018451513853556,-35.53744225963463]]]}},{"type":"Feature","properties":{"CCA":"02705000000000000000000000000000000022300A000161","ARA1":782.91,"SAG":"ARBA","PARTIDO":"027","CIRC":5,"SECC":null,"CHACRA":null,"CHACRA_L":null,"QUINTA":null,"QUINTA_L":null,"FRACCION":null,"FRACC_L":null,"MANZANA":null,"MANZANA_L":null,"PARCELA":223,"PARCELA_L":"A","SUBPARC":161,"CCA_MADRE":"02705000000000000000000000000000000022300A","NOMENCLA":"Circ. V - Pc. 223A - UF 161"},"geometry":{"type":"Polygon","coordinates":[[[-58.01807213098144,-35.53713847096959],[-58.018073725709,-35.53693925801976],[-58.01771859815667,-35.53694017759522],[-58.01768119998453,-35.536954611466335],[-58.017667329003324,-35.53697619064971],[-58.017663025010506,-35.537003243795795],[-58.0176770019436,-35.537026632586524],[-58.01771044543933,-35.53704745786378],[-58.017748015212405,-35.53706636850075],[-58.01780288485797,-35.53709908048286],[-58.017869857811604,-35.53714172361282],[-58.0179317764035,-35.53718815845146],[-58.01798424867574,-35.53723317637524],[-58.01807213098144,-35.53713847096959]]]}},{"type":"Feature","properties":{"CCA":"02705000000000000000000000000000000022300A000158","ARA1":478.01,"SAG":"ARBA","PARTIDO":"027","CIRC":5,"SECC":null,"CHACRA":null,"CHACRA_L":null,"QUINTA":null,"QUINTA_L":null,"FRACCION":null,"FRACC_L":null,"MANZANA":null,"MANZANA_L":null,"PARCELA":223,"PARCELA_L":"A","SUBPARC":158,"CCA_MADRE":"02705000000000000000000000000000000022300A","NOMENCLA":"Circ. V - Pc. 223A - UF 158"},"geometry":{"type":"Polygon","coordinates":[[[-58.01833868965808,-35.53715267523939],[-58.018477800106076,-35.537158025688385],[-58.01849764560931,-35.53682637668777],[-58.018346976592014,-35.53682930686686],[-58.01833868965808,-35.53715267523939]]]}},{"type":"Feature","properties":{"CCA":"02705000000000000000000000000000000022300A000164","ARA1":574.07,"SAG":"ARBA","PARTIDO":"027","CIRC":5,"SECC":null,"CHACRA":null,"CHACRA_L":null,"QUINTA":null,"QUINTA_L":null,"FRACCION":null,"FRACC_L":null,"MANZANA":null,"MANZANA_L":null,"PARCELA":223,"PARCELA_L":"A","SUBPARC":164,"CCA_MADRE":"02705000000000000000000000000000000022300A","NOMENCLA":"Circ. V - Pc. 223A - UF 164"},"geometry":{"type":"Polygon","coordinates":[[[-58.018451513853556,-35.53744225963463],[-58.01823619737952,-35.53754991932079],[-58.0182708672625,-35.537615009938136],[-58.01829185069114,-35.537658338628965],[-58.01831826588284,-35.53772734860911],[-58.01834124830579,-35.53778801178788],[-58.018369812396074,-35.53789066911346],[-58.018378474082375,-35.537941905387235],[-58.01838642396684,-35.538008629341974],[-58.01838962324695,-35.53804887218935],[-58.01838974828908,-35.538102040729775],[-58.01838764509897,-35.538138231457715],[-58.01838701422351,-35.53819075678298],[-58.01839008579909,-35.53821378600751],[-58.018451513853556,-35.53744225963463]]]}},{"type":"Feature","properties":{"CCA":"02705000000000000000000000000000000022300A000162","ARA1":615.35,"SAG":"ARBA","PARTIDO":"027","CIRC":5,"SECC":null,"CHACRA":null,"CHACRA_L":null,"QUINTA":null,"QUINTA_L":null,"FRACCION":null,"FRACC_L":null,"MANZANA":null,"MANZANA_L":null,"PARCELA":223,"PARCELA_L":"A","SUBPARC":162,"CCA_MADRE":"02705000000000000000000000000000000022300A","NOMENCLA":"Circ. V - Pc. 223A - UF 162"},"geometry":{"type":"Polygon","coordinates":[[[-58.01820526605661,-35.537144714735895],[-58.01807213098144,-35.53713847096959],[-58.01798424867574,-35.53723317637524],[-58.01804222988499,-35.537287296115615],[-58.01809644592053,-35.53734658046533],[-58.018124031525026,-35.53738145701887],[-58.018477800106076,-35.537158025688385],[-58.01833868965808,-35.53715267523939],[-58.01820526605661,-35.537144714735895]]]}},{"type":"Feature","properties":{"CCA":"02705000000000000000000000000000000022300A000354","ARA1":423.29,"SAG":"ARBA","PARTIDO":"027","CIRC":5,"SECC":null,"CHACRA":null,"CHACRA_L":null,"QUINTA":null,"QUINTA_L":null,"FRACCION":null,"FRACC_L":null,"MANZANA":null,"MANZANA_L":null,"PARCELA":223,"PARCELA_L":"A","SUBPARC":354,"CCA_MADRE":"02705000000000000000000000000000000022300A","NOMENCLA":"Circ. V - Pc. 223A - UF 354"},"geometry":{"type":"Polygon","coordinates":[[[-58.01407634029145,-35.54065703183152],[-58.01369439568271,-35.54066281412855],[-58.0136954299692,-35.54077285861632],[-58.01407737510054,-35.54076707633301],[-58.01407634029145,-35.54065703183152]]]}},{"type":"Feature","properties":{"CCA":"02705000000000000000000000000000000022300A000355","ARA1":446.3,"SAG":"ARBA","PARTIDO":"027","CIRC":5,"SECC":null,"CHACRA":null,"CHACRA_L":null,"QUINTA":null,"QUINTA_L":null,"FRACCION":null,"FRACC_L":null,"MANZANA":null,"MANZANA_L":null,"PARCELA":223,"PARCELA_L":"A","SUBPARC":355,"CCA_MADRE":"02705000000000000000000000000000000022300A","NOMENCLA":"Circ. V - Pc. 223A - UF 355"},"geometry":{"type":"Polygon","coordinates":[[[-58.01407737510054,-35.54076707633301],[-58.0136954299692,-35.54077285861632],[-58.01369642782237,-35.54088884993139],[-58.01407859391924,-35.54088307129399],[-58.01407737510054,-35.54076707633301]]]}},{"type":"Feature","properties":{"CCA":"02705000000000000000000000000000000022300A000352","ARA1":396.54,"SAG":"ARBA","PARTIDO":"027","CIRC":5,"SECC":null,"CHACRA":null,"CHACRA_L":null,"QUINTA":null,"QUINTA_L":null,"FRACCION":null,"FRACC_L":null,"MANZANA":null,"MANZANA_L":null,"PARCELA":223,"PARCELA_L":"A","SUBPARC":352,"CCA_MADRE":"02705000000000000000000000000000000022300A","NOMENCLA":"Circ. V - Pc. 223A - UF 352"},"geometry":{"type":"Polygon","coordinates":[[[-58.014075125402044,-35.54053193556126],[-58.013740017896495,-35.54034186396728],[-58.01371991194158,-35.54037478422331],[-58.01370655125752,-35.540415835637134],[-58.01369808186791,-35.54045525550497],[-58.013692208553806,-35.54049670062455],[-58.01369318360912,-35.54053762779783],[-58.014075125402044,-35.54053193556126]]]}},{"type":"Feature","properties":{"CCA":"02705000000000000000000000000000000022300A000002","ARA1":778.25,"SAG":"ARBA","PARTIDO":"027","CIRC":5,"SECC":null,"CHACRA":null,"CHACRA_L":null,"QUINTA":null,"QUINTA_L":null,"FRACCION":null,"FRACC_L":null,"MANZANA":null,"MANZANA_L":null,"PARCELA":223,"PARCELA_L":"A","SUBPARC":2,"CCA_MADRE":"02705000000000000000000000000000000022300A","NOMENCLA":"Circ. V - Pc. 223A - UF 2"},"geometry":{"type":"Polygon","coordinates":[[[-58.01823281018646,-35.53661224102929],[-58.018364174144466,-35.536605299036786],[-58.018339327046476,-35.536073766302124],[-58.0183016530285,-35.53604566264187],[-58.01819129725051,-35.536063583236384],[-58.01823281018646,-35.53661224102929]]]}},{"type":"Feature","properties":{"CCA":"02705000000000000000000000000000000022300A000361","ARA1":411.69,"SAG":"ARBA","PARTIDO":"027","CIRC":5,"SECC":null,"CHACRA":null,"CHACRA_L":null,"QUINTA":null,"QUINTA_L":null,"FRACCION":null,"FRACC_L":null,"MANZANA":null,"MANZANA_L":null,"PARCELA":223,"PARCELA_L":"A","SUBPARC":361,"CCA_MADRE":"02705000000000000000000000000000000022300A","NOMENCLA":"Circ. V - Pc. 223A - UF 361"},"geometry":{"type":"Polygon","coordinates":[[[-58.0140849070577,-35.54153910468307],[-58.01408379675292,-35.54143212277724],[-58.01370185068497,-35.54143781490216],[-58.01370295825987,-35.541544886870895],[-58.0140849070577,-35.54153910468307]]]}},{"type":"Feature","properties":{"CCA":"02705000000000000000000000000000000022300A000386","ARA1":503.48,"SAG":"ARBA","PARTIDO":"027","CIRC":5,"SECC":null,"CHACRA":null,"CHACRA_L":null,"QUINTA":null,"QUINTA_L":null,"FRACCION":null,"FRACC_L":null,"MANZANA":null,"MANZANA_L":null,"PARCELA":223,"PARCELA_L":"A","SUBPARC":386,"CCA_MADRE":"02705000000000000000000000000000000022300A","NOMENCLA":"Circ. V - Pc. 223A - UF 386"},"geometry":{"type":"Polygon","coordinates":[[[-58.015173635843375,-35.544000077477534],[-58.01529010492522,-35.54374355234857],[-58.01514028009332,-35.54366250730283],[-58.01501273155566,-35.54393461953618],[-58.015173635843375,-35.544000077477534]]]}},{"type":"Feature","properties":{"CCA":"02705000000000000000000000000000000022300A000383","ARA1":421.91,"SAG":"ARBA","PARTIDO":"027","CIRC":5,"SECC":null,"CHACRA":null,"CHACRA_L":null,"QUINTA":null,"QUINTA_L":null,"FRACCION":null,"FRACC_L":null,"MANZANA":null,"MANZANA_L":null,"PARCELA":223,"PARCELA_L":"A","SUBPARC":383,"CCA_MADRE":"02705000000000000000000000000000000022300A","NOMENCLA":"Circ. V - Pc. 223A - UF 383"},"geometry":{"type":"Polygon","coordinates":[[[-58.01465997995384,-35.543748495081545],[-58.01492228190287,-35.54351581885341],[-58.01482970313455,-35.543438329386106],[-58.01456683458799,-35.543671626870555],[-58.01465997995384,-35.543748495081545]]]}},{"type":"Feature","properties":{"CCA":"02705000000000000000000000000000000022300A000372","ARA1":414.51,"SAG":"ARBA","PARTIDO":"027","CIRC":5,"SECC":null,"CHACRA":null,"CHACRA_L":null,"QUINTA":null,"QUINTA_L":null,"FRACCION":null,"FRACC_L":null,"MANZANA":null,"MANZANA_L":null,"PARCELA":223,"PARCELA_L":"A","SUBPARC":372,"CCA_MADRE":"02705000000000000000000000000000000022300A","NOMENCLA":"Circ. V - Pc. 223A - UF 372"},"geometry":{"type":"Polygon","coordinates":[[[-58.01371040229964,-35.542722600327586],[-58.01409633090961,-35.54271661343306],[-58.01409533308041,-35.54260954328568],[-58.013713271210875,-35.542615233449204],[-58.01371040229964,-35.542722600327586]]]}},{"type":"Feature","properties":{"CCA":"02705000000000000000000000000000000022300A000364","ARA1":411.79,"SAG":"ARBA","PARTIDO":"027","CIRC":5,"SECC":null,"CHACRA":null,"CHACRA_L":null,"QUINTA":null,"QUINTA_L":null,"FRACCION":null,"FRACC_L":null,"MANZANA":null,"MANZANA_L":null,"PARCELA":223,"PARCELA_L":"A","SUBPARC":364,"CCA_MADRE":"02705000000000000000000000000000000022300A","NOMENCLA":"Circ. V - Pc. 223A - UF 364"},"geometry":{"type":"Polygon","coordinates":[[[-58.014087013004136,-35.54175324682595],[-58.013704955202584,-35.541758937095494],[-58.01370595255666,-35.541866007243165],[-58.01408801308825,-35.54186022691105],[-58.014087013004136,-35.54175324682595]]]}},{"type":"Feature","properties":{"CCA":"02705000000000000000000000000000000022300A000365","ARA1":411.74,"SAG":"ARBA","PARTIDO":"027","CIRC":5,"SECC":null,"CHACRA":null,"CHACRA_L":null,"QUINTA":null,"QUINTA_L":null,"FRACCION":null,"FRACC_L":null,"MANZANA":null,"MANZANA_L":null,"PARCELA":223,"PARCELA_L":"A","SUBPARC":365,"CCA_MADRE":"02705000000000000000000000000000000022300A","NOMENCLA":"Circ. V - Pc. 223A - UF 365"},"geometry":{"type":"Polygon","coordinates":[[[-58.01408801308825,-35.54186022691105],[-58.01370595255666,-35.541866007243165],[-58.01370706233713,-35.541972989129164],[-58.01408901094673,-35.54196729707045],[-58.01408801308825,-35.54186022691105]]]}},{"type":"Feature","properties":{"CCA":"02705000000000000000000000000000000022300A000359","ARA1":411.74,"SAG":"ARBA","PARTIDO":"027","CIRC":5,"SECC":null,"CHACRA":null,"CHACRA_L":null,"QUINTA":null,"QUINTA_L":null,"FRACCION":null,"FRACC_L":null,"MANZANA":null,"MANZANA_L":null,"PARCELA":223,"PARCELA_L":"A","SUBPARC":359,"CCA_MADRE":"02705000000000000000000000000000000022300A","NOMENCLA":"Circ. V - Pc. 223A - UF 359"},"geometry":{"type":"Polygon","coordinates":[[[-58.01408180098983,-35.541217982439655],[-58.0136997435093,-35.54122376285138],[-58.01370085331405,-35.54133074474763],[-58.014082798873496,-35.54132505260932],[-58.01408180098983,-35.541217982439655]]]}},{"type":"Feature","properties":{"CCA":"02705000000000000000000000000000000022300A000369","ARA1":411.96,"SAG":"ARBA","PARTIDO":"027","CIRC":5,"SECC":null,"CHACRA":null,"CHACRA_L":null,"QUINTA":null,"QUINTA_L":null,"FRACCION":null,"FRACC_L":null,"MANZANA":null,"MANZANA_L":null,"PARCELA":223,"PARCELA_L":"A","SUBPARC":369,"CCA_MADRE":"02705000000000000000000000000000000022300A","NOMENCLA":"Circ. V - Pc. 223A - UF 369"},"geometry":{"type":"Polygon","coordinates":[[[-58.01409222713664,-35.54228842109355],[-58.01371016679267,-35.54229411129687],[-58.01371116412579,-35.542401181436006],[-58.01409322497845,-35.54239549124608],[-58.01409222713664,-35.54228842109355]]]}},{"type":"Feature","properties":{"CCA":"02705000000000000000000000000000000022300A000382","ARA1":422.92,"SAG":"ARBA","PARTIDO":"027","CIRC":5,"SECC":null,"CHACRA":null,"CHACRA_L":null,"QUINTA":null,"QUINTA_L":null,"FRACCION":null,"FRACC_L":null,"MANZANA":null,"MANZANA_L":null,"PARCELA":223,"PARCELA_L":"A","SUBPARC":382,"CCA_MADRE":"02705000000000000000000000000000000022300A","NOMENCLA":"Circ. V - Pc. 223A - UF 382"},"geometry":{"type":"Polygon","coordinates":[[[-58.01456683458799,-35.543671626870555],[-58.01482970313455,-35.543438329386106],[-58.01473712232352,-35.54336092992848],[-58.01447369384221,-35.5435945784405],[-58.01456683458799,-35.543671626870555]]]}},{"type":"Feature","properties":{"CCA":"02705000000000000000000000000000000022300A000367","ARA1":411.72,"SAG":"ARBA","PARTIDO":"027","CIRC":5,"SECC":null,"CHACRA":null,"CHACRA_L":null,"QUINTA":null,"QUINTA_L":null,"FRACCION":null,"FRACC_L":null,"MANZANA":null,"MANZANA_L":null,"PARCELA":223,"PARCELA_L":"A","SUBPARC":367,"CCA_MADRE":"02705000000000000000000000000000000022300A","NOMENCLA":"Circ. V - Pc. 223A - UF 367"},"geometry":{"type":"Polygon","coordinates":[[[-58.01370905702434,-35.542187129416],[-58.01409111908149,-35.5421813491237],[-58.01409011900995,-35.542074369043696],[-58.013708169891835,-35.54208006108942],[-58.01370905702434,-35.542187129416]]]}},{"type":"Feature","properties":{"CCA":"02705000000000000000000000000000000022300A000377","ARA1":426.83,"SAG":"ARBA","PARTIDO":"027","CIRC":5,"SECC":null,"CHACRA":null,"CHACRA_L":null,"QUINTA":null,"QUINTA_L":null,"FRACCION":null,"FRACC_L":null,"MANZANA":null,"MANZANA_L":null,"PARCELA":223,"PARCELA_L":"A","SUBPARC":377,"CCA_MADRE":"02705000000000000000000000000000000022300A","NOMENCLA":"Circ. V - Pc. 223A - UF 377"},"geometry":{"type":"Polygon","coordinates":[[[-58.01427444579971,-35.542973755124905],[-58.01400853717458,-35.543209614589486],[-58.01410156681942,-35.54328666153923],[-58.01436702572132,-35.54305115491386],[-58.01427444579971,-35.542973755124905]]]}},{"type":"Feature","properties":{"CCA":"02705000000000000000000000000000000022300A000371","ARA1":411.74,"SAG":"ARBA","PARTIDO":"027","CIRC":5,"SECC":null,"CHACRA":null,"CHACRA_L":null,"QUINTA":null,"QUINTA_L":null,"FRACCION":null,"FRACC_L":null,"MANZANA":null,"MANZANA_L":null,"PARCELA":223,"PARCELA_L":"A","SUBPARC":371,"CCA_MADRE":"02705000000000000000000000000000000022300A","NOMENCLA":"Circ. V - Pc. 223A - UF 371"},"geometry":{"type":"Polygon","coordinates":[[[-58.01409422503741,-35.54250247132094],[-58.01371227166422,-35.54250825338941],[-58.013713271210875,-35.542615233449204],[-58.01409533308041,-35.54260954328568],[-58.01409422503741,-35.54250247132094]]]}},{"type":"Feature","properties":{"CCA":"02705000000000000000000000000000000022300A000366","ARA1":411.86,"SAG":"ARBA","PARTIDO":"027","CIRC":5,"SECC":null,"CHACRA":null,"CHACRA_L":null,"QUINTA":null,"QUINTA_L":null,"FRACCION":null,"FRACC_L":null,"MANZANA":null,"MANZANA_L":null,"PARCELA":223,"PARCELA_L":"A","SUBPARC":366,"CCA_MADRE":"02705000000000000000000000000000000022300A","NOMENCLA":"Circ. V - Pc. 223A - UF 366"},"geometry":{"type":"Polygon","coordinates":[[[-58.01408901094673,-35.54196729707045],[-58.01370706233713,-35.541972989129164],[-58.013708169891835,-35.54208006108942],[-58.01409011900995,-35.542074369043696],[-58.01408901094673,-35.54196729707045]]]}},{"type":"Feature","properties":{"CCA":"02705000000000000000000000000000000022300A000378","ARA1":426.08,"SAG":"ARBA","PARTIDO":"027","CIRC":5,"SECC":null,"CHACRA":null,"CHACRA_L":null,"QUINTA":null,"QUINTA_L":null,"FRACCION":null,"FRACC_L":null,"MANZANA":null,"MANZANA_L":null,"PARCELA":223,"PARCELA_L":"A","SUBPARC":378,"CCA_MADRE":"02705000000000000000000000000000000022300A","NOMENCLA":"Circ. V - Pc. 223A - UF 378"},"geometry":{"type":"Polygon","coordinates":[[[-58.01419470907444,-35.54336362016162],[-58.014459605820825,-35.543128554636525],[-58.01436702572132,-35.54305115491386],[-58.01410156681942,-35.54328666153923],[-58.01419470907444,-35.54336362016162]]]}},{"type":"Feature","properties":{"CCA":"02705000000000000000000000000000000022300A000370","ARA1":411.74,"SAG":"ARBA","PARTIDO":"027","CIRC":5,"SECC":null,"CHACRA":null,"CHACRA_L":null,"QUINTA":null,"QUINTA_L":null,"FRACCION":null,"FRACC_L":null,"MANZANA":null,"MANZANA_L":null,"PARCELA":223,"PARCELA_L":"A","SUBPARC":370,"CCA_MADRE":"02705000000000000000000000000000000022300A","NOMENCLA":"Circ. V - Pc. 223A - UF 370"},"geometry":{"type":"Polygon","coordinates":[[[-58.01371227166422,-35.54250825338941],[-58.01409422503741,-35.54250247132094],[-58.01409322497845,-35.54239549124608],[-58.01371116412579,-35.542401181436006],[-58.01371227166422,-35.54250825338941]]]}},{"type":"Feature","properties":{"CCA":"02705000000000000000000000000000000022300A000356","ARA1":464.86,"SAG":"ARBA","PARTIDO":"027","CIRC":5,"SECC":null,"CHACRA":null,"CHACRA_L":null,"QUINTA":null,"QUINTA_L":null,"FRACCION":null,"FRACC_L":null,"MANZANA":null,"MANZANA_L":null,"PARCELA":223,"PARCELA_L":"A","SUBPARC":356,"CCA_MADRE":"02705000000000000000000000000000000022300A","NOMENCLA":"Circ. V - Pc. 223A - UF 356"},"geometry":{"type":"Polygon","coordinates":[[[-58.01407859391924,-35.54088307129399],[-58.01369642782237,-35.54088884993139],[-58.01369774874648,-35.541009622533764],[-58.01407969278089,-35.541003930355686],[-58.01407859391924,-35.54088307129399]]]}},{"type":"Feature","properties":{"CCA":"02705000000000000000000000000000000022300A000385","ARA1":535.92,"SAG":"ARBA","PARTIDO":"027","CIRC":5,"SECC":null,"CHACRA":null,"CHACRA_L":null,"QUINTA":null,"QUINTA_L":null,"FRACCION":null,"FRACC_L":null,"MANZANA":null,"MANZANA_L":null,"PARCELA":223,"PARCELA_L":"A","SUBPARC":385,"CCA_MADRE":"02705000000000000000000000000000000022300A","NOMENCLA":"Circ. V - Pc. 223A - UF 385"},"geometry":{"type":"Polygon","coordinates":[[[-58.01501273155566,-35.54393461953618],[-58.01514028009332,-35.54366250730283],[-58.01502080921493,-35.54359800194533],[-58.014819425620146,-35.54385520101083],[-58.01501273155566,-35.54393461953618]]]}},{"type":"Feature","properties":{"CCA":"02705000000000000000000000000000000022300A000375","ARA1":447.65,"SAG":"ARBA","PARTIDO":"027","CIRC":5,"SECC":null,"CHACRA":null,"CHACRA_L":null,"QUINTA":null,"QUINTA_L":null,"FRACCION":null,"FRACC_L":null,"MANZANA":null,"MANZANA_L":null,"PARCELA":223,"PARCELA_L":"A","SUBPARC":375,"CCA_MADRE":"02705000000000000000000000000000000022300A","NOMENCLA":"Circ. V - Pc. 223A - UF 375"},"geometry":{"type":"Polygon","coordinates":[[[-58.01408964155639,-35.54281796995954],[-58.013814934777145,-35.54304845752935],[-58.013915507707736,-35.54313256757275],[-58.01418175584589,-35.54289635345408],[-58.01408964155639,-35.54281796995954]]]}},{"type":"Feature","properties":{"CCA":"02705000000000000000000000000000000022300A000379","ARA1":424.95,"SAG":"ARBA","PARTIDO":"027","CIRC":5,"SECC":null,"CHACRA":null,"CHACRA_L":null,"QUINTA":null,"QUINTA_L":null,"FRACCION":null,"FRACC_L":null,"MANZANA":null,"MANZANA_L":null,"PARCELA":223,"PARCELA_L":"A","SUBPARC":379,"CCA_MADRE":"02705000000000000000000000000000000022300A","NOMENCLA":"Circ. V - Pc. 223A - UF 379"},"geometry":{"type":"Polygon","coordinates":[[[-58.01428763108574,-35.543440575085874],[-58.01455207366667,-35.54320604255362],[-58.014459605820825,-35.543128554636525],[-58.01419470907444,-35.54336362016162],[-58.01428763108574,-35.543440575085874]]]}},{"type":"Feature","properties":{"CCA":"02705000000000000000000000000000000022300A000376","ARA1":427.6,"SAG":"ARBA","PARTIDO":"027","CIRC":5,"SECC":null,"CHACRA":null,"CHACRA_L":null,"QUINTA":null,"QUINTA_L":null,"FRACCION":null,"FRACC_L":null,"MANZANA":null,"MANZANA_L":null,"PARCELA":223,"PARCELA_L":"A","SUBPARC":376,"CCA_MADRE":"02705000000000000000000000000000000022300A","NOMENCLA":"Circ. V - Pc. 223A - UF 376"},"geometry":{"type":"Polygon","coordinates":[[[-58.01400853717458,-35.543209614589486],[-58.01427444579971,-35.542973755124905],[-58.01418175584589,-35.54289635345408],[-58.013915507707736,-35.54313256757275],[-58.01400853717458,-35.543209614589486]]]}},{"type":"Feature","properties":{"CCA":"02705000000000000000000000000000000022300A000360","ARA1":411.84,"SAG":"ARBA","PARTIDO":"027","CIRC":5,"SECC":null,"CHACRA":null,"CHACRA_L":null,"QUINTA":null,"QUINTA_L":null,"FRACCION":null,"FRACC_L":null,"MANZANA":null,"MANZANA_L":null,"PARCELA":223,"PARCELA_L":"A","SUBPARC":360,"CCA_MADRE":"02705000000000000000000000000000000022300A","NOMENCLA":"Circ. V - Pc. 223A - UF 360"},"geometry":{"type":"Polygon","coordinates":[[[-58.014082798873496,-35.54132505260932],[-58.01370085331405,-35.54133074474763],[-58.01370185068497,-35.54143781490216],[-58.01408379675292,-35.54143212277724],[-58.014082798873496,-35.54132505260932]]]}},{"type":"Feature","properties":{"CCA":"02705000000000000000000000000000000022300A000381","ARA1":423.5,"SAG":"ARBA","PARTIDO":"027","CIRC":5,"SECC":null,"CHACRA":null,"CHACRA_L":null,"QUINTA":null,"QUINTA_L":null,"FRACCION":null,"FRACC_L":null,"MANZANA":null,"MANZANA_L":null,"PARCELA":223,"PARCELA_L":"A","SUBPARC":381,"CCA_MADRE":"02705000000000000000000000000000000022300A","NOMENCLA":"Circ. V - Pc. 223A - UF 381"},"geometry":{"type":"Polygon","coordinates":[[[-58.01447369384221,-35.5435945784405],[-58.01473712232352,-35.54336092992848],[-58.01464454391128,-35.54328344032861],[-58.0143807736966,-35.54351753357411],[-58.01447369384221,-35.5435945784405]]]}},{"type":"Feature","properties":{"CCA":"02705000000000000000000000000000000022300A000362","ARA1":411.79,"SAG":"ARBA","PARTIDO":"027","CIRC":5,"SECC":null,"CHACRA":null,"CHACRA_L":null,"QUINTA":null,"QUINTA_L":null,"FRACCION":null,"FRACC_L":null,"MANZANA":null,"MANZANA_L":null,"PARCELA":223,"PARCELA_L":"A","SUBPARC":362,"CCA_MADRE":"02705000000000000000000000000000000022300A","NOMENCLA":"Circ. V - Pc. 223A - UF 362"},"geometry":{"type":"Polygon","coordinates":[[[-58.01408601513717,-35.54164617666315],[-58.0140849070577,-35.54153910468307],[-58.01370295825987,-35.541544886870895],[-58.0137038476359,-35.54165186513013],[-58.01408601513717,-35.54164617666315]]]}},{"type":"Feature","properties":{"CCA":"02705000000000000000000000000000000022300A000374","ARA1":485.44,"SAG":"ARBA","PARTIDO":"027","CIRC":5,"SECC":null,"CHACRA":null,"CHACRA_L":null,"QUINTA":null,"QUINTA_L":null,"FRACCION":null,"FRACC_L":null,"MANZANA":null,"MANZANA_L":null,"PARCELA":223,"PARCELA_L":"A","SUBPARC":374,"CCA_MADRE":"02705000000000000000000000000000000022300A","NOMENCLA":"Circ. V - Pc. 223A - UF 374"},"geometry":{"type":"Polygon","coordinates":[[[-58.01408964155639,-35.54281796995954],[-58.01370729162016,-35.54282635871869],[-58.01370615620822,-35.54285003960797],[-58.013709691399015,-35.54288551208749],[-58.01371838202624,-35.542922060753405],[-58.01373196722965,-35.5429523821908],[-58.013744209469195,-35.54297457136974],[-58.01376484013992,-35.54300086371665],[-58.013814934777145,-35.54304845752935],[-58.01408964155639,-35.54281796995954]]]}},{"type":"Feature","properties":{"CCA":"02705000000000000000000000000000000022300A000357","ARA1":411.96,"SAG":"ARBA","PARTIDO":"027","CIRC":5,"SECC":null,"CHACRA":null,"CHACRA_L":null,"QUINTA":null,"QUINTA_L":null,"FRACCION":null,"FRACC_L":null,"MANZANA":null,"MANZANA_L":null,"PARCELA":223,"PARCELA_L":"A","SUBPARC":357,"CCA_MADRE":"02705000000000000000000000000000000022300A","NOMENCLA":"Circ. V - Pc. 223A - UF 357"},"geometry":{"type":"Polygon","coordinates":[[[-58.01407969278089,-35.541003930355686],[-58.01369774874648,-35.541009622533764],[-58.013698635922374,-35.541116690877516],[-58.014080800880585,-35.541111002344294],[-58.01407969278089,-35.541003930355686]]]}},{"type":"Feature","properties":{"CCA":"02705000000000000000000000000000000022300A000384","ARA1":549.38,"SAG":"ARBA","PARTIDO":"027","CIRC":5,"SECC":null,"CHACRA":null,"CHACRA_L":null,"QUINTA":null,"QUINTA_L":null,"FRACCION":null,"FRACC_L":null,"MANZANA":null,"MANZANA_L":null,"PARCELA":223,"PARCELA_L":"A","SUBPARC":384,"CCA_MADRE":"02705000000000000000000000000000000022300A","NOMENCLA":"Circ. V - Pc. 223A - UF 384"},"geometry":{"type":"Polygon","coordinates":[[[-58.01492228190287,-35.54351581885341],[-58.01465997995384,-35.543748495081545],[-58.01471444406157,-35.543797782520826],[-58.014819754033766,-35.54385529653185],[-58.01502080921493,-35.54359800194533],[-58.01492228190287,-35.54351581885341]]]}},{"type":"Feature","properties":{"CCA":"02705000000000000000000000000000000022300A000368","ARA1":411.8,"SAG":"ARBA","PARTIDO":"027","CIRC":5,"SECC":null,"CHACRA":null,"CHACRA_L":null,"QUINTA":null,"QUINTA_L":null,"FRACCION":null,"FRACC_L":null,"MANZANA":null,"MANZANA_L":null,"PARCELA":223,"PARCELA_L":"A","SUBPARC":368,"CCA_MADRE":"02705000000000000000000000000000000022300A","NOMENCLA":"Circ. V - Pc. 223A - UF 368"},"geometry":{"type":"Polygon","coordinates":[[[-58.01371016679267,-35.54229411129687],[-58.01409222713664,-35.54228842109355],[-58.01409111908149,-35.5421813491237],[-58.01370905702434,-35.542187129416],[-58.01371016679267,-35.54229411129687]]]}},{"type":"Feature","properties":{"CCA":"02705000000000000000000000000000000022300A000358","ARA1":411.86,"SAG":"ARBA","PARTIDO":"027","CIRC":5,"SECC":null,"CHACRA":null,"CHACRA_L":null,"QUINTA":null,"QUINTA_L":null,"FRACCION":null,"FRACC_L":null,"MANZANA":null,"MANZANA_L":null,"PARCELA":223,"PARCELA_L":"A","SUBPARC":358,"CCA_MADRE":"02705000000000000000000000000000000022300A","NOMENCLA":"Circ. V - Pc. 223A - UF 358"},"geometry":{"type":"Polygon","coordinates":[[[-58.014080800880585,-35.541111002344294],[-58.013698635922374,-35.541116690877516],[-58.0136997435093,-35.54122376285138],[-58.01408180098983,-35.541217982439655],[-58.014080800880585,-35.541111002344294]]]}},{"type":"Feature","properties":{"CCA":"02705000000000000000000000000000000022300A000380","ARA1":424.2,"SAG":"ARBA","PARTIDO":"027","CIRC":5,"SECC":null,"CHACRA":null,"CHACRA_L":null,"QUINTA":null,"QUINTA_L":null,"FRACCION":null,"FRACC_L":null,"MANZANA":null,"MANZANA_L":null,"PARCELA":223,"PARCELA_L":"A","SUBPARC":380,"CCA_MADRE":"02705000000000000000000000000000000022300A","NOMENCLA":"Circ. V - Pc. 223A - UF 380"},"geometry":{"type":"Polygon","coordinates":[[[-58.0143807736966,-35.54351753357411],[-58.01464454391128,-35.54328344032861],[-58.01455207366667,-35.54320604255362],[-58.01428763108574,-35.543440575085874],[-58.0143807736966,-35.54351753357411]]]}},{"type":"Feature","properties":{"CCA":"02705000000000000000000000000000000022300A000363","ARA1":412.03,"SAG":"ARBA","PARTIDO":"027","CIRC":5,"SECC":null,"CHACRA":null,"CHACRA_L":null,"QUINTA":null,"QUINTA_L":null,"FRACCION":null,"FRACC_L":null,"MANZANA":null,"MANZANA_L":null,"PARCELA":223,"PARCELA_L":"A","SUBPARC":363,"CCA_MADRE":"02705000000000000000000000000000000022300A","NOMENCLA":"Circ. V - Pc. 223A - UF 363"},"geometry":{"type":"Polygon","coordinates":[[[-58.014087013004136,-35.54175324682595],[-58.01408601513717,-35.54164617666315],[-58.0137038476359,-35.54165186513013],[-58.013704955202584,-35.541758937095494],[-58.014087013004136,-35.54175324682595]]]}},{"type":"Feature","properties":{"CCA":"02705000000000000000000000000000000022300A000373","ARA1":396.33,"SAG":"ARBA","PARTIDO":"027","CIRC":5,"SECC":null,"CHACRA":null,"CHACRA_L":null,"QUINTA":null,"QUINTA_L":null,"FRACCION":null,"FRACC_L":null,"MANZANA":null,"MANZANA_L":null,"PARCELA":223,"PARCELA_L":"A","SUBPARC":373,"CCA_MADRE":"02705000000000000000000000000000000022300A","NOMENCLA":"Circ. V - Pc. 223A - UF 373"},"geometry":{"type":"Polygon","coordinates":[[[-58.01370729162016,-35.54282635871869],[-58.01408964155639,-35.54281796995954],[-58.01409633090961,-35.54271661343306],[-58.01371040229964,-35.542722600327586],[-58.01370729162016,-35.54282635871869]]]}},{"type":"Feature","properties":{"CCA":"02705000000000000000000000000000000022300A000173","ARA1":432.08,"SAG":"ARBA","PARTIDO":"027","CIRC":5,"SECC":null,"CHACRA":null,"CHACRA_L":null,"QUINTA":null,"QUINTA_L":null,"FRACCION":null,"FRACC_L":null,"MANZANA":null,"MANZANA_L":null,"PARCELA":223,"PARCELA_L":"A","SUBPARC":173,"CCA_MADRE":"02705000000000000000000000000000000022300A","NOMENCLA":"Circ. V - Pc. 223A - UF 173"},"geometry":{"type":"Polygon","coordinates":[[[-58.014470809978356,-35.5375316661821],[-58.014600542750884,-35.53751046366468],[-58.014522720445086,-35.53719243609155],[-58.01439298817267,-35.5372136385422],[-58.014470809978356,-35.5375316661821]]]}},{"type":"Feature","properties":{"CCA":"02705000000000000000000000000000000022300A000389","ARA1":361.92,"SAG":"ARBA","PARTIDO":"027","CIRC":5,"SECC":null,"CHACRA":null,"CHACRA_L":null,"QUINTA":null,"QUINTA_L":null,"FRACCION":null,"FRACC_L":null,"MANZANA":null,"MANZANA_L":null,"PARCELA":223,"PARCELA_L":"A","SUBPARC":389,"CCA_MADRE":"02705000000000000000000000000000000022300A","NOMENCLA":"Circ. V - Pc. 223A - UF 389"},"geometry":{"type":"Polygon","coordinates":[[[-58.01558107131128,-35.54410902606002],[-58.01563928471525,-35.54410016210017],[-58.01568802654851,-35.54409087185974],[-58.015754419351346,-35.54407223010541],[-58.01580403850605,-35.54404970771175],[-58.01554445591136,-35.54380970013858],[-58.01558107131128,-35.54410902606002]]]}},{"type":"Feature","properties":{"CCA":"02705000000000000000000000000000000022300A000514","ARA1":516.18,"SAG":"ARBA","PARTIDO":"027","CIRC":5,"SECC":null,"CHACRA":null,"CHACRA_L":null,"QUINTA":null,"QUINTA_L":null,"FRACCION":null,"FRACC_L":null,"MANZANA":null,"MANZANA_L":null,"PARCELA":223,"PARCELA_L":"A","SUBPARC":514,"CCA_MADRE":"02705000000000000000000000000000000022300A","NOMENCLA":"Circ. V - Pc. 223A - UF 514"},"geometry":{"type":"Polygon","coordinates":[[[-58.01221364265861,-35.54006718287379],[-58.01212685496125,-35.540447648734556],[-58.012256784727704,-35.54046781374317],[-58.01234382337903,-35.54008609034253],[-58.01221364265861,-35.54006718287379]]]}},{"type":"Feature","properties":{"CCA":"02705000000000000000000000000000000022300A000067","ARA1":530.12,"SAG":"ARBA","PARTIDO":"027","CIRC":5,"SECC":null,"CHACRA":null,"CHACRA_L":null,"QUINTA":null,"QUINTA_L":null,"FRACCION":null,"FRACC_L":null,"MANZANA":null,"MANZANA_L":null,"PARCELA":223,"PARCELA_L":"A","SUBPARC":67,"CCA_MADRE":"02705000000000000000000000000000000022300A","NOMENCLA":"Circ. V - Pc. 223A - UF 67"},"geometry":{"type":"Polygon","coordinates":[[[-58.00981867963535,-35.537688526644054],[-58.00980543805909,-35.53779608263559],[-58.010289983670354,-35.53783598084992],[-58.01030322461102,-35.53772842478501],[-58.00981867963535,-35.537688526644054]]]}},{"type":"Feature","properties":{"CCA":"02705000000000000000000000000000000022300A000084","ARA1":551.05,"SAG":"ARBA","PARTIDO":"027","CIRC":5,"SECC":null,"CHACRA":null,"CHACRA_L":null,"QUINTA":null,"QUINTA_L":null,"FRACCION":null,"FRACC_L":null,"MANZANA":null,"MANZANA_L":null,"PARCELA":223,"PARCELA_L":"A","SUBPARC":84,"CCA_MADRE":"02705000000000000000000000000000000022300A","NOMENCLA":"Circ. V - Pc. 223A - UF 84"},"geometry":{"type":"Polygon","coordinates":[[[-58.00955028679814,-35.53986743173158],[-58.00953636643467,-35.53998011285275],[-58.01001600015955,-35.540014073947795],[-58.01003016030601,-35.539900585706704],[-58.00955028679814,-35.53986743173158]]]}},{"type":"Feature","properties":{"CCA":"02705000000000000000000000000000000022300A000387","ARA1":575.24,"SAG":"ARBA","PARTIDO":"027","CIRC":5,"SECC":null,"CHACRA":null,"CHACRA_L":null,"QUINTA":null,"QUINTA_L":null,"FRACCION":null,"FRACC_L":null,"MANZANA":null,"MANZANA_L":null,"PARCELA":223,"PARCELA_L":"A","SUBPARC":387,"CCA_MADRE":"02705000000000000000000000000000000022300A","NOMENCLA":"Circ. V - Pc. 223A - UF 387"},"geometry":{"type":"Polygon","coordinates":[[[-58.01537482002288,-35.544081968077336],[-58.01547069223278,-35.54383798975755],[-58.01529010492522,-35.54374355234857],[-58.015173635843375,-35.544000077477534],[-58.01537482002288,-35.544081968077336]]]}},{"type":"Feature","properties":{"CCA":"02705000000000000000000000000000000022300A000562","ARA1":487.41,"SAG":"ARBA","PARTIDO":"027","CIRC":5,"SECC":null,"CHACRA":null,"CHACRA_L":null,"QUINTA":null,"QUINTA_L":null,"FRACCION":null,"FRACC_L":null,"MANZANA":null,"MANZANA_L":null,"PARCELA":223,"PARCELA_L":"A","SUBPARC":562,"CCA_MADRE":"02705000000000000000000000000000000022300A","NOMENCLA":"Circ. V - Pc. 223A - UF 562"},"geometry":{"type":"Polygon","coordinates":[[[-58.013708457045155,-35.543154567786644],[-58.01356135730141,-35.54310618645223],[-58.01339885608258,-35.54339159827043],[-58.013533603733656,-35.543440136707275],[-58.013708457045155,-35.543154567786644]]]}},{"type":"Feature","properties":{"CCA":"02705000000000000000000000000000000022300A000182","ARA1":431.73,"SAG":"ARBA","PARTIDO":"027","CIRC":5,"SECC":null,"CHACRA":null,"CHACRA_L":null,"QUINTA":null,"QUINTA_L":null,"FRACCION":null,"FRACC_L":null,"MANZANA":null,"MANZANA_L":null,"PARCELA":223,"PARCELA_L":"A","SUBPARC":182,"CCA_MADRE":"02705000000000000000000000000000000022300A","NOMENCLA":"Circ. V - Pc. 223A - UF 182"},"geometry":{"type":"Polygon","coordinates":[[[-58.01330354285225,-35.53772248789951],[-58.01343316597823,-35.537701284843294],[-58.01335534817254,-35.53738325666918],[-58.013225725546235,-35.53740445965869],[-58.01330354285225,-35.53772248789951]]]}},{"type":"Feature","properties":{"CCA":"02705000000000000000000000000000000022300A000274","ARA1":1177.99,"SAG":"ARBA","PARTIDO":"027","CIRC":5,"SECC":null,"CHACRA":null,"CHACRA_L":null,"QUINTA":null,"QUINTA_L":null,"FRACCION":null,"FRACC_L":null,"MANZANA":null,"MANZANA_L":null,"PARCELA":223,"PARCELA_L":"A","SUBPARC":274,"CCA_MADRE":"02705000000000000000000000000000000022300A","NOMENCLA":"Circ. V - Pc. 223A - UF 274"},"geometry":{"type":"Polygon","coordinates":[[[-58.01087787600986,-35.537588411199444],[-58.01086853234978,-35.53765872504914],[-58.01085529217735,-35.53776628120223],[-58.01084206753557,-35.53787320681998],[-58.01083447799094,-35.53793498891408],[-58.01123194381473,-35.53813501828899],[-58.01126597905496,-35.53809611046918],[-58.011295494919636,-35.53806163371256],[-58.011325981564696,-35.53803248960359],[-58.01087787600986,-35.537588411199444]]]}},{"type":"Feature","properties":{"CCA":"02705000000000000000000000000000000022300A000341","ARA1":421.86,"SAG":"ARBA","PARTIDO":"027","CIRC":5,"SECC":null,"CHACRA":null,"CHACRA_L":null,"QUINTA":null,"QUINTA_L":null,"FRACCION":null,"FRACC_L":null,"MANZANA":null,"MANZANA_L":null,"PARCELA":223,"PARCELA_L":"A","SUBPARC":341,"CCA_MADRE":"02705000000000000000000000000000000022300A","NOMENCLA":"Circ. V - Pc. 223A - UF 341"},"geometry":{"type":"Polygon","coordinates":[[[-58.01498104458982,-35.53903873179204],[-58.01463540102962,-35.53889606868171],[-58.01457907271815,-35.53899408463551],[-58.01492482900838,-35.53913665965426],[-58.01498104458982,-35.53903873179204]]]}},{"type":"Feature","properties":{"CCA":"02705000000000000000000000000000000022300A000243","ARA1":424.94,"SAG":"ARBA","PARTIDO":"027","CIRC":5,"SECC":null,"CHACRA":null,"CHACRA_L":null,"QUINTA":null,"QUINTA_L":null,"FRACCION":null,"FRACC_L":null,"MANZANA":null,"MANZANA_L":null,"PARCELA":223,"PARCELA_L":"A","SUBPARC":243,"CCA_MADRE":"02705000000000000000000000000000000022300A","NOMENCLA":"Circ. V - Pc. 223A - UF 243"},"geometry":{"type":"Polygon","coordinates":[[[-58.01363557257815,-35.53967736499854],[-58.01350552456733,-35.53965755999204],[-58.013433660461295,-35.53997411269027],[-58.01343882237012,-35.53997491865525],[-58.01352412230728,-35.539985245447106],[-58.013565590898516,-35.539984667205026],[-58.01363557257815,-35.53967736499854]]]}},{"type":"Feature","properties":{"CCA":"02705000000000000000000000000000000022300A000472","ARA1":503.19,"SAG":"ARBA","PARTIDO":"027","CIRC":5,"SECC":null,"CHACRA":null,"CHACRA_L":null,"QUINTA":null,"QUINTA_L":null,"FRACCION":null,"FRACC_L":null,"MANZANA":null,"MANZANA_L":null,"PARCELA":223,"PARCELA_L":"A","SUBPARC":472,"CCA_MADRE":"02705000000000000000000000000000000022300A","NOMENCLA":"Circ. V - Pc. 223A - UF 472"},"geometry":{"type":"Polygon","coordinates":[[[-58.0116765104526,-35.53855741003573],[-58.011670482590134,-35.53855595892613],[-58.01166528916663,-35.53857876185787],[-58.01164104721705,-35.53868541573647],[-58.01161669499226,-35.53879206778862],[-58.011584918683596,-35.538931488459745],[-58.01171485475255,-35.538951293670245],[-58.01179878529819,-35.53858384722835],[-58.0116765104526,-35.53855741003573]]]}},{"type":"Feature","properties":{"CCA":"02705000000000000000000000000000000022300A000297","ARA1":431.85,"SAG":"ARBA","PARTIDO":"027","CIRC":5,"SECC":null,"CHACRA":null,"CHACRA_L":null,"QUINTA":null,"QUINTA_L":null,"FRACCION":null,"FRACC_L":null,"MANZANA":null,"MANZANA_L":null,"PARCELA":223,"PARCELA_L":"A","SUBPARC":297,"CCA_MADRE":"02705000000000000000000000000000000022300A","NOMENCLA":"Circ. V - Pc. 223A - UF 297"},"geometry":{"type":"Polygon","coordinates":[[[-58.01421145445066,-35.5375740726064],[-58.014289273592084,-35.53789219040975],[-58.01441889678526,-35.53787098629419],[-58.01434107714402,-35.5375528685576],[-58.01421145445066,-35.5375740726064]]]}},{"type":"Feature","properties":{"CCA":"02705000000000000000000000000000000022300A000083","ARA1":677.92,"SAG":"ARBA","PARTIDO":"027","CIRC":5,"SECC":null,"CHACRA":null,"CHACRA_L":null,"QUINTA":null,"QUINTA_L":null,"FRACCION":null,"FRACC_L":null,"MANZANA":null,"MANZANA_L":null,"PARCELA":223,"PARCELA_L":"A","SUBPARC":83,"CCA_MADRE":"02705000000000000000000000000000000022300A","NOMENCLA":"Circ. V - Pc. 223A - UF 83"},"geometry":{"type":"Polygon","coordinates":[[[-58.01003016030601,-35.539900585706704],[-58.01004441484525,-35.53976096639016],[-58.00956751993195,-35.539727771552386],[-58.00955028679814,-35.53986743173158],[-58.01003016030601,-35.539900585706704]]]}},{"type":"Feature","properties":{"CCA":"02705000000000000000000000000000000022300A000203","ARA1":444.07,"SAG":"ARBA","PARTIDO":"027","CIRC":5,"SECC":null,"CHACRA":null,"CHACRA_L":null,"QUINTA":null,"QUINTA_L":null,"FRACCION":null,"FRACC_L":null,"MANZANA":null,"MANZANA_L":null,"PARCELA":223,"PARCELA_L":"A","SUBPARC":203,"CCA_MADRE":"02705000000000000000000000000000000022300A","NOMENCLA":"Circ. V - Pc. 223A - UF 203"},"geometry":{"type":"Polygon","coordinates":[[[-58.010881772479934,-35.53755116889165],[-58.0108950125678,-35.537443612729746],[-58.01048935714044,-35.537410155363716],[-58.01047600409287,-35.5375177997213],[-58.010881772479934,-35.53755116889165]]]}},{"type":"Feature","properties":{"CCA":"02705000000000000000000000000000000022300A000483","ARA1":432.08,"SAG":"ARBA","PARTIDO":"027","CIRC":5,"SECC":null,"CHACRA":null,"CHACRA_L":null,"QUINTA":null,"QUINTA_L":null,"FRACCION":null,"FRACC_L":null,"MANZANA":null,"MANZANA_L":null,"PARCELA":223,"PARCELA_L":"A","SUBPARC":483,"CCA_MADRE":"02705000000000000000000000000000000022300A","NOMENCLA":"Circ. V - Pc. 223A - UF 483"},"geometry":{"type":"Polygon","coordinates":[[[-58.013302880985336,-35.53849122754383],[-58.013173146345814,-35.53851242859871],[-58.01325096430116,-35.53883045684641],[-58.013380699440816,-35.5388092557248],[-58.013302880985336,-35.53849122754383]]]}},{"type":"Feature","properties":{"CCA":"02705000000000000000000000000000000022300A000336","ARA1":421.66,"SAG":"ARBA","PARTIDO":"027","CIRC":5,"SECC":null,"CHACRA":null,"CHACRA_L":null,"QUINTA":null,"QUINTA_L":null,"FRACCION":null,"FRACC_L":null,"MANZANA":null,"MANZANA_L":null,"PARCELA":223,"PARCELA_L":"A","SUBPARC":336,"CCA_MADRE":"02705000000000000000000000000000000022300A","NOMENCLA":"Circ. V - Pc. 223A - UF 336"},"geometry":{"type":"Polygon","coordinates":[[[-58.015262228362516,-35.538549183888975],[-58.01491647390054,-35.538406609887595],[-58.01486025872067,-35.53850453774113],[-58.015206013487436,-35.53864711191204],[-58.015262228362516,-35.538549183888975]]]}},{"type":"Feature","properties":{"CCA":"02705000000000000000000000000000000022300A000305","ARA1":432.08,"SAG":"ARBA","PARTIDO":"027","CIRC":5,"SECC":null,"CHACRA":null,"CHACRA_L":null,"QUINTA":null,"QUINTA_L":null,"FRACCION":null,"FRACC_L":null,"MANZANA":null,"MANZANA_L":null,"PARCELA":223,"PARCELA_L":"A","SUBPARC":305,"CCA_MADRE":"02705000000000000000000000000000000022300A","NOMENCLA":"Circ. V - Pc. 223A - UF 305"},"geometry":{"type":"Polygon","coordinates":[[[-58.01537871546255,-35.53738333202681],[-58.01524898306086,-35.537404535395694],[-58.01532680842276,-35.5377225625888],[-58.01545654132454,-35.53770135915312],[-58.01537871546255,-35.53738333202681]]]}},{"type":"Feature","properties":{"CCA":"02705000000000000000000000000000000022300A000070","ARA1":530.41,"SAG":"ARBA","PARTIDO":"027","CIRC":5,"SECC":null,"CHACRA":null,"CHACRA_L":null,"QUINTA":null,"QUINTA_L":null,"FRACCION":null,"FRACC_L":null,"MANZANA":null,"MANZANA_L":null,"PARCELA":223,"PARCELA_L":"A","SUBPARC":70,"CCA_MADRE":"02705000000000000000000000000000000022300A","NOMENCLA":"Circ. V - Pc. 223A - UF 70"},"geometry":{"type":"Polygon","coordinates":[[[-58.009778954779684,-35.538011194605474],[-58.009765600647334,-35.5381188388402],[-58.01025026059465,-35.5381586490182],[-58.01026350166217,-35.53805109296651],[-58.009778954779684,-35.538011194605474]]]}},{"type":"Feature","properties":{"CCA":"02705000000000000000000000000000000022300A000338","ARA1":421.47,"SAG":"ARBA","PARTIDO":"027","CIRC":5,"SECC":null,"CHACRA":null,"CHACRA_L":null,"QUINTA":null,"QUINTA_L":null,"FRACCION":null,"FRACC_L":null,"MANZANA":null,"MANZANA_L":null,"PARCELA":223,"PARCELA_L":"A","SUBPARC":338,"CCA_MADRE":"02705000000000000000000000000000000022300A","NOMENCLA":"Circ. V - Pc. 223A - UF 338"},"geometry":{"type":"Polygon","coordinates":[[[-58.015149798471114,-35.538745039902935],[-58.01480404561985,-35.538602375486484],[-58.01474771995314,-35.53870030146085],[-58.01509358775358,-35.53884278770955],[-58.015149798471114,-35.538745039902935]]]}},{"type":"Feature","properties":{"CCA":"02705000000000000000000000000000000022300A000252","ARA1":431.91,"SAG":"ARBA","PARTIDO":"027","CIRC":5,"SECC":null,"CHACRA":null,"CHACRA_L":null,"QUINTA":null,"QUINTA_L":null,"FRACCION":null,"FRACC_L":null,"MANZANA":null,"MANZANA_L":null,"PARCELA":223,"PARCELA_L":"A","SUBPARC":252,"CCA_MADRE":"02705000000000000000000000000000000022300A","NOMENCLA":"Circ. V - Pc. 223A - UF 252"},"geometry":{"type":"Polygon","coordinates":[[[-58.012855397999544,-35.53955844462527],[-58.012985445657456,-35.5395782503233],[-58.01305814030038,-35.539259368658875],[-58.01292820333712,-35.53923956487097],[-58.012855397999544,-35.53955844462527]]]}},{"type":"Feature","properties":{"CCA":"02705000000000000000000000000000000022300A000510","ARA1":523.84,"SAG":"ARBA","PARTIDO":"027","CIRC":5,"SECC":null,"CHACRA":null,"CHACRA_L":null,"QUINTA":null,"QUINTA_L":null,"FRACCION":null,"FRACC_L":null,"MANZANA":null,"MANZANA_L":null,"PARCELA":223,"PARCELA_L":"A","SUBPARC":510,"CCA_MADRE":"02705000000000000000000000000000000022300A","NOMENCLA":"Circ. V - Pc. 223A - UF 510"},"geometry":{"type":"Polygon","coordinates":[[[-58.0127345930277,-35.54014254532229],[-58.01264657001109,-35.5405284880926],[-58.012776500064405,-35.54054865254905],[-58.01286488644771,-35.54016136397667],[-58.0127345930277,-35.54014254532229]]]}},{"type":"Feature","properties":{"CCA":"02705000000000000000000000000000000022300A000262","ARA1":431.88,"SAG":"ARBA","PARTIDO":"027","CIRC":5,"SECC":null,"CHACRA":null,"CHACRA_L":null,"QUINTA":null,"QUINTA_L":null,"FRACCION":null,"FRACC_L":null,"MANZANA":null,"MANZANA_L":null,"PARCELA":223,"PARCELA_L":"A","SUBPARC":262,"CCA_MADRE":"02705000000000000000000000000000000022300A","NOMENCLA":"Circ. V - Pc. 223A - UF 262"},"geometry":{"type":"Polygon","coordinates":[[[-58.01168508468261,-35.53938009885955],[-58.011757894426054,-35.53906121994851],[-58.011627847963496,-35.53904141296093],[-58.011555150159595,-35.53936020352019],[-58.01168508468261,-35.53938009885955]]]}},{"type":"Feature","properties":{"CCA":"02705000000000000000000000000000000022300A000463","ARA1":516.88,"SAG":"ARBA","PARTIDO":"027","CIRC":5,"SECC":null,"CHACRA":null,"CHACRA_L":null,"QUINTA":null,"QUINTA_L":null,"FRACCION":null,"FRACC_L":null,"MANZANA":null,"MANZANA_L":null,"PARCELA":223,"PARCELA_L":"A","SUBPARC":463,"CCA_MADRE":"02705000000000000000000000000000000022300A","NOMENCLA":"Circ. V - Pc. 223A - UF 463"},"geometry":{"type":"Polygon","coordinates":[[[-58.0116765104526,-35.53855741003573],[-58.01179878529819,-35.53858384722835],[-58.01200439044465,-35.538240304622896],[-58.01187944045094,-35.5381927371858],[-58.0116765104526,-35.53855741003573]]]}},{"type":"Feature","properties":{"CCA":"02705000000000000000000000000000000022300A000331","ARA1":491.82,"SAG":"ARBA","PARTIDO":"027","CIRC":5,"SECC":null,"CHACRA":null,"CHACRA_L":null,"QUINTA":null,"QUINTA_L":null,"FRACCION":null,"FRACC_L":null,"MANZANA":null,"MANZANA_L":null,"PARCELA":223,"PARCELA_L":"A","SUBPARC":331,"CCA_MADRE":"02705000000000000000000000000000000022300A","NOMENCLA":"Circ. V - Pc. 223A - UF 331"},"geometry":{"type":"Polygon","coordinates":[[[-58.01538194307742,-35.5382590096483],[-58.015613387643164,-35.538101067461845],[-58.015557494004206,-35.53805175690879],[-58.015517297972096,-35.53802757582665],[-58.01547152597691,-35.53800150068748],[-58.01540599940406,-35.53798519293812],[-58.01536284337835,-35.537973759070525],[-58.01529202539093,-35.53797980219336],[-58.01538194307742,-35.5382590096483]]]}},{"type":"Feature","properties":{"CCA":"02705000000000000000000000000000000022300A000326","ARA1":422.55,"SAG":"ARBA","PARTIDO":"027","CIRC":5,"SECC":null,"CHACRA":null,"CHACRA_L":null,"QUINTA":null,"QUINTA_L":null,"FRACCION":null,"FRACC_L":null,"MANZANA":null,"MANZANA_L":null,"PARCELA":223,"PARCELA_L":"A","SUBPARC":326,"CCA_MADRE":"02705000000000000000000000000000000022300A","NOMENCLA":"Circ. V - Pc. 223A - UF 326"},"geometry":{"type":"Polygon","coordinates":[[[-58.01578016853094,-35.53870171003262],[-58.016075255541686,-35.538497865798064],[-58.01598391781161,-35.53841940642027],[-58.015688194064296,-35.53862224871441],[-58.01578016853094,-35.53870171003262]]]}},{"type":"Feature","properties":{"CCA":"02705000000000000000000000000000000022300A000337","ARA1":421.52,"SAG":"ARBA","PARTIDO":"027","CIRC":5,"SECC":null,"CHACRA":null,"CHACRA_L":null,"QUINTA":null,"QUINTA_L":null,"FRACCION":null,"FRACC_L":null,"MANZANA":null,"MANZANA_L":null,"PARCELA":223,"PARCELA_L":"A","SUBPARC":337,"CCA_MADRE":"02705000000000000000000000000000000022300A","NOMENCLA":"Circ. V - Pc. 223A - UF 337"},"geometry":{"type":"Polygon","coordinates":[[[-58.015206013487436,-35.53864711191204],[-58.01486025872067,-35.53850453774113],[-58.01480404561985,-35.538602375486484],[-58.015149798471114,-35.538745039902935],[-58.015206013487436,-35.53864711191204]]]}},{"type":"Feature","properties":{"CCA":"02705000000000000000000000000000000022300A000397","ARA1":428.36,"SAG":"ARBA","PARTIDO":"027","CIRC":5,"SECC":null,"CHACRA":null,"CHACRA_L":null,"QUINTA":null,"QUINTA_L":null,"FRACCION":null,"FRACC_L":null,"MANZANA":null,"MANZANA_L":null,"PARCELA":223,"PARCELA_L":"A","SUBPARC":397,"CCA_MADRE":"02705000000000000000000000000000000022300A","NOMENCLA":"Circ. V - Pc. 223A - UF 397"},"geometry":{"type":"Polygon","coordinates":[[[-58.016609485154206,-35.543436897936985],[-58.01634680646109,-35.543201707213086],[-58.01624591554576,-35.543278084433126],[-58.01651487027836,-35.543509143350946],[-58.016609485154206,-35.543436897936985]]]}},{"type":"Feature","properties":{"CCA":"02705000000000000000000000000000000022300A000196","ARA1":431.97,"SAG":"ARBA","PARTIDO":"027","CIRC":5,"SECC":null,"CHACRA":null,"CHACRA_L":null,"QUINTA":null,"QUINTA_L":null,"FRACCION":null,"FRACC_L":null,"MANZANA":null,"MANZANA_L":null,"PARCELA":223,"PARCELA_L":"A","SUBPARC":196,"CCA_MADRE":"02705000000000000000000000000000000022300A","NOMENCLA":"Circ. V - Pc. 223A - UF 196"},"geometry":{"type":"Polygon","coordinates":[[[-58.01128774356746,-35.5374781171019],[-58.0114075548292,-35.53752388822947],[-58.01157871804631,-35.537231232418975],[-58.01145890710644,-35.53718546147046],[-58.01128774356746,-35.5374781171019]]]}},{"type":"Feature","properties":{"CCA":"02705000000000000000000000000000000022300A000569","ARA1":528.24,"SAG":"ARBA","PARTIDO":"027","CIRC":5,"SECC":null,"CHACRA":null,"CHACRA_L":null,"QUINTA":null,"QUINTA_L":null,"FRACCION":null,"FRACC_L":null,"MANZANA":null,"MANZANA_L":null,"PARCELA":223,"PARCELA_L":"A","SUBPARC":569,"CCA_MADRE":"02705000000000000000000000000000000022300A","NOMENCLA":"Circ. V - Pc. 223A - UF 569"},"geometry":{"type":"Polygon","coordinates":[[[-58.01315156593471,-35.54296210138357],[-58.01318512485303,-35.54297382845727],[-58.013269599457935,-35.54300432707871],[-58.01327323046141,-35.54284822190509],[-58.013280292369586,-35.5425441183766],[-58.01316106341029,-35.54254143239932],[-58.01315156593471,-35.54296210138357]]]}},{"type":"Feature","properties":{"CCA":"02705000000000000000000000000000000022300A000546","ARA1":374.65,"SAG":"ARBA","PARTIDO":"027","CIRC":5,"SECC":null,"CHACRA":null,"CHACRA_L":null,"QUINTA":null,"QUINTA_L":null,"FRACCION":null,"FRACC_L":null,"MANZANA":null,"MANZANA_L":null,"PARCELA":223,"PARCELA_L":"A","SUBPARC":546,"CCA_MADRE":"02705000000000000000000000000000000022300A","NOMENCLA":"Circ. V - Pc. 223A - UF 546"},"geometry":{"type":"Polygon","coordinates":[[[-58.01182200501339,-35.542528816363905],[-58.01158982129141,-35.54233187559447],[-58.011557805891314,-35.542369284860996],[-58.01153463166884,-35.542405848720804],[-58.0115181199249,-35.542436034377275],[-58.01151145906135,-35.542464670391304],[-58.011505559753125,-35.54249818504249],[-58.01150701211337,-35.542528667027106],[-58.01150800219173,-35.542546615747725],[-58.01182200501339,-35.542528816363905]]]}},{"type":"Feature","properties":{"CCA":"02705000000000000000000000000000000022300A000309","ARA1":538.87,"SAG":"ARBA","PARTIDO":"027","CIRC":5,"SECC":null,"CHACRA":null,"CHACRA_L":null,"QUINTA":null,"QUINTA_L":null,"FRACCION":null,"FRACC_L":null,"MANZANA":null,"MANZANA_L":null,"PARCELA":223,"PARCELA_L":"A","SUBPARC":309,"CCA_MADRE":"02705000000000000000000000000000000022300A","NOMENCLA":"Circ. V - Pc. 223A - UF 309"},"geometry":{"type":"Polygon","coordinates":[[[-58.015534391340886,-35.5374680774902],[-58.016010150876895,-35.537390301171435],[-58.01600391153637,-35.53728107206442],[-58.01550878062971,-35.5373620438822],[-58.015534391340886,-35.5374680774902]]]}},{"type":"Feature","properties":{"CCA":"02705000000000000000000000000000000022300A000518","ARA1":508.98,"SAG":"ARBA","PARTIDO":"027","CIRC":5,"SECC":null,"CHACRA":null,"CHACRA_L":null,"QUINTA":null,"QUINTA_L":null,"FRACCION":null,"FRACC_L":null,"MANZANA":null,"MANZANA_L":null,"PARCELA":223,"PARCELA_L":"A","SUBPARC":518,"CCA_MADRE":"02705000000000000000000000000000000022300A","NOMENCLA":"Circ. V - Pc. 223A - UF 518"},"geometry":{"type":"Polygon","coordinates":[[[-58.011692580940895,-35.53999190646196],[-58.01160703085364,-35.54036680534997],[-58.011736958109246,-35.54038706098675],[-58.01182287382053,-35.54001072622765],[-58.011692580940895,-35.53999190646196]]]}},{"type":"Feature","properties":{"CCA":"02705000000000000000000000000000000022300A000095","ARA1":418.63,"SAG":"ARBA","PARTIDO":"027","CIRC":5,"SECC":null,"CHACRA":null,"CHACRA_L":null,"QUINTA":null,"QUINTA_L":null,"FRACCION":null,"FRACC_L":null,"MANZANA":null,"MANZANA_L":null,"PARCELA":223,"PARCELA_L":"A","SUBPARC":95,"CCA_MADRE":"02705000000000000000000000000000000022300A","NOMENCLA":"Circ. V - Pc. 223A - UF 95"},"geometry":{"type":"Polygon","coordinates":[[[-58.011312238253964,-35.54044637796938],[-58.01118255369084,-35.5404252247533],[-58.011107245298646,-35.54073351880729],[-58.0112369303308,-35.540754672118865],[-58.011312238253964,-35.54044637796938]]]}},{"type":"Feature","properties":{"CCA":"02705000000000000000000000000000000022300A000392","ARA1":439.91,"SAG":"ARBA","PARTIDO":"027","CIRC":5,"SECC":null,"CHACRA":null,"CHACRA_L":null,"QUINTA":null,"QUINTA_L":null,"FRACCION":null,"FRACC_L":null,"MANZANA":null,"MANZANA_L":null,"PARCELA":223,"PARCELA_L":"A","SUBPARC":392,"CCA_MADRE":"02705000000000000000000000000000000022300A","NOMENCLA":"Circ. V - Pc. 223A - UF 392"},"geometry":{"type":"Polygon","coordinates":[[[-58.015753578450244,-35.543651337638394],[-58.01601452811727,-35.54388956500675],[-58.01611463967979,-35.543813535627024],[-58.01585368994154,-35.543575308471006],[-58.015753578450244,-35.543651337638394]]]}},{"type":"Feature","properties":{"CCA":"02705000000000000000000000000000000022300A000136","ARA1":416.47,"SAG":"ARBA","PARTIDO":"027","CIRC":5,"SECC":null,"CHACRA":null,"CHACRA_L":null,"QUINTA":null,"QUINTA_L":null,"FRACCION":null,"FRACC_L":null,"MANZANA":null,"MANZANA_L":null,"PARCELA":223,"PARCELA_L":"A","SUBPARC":136,"CCA_MADRE":"02705000000000000000000000000000000022300A","NOMENCLA":"Circ. V - Pc. 223A - UF 136"},"geometry":{"type":"Polygon","coordinates":[[[-58.012851579888554,-35.5433009358496],[-58.01273037897198,-35.543257486063524],[-58.01257700202345,-35.54354385814764],[-58.01269820549654,-35.54358721802146],[-58.012851579888554,-35.5433009358496]]]}},{"type":"Feature","properties":{"CCA":"02705000000000000000000000000000000022300A000458","ARA1":432.08,"SAG":"ARBA","PARTIDO":"027","CIRC":5,"SECC":null,"CHACRA":null,"CHACRA_L":null,"QUINTA":null,"QUINTA_L":null,"FRACCION":null,"FRACC_L":null,"MANZANA":null,"MANZANA_L":null,"PARCELA":223,"PARCELA_L":"A","SUBPARC":458,"CCA_MADRE":"02705000000000000000000000000000000022300A","NOMENCLA":"Circ. V - Pc. 223A - UF 458"},"geometry":{"type":"Polygon","coordinates":[[[-58.012654317373595,-35.53859723321528],[-58.0127840522604,-35.538576032728145],[-58.012706236361375,-35.53825800423401],[-58.012576501974706,-35.53827920465435],[-58.012654317373595,-35.53859723321528]]]}},{"type":"Feature","properties":{"CCA":"02705000000000000000000000000000000022300A000499","ARA1":572.85,"SAG":"ARBA","PARTIDO":"027","CIRC":5,"SECC":null,"CHACRA":null,"CHACRA_L":null,"QUINTA":null,"QUINTA_L":null,"FRACCION":null,"FRACC_L":null,"MANZANA":null,"MANZANA_L":null,"PARCELA":223,"PARCELA_L":"A","SUBPARC":499,"CCA_MADRE":"02705000000000000000000000000000000022300A","NOMENCLA":"Circ. V - Pc. 223A - UF 499"},"geometry":{"type":"Polygon","coordinates":[[[-58.01385356747063,-35.53884912750188],[-58.013723832366054,-35.53887032913443],[-58.013822289043674,-35.539272501801506],[-58.01387204535745,-35.539280080015956],[-58.01392373070345,-35.539285437176126],[-58.013960640542656,-35.53928640571295],[-58.01385356747063,-35.53884912750188]]]}},{"type":"Feature","properties":{"CCA":"02705000000000000000000000000000000022300A000237","ARA1":432.0,"SAG":"ARBA","PARTIDO":"027","CIRC":5,"SECC":null,"CHACRA":null,"CHACRA_L":null,"QUINTA":null,"QUINTA_L":null,"FRACCION":null,"FRACC_L":null,"MANZANA":null,"MANZANA_L":null,"PARCELA":223,"PARCELA_L":"A","SUBPARC":237,"CCA_MADRE":"02705000000000000000000000000000000022300A","NOMENCLA":"Circ. V - Pc. 223A - UF 237"},"geometry":{"type":"Polygon","coordinates":[[[-58.01278270445463,-35.53987723604181],[-58.012855397999544,-35.53955844462527],[-58.012851115545246,-35.53955774324528],[-58.01272535041217,-35.539538638788905],[-58.01265265637773,-35.53985743011186],[-58.01278270445463,-35.53987723604181]]]}},{"type":"Feature","properties":{"CCA":"02705000000000000000000000000000000022300A000032","ARA1":540.13,"SAG":"ARBA","PARTIDO":"027","CIRC":5,"SECC":null,"CHACRA":null,"CHACRA_L":null,"QUINTA":null,"QUINTA_L":null,"FRACCION":null,"FRACC_L":null,"MANZANA":null,"MANZANA_L":null,"PARCELA":223,"PARCELA_L":"A","SUBPARC":32,"CCA_MADRE":"02705000000000000000000000000000000022300A","NOMENCLA":"Circ. V - Pc. 223A - UF 32"},"geometry":{"type":"Polygon","coordinates":[[[-58.01408374819375,-35.5367350929973],[-58.013954016571454,-35.53675629499697],[-58.014051263181834,-35.537153851899475],[-58.0141809954293,-35.53713264981632],[-58.01408374819375,-35.5367350929973]]]}},{"type":"Feature","properties":{"CCA":"02705000000000000000000000000000000022300A000129","ARA1":416.32,"SAG":"ARBA","PARTIDO":"027","CIRC":5,"SECC":null,"CHACRA":null,"CHACRA_L":null,"QUINTA":null,"QUINTA_L":null,"FRACCION":null,"FRACC_L":null,"MANZANA":null,"MANZANA_L":null,"PARCELA":223,"PARCELA_L":"A","SUBPARC":129,"CCA_MADRE":"02705000000000000000000000000000000022300A","NOMENCLA":"Circ. V - Pc. 223A - UF 129"},"geometry":{"type":"Polygon","coordinates":[[[-58.012003385621796,-35.54299723888404],[-58.01188229363989,-35.54295388016588],[-58.01172880414692,-35.5432402492872],[-58.011850006672454,-35.54328360998666],[-58.012003385621796,-35.54299723888404]]]}},{"type":"Feature","properties":{"CCA":"02705000000000000000000000000000000022300A000003","ARA1":721.85,"SAG":"ARBA","PARTIDO":"027","CIRC":5,"SECC":null,"CHACRA":null,"CHACRA_L":null,"QUINTA":null,"QUINTA_L":null,"FRACCION":null,"FRACC_L":null,"MANZANA":null,"MANZANA_L":null,"PARCELA":223,"PARCELA_L":"A","SUBPARC":3,"CCA_MADRE":"02705000000000000000000000000000000022300A","NOMENCLA":"Circ. V - Pc. 223A - UF 3"},"geometry":{"type":"Polygon","coordinates":[[[-58.01819129725051,-35.536063583236384],[-58.018054704090694,-35.53608593847149],[-58.01810685274933,-35.53661900142238],[-58.01823281018646,-35.53661224102929],[-58.01819129725051,-35.536063583236384]]]}},{"type":"Feature","properties":{"CCA":"02705000000000000000000000000000000022300A000586","ARA1":578.6,"SAG":"ARBA","PARTIDO":"027","CIRC":5,"SECC":null,"CHACRA":null,"CHACRA_L":null,"QUINTA":null,"QUINTA_L":null,"FRACCION":null,"FRACC_L":null,"MANZANA":null,"MANZANA_L":null,"PARCELA":223,"PARCELA_L":"A","SUBPARC":586,"CCA_MADRE":"02705000000000000000000000000000000022300A","NOMENCLA":"Circ. V - Pc. 223A - UF 586"},"geometry":{"type":"Polygon","coordinates":[[[-58.0130522072835,-35.54180558144976],[-58.01300946555703,-35.54191580547671],[-58.013177062774375,-35.54191532384239],[-58.013558308926704,-35.541915749539065],[-58.01355788947843,-35.54180760756649],[-58.0130522072835,-35.54180558144976]]]}},{"type":"Feature","properties":{"CCA":"02705000000000000000000000000000000022300A000395","ARA1":438.7,"SAG":"ARBA","PARTIDO":"027","CIRC":5,"SECC":null,"CHACRA":null,"CHACRA_L":null,"QUINTA":null,"QUINTA_L":null,"FRACCION":null,"FRACC_L":null,"MANZANA":null,"MANZANA_L":null,"PARCELA":223,"PARCELA_L":"A","SUBPARC":395,"CCA_MADRE":"02705000000000000000000000000000000022300A","NOMENCLA":"Circ. V - Pc. 223A - UF 395"},"geometry":{"type":"Polygon","coordinates":[[[-58.016414644821225,-35.543585351429876],[-58.01615434503969,-35.54334758617322],[-58.01605412612231,-35.54342352372153],[-58.01631475646591,-35.5436612946312],[-58.016414644821225,-35.543585351429876]]]}},{"type":"Feature","properties":{"CCA":"02705000000000000000000000000000000022300A000183","ARA1":432.08,"SAG":"ARBA","PARTIDO":"027","CIRC":5,"SECC":null,"CHACRA":null,"CHACRA_L":null,"QUINTA":null,"QUINTA_L":null,"FRACCION":null,"FRACC_L":null,"MANZANA":null,"MANZANA_L":null,"PARCELA":223,"PARCELA_L":"A","SUBPARC":183,"CCA_MADRE":"02705000000000000000000000000000000022300A","NOMENCLA":"Circ. V - Pc. 223A - UF 183"},"geometry":{"type":"Polygon","coordinates":[[[-58.013173809461506,-35.537743688997764],[-58.01330354285225,-35.53772248789951],[-58.013225725546235,-35.53740445965869],[-58.01309599265561,-35.53742566069017],[-58.013173809461506,-35.537743688997764]]]}},{"type":"Feature","properties":{"CCA":"027020A00010000000000000300000000000001000000020","ARA1":202.39,"SAG":"ARBA","PARTIDO":"027","CIRC":2,"SECC":"A","CHACRA":1,"CHACRA_L":null,"QUINTA":null,"QUINTA_L":null,"FRACCION":3,"FRACC_L":null,"MANZANA":null,"MANZANA_L":null,"PARCELA":1,"PARCELA_L":null,"SUBPARC":20,"CCA_MADRE":"027020A00010000000000000300000000000001000","NOMENCLA":"Circ. II - Secc. A - Ch. 1 - Fr. 3 - Pc. 1 - UF 20"},"geometry":{"type":"Polygon","coordinates":[[[-58.03506168175331,-35.56037265049729],[-58.035149785058024,-35.560427253356806],[-58.03528453460612,-35.560283197196675],[-58.035196332119526,-35.56022814225529],[-58.03506168175331,-35.56037265049729]]]}},{"type":"Feature","properties":{"CCA":"02705000000000000000000000000000000022300A000086","ARA1":1309.37,"SAG":"ARBA","PARTIDO":"027","CIRC":5,"SECC":null,"CHACRA":null,"CHACRA_L":null,"QUINTA":null,"QUINTA_L":null,"FRACCION":null,"FRACC_L":null,"MANZANA":null,"MANZANA_L":null,"PARCELA":223,"PARCELA_L":"A","SUBPARC":86,"CCA_MADRE":"02705000000000000000000000000000000022300A","NOMENCLA":"Circ. V - Pc. 223A - UF 86"},"geometry":{"type":"Polygon","coordinates":[[[-58.01008407109792,-35.54023083685995],[-58.0100336920863,-35.54018152470641],[-58.010008814107266,-35.54012641573624],[-58.00949484996797,-35.5403171689935],[-58.009477151211115,-35.540466733832325],[-58.009796584291955,-35.540518866457354],[-58.01008407109792,-35.54023083685995]]]}},{"type":"Feature","properties":{"CCA":"02705000000000000000000000000000000022300A000460","ARA1":864.02,"SAG":"ARBA","PARTIDO":"027","CIRC":5,"SECC":null,"CHACRA":null,"CHACRA_L":null,"QUINTA":null,"QUINTA_L":null,"FRACCION":null,"FRACC_L":null,"MANZANA":null,"MANZANA_L":null,"PARCELA":223,"PARCELA_L":"A","SUBPARC":460,"CCA_MADRE":"02705000000000000000000000000000000022300A","NOMENCLA":"Circ. V - Pc. 223A - UF 460"},"geometry":{"type":"Polygon","coordinates":[[[-58.012394957618675,-35.53863963558069],[-58.012524582424966,-35.53861843356046],[-58.012446769749204,-35.53830031485682],[-58.01235275775516,-35.538316967571845],[-58.012301700408464,-35.53832639856503],[-58.01224772757557,-35.53833334842408],[-58.01220345515559,-35.53867090100725],[-58.012394957618675,-35.53863963558069]]]}},{"type":"Feature","properties":{"CCA":"02705000000000000000000000000000000022300A000041","ARA1":539.39,"SAG":"ARBA","PARTIDO":"027","CIRC":5,"SECC":null,"CHACRA":null,"CHACRA_L":null,"QUINTA":null,"QUINTA_L":null,"FRACCION":null,"FRACC_L":null,"MANZANA":null,"MANZANA_L":null,"PARCELA":223,"PARCELA_L":"A","SUBPARC":41,"CCA_MADRE":"02705000000000000000000000000000000022300A","NOMENCLA":"Circ. V - Pc. 223A - UF 41"},"geometry":{"type":"Polygon","coordinates":[[[-58.01291638177102,-35.536925909517265],[-58.012786856661364,-35.536947654328586],[-58.0128840007797,-35.53734466970949],[-58.01301362338112,-35.53732346708716],[-58.01291638177102,-35.536925909517265]]]}},{"type":"Feature","properties":{"CCA":"02705000000000000000000000000000000022300A000154","ARA1":477.27,"SAG":"ARBA","PARTIDO":"027","CIRC":5,"SECC":null,"CHACRA":null,"CHACRA_L":null,"QUINTA":null,"QUINTA_L":null,"FRACCION":null,"FRACC_L":null,"MANZANA":null,"MANZANA_L":null,"PARCELA":223,"PARCELA_L":"A","SUBPARC":154,"CCA_MADRE":"02705000000000000000000000000000000022300A","NOMENCLA":"Circ. V - Pc. 223A - UF 154"},"geometry":{"type":"Polygon","coordinates":[[[-58.01503259161611,-35.5440816497978],[-58.014911498472394,-35.544038203949576],[-58.01473882931471,-35.54436048639259],[-58.014853563580544,-35.544415902778994],[-58.01503259161611,-35.5440816497978]]]}},{"type":"Feature","properties":{"CCA":"02705000000000000000000000000000000022300A000134","ARA1":416.32,"SAG":"ARBA","PARTIDO":"027","CIRC":5,"SECC":null,"CHACRA":null,"CHACRA_L":null,"QUINTA":null,"QUINTA_L":null,"FRACCION":null,"FRACC_L":null,"MANZANA":null,"MANZANA_L":null,"PARCELA":223,"PARCELA_L":"A","SUBPARC":134,"CCA_MADRE":"02705000000000000000000000000000000022300A","NOMENCLA":"Circ. V - Pc. 223A - UF 134"},"geometry":{"type":"Polygon","coordinates":[[[-58.01260928617831,-35.543214128052355],[-58.01248808330947,-35.543170768106286],[-58.01233470569408,-35.5434571398633],[-58.01245579868571,-35.5435004981558],[-58.01260928617831,-35.543214128052355]]]}},{"type":"Feature","properties":{"CCA":"02705000000000000000000000000000000022300A000207","ARA1":447.4,"SAG":"ARBA","PARTIDO":"027","CIRC":5,"SECC":null,"CHACRA":null,"CHACRA_L":null,"QUINTA":null,"QUINTA_L":null,"FRACCION":null,"FRACC_L":null,"MANZANA":null,"MANZANA_L":null,"PARCELA":223,"PARCELA_L":"A","SUBPARC":207,"CCA_MADRE":"02705000000000000000000000000000000022300A","NOMENCLA":"Circ. V - Pc. 223A - UF 207"},"geometry":{"type":"Polygon","coordinates":[[[-58.010828674805715,-35.53798247258687],[-58.01083447799094,-35.53793498891408],[-58.01084206753557,-35.53787320681998],[-58.01043628197869,-35.53784046799623],[-58.01042304118939,-35.53794802407907],[-58.010828674805715,-35.53798247258687]]]}},{"type":"Feature","properties":{"CCA":"02705000000000000000000000000000000022300A000420","ARA1":407.58,"SAG":"ARBA","PARTIDO":"027","CIRC":5,"SECC":null,"CHACRA":null,"CHACRA_L":null,"QUINTA":null,"QUINTA_L":null,"FRACCION":null,"FRACC_L":null,"MANZANA":null,"MANZANA_L":null,"PARCELA":223,"PARCELA_L":"A","SUBPARC":420,"CCA_MADRE":"02705000000000000000000000000000000022300A","NOMENCLA":"Circ. V - Pc. 223A - UF 420"},"geometry":{"type":"Polygon","coordinates":[[[-58.01774831760824,-35.540601673546995],[-58.01774102824447,-35.54070968885264],[-58.018115253509016,-35.54072638508221],[-58.01812253350717,-35.54061873004286],[-58.01774831760824,-35.540601673546995]]]}},{"type":"Feature","properties":{"CCA":"02705000000000000000000000000000000022300A000500","ARA1":517.22,"SAG":"ARBA","PARTIDO":"027","CIRC":5,"SECC":null,"CHACRA":null,"CHACRA_L":null,"QUINTA":null,"QUINTA_L":null,"FRACCION":null,"FRACC_L":null,"MANZANA":null,"MANZANA_L":null,"PARCELA":223,"PARCELA_L":"A","SUBPARC":500,"CCA_MADRE":"02705000000000000000000000000000000022300A","NOMENCLA":"Circ. V - Pc. 223A - UF 500"},"geometry":{"type":"Polygon","coordinates":[[[-58.013723832366054,-35.53887032913443],[-58.01359420740422,-35.53889153244096],[-58.01368213830475,-35.539251088740926],[-58.013822289043674,-35.539272501801506],[-58.013723832366054,-35.53887032913443]]]}},{"type":"Feature","properties":{"CCA":"02705000000000000000000000000000000022300A000477","ARA1":431.73,"SAG":"ARBA","PARTIDO":"027","CIRC":5,"SECC":null,"CHACRA":null,"CHACRA_L":null,"QUINTA":null,"QUINTA_L":null,"FRACCION":null,"FRACC_L":null,"MANZANA":null,"MANZANA_L":null,"PARCELA":223,"PARCELA_L":"A","SUBPARC":477,"CCA_MADRE":"02705000000000000000000000000000000022300A","NOMENCLA":"Circ. V - Pc. 223A - UF 477"},"geometry":{"type":"Polygon","coordinates":[[[-58.012524582424966,-35.53861843356046],[-58.012394957618675,-35.53863963558069],[-58.01247277257398,-35.538957664228974],[-58.01260239787999,-35.53893646214204],[-58.012524582424966,-35.53861843356046]]]}},{"type":"Feature","properties":{"CCA":"02705000000000000000000000000000000022300A000110","ARA1":419.42,"SAG":"ARBA","PARTIDO":"027","CIRC":5,"SECC":null,"CHACRA":null,"CHACRA_L":null,"QUINTA":null,"QUINTA_L":null,"FRACCION":null,"FRACC_L":null,"MANZANA":null,"MANZANA_L":null,"PARCELA":223,"PARCELA_L":"A","SUBPARC":110,"CCA_MADRE":"02705000000000000000000000000000000022300A","NOMENCLA":"Circ. V - Pc. 223A - UF 110"},"geometry":{"type":"Polygon","coordinates":[[[-58.01253425229217,-35.5414475865777],[-58.01263067586283,-35.541373571856035],[-58.01236431337593,-35.5411454308235],[-58.012268645744214,-35.54122008858733],[-58.01253425229217,-35.5414475865777]]]}},{"type":"Feature","properties":{"CCA":"02705000000000000000000000000000000022300A000501","ARA1":458.44,"SAG":"ARBA","PARTIDO":"027","CIRC":5,"SECC":null,"CHACRA":null,"CHACRA_L":null,"QUINTA":null,"QUINTA_L":null,"FRACCION":null,"FRACC_L":null,"MANZANA":null,"MANZANA_L":null,"PARCELA":223,"PARCELA_L":"A","SUBPARC":501,"CCA_MADRE":"02705000000000000000000000000000000022300A","NOMENCLA":"Circ. V - Pc. 223A - UF 501"},"geometry":{"type":"Polygon","coordinates":[[[-58.01354275463973,-35.53922986838347],[-58.01368213830475,-35.539251088740926],[-58.01359420740422,-35.53889153244096],[-58.01346447217599,-35.53891273378973],[-58.01354275463973,-35.53922986838347]]]}},{"type":"Feature","properties":{"CCA":"02705000000000000000000000000000000022300A000325","ARA1":420.07,"SAG":"ARBA","PARTIDO":"027","CIRC":5,"SECC":null,"CHACRA":null,"CHACRA_L":null,"QUINTA":null,"QUINTA_L":null,"FRACCION":null,"FRACC_L":null,"MANZANA":null,"MANZANA_L":null,"PARCELA":223,"PARCELA_L":"A","SUBPARC":325,"CCA_MADRE":"02705000000000000000000000000000000022300A","NOMENCLA":"Circ. V - Pc. 223A - UF 325"},"geometry":{"type":"Polygon","coordinates":[[[-58.01587117796733,-35.5387800740477],[-58.016166483245144,-35.538576323297875],[-58.016075255541686,-35.538497865798064],[-58.01578016853094,-35.53870171003262],[-58.01587117796733,-35.5387800740477]]]}},{"type":"Feature","properties":{"CCA":"02705000000000000000000000000000000022300A000176","ARA1":432.08,"SAG":"ARBA","PARTIDO":"027","CIRC":5,"SECC":null,"CHACRA":null,"CHACRA_L":null,"QUINTA":null,"QUINTA_L":null,"FRACCION":null,"FRACC_L":null,"MANZANA":null,"MANZANA_L":null,"PARCELA":223,"PARCELA_L":"A","SUBPARC":176,"CCA_MADRE":"02705000000000000000000000000000000022300A","NOMENCLA":"Circ. V - Pc. 223A - UF 176"},"geometry":{"type":"Polygon","coordinates":[[[-58.01408172149266,-35.5375952746981],[-58.01421145445066,-35.5375740726064],[-58.01413363364476,-35.53725604483295],[-58.014003901186854,-35.53727724685786],[-58.01408172149266,-35.5375952746981]]]}},{"type":"Feature","properties":{"CCA":"027020A00010000000000000300000000000001000000004","ARA1":197.61,"SAG":"ARBA","PARTIDO":"027","CIRC":2,"SECC":"A","CHACRA":1,"CHACRA_L":null,"QUINTA":null,"QUINTA_L":null,"FRACCION":3,"FRACC_L":null,"MANZANA":null,"MANZANA_L":null,"PARCELA":1,"PARCELA_L":null,"SUBPARC":4,"CCA_MADRE":"027020A00010000000000000300000000000001000","NOMENCLA":"Circ. II - Secc. A - Ch. 1 - Fr. 3 - Pc. 1 - UF 4"},"geometry":{"type":"Polygon","coordinates":[[[-58.033800091785885,-35.56006101145173],[-58.03386689538955,-35.559989830910126],[-58.03369276851313,-35.55988137811771],[-58.033626180922155,-35.559952742312504],[-58.033800091785885,-35.56006101145173]]]}},{"type":"Feature","properties":{"CCA":"02705000000000000000000000000000000022300A000530","ARA1":499.29,"SAG":"ARBA","PARTIDO":"027","CIRC":5,"SECC":null,"CHACRA":null,"CHACRA_L":null,"QUINTA":null,"QUINTA_L":null,"FRACCION":null,"FRACC_L":null,"MANZANA":null,"MANZANA_L":null,"PARCELA":223,"PARCELA_L":"A","SUBPARC":530,"CCA_MADRE":"02705000000000000000000000000000000022300A","NOMENCLA":"Circ. V - Pc. 223A - UF 530"},"geometry":{"type":"Polygon","coordinates":[[[-58.01329656278766,-35.54129921138115],[-58.01343309213724,-35.54101616504149],[-58.013405616715886,-35.54100814280276],[-58.013375837155394,-35.54100413765089],[-58.0133409915988,-35.541004374405745],[-58.01330453424967,-35.54100737807659],[-58.01327895097691,-35.54101650837861],[-58.0132470471872,-35.5410315720479],[-58.013104609590556,-35.5411429464873],[-58.01329656278766,-35.54129921138115]]]}},{"type":"Feature","properties":{"CCA":"02705000000000000000000000000000000022300A000328","ARA1":422.53,"SAG":"ARBA","PARTIDO":"027","CIRC":5,"SECC":null,"CHACRA":null,"CHACRA_L":null,"QUINTA":null,"QUINTA_L":null,"FRACCION":null,"FRACC_L":null,"MANZANA":null,"MANZANA_L":null,"PARCELA":223,"PARCELA_L":"A","SUBPARC":328,"CCA_MADRE":"02705000000000000000000000000000000022300A","NOMENCLA":"Circ. V - Pc. 223A - UF 328"},"geometry":{"type":"Polygon","coordinates":[[[-58.01559817460245,-35.53854399097347],[-58.015892582478294,-35.53834085690193],[-58.01580124288447,-35.53826248747139],[-58.015504750084816,-35.53846522655077],[-58.01559817460245,-35.53854399097347]]]}},{"type":"Feature","properties":{"CCA":"02705000000000000000000000000000000022300A000016","ARA1":836.38,"SAG":"ARBA","PARTIDO":"027","CIRC":5,"SECC":null,"CHACRA":null,"CHACRA_L":null,"QUINTA":null,"QUINTA_L":null,"FRACCION":null,"FRACC_L":null,"MANZANA":null,"MANZANA_L":null,"PARCELA":223,"PARCELA_L":"A","SUBPARC":16,"CCA_MADRE":"02705000000000000000000000000000000022300A","NOMENCLA":"Circ. V - Pc. 223A - UF 16"},"geometry":{"type":"Polygon","coordinates":[[[-58.01651664935037,-35.53633737884021],[-58.01631329781379,-35.536371069240836],[-58.016348897543416,-35.53678328969302],[-58.016532931691735,-35.53677748669082],[-58.01651664935037,-35.53633737884021]]]}},{"type":"Feature","properties":{"CCA":"02705000000000000000000000000000000022300A000559","ARA1":451.16,"SAG":"ARBA","PARTIDO":"027","CIRC":5,"SECC":null,"CHACRA":null,"CHACRA_L":null,"QUINTA":null,"QUINTA_L":null,"FRACCION":null,"FRACC_L":null,"MANZANA":null,"MANZANA_L":null,"PARCELA":223,"PARCELA_L":"A","SUBPARC":559,"CCA_MADRE":"02705000000000000000000000000000000022300A","NOMENCLA":"Circ. V - Pc. 223A - UF 559"},"geometry":{"type":"Polygon","coordinates":[[[-58.01318512485303,-35.54297382845727],[-58.01303188252131,-35.54325930226059],[-58.013161492044034,-35.5433060442766],[-58.01331844338838,-35.54302216334501],[-58.013269599457935,-35.54300432707871],[-58.01318512485303,-35.54297382845727]]]}},{"type":"Feature","properties":{"CCA":"02705000000000000000000000000000000022300A000536","ARA1":636.42,"SAG":"ARBA","PARTIDO":"027","CIRC":5,"SECC":null,"CHACRA":null,"CHACRA_L":null,"QUINTA":null,"QUINTA_L":null,"FRACCION":null,"FRACC_L":null,"MANZANA":null,"MANZANA_L":null,"PARCELA":223,"PARCELA_L":"A","SUBPARC":536,"CCA_MADRE":"02705000000000000000000000000000000022300A","NOMENCLA":"Circ. V - Pc. 223A - UF 536"},"geometry":{"type":"Polygon","coordinates":[[[-58.01300946555703,-35.54191580547671],[-58.01256787672078,-35.54156384543806],[-58.01247062804389,-35.541640009199625],[-58.012891624483515,-35.54196414582034],[-58.01300946555703,-35.54191580547671]]]}},{"type":"Feature","properties":{"CCA":"02705000000000000000000000000000000022300A000256","ARA1":431.66,"SAG":"ARBA","PARTIDO":"027","CIRC":5,"SECC":null,"CHACRA":null,"CHACRA_L":null,"QUINTA":null,"QUINTA_L":null,"FRACCION":null,"FRACC_L":null,"MANZANA":null,"MANZANA_L":null,"PARCELA":223,"PARCELA_L":"A","SUBPARC":256,"CCA_MADRE":"02705000000000000000000000000000000022300A","NOMENCLA":"Circ. V - Pc. 223A - UF 256"},"geometry":{"type":"Polygon","coordinates":[[[-58.012335320501926,-35.53947913219092],[-58.01246536787749,-35.53949893844219],[-58.01253794315893,-35.53918050571471],[-58.012408015369445,-35.53916034107022],[-58.012335320501926,-35.53947913219092]]]}},{"type":"Feature","properties":{"CCA":"02705000000000000000000000000000000022300A000257","ARA1":431.96,"SAG":"ARBA","PARTIDO":"027","CIRC":5,"SECC":null,"CHACRA":null,"CHACRA_L":null,"QUINTA":null,"QUINTA_L":null,"FRACCION":null,"FRACC_L":null,"MANZANA":null,"MANZANA_L":null,"PARCELA":223,"PARCELA_L":"A","SUBPARC":257,"CCA_MADRE":"02705000000000000000000000000000000022300A","NOMENCLA":"Circ. V - Pc. 223A - UF 257"},"geometry":{"type":"Polygon","coordinates":[[[-58.012335320501926,-35.53947913219092],[-58.012408015369445,-35.53916034107022],[-58.01227796855394,-35.53914053477421],[-58.01220527319692,-35.53945932580132],[-58.012335320501926,-35.53947913219092]]]}},{"type":"Feature","properties":{"CCA":"02705000000000000000000000000000000022300A000051","ARA1":547.45,"SAG":"ARBA","PARTIDO":"027","CIRC":5,"SECC":null,"CHACRA":null,"CHACRA_L":null,"QUINTA":null,"QUINTA_L":null,"FRACCION":null,"FRACC_L":null,"MANZANA":null,"MANZANA_L":null,"PARCELA":223,"PARCELA_L":"A","SUBPARC":51,"CCA_MADRE":"02705000000000000000000000000000000022300A","NOMENCLA":"Circ. V - Pc. 223A - UF 51"},"geometry":{"type":"Polygon","coordinates":[[[-58.01185631225695,-35.536749202820104],[-58.01173639164844,-35.53670343034479],[-58.01152357607004,-35.53707568970625],[-58.01164338688944,-35.53712146058716],[-58.01185631225695,-35.536749202820104]]]}},{"type":"Feature","properties":{"CCA":"02705000000000000000000000000000000022300A000404","ARA1":438.42,"SAG":"ARBA","PARTIDO":"027","CIRC":5,"SECC":null,"CHACRA":null,"CHACRA_L":null,"QUINTA":null,"QUINTA_L":null,"FRACCION":null,"FRACC_L":null,"MANZANA":null,"MANZANA_L":null,"PARCELA":223,"PARCELA_L":"A","SUBPARC":404,"CCA_MADRE":"02705000000000000000000000000000000022300A","NOMENCLA":"Circ. V - Pc. 223A - UF 404"},"geometry":{"type":"Polygon","coordinates":[[[-58.01730555003746,-35.5429076730869],[-58.01704395080754,-35.542673402741585],[-58.01694328606863,-35.54274960406826],[-58.01720520920919,-35.54298415029465],[-58.01730555003746,-35.5429076730869]]]}},{"type":"Feature","properties":{"CCA":"02705000000000000000000000000000000022300A000446","ARA1":431.89,"SAG":"ARBA","PARTIDO":"027","CIRC":5,"SECC":null,"CHACRA":null,"CHACRA_L":null,"QUINTA":null,"QUINTA_L":null,"FRACCION":null,"FRACC_L":null,"MANZANA":null,"MANZANA_L":null,"PARCELA":223,"PARCELA_L":"A","SUBPARC":446,"CCA_MADRE":"02705000000000000000000000000000000022300A","NOMENCLA":"Circ. V - Pc. 223A - UF 446"},"geometry":{"type":"Polygon","coordinates":[[[-58.01426271356863,-35.53800358267125],[-58.01413297992383,-35.53802478479473],[-58.014210801323,-35.538342812554404],[-58.014340425264066,-35.53832160854892],[-58.01426271356863,-35.53800358267125]]]}},{"type":"Feature","properties":{"CCA":"027020A00010000000000000300000000000001000000034","ARA1":289.97,"SAG":"ARBA","PARTIDO":"027","CIRC":2,"SECC":"A","CHACRA":1,"CHACRA_L":null,"QUINTA":null,"QUINTA_L":null,"FRACCION":3,"FRACC_L":null,"MANZANA":null,"MANZANA_L":null,"PARCELA":1,"PARCELA_L":null,"SUBPARC":34,"CCA_MADRE":"027020A00010000000000000300000000000001000","NOMENCLA":"Circ. II - Secc. A - Ch. 1 - Fr. 3 - Pc. 1 - UF 34"},"geometry":{"type":"Polygon","coordinates":[[[-58.03437028726211,-35.560000114533885],[-58.03423744802609,-35.560142668900944],[-58.03452743975918,-35.56016244726621],[-58.0345383772333,-35.56016163439511],[-58.03455017875311,-35.56015705088112],[-58.03455793457365,-35.560151049699414],[-58.03456383179678,-35.560144387418894],[-58.034565019711245,-35.56013638676245],[-58.034565319145116,-35.56012864195496],[-58.03456212185761,-35.56011957854626],[-58.03437028726211,-35.560000114533885]]]}},{"type":"Feature","properties":{"CCA":"02705000000000000000000000000000000022300A000245","ARA1":514.25,"SAG":"ARBA","PARTIDO":"027","CIRC":5,"SECC":null,"CHACRA":null,"CHACRA_L":null,"QUINTA":null,"QUINTA_L":null,"FRACCION":null,"FRACC_L":null,"MANZANA":null,"MANZANA_L":null,"PARCELA":223,"PARCELA_L":"A","SUBPARC":245,"CCA_MADRE":"02705000000000000000000000000000000022300A","NOMENCLA":"Circ. V - Pc. 223A - UF 245"},"geometry":{"type":"Polygon","coordinates":[[[-58.01363557257815,-35.53967736499854],[-58.01398167557251,-35.53972992597138],[-58.01399299452965,-35.53969118380953],[-58.01399566498294,-35.53964995623914],[-58.01399444405631,-35.539614521877986],[-58.013988541184965,-35.53958117308573],[-58.01366882370199,-35.53953166016959],[-58.01363557257815,-35.53967736499854]]]}},{"type":"Feature","properties":{"CCA":"02705000000000000000000000000000000022300A000334","ARA1":421.59,"SAG":"ARBA","PARTIDO":"027","CIRC":5,"SECC":null,"CHACRA":null,"CHACRA_L":null,"QUINTA":null,"QUINTA_L":null,"FRACCION":null,"FRACC_L":null,"MANZANA":null,"MANZANA_L":null,"PARCELA":223,"PARCELA_L":"A","SUBPARC":334,"CCA_MADRE":"02705000000000000000000000000000000022300A","NOMENCLA":"Circ. V - Pc. 223A - UF 334"},"geometry":{"type":"Polygon","coordinates":[[[-58.015374655469145,-35.538353417822506],[-58.01502901404023,-35.538210755898625],[-58.01497269115926,-35.53830859192583],[-58.015318440876555,-35.53845134590985],[-58.015374655469145,-35.538353417822506]]]}},{"type":"Feature","properties":{"CCA":"02705000000000000000000000000000000022300A000279","ARA1":432.65,"SAG":"ARBA","PARTIDO":"027","CIRC":5,"SECC":null,"CHACRA":null,"CHACRA_L":null,"QUINTA":null,"QUINTA_L":null,"FRACCION":null,"FRACC_L":null,"MANZANA":null,"MANZANA_L":null,"PARCELA":223,"PARCELA_L":"A","SUBPARC":279,"CCA_MADRE":"02705000000000000000000000000000000022300A","NOMENCLA":"Circ. V - Pc. 223A - UF 279"},"geometry":{"type":"Polygon","coordinates":[[[-58.01200706740122,-35.537752208955695],[-58.01183544813364,-35.538045488626715],[-58.011955370765286,-35.538091261060565],[-58.01212653333514,-35.537798604472414],[-58.01200706740122,-35.537752208955695]]]}},{"type":"Feature","properties":{"CCA":"02705000000000000000000000000000000022300A000587","ARA1":534.45,"SAG":"ARBA","PARTIDO":"027","CIRC":5,"SECC":null,"CHACRA":null,"CHACRA_L":null,"QUINTA":null,"QUINTA_L":null,"FRACCION":null,"FRACC_L":null,"MANZANA":null,"MANZANA_L":null,"PARCELA":223,"PARCELA_L":"A","SUBPARC":587,"CCA_MADRE":"02705000000000000000000000000000000022300A","NOMENCLA":"Circ. V - Pc. 223A - UF 587"},"geometry":{"type":"Polygon","coordinates":[[[-58.01310507472311,-35.54169606497508],[-58.0130522072835,-35.54180558144976],[-58.01355788947843,-35.54180760756649],[-58.0135612904359,-35.541696554832804],[-58.01310507472311,-35.54169606497508]]]}},{"type":"Feature","properties":{"CCA":"02705000000000000000000000000000000022300A000393","ARA1":439.91,"SAG":"ARBA","PARTIDO":"027","CIRC":5,"SECC":null,"CHACRA":null,"CHACRA_L":null,"QUINTA":null,"QUINTA_L":null,"FRACCION":null,"FRACC_L":null,"MANZANA":null,"MANZANA_L":null,"PARCELA":223,"PARCELA_L":"A","SUBPARC":393,"CCA_MADRE":"02705000000000000000000000000000000022300A","NOMENCLA":"Circ. V - Pc. 223A - UF 393"},"geometry":{"type":"Polygon","coordinates":[[[-58.01621475327291,-35.54373741608102],[-58.01595390923586,-35.54349937110344],[-58.01585368994154,-35.543575308471006],[-58.01611463967979,-35.543813535627024],[-58.01621475327291,-35.54373741608102]]]}},{"type":"Feature","properties":{"CCA":"027020A00010000000000000300000000000001000000036","ARA1":199.68,"SAG":"ARBA","PARTIDO":"027","CIRC":2,"SECC":"A","CHACRA":1,"CHACRA_L":null,"QUINTA":null,"QUINTA_L":null,"FRACCION":3,"FRACC_L":null,"MANZANA":null,"MANZANA_L":null,"PARCELA":1,"PARCELA_L":null,"SUBPARC":36,"CCA_MADRE":"027020A00010000000000000300000000000001000","NOMENCLA":"Circ. II - Secc. A - Ch. 1 - Fr. 3 - Pc. 1 - UF 36"},"geometry":{"type":"Polygon","coordinates":[[[-58.03406093694631,-35.56003246560221],[-58.03414903037333,-35.56008742946996],[-58.03428175723039,-35.55994496348011],[-58.034193661659,-35.55989008978712],[-58.03406093694631,-35.56003246560221]]]}},{"type":"Feature","properties":{"CCA":"02705000000000000000000000000000000022300A000208","ARA1":441.7,"SAG":"ARBA","PARTIDO":"027","CIRC":5,"SECC":null,"CHACRA":null,"CHACRA_L":null,"QUINTA":null,"QUINTA_L":null,"FRACCION":null,"FRACC_L":null,"MANZANA":null,"MANZANA_L":null,"PARCELA":223,"PARCELA_L":"A","SUBPARC":208,"CCA_MADRE":"02705000000000000000000000000000000022300A","NOMENCLA":"Circ. V - Pc. 223A - UF 208"},"geometry":{"type":"Polygon","coordinates":[[[-58.0108155714063,-35.53808894963503],[-58.010828674805715,-35.53798247258687],[-58.01042304118939,-35.53794802407907],[-58.0104098003578,-35.5380555801575],[-58.0108155714063,-35.53808894963503]]]}},{"type":"Feature","properties":{"CCA":"02705000000000000000000000000000000022300A000436","ARA1":408.08,"SAG":"ARBA","PARTIDO":"027","CIRC":5,"SECC":null,"CHACRA":null,"CHACRA_L":null,"QUINTA":null,"QUINTA_L":null,"FRACCION":null,"FRACC_L":null,"MANZANA":null,"MANZANA_L":null,"PARCELA":223,"PARCELA_L":"A","SUBPARC":436,"CCA_MADRE":"02705000000000000000000000000000000022300A","NOMENCLA":"Circ. V - Pc. 223A - UF 436"},"geometry":{"type":"Polygon","coordinates":[[[-58.01824033952789,-35.538860135697696],[-58.017866125092326,-35.53884335005509],[-58.017858836159654,-35.538951365407755],[-58.01823305331014,-35.53896806101265],[-58.01824033952789,-35.538860135697696]]]}},{"type":"Feature","properties":{"CCA":"02705000000000000000000000000000000022300A000119","ARA1":537.79,"SAG":"ARBA","PARTIDO":"027","CIRC":5,"SECC":null,"CHACRA":null,"CHACRA_L":null,"QUINTA":null,"QUINTA_L":null,"FRACCION":null,"FRACC_L":null,"MANZANA":null,"MANZANA_L":null,"PARCELA":223,"PARCELA_L":"A","SUBPARC":119,"CCA_MADRE":"02705000000000000000000000000000000022300A","NOMENCLA":"Circ. V - Pc. 223A - UF 119"},"geometry":{"type":"Polygon","coordinates":[[[-58.01164712853199,-35.54214088121652],[-58.01176944442949,-35.54204530684292],[-58.01150232200782,-35.541816700832804],[-58.01138076428023,-35.541912828121085],[-58.01164712853199,-35.54214088121652]]]}},{"type":"Feature","properties":{"CCA":"02705000000000000000000000000000000022300A000561","ARA1":439.88,"SAG":"ARBA","PARTIDO":"027","CIRC":5,"SECC":null,"CHACRA":null,"CHACRA_L":null,"QUINTA":null,"QUINTA_L":null,"FRACCION":null,"FRACC_L":null,"MANZANA":null,"MANZANA_L":null,"PARCELA":223,"PARCELA_L":"A","SUBPARC":561,"CCA_MADRE":"02705000000000000000000000000000000022300A","NOMENCLA":"Circ. V - Pc. 223A - UF 561"},"geometry":{"type":"Polygon","coordinates":[[[-58.01356135730141,-35.54310618645223],[-58.01343012934192,-35.543062482021156],[-58.013273070310724,-35.54334627121433],[-58.01339885608258,-35.54339159827043],[-58.01356135730141,-35.54310618645223]]]}},{"type":"Feature","properties":{"CCA":"02705000000000000000000000000000000022300A000517","ARA1":510.62,"SAG":"ARBA","PARTIDO":"027","CIRC":5,"SECC":null,"CHACRA":null,"CHACRA_L":null,"QUINTA":null,"QUINTA_L":null,"FRACCION":null,"FRACC_L":null,"MANZANA":null,"MANZANA_L":null,"PARCELA":223,"PARCELA_L":"A","SUBPARC":517,"CCA_MADRE":"02705000000000000000000000000000000022300A","NOMENCLA":"Circ. V - Pc. 223A - UF 517"},"geometry":{"type":"Polygon","coordinates":[[[-58.01186688766054,-35.54040722640966],[-58.01195305656168,-35.54002954403692],[-58.01182287382053,-35.54001072622765],[-58.011736958109246,-35.54038706098675],[-58.01186688766054,-35.54040722640966]]]}},{"type":"Feature","properties":{"CCA":"02705000000000000000000000000000000022300A000108","ARA1":521.59,"SAG":"ARBA","PARTIDO":"027","CIRC":5,"SECC":null,"CHACRA":null,"CHACRA_L":null,"QUINTA":null,"QUINTA_L":null,"FRACCION":null,"FRACC_L":null,"MANZANA":null,"MANZANA_L":null,"PARCELA":223,"PARCELA_L":"A","SUBPARC":108,"CCA_MADRE":"02705000000000000000000000000000000022300A","NOMENCLA":"Circ. V - Pc. 223A - UF 108"},"geometry":{"type":"Polygon","coordinates":[[[-58.01272634336202,-35.541298913801604],[-58.012845056706716,-35.54120625260726],[-58.01257869189684,-35.54097820211678],[-58.01245944090883,-35.5410703135124],[-58.01272634336202,-35.541298913801604]]]}},{"type":"Feature","properties":{"CCA":"02705000000000000000000000000000000022300A000171","ARA1":432.01,"SAG":"ARBA","PARTIDO":"027","CIRC":5,"SECC":null,"CHACRA":null,"CHACRA_L":null,"QUINTA":null,"QUINTA_L":null,"FRACCION":null,"FRACC_L":null,"MANZANA":null,"MANZANA_L":null,"PARCELA":223,"PARCELA_L":"A","SUBPARC":171,"CCA_MADRE":"02705000000000000000000000000000000022300A","NOMENCLA":"Circ. V - Pc. 223A - UF 171"},"geometry":{"type":"Polygon","coordinates":[[[-58.01473016303849,-35.53748934926656],[-58.0148598956875,-35.53746814646535],[-58.014782074602145,-35.537150028949696],[-58.01465245265567,-35.537171233498974],[-58.01473016303849,-35.53748934926656]]]}},{"type":"Feature","properties":{"CCA":"02705000000000000000000000000000000022300A000022","ARA1":540.13,"SAG":"ARBA","PARTIDO":"027","CIRC":5,"SECC":null,"CHACRA":null,"CHACRA_L":null,"QUINTA":null,"QUINTA_L":null,"FRACCION":null,"FRACC_L":null,"MANZANA":null,"MANZANA_L":null,"PARCELA":223,"PARCELA_L":"A","SUBPARC":22,"CCA_MADRE":"02705000000000000000000000000000000022300A","NOMENCLA":"Circ. V - Pc. 223A - UF 22"},"geometry":{"type":"Polygon","coordinates":[[[-58.015380730411756,-35.53652305975077],[-58.0152509994077,-35.53654426316956],[-58.015348252267955,-35.53694181923765],[-58.015477983897156,-35.536920615735355],[-58.015380730411756,-35.53652305975077]]]}},{"type":"Feature","properties":{"CCA":"02705000000000000000000000000000000022300A000132","ARA1":416.21,"SAG":"ARBA","PARTIDO":"027","CIRC":5,"SECC":null,"CHACRA":null,"CHACRA_L":null,"QUINTA":null,"QUINTA_L":null,"FRACCION":null,"FRACC_L":null,"MANZANA":null,"MANZANA_L":null,"PARCELA":223,"PARCELA_L":"A","SUBPARC":132,"CCA_MADRE":"02705000000000000000000000000000000022300A","NOMENCLA":"Circ. V - Pc. 223A - UF 132"},"geometry":{"type":"Polygon","coordinates":[[[-58.01236688057604,-35.54312740804226],[-58.01224578818818,-35.54308404967761],[-58.01209230191903,-35.543370329214135],[-58.01221350485063,-35.54341368955979],[-58.01236688057604,-35.54312740804226]]]}},{"type":"Feature","properties":{"CCA":"02705000000000000000000000000000000022300A000253","ARA1":432.07,"SAG":"ARBA","PARTIDO":"027","CIRC":5,"SECC":null,"CHACRA":null,"CHACRA_L":null,"QUINTA":null,"QUINTA_L":null,"FRACCION":null,"FRACC_L":null,"MANZANA":null,"MANZANA_L":null,"PARCELA":223,"PARCELA_L":"A","SUBPARC":253,"CCA_MADRE":"02705000000000000000000000000000000022300A","NOMENCLA":"Circ. V - Pc. 223A - UF 253"},"geometry":{"type":"Polygon","coordinates":[[[-58.01279815623937,-35.53921975912827],[-58.01272535041217,-35.539538638788905],[-58.012851115545246,-35.53955774324528],[-58.012855397999544,-35.53955844462527],[-58.01292820333712,-35.53923956487097],[-58.01279815623937,-35.53921975912827]]]}},{"type":"Feature","properties":{"CCA":"02705000000000000000000000000000000022300A000544","ARA1":420.21,"SAG":"ARBA","PARTIDO":"027","CIRC":5,"SECC":null,"CHACRA":null,"CHACRA_L":null,"QUINTA":null,"QUINTA_L":null,"FRACCION":null,"FRACC_L":null,"MANZANA":null,"MANZANA_L":null,"PARCELA":223,"PARCELA_L":"A","SUBPARC":544,"CCA_MADRE":"02705000000000000000000000000000000022300A","NOMENCLA":"Circ. V - Pc. 223A - UF 544"},"geometry":{"type":"Polygon","coordinates":[[[-58.0119517985427,-35.54246084946271],[-58.0120678559961,-35.54239995500932],[-58.01178998125055,-35.542173605337446],[-58.01169272887928,-35.54224985849203],[-58.0119517985427,-35.54246084946271]]]}},{"type":"Feature","properties":{"CCA":"027020A00010000000000000300000000000001000000021","ARA1":198.81,"SAG":"ARBA","PARTIDO":"027","CIRC":2,"SECC":"A","CHACRA":1,"CHACRA_L":null,"QUINTA":null,"QUINTA_L":null,"FRACCION":3,"FRACC_L":null,"MANZANA":null,"MANZANA_L":null,"PARCELA":1,"PARCELA_L":null,"SUBPARC":21,"CCA_MADRE":"027020A00010000000000000300000000000001000","NOMENCLA":"Circ. II - Secc. A - Ch. 1 - Fr. 3 - Pc. 1 - UF 21"},"geometry":{"type":"Polygon","coordinates":[[[-58.03497521670271,-35.560318705074245],[-58.03506168175331,-35.56037265049729],[-58.035196332119526,-35.56022814225529],[-58.035109864925296,-35.56017428700658],[-58.03497521670271,-35.560318705074245]]]}},{"type":"Feature","properties":{"CCA":"02705000000000000000000000000000000022300A000007","ARA1":664.24,"SAG":"ARBA","PARTIDO":"027","CIRC":5,"SECC":null,"CHACRA":null,"CHACRA_L":null,"QUINTA":null,"QUINTA_L":null,"FRACCION":null,"FRACC_L":null,"MANZANA":null,"MANZANA_L":null,"PARCELA":223,"PARCELA_L":"A","SUBPARC":7,"CCA_MADRE":"02705000000000000000000000000000000022300A","NOMENCLA":"Circ. V - Pc. 223A - UF 7"},"geometry":{"type":"Polygon","coordinates":[[[-58.01768975738854,-35.53614554018611],[-58.017558248747996,-35.53616734767011],[-58.01757588660966,-35.536646676791854],[-58.017714200008896,-35.53663957945023],[-58.01768975738854,-35.53614554018611]]]}},{"type":"Feature","properties":{"CCA":"02705000000000000000000000000000000022300A000532","ARA1":423.05,"SAG":"ARBA","PARTIDO":"027","CIRC":5,"SECC":null,"CHACRA":null,"CHACRA_L":null,"QUINTA":null,"QUINTA_L":null,"FRACCION":null,"FRACC_L":null,"MANZANA":null,"MANZANA_L":null,"PARCELA":223,"PARCELA_L":"A","SUBPARC":532,"CCA_MADRE":"02705000000000000000000000000000000022300A","NOMENCLA":"Circ. V - Pc. 223A - UF 532"},"geometry":{"type":"Polygon","coordinates":[[[-58.0132079072746,-35.541482931537715],[-58.012949795365955,-35.54126438957054],[-58.01285423387039,-35.54133922977933],[-58.01315794201275,-35.54158654847067],[-58.0132079072746,-35.541482931537715]]]}},{"type":"Feature","properties":{"CCA":"02705000000000000000000000000000000022300A000065","ARA1":530.33,"SAG":"ARBA","PARTIDO":"027","CIRC":5,"SECC":null,"CHACRA":null,"CHACRA_L":null,"QUINTA":null,"QUINTA_L":null,"FRACCION":null,"FRACC_L":null,"MANZANA":null,"MANZANA_L":null,"PARCELA":223,"PARCELA_L":"A","SUBPARC":65,"CCA_MADRE":"02705000000000000000000000000000000022300A","NOMENCLA":"Circ. V - Pc. 223A - UF 65"},"geometry":{"type":"Polygon","coordinates":[[[-58.009845162661,-35.53747341464773],[-58.00983192116933,-35.5375809706481],[-58.010316465509376,-35.53762086871566],[-58.01032970859071,-35.5375132225661],[-58.009845162661,-35.53747341464773]]]}},{"type":"Feature","properties":{"CCA":"02705000000000000000000000000000000022300A000078","ARA1":530.23,"SAG":"ARBA","PARTIDO":"027","CIRC":5,"SECC":null,"CHACRA":null,"CHACRA_L":null,"QUINTA":null,"QUINTA_L":null,"FRACCION":null,"FRACC_L":null,"MANZANA":null,"MANZANA_L":null,"PARCELA":223,"PARCELA_L":"A","SUBPARC":78,"CCA_MADRE":"02705000000000000000000000000000000022300A","NOMENCLA":"Circ. V - Pc. 223A - UF 78"},"geometry":{"type":"Polygon","coordinates":[[[-58.00966919295916,-35.538901586592736],[-58.0096559509057,-35.53900914253454],[-58.01014061611592,-35.53904895332027],[-58.01015385753357,-35.53894139730507],[-58.00966919295916,-35.538901586592736]]]}},{"type":"Feature","properties":{"CCA":"02705000000000000000000000000000000022300A000184","ARA1":432.08,"SAG":"ARBA","PARTIDO":"027","CIRC":5,"SECC":null,"CHACRA":null,"CHACRA_L":null,"QUINTA":null,"QUINTA_L":null,"FRACCION":null,"FRACC_L":null,"MANZANA":null,"MANZANA_L":null,"PARCELA":223,"PARCELA_L":"A","SUBPARC":184,"CCA_MADRE":"02705000000000000000000000000000000022300A","NOMENCLA":"Circ. V - Pc. 223A - UF 184"},"geometry":{"type":"Polygon","coordinates":[[[-58.013044076008924,-35.5377648899541],[-58.013173809461506,-35.537743688997764],[-58.01309599265561,-35.53742566069017],[-58.012966259703155,-35.537446861579696],[-58.013044076008924,-35.5377648899541]]]}},{"type":"Feature","properties":{"CCA":"02705000000000000000000000000000000022300A000019","ARA1":539.92,"SAG":"ARBA","PARTIDO":"027","CIRC":5,"SECC":null,"CHACRA":null,"CHACRA_L":null,"QUINTA":null,"QUINTA_L":null,"FRACCION":null,"FRACC_L":null,"MANZANA":null,"MANZANA_L":null,"PARCELA":223,"PARCELA_L":"A","SUBPARC":19,"CCA_MADRE":"02705000000000000000000000000000000022300A","NOMENCLA":"Circ. V - Pc. 223A - UF 19"},"geometry":{"type":"Polygon","coordinates":[[[-58.01576981285149,-35.53645944682891],[-58.015640082032924,-35.53648065067341],[-58.015737446970036,-35.536878208305005],[-58.01586706821175,-35.53685700256314],[-58.01576981285149,-35.53645944682891]]]}},{"type":"Feature","properties":{"CCA":"02705000000000000000000000000000000022300A000401","ARA1":437.64,"SAG":"ARBA","PARTIDO":"027","CIRC":5,"SECC":null,"CHACRA":null,"CHACRA_L":null,"QUINTA":null,"QUINTA_L":null,"FRACCION":null,"FRACC_L":null,"MANZANA":null,"MANZANA_L":null,"PARCELA":223,"PARCELA_L":"A","SUBPARC":401,"CCA_MADRE":"02705000000000000000000000000000000022300A","NOMENCLA":"Circ. V - Pc. 223A - UF 401"},"geometry":{"type":"Polygon","coordinates":[[[-58.017004648284,-35.54313665587071],[-58.016742399080414,-35.542901923624946],[-58.0166421812694,-35.54297786170352],[-58.016904536180846,-35.54321277612844],[-58.017004648284,-35.54313665587071]]]}},{"type":"Feature","properties":{"CCA":"02705000000000000000000000000000000022300A000349","ARA1":421.52,"SAG":"ARBA","PARTIDO":"027","CIRC":5,"SECC":null,"CHACRA":null,"CHACRA_L":null,"QUINTA":null,"QUINTA_L":null,"FRACCION":null,"FRACC_L":null,"MANZANA":null,"MANZANA_L":null,"PARCELA":223,"PARCELA_L":"A","SUBPARC":349,"CCA_MADRE":"02705000000000000000000000000000000022300A","NOMENCLA":"Circ. V - Pc. 223A - UF 349"},"geometry":{"type":"Polygon","coordinates":[[[-58.01412923699994,-35.53977723297646],[-58.014474993506504,-35.53991989942761],[-58.014531210218145,-35.53982197182265],[-58.014185451795214,-35.53967939561698],[-58.01412923699994,-35.53977723297646]]]}},{"type":"Feature","properties":{"CCA":"02705000000000000000000000000000000022300A000195","ARA1":432.18,"SAG":"ARBA","PARTIDO":"027","CIRC":5,"SECC":null,"CHACRA":null,"CHACRA_L":null,"QUINTA":null,"QUINTA_L":null,"FRACCION":null,"FRACC_L":null,"MANZANA":null,"MANZANA_L":null,"PARCELA":223,"PARCELA_L":"A","SUBPARC":195,"CCA_MADRE":"02705000000000000000000000000000000022300A","NOMENCLA":"Circ. V - Pc. 223A - UF 195"},"geometry":{"type":"Polygon","coordinates":[[[-58.0114075548292,-35.53752388822947],[-58.01152736623168,-35.537569659242],[-58.01169863710548,-35.53727709514596],[-58.01157871804631,-35.537231232418975],[-58.0114075548292,-35.53752388822947]]]}},{"type":"Feature","properties":{"CCA":"02705000000000000000000000000000000022300A000008","ARA1":628.96,"SAG":"ARBA","PARTIDO":"027","CIRC":5,"SECC":null,"CHACRA":null,"CHACRA_L":null,"QUINTA":null,"QUINTA_L":null,"FRACCION":null,"FRACC_L":null,"MANZANA":null,"MANZANA_L":null,"PARCELA":223,"PARCELA_L":"A","SUBPARC":8,"CCA_MADRE":"02705000000000000000000000000000000022300A","NOMENCLA":"Circ. V - Pc. 223A - UF 8"},"geometry":{"type":"Polygon","coordinates":[[[-58.017558248747996,-35.53616734767011],[-58.01742664536216,-35.5361885226623],[-58.0174438702158,-35.53665324674192],[-58.01757588660966,-35.536646676791854],[-58.017558248747996,-35.53616734767011]]]}},{"type":"Feature","properties":{"CCA":"02705000000000000000000000000000000022300A000452","ARA1":432.08,"SAG":"ARBA","PARTIDO":"027","CIRC":5,"SECC":null,"CHACRA":null,"CHACRA_L":null,"QUINTA":null,"QUINTA_L":null,"FRACCION":null,"FRACC_L":null,"MANZANA":null,"MANZANA_L":null,"PARCELA":223,"PARCELA_L":"A","SUBPARC":452,"CCA_MADRE":"02705000000000000000000000000000000022300A","NOMENCLA":"Circ. V - Pc. 223A - UF 452"},"geometry":{"type":"Polygon","coordinates":[[[-58.01348442097594,-35.53813079509875],[-58.013354686960206,-35.53815199637063],[-58.01343250535905,-35.53847002453098],[-58.01356223987492,-35.53844882319233],[-58.01348442097594,-35.53813079509875]]]}},{"type":"Feature","properties":{"CCA":"027020A00010000000000000300000000000001000000002","ARA1":199.75,"SAG":"ARBA","PARTIDO":"027","CIRC":2,"SECC":"A","CHACRA":1,"CHACRA_L":null,"QUINTA":null,"QUINTA_L":null,"FRACCION":3,"FRACC_L":null,"MANZANA":null,"MANZANA_L":null,"PARCELA":1,"PARCELA_L":null,"SUBPARC":2,"CCA_MADRE":"027020A00010000000000000300000000000001000","NOMENCLA":"Circ. II - Secc. A - Ch. 1 - Fr. 3 - Pc. 1 - UF 2"},"geometry":{"type":"Polygon","coordinates":[[[-58.03393472399629,-35.55991731535957],[-58.03400209613681,-35.559845423110765],[-58.03382775110385,-35.55973687684206],[-58.03376048694143,-35.559808860867655],[-58.03393472399629,-35.55991731535957]]]}},{"type":"Feature","properties":{"CCA":"02705000000000000000000000000000000022300A000096","ARA1":419.06,"SAG":"ARBA","PARTIDO":"027","CIRC":5,"SECC":null,"CHACRA":null,"CHACRA_L":null,"QUINTA":null,"QUINTA_L":null,"FRACCION":null,"FRACC_L":null,"MANZANA":null,"MANZANA_L":null,"PARCELA":223,"PARCELA_L":"A","SUBPARC":96,"CCA_MADRE":"02705000000000000000000000000000000022300A","NOMENCLA":"Circ. V - Pc. 223A - UF 96"},"geometry":{"type":"Polygon","coordinates":[[[-58.011442033098376,-35.540467532865975],[-58.011312238253964,-35.54044637796938],[-58.0112369303308,-35.540754672118865],[-58.01136672342024,-35.5407759171869],[-58.011442033098376,-35.540467532865975]]]}},{"type":"Feature","properties":{"CCA":"02705000000000000000000000000000000022300A000303","ARA1":431.76,"SAG":"ARBA","PARTIDO":"027","CIRC":5,"SECC":null,"CHACRA":null,"CHACRA_L":null,"QUINTA":null,"QUINTA_L":null,"FRACCION":null,"FRACC_L":null,"MANZANA":null,"MANZANA_L":null,"PARCELA":223,"PARCELA_L":"A","SUBPARC":303,"CCA_MADRE":"02705000000000000000000000000000000022300A","NOMENCLA":"Circ. V - Pc. 223A - UF 303"},"geometry":{"type":"Polygon","coordinates":[[[-58.01498962827466,-35.5374469435222],[-58.0150674526368,-35.53776497084884],[-58.01519718566224,-35.53774376769694],[-58.01511914039466,-35.53742573680817],[-58.01498962827466,-35.5374469435222]]]}},{"type":"Feature","properties":{"CCA":"027020A00010000000000000300000000000001000000009","ARA1":231.14,"SAG":"ARBA","PARTIDO":"027","CIRC":2,"SECC":"A","CHACRA":1,"CHACRA_L":null,"QUINTA":null,"QUINTA_L":null,"FRACCION":3,"FRACC_L":null,"MANZANA":null,"MANZANA_L":null,"PARCELA":1,"PARCELA_L":null,"SUBPARC":9,"CCA_MADRE":"027020A00010000000000000300000000000001000","NOMENCLA":"Circ. II - Secc. A - Ch. 1 - Fr. 3 - Pc. 1 - UF 9"},"geometry":{"type":"Polygon","coordinates":[[[-58.033826172081014,-35.56033862348969],[-58.03384369628756,-35.56016300945057],[-58.03380252340239,-35.56016008494362],[-58.033787725497035,-35.56016092488067],[-58.033779250795945,-35.56016475157983],[-58.033769795174095,-35.5601726173453],[-58.03362700298528,-35.560325281480885],[-58.033826172081014,-35.56033862348969]]]}},{"type":"Feature","properties":{"CCA":"02705000000000000000000000000000000022300A000248","ARA1":431.88,"SAG":"ARBA","PARTIDO":"027","CIRC":5,"SECC":null,"CHACRA":null,"CHACRA_L":null,"QUINTA":null,"QUINTA_L":null,"FRACCION":null,"FRACC_L":null,"MANZANA":null,"MANZANA_L":null,"PARCELA":223,"PARCELA_L":"A","SUBPARC":248,"CCA_MADRE":"02705000000000000000000000000000000022300A","NOMENCLA":"Circ. V - Pc. 223A - UF 248"},"geometry":{"type":"Polygon","coordinates":[[[-58.013448280006706,-35.53931887471823],[-58.01337558905463,-35.53963766658745],[-58.01350552456733,-35.53965755999204],[-58.01357832745738,-35.539338679769344],[-58.013448280006706,-35.53931887471823]]]}},{"type":"Feature","properties":{"CCA":"02705000000000000000000000000000000022300A000476","ARA1":832.09,"SAG":"ARBA","PARTIDO":"027","CIRC":5,"SECC":null,"CHACRA":null,"CHACRA_L":null,"QUINTA":null,"QUINTA_L":null,"FRACCION":null,"FRACC_L":null,"MANZANA":null,"MANZANA_L":null,"PARCELA":223,"PARCELA_L":"A","SUBPARC":476,"CCA_MADRE":"02705000000000000000000000000000000022300A","NOMENCLA":"Circ. V - Pc. 223A - UF 476"},"geometry":{"type":"Polygon","coordinates":[[[-58.012394957618675,-35.53863963558069],[-58.01220345515559,-35.53867090100725],[-58.01215726501263,-35.5389967974083],[-58.01224588479373,-35.53898870675539],[-58.01247277257398,-35.538957664228974],[-58.012394957618675,-35.53863963558069]]]}},{"type":"Feature","properties":{"CCA":"02705000000000000000000000000000000022300A000516","ARA1":512.38,"SAG":"ARBA","PARTIDO":"027","CIRC":5,"SECC":null,"CHACRA":null,"CHACRA_L":null,"QUINTA":null,"QUINTA_L":null,"FRACCION":null,"FRACC_L":null,"MANZANA":null,"MANZANA_L":null,"PARCELA":223,"PARCELA_L":"A","SUBPARC":516,"CCA_MADRE":"02705000000000000000000000000000000022300A","NOMENCLA":"Circ. V - Pc. 223A - UF 516"},"geometry":{"type":"Polygon","coordinates":[[[-58.01195305656168,-35.54002954403692],[-58.01186688766054,-35.54040722640966],[-58.01199693860822,-35.540426943132616],[-58.01208334957635,-35.54004836352483],[-58.01195305656168,-35.54002954403692]]]}},{"type":"Feature","properties":{"CCA":"02705000000000000000000000000000000022300A000523","ARA1":499.61,"SAG":"ARBA","PARTIDO":"027","CIRC":5,"SECC":null,"CHACRA":null,"CHACRA_L":null,"QUINTA":null,"QUINTA_L":null,"FRACCION":null,"FRACC_L":null,"MANZANA":null,"MANZANA_L":null,"PARCELA":223,"PARCELA_L":"A","SUBPARC":523,"CCA_MADRE":"02705000000000000000000000000000000022300A","NOMENCLA":"Circ. V - Pc. 223A - UF 523"},"geometry":{"type":"Polygon","coordinates":[[[-58.01108720567041,-35.54028604983162],[-58.01117152030366,-35.53991662782771],[-58.011041227761744,-35.53989780736732],[-58.0109572787741,-35.54026579350449],[-58.01108720567041,-35.54028604983162]]]}},{"type":"Feature","properties":{"CCA":"02705000000000000000000000000000000022300A000114","ARA1":420.18,"SAG":"ARBA","PARTIDO":"027","CIRC":5,"SECC":null,"CHACRA":null,"CHACRA_L":null,"QUINTA":null,"QUINTA_L":null,"FRACCION":null,"FRACC_L":null,"MANZANA":null,"MANZANA_L":null,"PARCELA":223,"PARCELA_L":"A","SUBPARC":114,"CCA_MADRE":"02705000000000000000000000000000000022300A","NOMENCLA":"Circ. V - Pc. 223A - UF 114"},"geometry":{"type":"Polygon","coordinates":[[[-58.012152335709864,-35.54174686088959],[-58.01224800409474,-35.54167220324805],[-58.011981641786335,-35.541444061383395],[-58.011885863238014,-35.54151871699931],[-58.012152335709864,-35.54174686088959]]]}},{"type":"Feature","properties":{"CCA":"02705000000000000000000000000000000022300A000127","ARA1":416.22,"SAG":"ARBA","PARTIDO":"027","CIRC":5,"SECC":null,"CHACRA":null,"CHACRA_L":null,"QUINTA":null,"QUINTA_L":null,"FRACCION":null,"FRACC_L":null,"MANZANA":null,"MANZANA_L":null,"PARCELA":223,"PARCELA_L":"A","SUBPARC":127,"CCA_MADRE":"02705000000000000000000000000000000022300A","NOMENCLA":"Circ. V - Pc. 223A - UF 127"},"geometry":{"type":"Polygon","coordinates":[[[-58.01176109158327,-35.54291051951221],[-58.01163977500366,-35.54286733707433],[-58.011486511936624,-35.543153439276615],[-58.011607601756744,-35.543196888469794],[-58.01176109158327,-35.54291051951221]]]}},{"type":"Feature","properties":{"CCA":"02705000000000000000000000000000000022300A000006","ARA1":601.58,"SAG":"ARBA","PARTIDO":"027","CIRC":5,"SECC":null,"CHACRA":null,"CHACRA_L":null,"QUINTA":null,"QUINTA_L":null,"FRACCION":null,"FRACC_L":null,"MANZANA":null,"MANZANA_L":null,"PARCELA":223,"PARCELA_L":"A","SUBPARC":6,"CCA_MADRE":"02705000000000000000000000000000000022300A","NOMENCLA":"Circ. V - Pc. 223A - UF 6"},"geometry":{"type":"Polygon","coordinates":[[[-58.01779635101476,-35.53612818898556],[-58.01768975738854,-35.53614554018611],[-58.017714200008896,-35.53663957945023],[-58.017845118788316,-35.53663281093072],[-58.01779635101476,-35.53612818898556]]]}},{"type":"Feature","properties":{"CCA":"02705000000000000000000000000000000022300A000151","ARA1":423.21,"SAG":"ARBA","PARTIDO":"027","CIRC":5,"SECC":null,"CHACRA":null,"CHACRA_L":null,"QUINTA":null,"QUINTA_L":null,"FRACCION":null,"FRACC_L":null,"MANZANA":null,"MANZANA_L":null,"PARCELA":223,"PARCELA_L":"A","SUBPARC":151,"CCA_MADRE":"02705000000000000000000000000000000022300A","NOMENCLA":"Circ. V - Pc. 223A - UF 151"},"geometry":{"type":"Polygon","coordinates":[[[-58.014669087726425,-35.5439514884214],[-58.01454799276798,-35.54390813229563],[-58.01439549585348,-35.54419479158473],[-58.01450935904622,-35.54424974338189],[-58.014669087726425,-35.5439514884214]]]}},{"type":"Feature","properties":{"CCA":"02705000000000000000000000000000000022300A000312","ARA1":375.82,"SAG":"ARBA","PARTIDO":"027","CIRC":5,"SECC":null,"CHACRA":null,"CHACRA_L":null,"QUINTA":null,"QUINTA_L":null,"FRACCION":null,"FRACC_L":null,"MANZANA":null,"MANZANA_L":null,"PARCELA":223,"PARCELA_L":"A","SUBPARC":312,"CCA_MADRE":"02705000000000000000000000000000000022300A","NOMENCLA":"Circ. V - Pc. 223A - UF 312"},"geometry":{"type":"Polygon","coordinates":[[[-58.01578056282917,-35.53791602444122],[-58.01601270892732,-35.53787722191794],[-58.0160016775638,-35.53779693022605],[-58.015996415190266,-35.53777782985162],[-58.01597729975616,-35.53776165543062],[-58.01595452543515,-35.537746321915556],[-58.015926130014705,-35.53773540151594],[-58.01589835659968,-35.5377350345266],[-58.015871327228034,-35.5377402667608],[-58.015733809112604,-35.537764226106226],[-58.01578056282917,-35.53791602444122]]]}},{"type":"Feature","properties":{"CCA":"02705000000000000000000000000000000022300A000054","ARA1":547.59,"SAG":"ARBA","PARTIDO":"027","CIRC":5,"SECC":null,"CHACRA":null,"CHACRA_L":null,"QUINTA":null,"QUINTA_L":null,"FRACCION":null,"FRACC_L":null,"MANZANA":null,"MANZANA_L":null,"PARCELA":223,"PARCELA_L":"A","SUBPARC":54,"CCA_MADRE":"02705000000000000000000000000000000022300A","NOMENCLA":"Circ. V - Pc. 223A - UF 54"},"geometry":{"type":"Polygon","coordinates":[[[-58.01149688812967,-35.53661162027387],[-58.011377078145266,-35.536565849270985],[-58.01116414445628,-35.5369383763734],[-58.01128395485345,-35.53698414759937],[-58.01149688812967,-35.53661162027387]]]}},{"type":"Feature","properties":{"CCA":"02705000000000000000000000000000000022300A000414","ARA1":408.08,"SAG":"ARBA","PARTIDO":"027","CIRC":5,"SECC":null,"CHACRA":null,"CHACRA_L":null,"QUINTA":null,"QUINTA_L":null,"FRACCION":null,"FRACC_L":null,"MANZANA":null,"MANZANA_L":null,"PARCELA":223,"PARCELA_L":"A","SUBPARC":414,"CCA_MADRE":"02705000000000000000000000000000000022300A","NOMENCLA":"Circ. V - Pc. 223A - UF 414"},"geometry":{"type":"Polygon","coordinates":[[[-58.01769603601098,-35.54138191016516],[-58.018070262160904,-35.54139869670962],[-58.018077551190984,-35.541290681383444],[-58.0177033233222,-35.541273984953705],[-58.01769603601098,-35.54138191016516]]]}},{"type":"Feature","properties":{"CCA":"02705000000000000000000000000000000022300A000100","ARA1":418.75,"SAG":"ARBA","PARTIDO":"027","CIRC":5,"SECC":null,"CHACRA":null,"CHACRA_L":null,"QUINTA":null,"QUINTA_L":null,"FRACCION":null,"FRACC_L":null,"MANZANA":null,"MANZANA_L":null,"PARCELA":223,"PARCELA_L":"A","SUBPARC":100,"CCA_MADRE":"02705000000000000000000000000000000022300A","NOMENCLA":"Circ. V - Pc. 223A - UF 100"},"geometry":{"type":"Polygon","coordinates":[[[-58.01198339271154,-35.54055585101315],[-58.011853707762015,-35.540534698508274],[-58.011778399573195,-35.54084308313236],[-58.01190808499191,-35.54086423573272],[-58.01198339271154,-35.54055585101315]]]}},{"type":"Feature","properties":{"CCA":"02705000000000000000000000000000000022300A000258","ARA1":432.05,"SAG":"ARBA","PARTIDO":"027","CIRC":5,"SECC":null,"CHACRA":null,"CHACRA_L":null,"QUINTA":null,"QUINTA_L":null,"FRACCION":null,"FRACC_L":null,"MANZANA":null,"MANZANA_L":null,"PARCELA":223,"PARCELA_L":"A","SUBPARC":258,"CCA_MADRE":"02705000000000000000000000000000000022300A","NOMENCLA":"Circ. V - Pc. 223A - UF 258"},"geometry":{"type":"Polygon","coordinates":[[[-58.01220527319692,-35.53945932580132],[-58.01227796855394,-35.53914053477421],[-58.012147924032334,-35.53912063826394],[-58.0120752259625,-35.53943951927339],[-58.01220527319692,-35.53945932580132]]]}},{"type":"Feature","properties":{"CCA":"02705000000000000000000000000000000022300A000043","ARA1":540.14,"SAG":"ARBA","PARTIDO":"027","CIRC":5,"SECC":null,"CHACRA":null,"CHACRA_L":null,"QUINTA":null,"QUINTA_L":null,"FRACCION":null,"FRACC_L":null,"MANZANA":null,"MANZANA_L":null,"PARCELA":223,"PARCELA_L":"A","SUBPARC":43,"CCA_MADRE":"02705000000000000000000000000000000022300A","NOMENCLA":"Circ. V - Pc. 223A - UF 43"},"geometry":{"type":"Polygon","coordinates":[[[-58.01265712886523,-35.536968674757304],[-58.01252729525144,-35.536989513075355],[-58.01262484781256,-35.53738779695331],[-58.01275426791404,-35.53736587037347],[-58.01265712886523,-35.536968674757304]]]}},{"type":"Feature","properties":{"CCA":"02705000000000000000000000000000000022300A000335","ARA1":421.71,"SAG":"ARBA","PARTIDO":"027","CIRC":5,"SECC":null,"CHACRA":null,"CHACRA_L":null,"QUINTA":null,"QUINTA_L":null,"FRACCION":null,"FRACC_L":null,"MANZANA":null,"MANZANA_L":null,"PARCELA":223,"PARCELA_L":"A","SUBPARC":335,"CCA_MADRE":"02705000000000000000000000000000000022300A","NOMENCLA":"Circ. V - Pc. 223A - UF 335"},"geometry":{"type":"Polygon","coordinates":[[[-58.015318440876555,-35.53845134590985],[-58.01497269115926,-35.53830859192583],[-58.01491647390054,-35.538406609887595],[-58.015262228362516,-35.538549183888975],[-58.015318440876555,-35.53845134590985]]]}},{"type":"Feature","properties":{"CCA":"02705000000000000000000000000000000022300A000308","ARA1":517.42,"SAG":"ARBA","PARTIDO":"027","CIRC":5,"SECC":null,"CHACRA":null,"CHACRA_L":null,"QUINTA":null,"QUINTA_L":null,"FRACCION":null,"FRACC_L":null,"MANZANA":null,"MANZANA_L":null,"PARCELA":223,"PARCELA_L":"A","SUBPARC":308,"CCA_MADRE":"02705000000000000000000000000000000022300A","NOMENCLA":"Circ. V - Pc. 223A - UF 308"},"geometry":{"type":"Polygon","coordinates":[[[-58.015560332721776,-35.53757411653541],[-58.01601627780542,-35.53749961853929],[-58.016010150876895,-35.537390301171435],[-58.015534391340886,-35.5374680774902],[-58.015560332721776,-35.53757411653541]]]}},{"type":"Feature","properties":{"CCA":"027020A00010000000000000300000000000001000000033","ARA1":314.07,"SAG":"ARBA","PARTIDO":"027","CIRC":2,"SECC":"A","CHACRA":1,"CHACRA_L":null,"QUINTA":null,"QUINTA_L":null,"FRACCION":3,"FRACC_L":null,"MANZANA":null,"MANZANA_L":null,"PARCELA":1,"PARCELA_L":null,"SUBPARC":33,"CCA_MADRE":"027020A00010000000000000300000000000001000","NOMENCLA":"Circ. II - Secc. A - Ch. 1 - Fr. 3 - Pc. 1 - UF 33"},"geometry":{"type":"Polygon","coordinates":[[[-58.03406093694631,-35.56003246560221],[-58.03396023905827,-35.55996981670722],[-58.033857888672955,-35.56007862518419],[-58.03385387639594,-35.560084867616325],[-58.03385314475733,-35.560092244919545],[-58.03385406884373,-35.56009955912096],[-58.03385765177421,-35.56010637602169],[-58.0338632585487,-35.5601116039104],[-58.03387119786469,-35.5601161489494],[-58.033878647627716,-35.56011816284687],[-58.03423744802609,-35.560142668900944],[-58.03414903037333,-35.56008742946996],[-58.03406093694631,-35.56003246560221]]]}},{"type":"Feature","properties":{"CCA":"02705000000000000000000000000000000022300A000564","ARA1":403.79,"SAG":"ARBA","PARTIDO":"027","CIRC":5,"SECC":null,"CHACRA":null,"CHACRA_L":null,"QUINTA":null,"QUINTA_L":null,"FRACCION":null,"FRACC_L":null,"MANZANA":null,"MANZANA_L":null,"PARCELA":223,"PARCELA_L":"A","SUBPARC":564,"CCA_MADRE":"02705000000000000000000000000000000022300A","NOMENCLA":"Circ. V - Pc. 223A - UF 564"},"geometry":{"type":"Polygon","coordinates":[[[-58.01386036128783,-35.54355798138348],[-58.01396210134861,-35.543366816825],[-58.013840880420446,-35.543252629475035],[-58.01370813057583,-35.543503027575696],[-58.01386036128783,-35.54355798138348]]]}},{"type":"Feature","properties":{"CCA":"02705000000000000000000000000000000022300A000220","ARA1":496.84,"SAG":"ARBA","PARTIDO":"027","CIRC":5,"SECC":null,"CHACRA":null,"CHACRA_L":null,"QUINTA":null,"QUINTA_L":null,"FRACCION":null,"FRACC_L":null,"MANZANA":null,"MANZANA_L":null,"PARCELA":223,"PARCELA_L":"A","SUBPARC":220,"CCA_MADRE":"02705000000000000000000000000000000022300A","NOMENCLA":"Circ. V - Pc. 223A - UF 220"},"geometry":{"type":"Polygon","coordinates":[[[-58.010611766566406,-35.539305620227786],[-58.01025946230678,-35.53927664686864],[-58.01025930456233,-35.539309805674414],[-58.01026349946763,-35.539354210275654],[-58.01027296178644,-35.53938176066285],[-58.01030403000759,-35.53942282408832],[-58.0103385835109,-35.53945223040199],[-58.01036999217337,-35.53947059107365],[-58.01039870580461,-35.53948647421929],[-58.010434195372206,-35.53950030648844],[-58.01045295367699,-35.539504130464074],[-58.010611766566406,-35.539305620227786]]]}},{"type":"Feature","properties":{"CCA":"02705000000000000000000000000000000022300A000461","ARA1":748.92,"SAG":"ARBA","PARTIDO":"027","CIRC":5,"SECC":null,"CHACRA":null,"CHACRA_L":null,"QUINTA":null,"QUINTA_L":null,"FRACCION":null,"FRACC_L":null,"MANZANA":null,"MANZANA_L":null,"PARCELA":223,"PARCELA_L":"A","SUBPARC":461,"CCA_MADRE":"02705000000000000000000000000000000022300A","NOMENCLA":"Circ. V - Pc. 223A - UF 461"},"geometry":{"type":"Polygon","coordinates":[[[-58.01192686769309,-35.53861173176186],[-58.012055177261374,-35.53863934956893],[-58.01220345515559,-35.53867090100725],[-58.01224772757557,-35.53833334842408],[-58.01221993146977,-35.538324960190096],[-58.01218652927872,-35.53831143320543],[-58.0121151208342,-35.53828331205004],[-58.01192686769309,-35.53861173176186]]]}},{"type":"Feature","properties":{"CCA":"02705000000000000000000000000000000022300A000400","ARA1":437.98,"SAG":"ARBA","PARTIDO":"027","CIRC":5,"SECC":null,"CHACRA":null,"CHACRA_L":null,"QUINTA":null,"QUINTA_L":null,"FRACCION":null,"FRACC_L":null,"MANZANA":null,"MANZANA_L":null,"PARCELA":223,"PARCELA_L":"A","SUBPARC":400,"CCA_MADRE":"02705000000000000000000000000000000022300A","NOMENCLA":"Circ. V - Pc. 223A - UF 400"},"geometry":{"type":"Polygon","coordinates":[[[-58.016541961051104,-35.543053889767805],[-58.016804423888885,-35.543288896295984],[-58.016904536180846,-35.54321277612844],[-58.0166421812694,-35.54297786170352],[-58.016541961051104,-35.543053889767805]]]}},{"type":"Feature","properties":{"CCA":"02705000000000000000000000000000000022300A000427","ARA1":408.23,"SAG":"ARBA","PARTIDO":"027","CIRC":5,"SECC":null,"CHACRA":null,"CHACRA_L":null,"QUINTA":null,"QUINTA_L":null,"FRACCION":null,"FRACC_L":null,"MANZANA":null,"MANZANA_L":null,"PARCELA":223,"PARCELA_L":"A","SUBPARC":427,"CCA_MADRE":"02705000000000000000000000000000000022300A","NOMENCLA":"Circ. V - Pc. 223A - UF 427"},"geometry":{"type":"Polygon","coordinates":[[[-58.01779171152876,-35.53995402659694],[-58.018165933306136,-35.53997072255787],[-58.01817310956322,-35.539862795457914],[-58.01779855988248,-35.53984600402257],[-58.01779171152876,-35.53995402659694]]]}},{"type":"Feature","properties":{"CCA":"02705000000000000000000000000000000022300A000021","ARA1":540.13,"SAG":"ARBA","PARTIDO":"027","CIRC":5,"SECC":null,"CHACRA":null,"CHACRA_L":null,"QUINTA":null,"QUINTA_L":null,"FRACCION":null,"FRACC_L":null,"MANZANA":null,"MANZANA_L":null,"PARCELA":223,"PARCELA_L":"A","SUBPARC":21,"CCA_MADRE":"02705000000000000000000000000000000022300A","NOMENCLA":"Circ. V - Pc. 223A - UF 21"},"geometry":{"type":"Polygon","coordinates":[[[-58.015510461353955,-35.53650185619003],[-58.015380730411756,-35.53652305975077],[-58.015477983897156,-35.536920615735355],[-58.015607715464505,-35.53689941209115],[-58.015510461353955,-35.53650185619003]]]}},{"type":"Feature","properties":{"CCA":"02705000000000000000000000000000000022300A000289","ARA1":431.89,"SAG":"ARBA","PARTIDO":"027","CIRC":5,"SECC":null,"CHACRA":null,"CHACRA_L":null,"QUINTA":null,"QUINTA_L":null,"FRACCION":null,"FRACC_L":null,"MANZANA":null,"MANZANA_L":null,"PARCELA":223,"PARCELA_L":"A","SUBPARC":289,"CCA_MADRE":"02705000000000000000000000000000000022300A","NOMENCLA":"Circ. V - Pc. 223A - UF 289"},"geometry":{"type":"Polygon","coordinates":[[[-58.013173809461506,-35.537743688997764],[-58.01325162682372,-35.53806171725928],[-58.013381250511166,-35.53804051427816],[-58.01330354285225,-35.53772248789951],[-58.013173809461506,-35.537743688997764]]]}},{"type":"Feature","properties":{"CCA":"02705000000000000000000000000000000022300A000272","ARA1":443.93,"SAG":"ARBA","PARTIDO":"027","CIRC":5,"SECC":null,"CHACRA":null,"CHACRA_L":null,"QUINTA":null,"QUINTA_L":null,"FRACCION":null,"FRACC_L":null,"MANZANA":null,"MANZANA_L":null,"PARCELA":223,"PARCELA_L":"A","SUBPARC":272,"CCA_MADRE":"02705000000000000000000000000000000022300A","NOMENCLA":"Circ. V - Pc. 223A - UF 272"},"geometry":{"type":"Polygon","coordinates":[[[-58.010789088456065,-35.53830415197737],[-58.01119486097168,-35.538337520222136],[-58.011208100823275,-35.53822996402967],[-58.01080232883997,-35.53819659584633],[-58.010789088456065,-35.53830415197737]]]}},{"type":"Feature","properties":{"CCA":"02705000000000000000000000000000000022300A000059","ARA1":2305.68,"SAG":"ARBA","PARTIDO":"027","CIRC":5,"SECC":null,"CHACRA":null,"CHACRA_L":null,"QUINTA":null,"QUINTA_L":null,"FRACCION":null,"FRACC_L":null,"MANZANA":null,"MANZANA_L":null,"PARCELA":223,"PARCELA_L":"A","SUBPARC":59,"CCA_MADRE":"02705000000000000000000000000000000022300A","NOMENCLA":"Circ. V - Pc. 223A - UF 59"},"geometry":{"type":"Polygon","coordinates":[[[-58.01002136088039,-35.53604461503198],[-58.00995743981639,-35.5365613466479],[-58.01047664864757,-35.53695613879393],[-58.010542983801194,-35.53690839251155],[-58.01061662687925,-35.53687275175799],[-58.01002136088039,-35.53604461503198]]]}},{"type":"Feature","properties":{"CCA":"02705000000000000000000000000000000022300A000200","ARA1":843.13,"SAG":"ARBA","PARTIDO":"027","CIRC":5,"SECC":null,"CHACRA":null,"CHACRA_L":null,"QUINTA":null,"QUINTA_L":null,"FRACCION":null,"FRACC_L":null,"MANZANA":null,"MANZANA_L":null,"PARCELA":223,"PARCELA_L":"A","SUBPARC":200,"CCA_MADRE":"02705000000000000000000000000000000022300A","NOMENCLA":"Circ. V - Pc. 223A - UF 200"},"geometry":{"type":"Polygon","coordinates":[[[-58.010908376163194,-35.53733551792658],[-58.01108888341931,-35.5370440082383],[-58.010947060232716,-35.536983365501136],[-58.01089421316734,-35.53696708429937],[-58.01086524892683,-35.53696137986383],[-58.01081854785156,-35.53695961804858],[-58.01075815625571,-35.53696312717665],[-58.01070947392746,-35.53697016365793],[-58.010651365698635,-35.536992814274114],[-58.010908376163194,-35.53733551792658]]]}},{"type":"Feature","properties":{"CCA":"02705000000000000000000000000000000022300A000469","ARA1":386.64,"SAG":"ARBA","PARTIDO":"027","CIRC":5,"SECC":null,"CHACRA":null,"CHACRA_L":null,"QUINTA":null,"QUINTA_L":null,"FRACCION":null,"FRACC_L":null,"MANZANA":null,"MANZANA_L":null,"PARCELA":223,"PARCELA_L":"A","SUBPARC":469,"CCA_MADRE":"02705000000000000000000000000000000022300A","NOMENCLA":"Circ. V - Pc. 223A - UF 469"},"geometry":{"type":"Polygon","coordinates":[[[-58.01164104721705,-35.53868541573647],[-58.01166528916663,-35.53857876185787],[-58.0113063864298,-35.538549232207544],[-58.0112931466358,-35.53865678840802],[-58.01164104721705,-35.53868541573647]]]}},{"type":"Feature","properties":{"CCA":"02705000000000000000000000000000000022300A000090","ARA1":417.82,"SAG":"ARBA","PARTIDO":"027","CIRC":5,"SECC":null,"CHACRA":null,"CHACRA_L":null,"QUINTA":null,"QUINTA_L":null,"FRACCION":null,"FRACC_L":null,"MANZANA":null,"MANZANA_L":null,"PARCELA":223,"PARCELA_L":"A","SUBPARC":90,"CCA_MADRE":"02705000000000000000000000000000000022300A","NOMENCLA":"Circ. V - Pc. 223A - UF 90"},"geometry":{"type":"Polygon","coordinates":[[[-58.01065547165234,-35.54033921123481],[-58.010526336273784,-35.5403181564925],[-58.01045047670002,-35.54062635089312],[-58.01058015912876,-35.540647594976484],[-58.01065547165234,-35.54033921123481]]]}},{"type":"Feature","properties":{"CCA":"02705000000000000000000000000000000022300A000292","ARA1":432.08,"SAG":"ARBA","PARTIDO":"027","CIRC":5,"SECC":null,"CHACRA":null,"CHACRA_L":null,"QUINTA":null,"QUINTA_L":null,"FRACCION":null,"FRACC_L":null,"MANZANA":null,"MANZANA_L":null,"PARCELA":223,"PARCELA_L":"A","SUBPARC":292,"CCA_MADRE":"02705000000000000000000000000000000022300A","NOMENCLA":"Circ. V - Pc. 223A - UF 292"},"geometry":{"type":"Polygon","coordinates":[[[-58.01356289924533,-35.537680083461254],[-58.01364071810745,-35.53799811152243],[-58.01377045181287,-35.53797690993166],[-58.01369263245063,-35.537658881937226],[-58.01356289924533,-35.537680083461254]]]}},{"type":"Feature","properties":{"CCA":"02705000000000000000000000000000000022300A000126","ARA1":769.0,"SAG":"ARBA","PARTIDO":"027","CIRC":5,"SECC":null,"CHACRA":null,"CHACRA_L":null,"QUINTA":null,"QUINTA_L":null,"FRACCION":null,"FRACC_L":null,"MANZANA":null,"MANZANA_L":null,"PARCELA":223,"PARCELA_L":"A","SUBPARC":126,"CCA_MADRE":"02705000000000000000000000000000000022300A","NOMENCLA":"Circ. V - Pc. 223A - UF 126"},"geometry":{"type":"Polygon","coordinates":[[[-58.01163977500366,-35.54286733707433],[-58.01161784523994,-35.54285796409652],[-58.01156904286015,-35.54283400018274],[-58.01150461133109,-35.54278661952168],[-58.01121066607016,-35.54305472103691],[-58.011486511936624,-35.543153439276615],[-58.01163977500366,-35.54286733707433]]]}},{"type":"Feature","properties":{"CCA":"02705000000000000000000000000000000022300A000423","ARA1":407.9,"SAG":"ARBA","PARTIDO":"027","CIRC":5,"SECC":null,"CHACRA":null,"CHACRA_L":null,"QUINTA":null,"QUINTA_L":null,"FRACCION":null,"FRACC_L":null,"MANZANA":null,"MANZANA_L":null,"PARCELA":223,"PARCELA_L":"A","SUBPARC":423,"CCA_MADRE":"02705000000000000000000000000000000022300A","NOMENCLA":"Circ. V - Pc. 223A - UF 423"},"geometry":{"type":"Polygon","coordinates":[[[-58.01776278161487,-35.540385821267236],[-58.01813700538485,-35.54040251738158],[-58.01814418174714,-35.540294590293115],[-58.01776995847524,-35.540277894216935],[-58.01776278161487,-35.540385821267236]]]}},{"type":"Feature","properties":{"CCA":"02705000000000000000000000000000000022300A000556","ARA1":421.72,"SAG":"ARBA","PARTIDO":"027","CIRC":5,"SECC":null,"CHACRA":null,"CHACRA_L":null,"QUINTA":null,"QUINTA_L":null,"FRACCION":null,"FRACC_L":null,"MANZANA":null,"MANZANA_L":null,"PARCELA":223,"PARCELA_L":"A","SUBPARC":556,"CCA_MADRE":"02705000000000000000000000000000000022300A","NOMENCLA":"Circ. V - Pc. 223A - UF 556"},"geometry":{"type":"Polygon","coordinates":[[[-58.01282606456303,-35.542851574650996],[-58.01268446890323,-35.54313417616915],[-58.01280588336228,-35.543177899856715],[-58.01295597819511,-35.54289489761591],[-58.01287735069765,-35.54286873045284],[-58.01282606456303,-35.542851574650996]]]}},{"type":"Feature","properties":{"CCA":"02705000000000000000000000000000000022300A000202","ARA1":444.97,"SAG":"ARBA","PARTIDO":"027","CIRC":5,"SECC":null,"CHACRA":null,"CHACRA_L":null,"QUINTA":null,"QUINTA_L":null,"FRACCION":null,"FRACC_L":null,"MANZANA":null,"MANZANA_L":null,"PARCELA":223,"PARCELA_L":"A","SUBPARC":202,"CCA_MADRE":"02705000000000000000000000000000000022300A","NOMENCLA":"Circ. V - Pc. 223A - UF 202"},"geometry":{"type":"Polygon","coordinates":[[[-58.0108950125678,-35.537443612729746],[-58.010908376163194,-35.53733551792658],[-58.01050259771812,-35.53730259925881],[-58.01048935714044,-35.537410155363716],[-58.0108950125678,-35.537443612729746]]]}},{"type":"Feature","properties":{"CCA":"02705000000000000000000000000000000022300A000351","ARA1":421.59,"SAG":"ARBA","PARTIDO":"027","CIRC":5,"SECC":null,"CHACRA":null,"CHACRA_L":null,"QUINTA":null,"QUINTA_L":null,"FRACCION":null,"FRACC_L":null,"MANZANA":null,"MANZANA_L":null,"PARCELA":223,"PARCELA_L":"A","SUBPARC":351,"CCA_MADRE":"02705000000000000000000000000000000022300A","NOMENCLA":"Circ. V - Pc. 223A - UF 351"},"geometry":{"type":"Polygon","coordinates":[[[-58.01441877665362,-35.540017827000476],[-58.0140730198423,-35.53987516037977],[-58.014016804764715,-35.53997299767496],[-58.014362449453124,-35.540115752725875],[-58.01441877665362,-35.540017827000476]]]}},{"type":"Feature","properties":{"CCA":"02705000000000000000000000000000000022300A000120","ARA1":570.44,"SAG":"ARBA","PARTIDO":"027","CIRC":5,"SECC":null,"CHACRA":null,"CHACRA_L":null,"QUINTA":null,"QUINTA_L":null,"FRACCION":null,"FRACC_L":null,"MANZANA":null,"MANZANA_L":null,"PARCELA":223,"PARCELA_L":"A","SUBPARC":120,"CCA_MADRE":"02705000000000000000000000000000000022300A","NOMENCLA":"Circ. V - Pc. 223A - UF 120"},"geometry":{"type":"Polygon","coordinates":[[[-58.011516622505894,-35.54224217767197],[-58.01164712853199,-35.54214088121652],[-58.01138076428023,-35.541912828121085],[-58.0112511221895,-35.542014859444826],[-58.011516622505894,-35.54224217767197]]]}},{"type":"Feature","properties":{"CCA":"02705000000000000000000000000000000022300A000505","ARA1":732.66,"SAG":"ARBA","PARTIDO":"027","CIRC":5,"SECC":null,"CHACRA":null,"CHACRA_L":null,"QUINTA":null,"QUINTA_L":null,"FRACCION":null,"FRACC_L":null,"MANZANA":null,"MANZANA_L":null,"PARCELA":223,"PARCELA_L":"A","SUBPARC":505,"CCA_MADRE":"02705000000000000000000000000000000022300A","NOMENCLA":"Circ. V - Pc. 223A - UF 505"},"geometry":{"type":"Polygon","coordinates":[[[-58.01330317256742,-35.54059779405038],[-58.01341006441219,-35.54057756816572],[-58.013471935385816,-35.540541010817726],[-58.013512373302895,-35.54051518409519],[-58.01355083235758,-35.540475717752244],[-58.01358145558941,-35.54043657283953],[-58.013599957829356,-35.54038821693253],[-58.013635043379004,-35.54027543345048],[-58.01338595059672,-35.54023663538835],[-58.01330317256742,-35.54059779405038]]]}},{"type":"Feature","properties":{"CCA":"02705000000000000000000000000000000022300A000560","ARA1":382.71,"SAG":"ARBA","PARTIDO":"027","CIRC":5,"SECC":null,"CHACRA":null,"CHACRA_L":null,"QUINTA":null,"QUINTA_L":null,"FRACCION":null,"FRACC_L":null,"MANZANA":null,"MANZANA_L":null,"PARCELA":223,"PARCELA_L":"A","SUBPARC":560,"CCA_MADRE":"02705000000000000000000000000000000022300A","NOMENCLA":"Circ. V - Pc. 223A - UF 560"},"geometry":{"type":"Polygon","coordinates":[[[-58.01343012934192,-35.543062482021156],[-58.01331844338838,-35.54302216334501],[-58.013161492044034,-35.5433060442766],[-58.013273070310724,-35.54334627121433],[-58.01343012934192,-35.543062482021156]]]}},{"type":"Feature","properties":{"CCA":"02705000000000000000000000000000000022300A000457","ARA1":432.08,"SAG":"ARBA","PARTIDO":"027","CIRC":5,"SECC":null,"CHACRA":null,"CHACRA_L":null,"QUINTA":null,"QUINTA_L":null,"FRACCION":null,"FRACC_L":null,"MANZANA":null,"MANZANA_L":null,"PARCELA":223,"PARCELA_L":"A","SUBPARC":457,"CCA_MADRE":"02705000000000000000000000000000000022300A","NOMENCLA":"Circ. V - Pc. 223A - UF 457"},"geometry":{"type":"Polygon","coordinates":[[[-58.0127840522604,-35.538576032728145],[-58.012913787085374,-35.53855483209905],[-58.01283597068621,-35.53823680367167],[-58.012706236361375,-35.53825800423401],[-58.0127840522604,-35.538576032728145]]]}},{"type":"Feature","properties":{"CCA":"02705000000000000000000000000000000022300A000563","ARA1":538.76,"SAG":"ARBA","PARTIDO":"027","CIRC":5,"SECC":null,"CHACRA":null,"CHACRA_L":null,"QUINTA":null,"QUINTA_L":null,"FRACCION":null,"FRACC_L":null,"MANZANA":null,"MANZANA_L":null,"PARCELA":223,"PARCELA_L":"A","SUBPARC":563,"CCA_MADRE":"02705000000000000000000000000000000022300A","NOMENCLA":"Circ. V - Pc. 223A - UF 563"},"geometry":{"type":"Polygon","coordinates":[[[-58.013708457045155,-35.543154567786644],[-58.013533603733656,-35.543440136707275],[-58.01370813057583,-35.543503027575696],[-58.013840880420446,-35.543252629475035],[-58.013708457045155,-35.543154567786644]]]}},{"type":"Feature","properties":{"CCA":"027020A00010000000000000300000000000001000000011","ARA1":197.35,"SAG":"ARBA","PARTIDO":"027","CIRC":2,"SECC":"A","CHACRA":1,"CHACRA_L":null,"QUINTA":null,"QUINTA_L":null,"FRACCION":3,"FRACC_L":null,"MANZANA":null,"MANZANA_L":null,"PARCELA":1,"PARCELA_L":null,"SUBPARC":11,"CCA_MADRE":"027020A00010000000000000300000000000001000","NOMENCLA":"Circ. II - Secc. A - Ch. 1 - Fr. 3 - Pc. 1 - UF 11"},"geometry":{"type":"Polygon","coordinates":[[[-58.03393373991601,-35.56034578505331],[-58.03404461263367,-35.56035309054341],[-58.03406214077062,-35.56017729630416],[-58.03395137632649,-35.560170082712744],[-58.03393373991601,-35.56034578505331]]]}},{"type":"Feature","properties":{"CCA":"02705000000000000000000000000000000022300A000525","ARA1":495.98,"SAG":"ARBA","PARTIDO":"027","CIRC":5,"SECC":null,"CHACRA":null,"CHACRA_L":null,"QUINTA":null,"QUINTA_L":null,"FRACCION":null,"FRACC_L":null,"MANZANA":null,"MANZANA_L":null,"PARCELA":223,"PARCELA_L":"A","SUBPARC":525,"CCA_MADRE":"02705000000000000000000000000000000022300A","NOMENCLA":"Circ. V - Pc. 223A - UF 525"},"geometry":{"type":"Polygon","coordinates":[[[-58.01082734972484,-35.54024562711514],[-58.010911047717904,-35.53987889851057],[-58.01078075531119,-35.53986007777241],[-58.01069742074722,-35.54022546058778],[-58.01082734972484,-35.54024562711514]]]}},{"type":"Feature","properties":{"CCA":"02705000000000000000000000000000000022300A000430","ARA1":407.92,"SAG":"ARBA","PARTIDO":"027","CIRC":5,"SECC":null,"CHACRA":null,"CHACRA_L":null,"QUINTA":null,"QUINTA_L":null,"FRACCION":null,"FRACC_L":null,"MANZANA":null,"MANZANA_L":null,"PARCELA":223,"PARCELA_L":"A","SUBPARC":430,"CCA_MADRE":"02705000000000000000000000000000000022300A","NOMENCLA":"Circ. V - Pc. 223A - UF 430"},"geometry":{"type":"Polygon","coordinates":[[[-58.0181969480077,-35.539507873131896],[-58.017822730583234,-35.539491087259215],[-58.01781544370882,-35.53959901251836],[-58.01818966163128,-35.53961579842958],[-58.0181969480077,-35.539507873131896]]]}},{"type":"Feature","properties":{"CCA":"02705000000000000000000000000000000022300A000443","ARA1":587.83,"SAG":"ARBA","PARTIDO":"027","CIRC":5,"SECC":null,"CHACRA":null,"CHACRA_L":null,"QUINTA":null,"QUINTA_L":null,"FRACCION":null,"FRACC_L":null,"MANZANA":null,"MANZANA_L":null,"PARCELA":223,"PARCELA_L":"A","SUBPARC":443,"CCA_MADRE":"02705000000000000000000000000000000022300A","NOMENCLA":"Circ. V - Pc. 223A - UF 443"},"geometry":{"type":"Polygon","coordinates":[[[-58.01457541155065,-35.53817661283575],[-58.01489357644304,-35.538118953802744],[-58.01488555337364,-35.538095572631384],[-58.014871963212684,-35.53806993708361],[-58.014852958354616,-35.538040337527164],[-58.014815323274334,-35.53800619588429],[-58.01477099386961,-35.53797527815663],[-58.01473183191687,-35.53796282848632],[-58.01467145179611,-35.53794795678149],[-58.014604104217796,-35.53794738831809],[-58.01452207046931,-35.537961176183394],[-58.01457541155065,-35.53817661283575]]]}},{"type":"Feature","properties":{"CCA":"02705000000000000000000000000000000022300A000276","ARA1":1047.42,"SAG":"ARBA","PARTIDO":"027","CIRC":5,"SECC":null,"CHACRA":null,"CHACRA_L":null,"QUINTA":null,"QUINTA_L":null,"FRACCION":null,"FRACC_L":null,"MANZANA":null,"MANZANA_L":null,"PARCELA":223,"PARCELA_L":"A","SUBPARC":276,"CCA_MADRE":"02705000000000000000000000000000000022300A","NOMENCLA":"Circ. V - Pc. 223A - UF 276"},"geometry":{"type":"Polygon","coordinates":[[[-58.01128774356746,-35.5374781171019],[-58.01123815648032,-35.53745927656002],[-58.01145756589026,-35.5379676164505],[-58.011530242925716,-35.537957731411375],[-58.01160933890467,-35.53796471313992],[-58.01159966879758,-35.53759725480779],[-58.01152736623168,-35.537569659242],[-58.0114075548292,-35.53752388822947],[-58.01128774356746,-35.5374781171019]]]}},{"type":"Feature","properties":{"CCA":"02705000000000000000000000000000000022300A000106","ARA1":675.63,"SAG":"ARBA","PARTIDO":"027","CIRC":5,"SECC":null,"CHACRA":null,"CHACRA_L":null,"QUINTA":null,"QUINTA_L":null,"FRACCION":null,"FRACC_L":null,"MANZANA":null,"MANZANA_L":null,"PARCELA":223,"PARCELA_L":"A","SUBPARC":106,"CCA_MADRE":"02705000000000000000000000000000000022300A","NOMENCLA":"Circ. V - Pc. 223A - UF 106"},"geometry":{"type":"Polygon","coordinates":[[[-58.012649387225466,-35.54066451437638],[-58.012574081915176,-35.54097289958634],[-58.01257869189684,-35.54097820211678],[-58.01294195260966,-35.540889662423986],[-58.01293336105916,-35.5408669926665],[-58.01292516588967,-35.54084613169324],[-58.01289839516116,-35.540809555277114],[-58.012870534794764,-35.5407769258458],[-58.012845086964695,-35.54074929236766],[-58.01280113103805,-35.54072108344821],[-58.01276003514617,-35.54069760751354],[-58.01270610765534,-35.54068031802226],[-58.012649387225466,-35.54066451437638]]]}},{"type":"Feature","properties":{"CCA":"02705000000000000000000000000000000022300A000075","ARA1":530.12,"SAG":"ARBA","PARTIDO":"027","CIRC":5,"SECC":null,"CHACRA":null,"CHACRA_L":null,"QUINTA":null,"QUINTA_L":null,"FRACCION":null,"FRACC_L":null,"MANZANA":null,"MANZANA_L":null,"PARCELA":223,"PARCELA_L":"A","SUBPARC":75,"CCA_MADRE":"02705000000000000000000000000000000022300A","NOMENCLA":"Circ. V - Pc. 223A - UF 75"},"geometry":{"type":"Polygon","coordinates":[[[-58.009709031295706,-35.538578830484596],[-58.00969578936929,-35.53868638643965],[-58.010180340241995,-35.538726285261475],[-58.01019358153275,-35.53861872923304],[-58.009709031295706,-35.538578830484596]]]}},{"type":"Feature","properties":{"CCA":"02705000000000000000000000000000000022300A000468","ARA1":392.0,"SAG":"ARBA","PARTIDO":"027","CIRC":5,"SECC":null,"CHACRA":null,"CHACRA_L":null,"QUINTA":null,"QUINTA_L":null,"FRACCION":null,"FRACC_L":null,"MANZANA":null,"MANZANA_L":null,"PARCELA":223,"PARCELA_L":"A","SUBPARC":468,"CCA_MADRE":"02705000000000000000000000000000000022300A","NOMENCLA":"Circ. V - Pc. 223A - UF 468"},"geometry":{"type":"Polygon","coordinates":[[[-58.011670482590134,-35.53855595892613],[-58.01167379857591,-35.53847076713597],[-58.01131962618155,-35.538441676002684],[-58.0113063864298,-35.538549232207544],[-58.01166528916663,-35.53857876185787],[-58.011670482590134,-35.53855595892613]]]}},{"type":"Feature","properties":{"CCA":"02705000000000000000000000000000000022300A000576","ARA1":528.59,"SAG":"ARBA","PARTIDO":"027","CIRC":5,"SECC":null,"CHACRA":null,"CHACRA_L":null,"QUINTA":null,"QUINTA_L":null,"FRACCION":null,"FRACC_L":null,"MANZANA":null,"MANZANA_L":null,"PARCELA":223,"PARCELA_L":"A","SUBPARC":576,"CCA_MADRE":"02705000000000000000000000000000000022300A","NOMENCLA":"Circ. V - Pc. 223A - UF 576"},"geometry":{"type":"Polygon","coordinates":[[[-58.0125538146093,-35.542138080994896],[-58.012526896320466,-35.54215214530716],[-58.01241278552599,-35.54221460422629],[-58.01229899629099,-35.54227742878619],[-58.01220657480716,-35.542327719499184],[-58.01241650801027,-35.54243454016201],[-58.012428841941464,-35.54241726169619],[-58.012456522594555,-35.54239464928808],[-58.01249063443581,-35.54237502650888],[-58.012528670926145,-35.54237060733072],[-58.01255526693183,-35.54236960402245],[-58.0125538146093,-35.542138080994896]]]}},{"type":"Feature","properties":{"CCA":"02705000000000000000000000000000000022300A000537","ARA1":659.83,"SAG":"ARBA","PARTIDO":"027","CIRC":5,"SECC":null,"CHACRA":null,"CHACRA_L":null,"QUINTA":null,"QUINTA_L":null,"FRACCION":null,"FRACC_L":null,"MANZANA":null,"MANZANA_L":null,"PARCELA":223,"PARCELA_L":"A","SUBPARC":537,"CCA_MADRE":"02705000000000000000000000000000000022300A","NOMENCLA":"Circ. V - Pc. 223A - UF 537"},"geometry":{"type":"Polygon","coordinates":[[[-58.012891624483515,-35.54196414582034],[-58.01247062804389,-35.541640009199625],[-58.012373376959985,-35.5417162629517],[-58.01275954258651,-35.542031084802815],[-58.01288715834226,-35.54196641512566],[-58.012891624483515,-35.54196414582034]]]}},{"type":"Feature","properties":{"CCA":"02705000000000000000000000000000000022300A000034","ARA1":539.63,"SAG":"ARBA","PARTIDO":"027","CIRC":5,"SECC":null,"CHACRA":null,"CHACRA_L":null,"QUINTA":null,"QUINTA_L":null,"FRACCION":null,"FRACC_L":null,"MANZANA":null,"MANZANA_L":null,"PARCELA":223,"PARCELA_L":"A","SUBPARC":34,"CCA_MADRE":"02705000000000000000000000000000000022300A","NOMENCLA":"Circ. V - Pc. 223A - UF 34"},"geometry":{"type":"Polygon","coordinates":[[[-58.013824284887335,-35.53677749685472],[-58.01369476021626,-35.5367992426581],[-58.01379190870369,-35.53719625745558],[-58.01392164107479,-35.537175055656185],[-58.013824284887335,-35.53677749685472]]]}},{"type":"Feature","properties":{"CCA":"02705000000000000000000000000000000022300A000540","ARA1":531.46,"SAG":"ARBA","PARTIDO":"027","CIRC":5,"SECC":null,"CHACRA":null,"CHACRA_L":null,"QUINTA":null,"QUINTA_L":null,"FRACCION":null,"FRACC_L":null,"MANZANA":null,"MANZANA_L":null,"PARCELA":223,"PARCELA_L":"A","SUBPARC":540,"CCA_MADRE":"02705000000000000000000000000000000022300A","NOMENCLA":"Circ. V - Pc. 223A - UF 540"},"geometry":{"type":"Polygon","coordinates":[[[-58.01241278552599,-35.54221460422629],[-58.012526896320466,-35.54215214530716],[-58.012178876463864,-35.54186868012389],[-58.01208162482823,-35.541944933619874],[-58.01241278552599,-35.54221460422629]]]}},{"type":"Feature","properties":{"CCA":"02705000000000000000000000000000000022300A000342","ARA1":421.34,"SAG":"ARBA","PARTIDO":"027","CIRC":5,"SECC":null,"CHACRA":null,"CHACRA_L":null,"QUINTA":null,"QUINTA_L":null,"FRACCION":null,"FRACC_L":null,"MANZANA":null,"MANZANA_L":null,"PARCELA":223,"PARCELA_L":"A","SUBPARC":342,"CCA_MADRE":"02705000000000000000000000000000000022300A","NOMENCLA":"Circ. V - Pc. 223A - UF 342"},"geometry":{"type":"Polygon","coordinates":[[[-58.01492482900838,-35.53913665965426],[-58.01457907271815,-35.53899408463551],[-58.014522858911285,-35.53909192222007],[-58.01486861550596,-35.539234497408316],[-58.01492482900838,-35.53913665965426]]]}},{"type":"Feature","properties":{"CCA":"02705000000000000000000000000000000022300A000509","ARA1":525.88,"SAG":"ARBA","PARTIDO":"027","CIRC":5,"SECC":null,"CHACRA":null,"CHACRA_L":null,"QUINTA":null,"QUINTA_L":null,"FRACCION":null,"FRACC_L":null,"MANZANA":null,"MANZANA_L":null,"PARCELA":223,"PARCELA_L":"A","SUBPARC":509,"CCA_MADRE":"02705000000000000000000000000000000022300A","NOMENCLA":"Circ. V - Pc. 223A - UF 509"},"geometry":{"type":"Polygon","coordinates":[[[-58.01290654039618,-35.54056881868408],[-58.01299517993524,-35.5401801824921],[-58.01286488644771,-35.54016136397667],[-58.012776500064405,-35.54054865254905],[-58.01290654039618,-35.54056881868408]]]}},{"type":"Feature","properties":{"CCA":"02705000000000000000000000000000000022300A000571","ARA1":499.43,"SAG":"ARBA","PARTIDO":"027","CIRC":5,"SECC":null,"CHACRA":null,"CHACRA_L":null,"QUINTA":null,"QUINTA_L":null,"FRACCION":null,"FRACC_L":null,"MANZANA":null,"MANZANA_L":null,"PARCELA":223,"PARCELA_L":"A","SUBPARC":571,"CCA_MADRE":"02705000000000000000000000000000000022300A","NOMENCLA":"Circ. V - Pc. 223A - UF 571"},"geometry":{"type":"Polygon","coordinates":[[[-58.01302038957215,-35.5429163247746],[-58.0130197236551,-35.542541175337725],[-58.01288116582079,-35.54253988261812],[-58.01287735069765,-35.54286873045284],[-58.01295597819511,-35.54289489761591],[-58.01302038957215,-35.5429163247746]]]}},{"type":"Feature","properties":{"CCA":"02705000000000000000000000000000000022300A000228","ARA1":431.88,"SAG":"ARBA","PARTIDO":"027","CIRC":5,"SECC":null,"CHACRA":null,"CHACRA_L":null,"QUINTA":null,"QUINTA_L":null,"FRACCION":null,"FRACC_L":null,"MANZANA":null,"MANZANA_L":null,"PARCELA":223,"PARCELA_L":"A","SUBPARC":228,"CCA_MADRE":"02705000000000000000000000000000000022300A","NOMENCLA":"Circ. V - Pc. 223A - UF 228"},"geometry":{"type":"Polygon","coordinates":[[[-58.01168508468261,-35.53938009885955],[-58.011555150159595,-35.53936020352019],[-58.01148233929109,-35.53967908225904],[-58.01161238673273,-35.53969888943391],[-58.01168508468261,-35.53938009885955]]]}},{"type":"Feature","properties":{"CCA":"027020A00010000000000000300000000000001000000008","ARA1":244.92,"SAG":"ARBA","PARTIDO":"027","CIRC":2,"SECC":"A","CHACRA":1,"CHACRA_L":null,"QUINTA":null,"QUINTA_L":null,"FRACCION":3,"FRACC_L":null,"MANZANA":null,"MANZANA_L":null,"PARCELA":1,"PARCELA_L":null,"SUBPARC":8,"CCA_MADRE":"027020A00010000000000000300000000000001000","NOMENCLA":"Circ. II - Secc. A - Ch. 1 - Fr. 3 - Pc. 1 - UF 8"},"geometry":{"type":"Polygon","coordinates":[[[-58.033597515355126,-35.56027740110988],[-58.033424040861746,-35.560169319024034],[-58.033298794599,-35.560303435514754],[-58.0335569792104,-35.560320624589814],[-58.033597515355126,-35.56027740110988]]]}},{"type":"Feature","properties":{"CCA":"02705000000000000000000000000000000022300A000566","ARA1":706.9,"SAG":"ARBA","PARTIDO":"027","CIRC":5,"SECC":null,"CHACRA":null,"CHACRA_L":null,"QUINTA":null,"QUINTA_L":null,"FRACCION":null,"FRACC_L":null,"MANZANA":null,"MANZANA_L":null,"PARCELA":223,"PARCELA_L":"A","SUBPARC":566,"CCA_MADRE":"02705000000000000000000000000000000022300A","NOMENCLA":"Circ. V - Pc. 223A - UF 566"},"geometry":{"type":"Polygon","coordinates":[[[-58.01343012934192,-35.543062482021156],[-58.01356135730141,-35.54310618645223],[-58.013708457045155,-35.543154567786644],[-58.01366057372756,-35.5431156611719],[-58.013635591091244,-35.543082538654986],[-58.01361391167006,-35.543054066304045],[-58.01359359212412,-35.54301516330392],[-58.01357164035904,-35.54294856885496],[-58.01356507890649,-35.54290169232403],[-58.013564349267064,-35.54284635120258],[-58.013416255032,-35.5428472448679],[-58.01327323046141,-35.54284822190509],[-58.013269599457935,-35.54300432707871],[-58.01331844338838,-35.54302216334501],[-58.01343012934192,-35.543062482021156]]]}},{"type":"Feature","properties":{"CCA":"02705000000000000000000000000000000022300A000094","ARA1":445.28,"SAG":"ARBA","PARTIDO":"027","CIRC":5,"SECC":null,"CHACRA":null,"CHACRA_L":null,"QUINTA":null,"QUINTA_L":null,"FRACCION":null,"FRACC_L":null,"MANZANA":null,"MANZANA_L":null,"PARCELA":223,"PARCELA_L":"A","SUBPARC":94,"CCA_MADRE":"02705000000000000000000000000000000022300A","NOMENCLA":"Circ. V - Pc. 223A - UF 94"},"geometry":{"type":"Polygon","coordinates":[[[-58.01118255369084,-35.5404252247533],[-58.01104463486166,-35.54040267396476],[-58.01096932374595,-35.540711057993036],[-58.011107245298646,-35.54073351880729],[-58.01118255369084,-35.5404252247533]]]}},{"type":"Feature","properties":{"CCA":"02705000000000000000000000000000000022300A000170","ARA1":432.2,"SAG":"ARBA","PARTIDO":"027","CIRC":5,"SECC":null,"CHACRA":null,"CHACRA_L":null,"QUINTA":null,"QUINTA_L":null,"FRACCION":null,"FRACC_L":null,"MANZANA":null,"MANZANA_L":null,"PARCELA":223,"PARCELA_L":"A","SUBPARC":170,"CCA_MADRE":"02705000000000000000000000000000000022300A","NOMENCLA":"Circ. V - Pc. 223A - UF 170"},"geometry":{"type":"Polygon","coordinates":[[[-58.0148598956875,-35.53746814646535],[-58.01498962827466,-35.5374469435222],[-58.01491180668908,-35.53712882607333],[-58.014782074602145,-35.537150028949696],[-58.0148598956875,-35.53746814646535]]]}},{"type":"Feature","properties":{"CCA":"02705000000000000000000000000000000022300A000049","ARA1":547.18,"SAG":"ARBA","PARTIDO":"027","CIRC":5,"SECC":null,"CHACRA":null,"CHACRA_L":null,"QUINTA":null,"QUINTA_L":null,"FRACCION":null,"FRACC_L":null,"MANZANA":null,"MANZANA_L":null,"PARCELA":223,"PARCELA_L":"A","SUBPARC":49,"CCA_MADRE":"02705000000000000000000000000000000022300A","NOMENCLA":"Circ. V - Pc. 223A - UF 49"},"geometry":{"type":"Polygon","coordinates":[[[-58.012095818845154,-35.536840922125336],[-58.01197600815644,-35.53679515169745],[-58.011763197849625,-35.53716723135303],[-58.01188311915271,-35.537213003821265],[-58.012095818845154,-35.536840922125336]]]}},{"type":"Feature","properties":{"CCA":"02705000000000000000000000000000000022300A000224","ARA1":432.05,"SAG":"ARBA","PARTIDO":"027","CIRC":5,"SECC":null,"CHACRA":null,"CHACRA_L":null,"QUINTA":null,"QUINTA_L":null,"FRACCION":null,"FRACC_L":null,"MANZANA":null,"MANZANA_L":null,"PARCELA":223,"PARCELA_L":"A","SUBPARC":224,"CCA_MADRE":"02705000000000000000000000000000000022300A","NOMENCLA":"Circ. V - Pc. 223A - UF 224"},"geometry":{"type":"Polygon","coordinates":[[[-58.01116500972688,-35.53930078144673],[-58.01103496305714,-35.53928097381223],[-58.010962262660364,-35.539599763918716],[-58.011092307595014,-35.53961966172264],[-58.01116500972688,-35.53930078144673]]]}},{"type":"Feature","properties":{"CCA":"02705000000000000000000000000000000022300A000092","ARA1":418.75,"SAG":"ARBA","PARTIDO":"027","CIRC":5,"SECC":null,"CHACRA":null,"CHACRA_L":null,"QUINTA":null,"QUINTA_L":null,"FRACCION":null,"FRACC_L":null,"MANZANA":null,"MANZANA_L":null,"PARCELA":223,"PARCELA_L":"A","SUBPARC":92,"CCA_MADRE":"02705000000000000000000000000000000022300A","NOMENCLA":"Circ. V - Pc. 223A - UF 92"},"geometry":{"type":"Polygon","coordinates":[[[-58.010914950452694,-35.54038152046509],[-58.01078526611836,-35.54036036682801],[-58.01070995406435,-35.54066875066526],[-58.01083963886783,-35.54068990439783],[-58.010914950452694,-35.54038152046509]]]}},{"type":"Feature","properties":{"CCA":"02705000000000000000000000000000000022300A000575","ARA1":1093.05,"SAG":"ARBA","PARTIDO":"027","CIRC":5,"SECC":null,"CHACRA":null,"CHACRA_L":null,"QUINTA":null,"QUINTA_L":null,"FRACCION":null,"FRACC_L":null,"MANZANA":null,"MANZANA_L":null,"PARCELA":223,"PARCELA_L":"A","SUBPARC":575,"CCA_MADRE":"02705000000000000000000000000000000022300A","NOMENCLA":"Circ. V - Pc. 223A - UF 575"},"geometry":{"type":"Polygon","coordinates":[[[-58.01218466917654,-35.54233970369036],[-58.0120678559961,-35.54239995500932],[-58.0119517985427,-35.54246084946271],[-58.01182200501339,-35.542528816363905],[-58.011961260886245,-35.54257328570761],[-58.012092313464386,-35.542615096462384],[-58.01221190090301,-35.54265239261673],[-58.01242708897245,-35.542555285176995],[-58.012418818502056,-35.542546407897554],[-58.01240946786298,-35.54252769054261],[-58.012403297738864,-35.542509656416044],[-58.012396642005015,-35.542484495393026],[-58.01240319679527,-35.54245567735112],[-58.01241650801027,-35.54243454016201],[-58.01220657480716,-35.542327719499184],[-58.01218466917654,-35.54233970369036]]]}},{"type":"Feature","properties":{"CCA":"02705000000000000000000000000000000022300A000266","ARA1":1222.45,"SAG":"ARBA","PARTIDO":"027","CIRC":5,"SECC":null,"CHACRA":null,"CHACRA_L":null,"QUINTA":null,"QUINTA_L":null,"FRACCION":null,"FRACC_L":null,"MANZANA":null,"MANZANA_L":null,"PARCELA":223,"PARCELA_L":"A","SUBPARC":266,"CCA_MADRE":"02705000000000000000000000000000000022300A","NOMENCLA":"Circ. V - Pc. 223A - UF 266"},"geometry":{"type":"Polygon","coordinates":[[[-58.01098608648156,-35.53927349905741],[-58.011215670313526,-35.5389815374747],[-58.01118898587228,-35.53895938012174],[-58.011160630393114,-35.53892899495261],[-58.01113613292138,-35.53888524665761],[-58.01069820345805,-35.539055632655256],[-58.01069270594497,-35.539086270311074],[-58.01067988705032,-35.53919013875293],[-58.010675468271785,-35.53922620096041],[-58.01077486992935,-35.539241358128244],[-58.010904916457946,-35.5392611660394],[-58.01098608648156,-35.53927349905741]]]}},{"type":"Feature","properties":{"CCA":"02705000000000000000000000000000000022300A000105","ARA1":450.65,"SAG":"ARBA","PARTIDO":"027","CIRC":5,"SECC":null,"CHACRA":null,"CHACRA_L":null,"QUINTA":null,"QUINTA_L":null,"FRACCION":null,"FRACC_L":null,"MANZANA":null,"MANZANA_L":null,"PARCELA":223,"PARCELA_L":"A","SUBPARC":105,"CCA_MADRE":"02705000000000000000000000000000000022300A","NOMENCLA":"Circ. V - Pc. 223A - UF 105"},"geometry":{"type":"Polygon","coordinates":[[[-58.012649387225466,-35.54066451437638],[-58.01250981883972,-35.54064175783435],[-58.01243451302449,-35.540950142941554],[-58.012574081915176,-35.54097289958634],[-58.012649387225466,-35.54066451437638]]]}},{"type":"Feature","properties":{"CCA":"02705000000000000000000000000000000022300A000492","ARA1":388.04,"SAG":"ARBA","PARTIDO":"027","CIRC":5,"SECC":null,"CHACRA":null,"CHACRA_L":null,"QUINTA":null,"QUINTA_L":null,"FRACCION":null,"FRACC_L":null,"MANZANA":null,"MANZANA_L":null,"PARCELA":223,"PARCELA_L":"A","SUBPARC":492,"CCA_MADRE":"02705000000000000000000000000000000022300A","NOMENCLA":"Circ. V - Pc. 223A - UF 492"},"geometry":{"type":"Polygon","coordinates":[[[-58.014340425264066,-35.53832160854892],[-58.01441449661404,-35.5386263278584],[-58.01448658129718,-35.53859128986474],[-58.014534804643105,-35.53856712291284],[-58.01447015934717,-35.538300406216834],[-58.014340425264066,-35.53832160854892]]]}},{"type":"Feature","properties":{"CCA":"02705000000000000000000000000000000022300A000027","ARA1":539.92,"SAG":"ARBA","PARTIDO":"027","CIRC":5,"SECC":null,"CHACRA":null,"CHACRA_L":null,"QUINTA":null,"QUINTA_L":null,"FRACCION":null,"FRACC_L":null,"MANZANA":null,"MANZANA_L":null,"PARCELA":223,"PARCELA_L":"A","SUBPARC":27,"CCA_MADRE":"02705000000000000000000000000000000022300A","NOMENCLA":"Circ. V - Pc. 223A - UF 27"},"geometry":{"type":"Polygon","coordinates":[[[-58.01473218497471,-35.53662907724006],[-58.01460256386312,-35.53665028176416],[-58.014699813598725,-35.53704783824942],[-58.01482954553705,-35.53702663545666],[-58.01473218497471,-35.53662907724006]]]}},{"type":"Feature","properties":{"CCA":"02705000000000000000000000000000000022300A000467","ARA1":382.84,"SAG":"ARBA","PARTIDO":"027","CIRC":5,"SECC":null,"CHACRA":null,"CHACRA_L":null,"QUINTA":null,"QUINTA_L":null,"FRACCION":null,"FRACC_L":null,"MANZANA":null,"MANZANA_L":null,"PARCELA":223,"PARCELA_L":"A","SUBPARC":467,"CCA_MADRE":"02705000000000000000000000000000000022300A","NOMENCLA":"Circ. V - Pc. 223A - UF 467"},"geometry":{"type":"Polygon","coordinates":[[[-58.01167379857591,-35.53847076713597],[-58.01167812688492,-35.53836243311267],[-58.01133286811522,-35.538334029717525],[-58.01131962618155,-35.538441676002684],[-58.01167379857591,-35.53847076713597]]]}},{"type":"Feature","properties":{"CCA":"02705000000000000000000000000000000022300A000205","ARA1":443.93,"SAG":"ARBA","PARTIDO":"027","CIRC":5,"SECC":null,"CHACRA":null,"CHACRA_L":null,"QUINTA":null,"QUINTA_L":null,"FRACCION":null,"FRACC_L":null,"MANZANA":null,"MANZANA_L":null,"PARCELA":223,"PARCELA_L":"A","SUBPARC":205,"CCA_MADRE":"02705000000000000000000000000000000022300A","NOMENCLA":"Circ. V - Pc. 223A - UF 205"},"geometry":{"type":"Polygon","coordinates":[[[-58.01085529217735,-35.53776628120223],[-58.01086853234978,-35.53765872504914],[-58.01046276343041,-35.53762535581736],[-58.0104495227257,-35.537732911908996],[-58.01085529217735,-35.53776628120223]]]}},{"type":"Feature","properties":{"CCA":"02705000000000000000000000000000000022300A000190","ARA1":557.87,"SAG":"ARBA","PARTIDO":"027","CIRC":5,"SECC":null,"CHACRA":null,"CHACRA_L":null,"QUINTA":null,"QUINTA_L":null,"FRACCION":null,"FRACC_L":null,"MANZANA":null,"MANZANA_L":null,"PARCELA":223,"PARCELA_L":"A","SUBPARC":190,"CCA_MADRE":"02705000000000000000000000000000000022300A","NOMENCLA":"Circ. V - Pc. 223A - UF 190"},"geometry":{"type":"Polygon","coordinates":[[[-58.01200706740122,-35.537752208955695],[-58.01212653333514,-35.537798604472414],[-58.01219631499499,-35.53782561744103],[-58.01229769239774,-35.537506037663334],[-58.012243644532425,-35.53748478105402],[-58.01217788061306,-35.53746026740512],[-58.01200706740122,-35.537752208955695]]]}},{"type":"Feature","properties":{"CCA":"027020A00010000000000000300000000000001000000029","ARA1":203.29,"SAG":"ARBA","PARTIDO":"027","CIRC":2,"SECC":"A","CHACRA":1,"CHACRA_L":null,"QUINTA":null,"QUINTA_L":null,"FRACCION":3,"FRACC_L":null,"MANZANA":null,"MANZANA_L":null,"PARCELA":1,"PARCELA_L":null,"SUBPARC":29,"CCA_MADRE":"027020A00010000000000000300000000000001000","NOMENCLA":"Circ. II - Secc. A - Ch. 1 - Fr. 3 - Pc. 1 - UF 29"},"geometry":{"type":"Polygon","coordinates":[[[-58.0342734027112,-35.559880666989685],[-58.034361928267856,-35.5599359982013],[-58.03449634981581,-35.55979184746016],[-58.03440771188123,-35.55973660462718],[-58.0342734027112,-35.559880666989685]]]}},{"type":"Feature","properties":{"CCA":"02705000000000000000000000000000000022300A000491","ARA1":421.85,"SAG":"ARBA","PARTIDO":"027","CIRC":5,"SECC":null,"CHACRA":null,"CHACRA_L":null,"QUINTA":null,"QUINTA_L":null,"FRACCION":null,"FRACC_L":null,"MANZANA":null,"MANZANA_L":null,"PARCELA":223,"PARCELA_L":"A","SUBPARC":491,"CCA_MADRE":"02705000000000000000000000000000000022300A","NOMENCLA":"Circ. V - Pc. 223A - UF 491"},"geometry":{"type":"Polygon","coordinates":[[[-58.014210801323,-35.538342812554404],[-58.01428862327856,-35.53866084026796],[-58.01441449661404,-35.5386263278584],[-58.014340425264066,-35.53832160854892],[-58.014210801323,-35.538342812554404]]]}},{"type":"Feature","properties":{"CCA":"02705000000000000000000000000000000022300A000286","ARA1":431.73,"SAG":"ARBA","PARTIDO":"027","CIRC":5,"SECC":null,"CHACRA":null,"CHACRA_L":null,"QUINTA":null,"QUINTA_L":null,"FRACCION":null,"FRACC_L":null,"MANZANA":null,"MANZANA_L":null,"PARCELA":223,"PARCELA_L":"A","SUBPARC":286,"CCA_MADRE":"02705000000000000000000000000000000022300A","NOMENCLA":"Circ. V - Pc. 223A - UF 286"},"geometry":{"type":"Polygon","coordinates":[[[-58.01278471912136,-35.53780729325746],[-58.01286253498361,-35.538125321719235],[-58.01299215885647,-35.538104119163485],[-58.01291434249453,-35.53778609076845],[-58.01278471912136,-35.53780729325746]]]}},{"type":"Feature","properties":{"CCA":"02705000000000000000000000000000000022300A000465","ARA1":457.08,"SAG":"ARBA","PARTIDO":"027","CIRC":5,"SECC":null,"CHACRA":null,"CHACRA_L":null,"QUINTA":null,"QUINTA_L":null,"FRACCION":null,"FRACC_L":null,"MANZANA":null,"MANZANA_L":null,"PARCELA":223,"PARCELA_L":"A","SUBPARC":465,"CCA_MADRE":"02705000000000000000000000000000000022300A","NOMENCLA":"Circ. V - Pc. 223A - UF 465"},"geometry":{"type":"Polygon","coordinates":[[[-58.01168230494328,-35.5382557186353],[-58.011687763401106,-35.53811946835239],[-58.01161587669316,-35.538092870931074],[-58.01157871889697,-35.53807964228573],[-58.01154791533656,-35.53807697149707],[-58.01150264868714,-35.53808406462833],[-58.01145741784237,-35.538098637675745],[-58.01142079518911,-35.538117317656344],[-58.011391566265644,-35.538140174656945],[-58.011372316907654,-35.53816517875006],[-58.01135314681786,-35.53820036686666],[-58.011346107782366,-35.53822647350384],[-58.01168230494328,-35.5382557186353]]]}},{"type":"Feature","properties":{"CCA":"02705000000000000000000000000000000022300A000157","ARA1":1321.61,"SAG":"ARBA","PARTIDO":"027","CIRC":5,"SECC":null,"CHACRA":null,"CHACRA_L":null,"QUINTA":null,"QUINTA_L":null,"FRACCION":null,"FRACC_L":null,"MANZANA":null,"MANZANA_L":null,"PARCELA":223,"PARCELA_L":"A","SUBPARC":157,"CCA_MADRE":"02705000000000000000000000000000000022300A","NOMENCLA":"Circ. V - Pc. 223A - UF 157"},"geometry":{"type":"Polygon","coordinates":[[[-58.015083034817025,-35.544526645162],[-58.0152206156578,-35.544612444882425],[-58.01581962995495,-35.54417003144255],[-58.01580308851134,-35.544174625242825],[-58.015771761577646,-35.54418861770634],[-58.01572302480153,-35.544206648980584],[-58.015668405369965,-35.54422178990794],[-58.01562687163615,-35.544229396546456],[-58.015580213427896,-35.544234665996164],[-58.015532746777495,-35.54423694840431],[-58.015492938825126,-35.54423268855016],[-58.015445031482706,-35.544221536898206],[-58.01538241426804,-35.544203294492135],[-58.01527500317437,-35.54416836461826],[-58.015083034817025,-35.544526645162]]]}},{"type":"Feature","properties":{"CCA":"02705000000000000000000000000000000022300A000138","ARA1":416.21,"SAG":"ARBA","PARTIDO":"027","CIRC":5,"SECC":null,"CHACRA":null,"CHACRA_L":null,"QUINTA":null,"QUINTA_L":null,"FRACCION":null,"FRACC_L":null,"MANZANA":null,"MANZANA_L":null,"PARCELA":223,"PARCELA_L":"A","SUBPARC":138,"CCA_MADRE":"02705000000000000000000000000000000022300A","NOMENCLA":"Circ. V - Pc. 223A - UF 138"},"geometry":{"type":"Polygon","coordinates":[[[-58.013093876363165,-35.54338765309952],[-58.01297278316353,-35.543344295441855],[-58.01281929889402,-35.54363057596052],[-58.012940502637775,-35.5436739355985],[-58.013093876363165,-35.54338765309952]]]}},{"type":"Feature","properties":{"CCA":"02705000000000000000000000000000000022300A000241","ARA1":432.1,"SAG":"ARBA","PARTIDO":"027","CIRC":5,"SECC":null,"CHACRA":null,"CHACRA_L":null,"QUINTA":null,"QUINTA_L":null,"FRACCION":null,"FRACC_L":null,"MANZANA":null,"MANZANA_L":null,"PARCELA":223,"PARCELA_L":"A","SUBPARC":241,"CCA_MADRE":"02705000000000000000000000000000000022300A","NOMENCLA":"Circ. V - Pc. 223A - UF 241"},"geometry":{"type":"Polygon","coordinates":[[[-58.01337558905463,-35.53963766658745],[-58.013245541185015,-35.53961786130442],[-58.01317273668037,-35.539936741261265],[-58.013302785039606,-35.539956546637974],[-58.01337558905463,-35.53963766658745]]]}},{"type":"Feature","properties":{"CCA":"02705000000000000000000000000000000022300A000091","ARA1":419.09,"SAG":"ARBA","PARTIDO":"027","CIRC":5,"SECC":null,"CHACRA":null,"CHACRA_L":null,"QUINTA":null,"QUINTA_L":null,"FRACCION":null,"FRACC_L":null,"MANZANA":null,"MANZANA_L":null,"PARCELA":223,"PARCELA_L":"A","SUBPARC":91,"CCA_MADRE":"02705000000000000000000000000000000022300A","NOMENCLA":"Circ. V - Pc. 223A - UF 91"},"geometry":{"type":"Polygon","coordinates":[[[-58.01078526611836,-35.54036036682801],[-58.01065547165234,-35.54033921123481],[-58.01058015912876,-35.540647594976484],[-58.01070995406435,-35.54066875066526],[-58.01078526611836,-35.54036036682801]]]}},{"type":"Feature","properties":{"CCA":"02705000000000000000000000000000000022300A000462","ARA1":474.27,"SAG":"ARBA","PARTIDO":"027","CIRC":5,"SECC":null,"CHACRA":null,"CHACRA_L":null,"QUINTA":null,"QUINTA_L":null,"FRACCION":null,"FRACC_L":null,"MANZANA":null,"MANZANA_L":null,"PARCELA":223,"PARCELA_L":"A","SUBPARC":462,"CCA_MADRE":"02705000000000000000000000000000000022300A","NOMENCLA":"Circ. V - Pc. 223A - UF 462"},"geometry":{"type":"Polygon","coordinates":[[[-58.01179878529819,-35.53858384722835],[-58.01192686769309,-35.53861173176186],[-58.0121151208342,-35.53828331205004],[-58.01200439044465,-35.538240304622896],[-58.01179878529819,-35.53858384722835]]]}},{"type":"Feature","properties":{"CCA":"02705000000000000000000000000000000022300A000211","ARA1":443.93,"SAG":"ARBA","PARTIDO":"027","CIRC":5,"SECC":null,"CHACRA":null,"CHACRA_L":null,"QUINTA":null,"QUINTA_L":null,"FRACCION":null,"FRACC_L":null,"MANZANA":null,"MANZANA_L":null,"PARCELA":223,"PARCELA_L":"A","SUBPARC":211,"CCA_MADRE":"02705000000000000000000000000000000022300A","NOMENCLA":"Circ. V - Pc. 223A - UF 211"},"geometry":{"type":"Polygon","coordinates":[[[-58.01077584802989,-35.53841170810397],[-58.010789088456065,-35.53830415197737],[-58.010383316342505,-35.53827078237693],[-58.010370075384046,-35.53837833844213],[-58.01077584802989,-35.53841170810397]]]}},{"type":"Feature","properties":{"CCA":"027020A00010000000000000300000000000001000000027","ARA1":206.09,"SAG":"ARBA","PARTIDO":"027","CIRC":2,"SECC":"A","CHACRA":1,"CHACRA_L":null,"QUINTA":null,"QUINTA_L":null,"FRACCION":3,"FRACC_L":null,"MANZANA":null,"MANZANA_L":null,"PARCELA":1,"PARCELA_L":null,"SUBPARC":27,"CCA_MADRE":"027020A00010000000000000300000000000001000","NOMENCLA":"Circ. II - Secc. A - Ch. 1 - Fr. 3 - Pc. 1 - UF 27"},"geometry":{"type":"Polygon","coordinates":[[[-58.03444828445228,-35.55998985216683],[-58.0345380074361,-35.56004583356907],[-58.03467243107077,-35.5599015925529],[-58.034582597910024,-35.55984560945398],[-58.03444828445228,-35.55998985216683]]]}},{"type":"Feature","properties":{"CCA":"02705000000000000000000000000000000022300A000316","ARA1":708.87,"SAG":"ARBA","PARTIDO":"027","CIRC":5,"SECC":null,"CHACRA":null,"CHACRA_L":null,"QUINTA":null,"QUINTA_L":null,"FRACCION":null,"FRACC_L":null,"MANZANA":null,"MANZANA_L":null,"PARCELA":223,"PARCELA_L":"A","SUBPARC":316,"CCA_MADRE":"02705000000000000000000000000000000022300A","NOMENCLA":"Circ. V - Pc. 223A - UF 316"},"geometry":{"type":"Polygon","coordinates":[[[-58.01692044979758,-35.538380387988724],[-58.01693280928002,-35.53827245611309],[-58.01628733504157,-35.538186141781026],[-58.016281128387625,-35.538294895726196],[-58.01692044979758,-35.538380387988724]]]}},{"type":"Feature","properties":{"CCA":"027020A00010000000000000300000000000001000000010","ARA1":191.57,"SAG":"ARBA","PARTIDO":"027","CIRC":2,"SECC":"A","CHACRA":1,"CHACRA_L":null,"QUINTA":null,"QUINTA_L":null,"FRACCION":3,"FRACC_L":null,"MANZANA":null,"MANZANA_L":null,"PARCELA":1,"PARCELA_L":null,"SUBPARC":10,"CCA_MADRE":"027020A00010000000000000300000000000001000","NOMENCLA":"Circ. II - Secc. A - Ch. 1 - Fr. 3 - Pc. 1 - UF 10"},"geometry":{"type":"Polygon","coordinates":[[[-58.033826172081014,-35.56033862348969],[-58.03393373991601,-35.56034578505331],[-58.03395137632649,-35.560170082712744],[-58.03384369628756,-35.56016300945057],[-58.033826172081014,-35.56033862348969]]]}},{"type":"Feature","properties":{"CCA":"02705000000000000000000000000000000022300A000317","ARA1":704.22,"SAG":"ARBA","PARTIDO":"027","CIRC":5,"SECC":null,"CHACRA":null,"CHACRA_L":null,"QUINTA":null,"QUINTA_L":null,"FRACCION":null,"FRACC_L":null,"MANZANA":null,"MANZANA_L":null,"PARCELA":223,"PARCELA_L":"A","SUBPARC":317,"CCA_MADRE":"02705000000000000000000000000000000022300A","NOMENCLA":"Circ. V - Pc. 223A - UF 317"},"geometry":{"type":"Polygon","coordinates":[[[-58.01676875720465,-35.538469537116214],[-58.01690831290156,-35.538488233409765],[-58.01692044979758,-35.538380387988724],[-58.016281128387625,-35.538294895726196],[-58.01627052463934,-35.53840312674989],[-58.01676875720465,-35.538469537116214]]]}},{"type":"Feature","properties":{"CCA":"02705000000000000000000000000000000022300A000039","ARA1":539.84,"SAG":"ARBA","PARTIDO":"027","CIRC":5,"SECC":null,"CHACRA":null,"CHACRA_L":null,"QUINTA":null,"QUINTA_L":null,"FRACCION":null,"FRACC_L":null,"MANZANA":null,"MANZANA_L":null,"PARCELA":223,"PARCELA_L":"A","SUBPARC":39,"CCA_MADRE":"02705000000000000000000000000000000022300A","NOMENCLA":"Circ. V - Pc. 223A - UF 39"},"geometry":{"type":"Polygon","coordinates":[[[-58.01317584594293,-35.53688350764664],[-58.0130462129789,-35.53690516084914],[-58.01314335612316,-35.537302266139385],[-58.01327308880337,-35.53728106504965],[-58.01317584594293,-35.53688350764664]]]}},{"type":"Feature","properties":{"CCA":"02705000000000000000000000000000000022300A000572","ARA1":423.06,"SAG":"ARBA","PARTIDO":"027","CIRC":5,"SECC":null,"CHACRA":null,"CHACRA_L":null,"QUINTA":null,"QUINTA_L":null,"FRACCION":null,"FRACC_L":null,"MANZANA":null,"MANZANA_L":null,"PARCELA":223,"PARCELA_L":"A","SUBPARC":572,"CCA_MADRE":"02705000000000000000000000000000000022300A","NOMENCLA":"Circ. V - Pc. 223A - UF 572"},"geometry":{"type":"Polygon","coordinates":[[[-58.012744558357994,-35.54282590062237],[-58.01282606456303,-35.542851574650996],[-58.01287735069765,-35.54286873045284],[-58.01288116582079,-35.54253988261812],[-58.012741651680415,-35.54253713217349],[-58.012744558357994,-35.54282590062237]]]}},{"type":"Feature","properties":{"CCA":"02705000000000000000000000000000000022300A000231","ARA1":432.05,"SAG":"ARBA","PARTIDO":"027","CIRC":5,"SECC":null,"CHACRA":null,"CHACRA_L":null,"QUINTA":null,"QUINTA_L":null,"FRACCION":null,"FRACC_L":null,"MANZANA":null,"MANZANA_L":null,"PARCELA":223,"PARCELA_L":"A","SUBPARC":231,"CCA_MADRE":"02705000000000000000000000000000000022300A","NOMENCLA":"Circ. V - Pc. 223A - UF 231"},"geometry":{"type":"Polygon","coordinates":[[[-58.0120752259625,-35.53943951927339],[-58.01194517879863,-35.539419712607085],[-58.01187248182774,-35.53973850336863],[-58.01200252725754,-35.53975840020438],[-58.0120752259625,-35.53943951927339]]]}},{"type":"Feature","properties":{"CCA":"02705000000000000000000000000000000022300A000304","ARA1":432.08,"SAG":"ARBA","PARTIDO":"027","CIRC":5,"SECC":null,"CHACRA":null,"CHACRA_L":null,"QUINTA":null,"QUINTA_L":null,"FRACCION":null,"FRACC_L":null,"MANZANA":null,"MANZANA_L":null,"PARCELA":223,"PARCELA_L":"A","SUBPARC":304,"CCA_MADRE":"02705000000000000000000000000000000022300A","NOMENCLA":"Circ. V - Pc. 223A - UF 304"},"geometry":{"type":"Polygon","coordinates":[[[-58.01532680842276,-35.5377225625888],[-58.01524898306086,-35.537404535395694],[-58.01511936080003,-35.537425740437094],[-58.01511914039466,-35.53742573680817],[-58.01519718566224,-35.53774376769694],[-58.01532680842276,-35.5377225625888]]]}},{"type":"Feature","properties":{"CCA":"02705000000000000000000000000000000022300A000055","ARA1":548.08,"SAG":"ARBA","PARTIDO":"027","CIRC":5,"SECC":null,"CHACRA":null,"CHACRA_L":null,"QUINTA":null,"QUINTA_L":null,"FRACCION":null,"FRACC_L":null,"MANZANA":null,"MANZANA_L":null,"PARCELA":223,"PARCELA_L":"A","SUBPARC":55,"CCA_MADRE":"02705000000000000000000000000000000022300A","NOMENCLA":"Circ. V - Pc. 223A - UF 55"},"geometry":{"type":"Polygon","coordinates":[[[-58.011377078145266,-35.536565849270985],[-58.011257385175185,-35.536519809743346],[-58.011044223998184,-35.536892603214206],[-58.01116414445628,-35.5369383763734],[-58.011377078145266,-35.536565849270985]]]}},{"type":"Feature","properties":{"CCA":"027020A00010000000000000300000000000001000000032","ARA1":220.13,"SAG":"ARBA","PARTIDO":"027","CIRC":2,"SECC":"A","CHACRA":1,"CHACRA_L":null,"QUINTA":null,"QUINTA_L":null,"FRACCION":3,"FRACC_L":null,"MANZANA":null,"MANZANA_L":null,"PARCELA":1,"PARCELA_L":null,"SUBPARC":32,"CCA_MADRE":"027020A00010000000000000300000000000001000","NOMENCLA":"Circ. II - Secc. A - Ch. 1 - Fr. 3 - Pc. 1 - UF 32"},"geometry":{"type":"Polygon","coordinates":[[[-58.03406093694631,-35.56003246560221],[-58.034193661659,-35.55989008978712],[-58.03413891533747,-35.55985594524218],[-58.03413488726587,-35.559853806947785],[-58.034118122587245,-35.559849388310596],[-58.034101384526856,-35.55984839438703],[-58.03408754578458,-35.55985060169751],[-58.03407553481964,-35.5598547311868],[-58.03406660382203,-35.55985918125285],[-58.034060320655506,-35.55986358439662],[-58.03396023905827,-35.55996981670722],[-58.03406093694631,-35.56003246560221]]]}},{"type":"Feature","properties":{"CCA":"02705000000000000000000000000000000022300A000539","ARA1":559.66,"SAG":"ARBA","PARTIDO":"027","CIRC":5,"SECC":null,"CHACRA":null,"CHACRA_L":null,"QUINTA":null,"QUINTA_L":null,"FRACCION":null,"FRACC_L":null,"MANZANA":null,"MANZANA_L":null,"PARCELA":223,"PARCELA_L":"A","SUBPARC":539,"CCA_MADRE":"02705000000000000000000000000000000022300A","NOMENCLA":"Circ. V - Pc. 223A - UF 539"},"geometry":{"type":"Polygon","coordinates":[[[-58.012526896320466,-35.54215214530716],[-58.0125538146093,-35.542138080994896],[-58.01264338707571,-35.54209152776376],[-58.01227612569212,-35.54179251661841],[-58.012178876463864,-35.54186868012389],[-58.012526896320466,-35.54215214530716]]]}},{"type":"Feature","properties":{"CCA":"02705000000000000000000000000000000022300A000250","ARA1":431.59,"SAG":"ARBA","PARTIDO":"027","CIRC":5,"SECC":null,"CHACRA":null,"CHACRA_L":null,"QUINTA":null,"QUINTA_L":null,"FRACCION":null,"FRACC_L":null,"MANZANA":null,"MANZANA_L":null,"PARCELA":223,"PARCELA_L":"A","SUBPARC":250,"CCA_MADRE":"02705000000000000000000000000000000022300A","NOMENCLA":"Circ. V - Pc. 223A - UF 250"},"geometry":{"type":"Polygon","coordinates":[[[-58.013245541185015,-35.53961786130442],[-58.01331823262659,-35.539299069528774],[-58.013188185317034,-35.53927926420096],[-58.013115713797006,-35.5395980595158],[-58.013245541185015,-35.53961786130442]]]}},{"type":"Feature","properties":{"CCA":"02705000000000000000000000000000000022300A000082","ARA1":530.24,"SAG":"ARBA","PARTIDO":"027","CIRC":5,"SECC":null,"CHACRA":null,"CHACRA_L":null,"QUINTA":null,"QUINTA_L":null,"FRACCION":null,"FRACC_L":null,"MANZANA":null,"MANZANA_L":null,"PARCELA":223,"PARCELA_L":"A","SUBPARC":82,"CCA_MADRE":"02705000000000000000000000000000000022300A","NOMENCLA":"Circ. V - Pc. 223A - UF 82"},"geometry":{"type":"Polygon","coordinates":[[[-58.010100889383565,-35.53937171141515],[-58.00961622449152,-35.53933181033347],[-58.00960298226889,-35.53943936625762],[-58.010087647796716,-35.53947926741268],[-58.010100889383565,-35.53937171141515]]]}},{"type":"Feature","properties":{"CCA":"02705000000000000000000000000000000022300A000300","ARA1":431.75,"SAG":"ARBA","PARTIDO":"027","CIRC":5,"SECC":null,"CHACRA":null,"CHACRA_L":null,"QUINTA":null,"QUINTA_L":null,"FRACCION":null,"FRACC_L":null,"MANZANA":null,"MANZANA_L":null,"PARCELA":223,"PARCELA_L":"A","SUBPARC":300,"CCA_MADRE":"02705000000000000000000000000000000022300A","NOMENCLA":"Circ. V - Pc. 223A - UF 300"},"geometry":{"type":"Polygon","coordinates":[[[-58.0148079864004,-35.53780737672678],[-58.01473016303849,-35.53748934926656],[-58.014600542750884,-35.53751046366468],[-58.014678363392626,-35.53782858126774],[-58.0148079864004,-35.53780737672678]]]}},{"type":"Feature","properties":{"CCA":"02705000000000000000000000000000000022300A000456","ARA1":431.73,"SAG":"ARBA","PARTIDO":"027","CIRC":5,"SECC":null,"CHACRA":null,"CHACRA_L":null,"QUINTA":null,"QUINTA_L":null,"FRACCION":null,"FRACC_L":null,"MANZANA":null,"MANZANA_L":null,"PARCELA":223,"PARCELA_L":"A","SUBPARC":456,"CCA_MADRE":"02705000000000000000000000000000000022300A","NOMENCLA":"Circ. V - Pc. 223A - UF 456"},"geometry":{"type":"Polygon","coordinates":[[[-58.012913787085374,-35.53855483209905],[-58.013043411644475,-35.53853362951158],[-58.01296559474561,-35.53821560115093],[-58.01283597068621,-35.53823680367167],[-58.012913787085374,-35.53855483209905]]]}},{"type":"Feature","properties":{"CCA":"02705000000000000000000000000000000022300A000068","ARA1":530.12,"SAG":"ARBA","PARTIDO":"027","CIRC":5,"SECC":null,"CHACRA":null,"CHACRA_L":null,"QUINTA":null,"QUINTA_L":null,"FRACCION":null,"FRACC_L":null,"MANZANA":null,"MANZANA_L":null,"PARCELA":223,"PARCELA_L":"A","SUBPARC":68,"CCA_MADRE":"02705000000000000000000000000000000022300A","NOMENCLA":"Circ. V - Pc. 223A - UF 68"},"geometry":{"type":"Polygon","coordinates":[[[-58.00980543805909,-35.53779608263559],[-58.00979219644052,-35.537903638622744],[-58.010276742687395,-35.53794353691041],[-58.010289983670354,-35.53783598084992],[-58.00980543805909,-35.53779608263559]]]}},{"type":"Feature","properties":{"CCA":"02705000000000000000000000000000000022300A000135","ARA1":416.32,"SAG":"ARBA","PARTIDO":"027","CIRC":5,"SECC":null,"CHACRA":null,"CHACRA_L":null,"QUINTA":null,"QUINTA_L":null,"FRACCION":null,"FRACC_L":null,"MANZANA":null,"MANZANA_L":null,"PARCELA":223,"PARCELA_L":"A","SUBPARC":135,"CCA_MADRE":"02705000000000000000000000000000000022300A","NOMENCLA":"Circ. V - Pc. 223A - UF 135"},"geometry":{"type":"Polygon","coordinates":[[[-58.01273037897198,-35.543257486063524],[-58.01260928617831,-35.543214128052355],[-58.01245579868571,-35.5435004981558],[-58.01257700202345,-35.54354385814764],[-58.01273037897198,-35.543257486063524]]]}},{"type":"Feature","properties":{"CCA":"02705000000000000000000000000000000022300A000255","ARA1":431.7,"SAG":"ARBA","PARTIDO":"027","CIRC":5,"SECC":null,"CHACRA":null,"CHACRA_L":null,"QUINTA":null,"QUINTA_L":null,"FRACCION":null,"FRACC_L":null,"MANZANA":null,"MANZANA_L":null,"PARCELA":223,"PARCELA_L":"A","SUBPARC":255,"CCA_MADRE":"02705000000000000000000000000000000022300A","NOMENCLA":"Circ. V - Pc. 223A - UF 255"},"geometry":{"type":"Polygon","coordinates":[[[-58.01259530289536,-35.53951883281417],[-58.01266810921215,-35.539199953247255],[-58.01253794315893,-35.53918050571471],[-58.01246536787749,-35.53949893844219],[-58.01259530289536,-35.53951883281417]]]}},{"type":"Feature","properties":{"CCA":"02705000000000000000000000000000000022300A000155","ARA1":494.7,"SAG":"ARBA","PARTIDO":"027","CIRC":5,"SECC":null,"CHACRA":null,"CHACRA_L":null,"QUINTA":null,"QUINTA_L":null,"FRACCION":null,"FRACC_L":null,"MANZANA":null,"MANZANA_L":null,"PARCELA":223,"PARCELA_L":"A","SUBPARC":155,"CCA_MADRE":"02705000000000000000000000000000000022300A","NOMENCLA":"Circ. V - Pc. 223A - UF 155"},"geometry":{"type":"Polygon","coordinates":[[[-58.015153797327564,-35.54412500726703],[-58.01503259161611,-35.5440816497978],[-58.014853563580544,-35.544415902778994],[-58.01496830022844,-35.544471228984825],[-58.015153797327564,-35.54412500726703]]]}},{"type":"Feature","properties":{"CCA":"02705000000000000000000000000000000022300A000321","ARA1":2314.15,"SAG":"ARBA","PARTIDO":"027","CIRC":5,"SECC":null,"CHACRA":null,"CHACRA_L":null,"QUINTA":null,"QUINTA_L":null,"FRACCION":null,"FRACC_L":null,"MANZANA":null,"MANZANA_L":null,"PARCELA":223,"PARCELA_L":"A","SUBPARC":321,"CCA_MADRE":"02705000000000000000000000000000000022300A","NOMENCLA":"Circ. V - Pc. 223A - UF 321"},"geometry":{"type":"Polygon","coordinates":[[[-58.01644799799655,-35.53884291311786],[-58.0162890013268,-35.53913902026938],[-58.01678423986505,-35.53956448024196],[-58.016844482321254,-35.53904326853343],[-58.01653702108087,-35.53881842543174],[-58.01651553123458,-35.53883149863517],[-58.01648664063668,-35.538840665334085],[-58.01644799799655,-35.53884291311786]]]}},{"type":"Feature","properties":{"CCA":"02705000000000000000000000000000000022300A000227","ARA1":432.1,"SAG":"ARBA","PARTIDO":"027","CIRC":5,"SECC":null,"CHACRA":null,"CHACRA_L":null,"QUINTA":null,"QUINTA_L":null,"FRACCION":null,"FRACC_L":null,"MANZANA":null,"MANZANA_L":null,"PARCELA":223,"PARCELA_L":"A","SUBPARC":227,"CCA_MADRE":"02705000000000000000000000000000000022300A","NOMENCLA":"Circ. V - Pc. 223A - UF 227"},"geometry":{"type":"Polygon","coordinates":[[[-58.011555150159595,-35.53936020352019],[-58.01142510327811,-35.5393403963007],[-58.01135229192002,-35.539659274945826],[-58.01148233929109,-35.53967908225904],[-58.011555150159595,-35.53936020352019]]]}},{"type":"Feature","properties":{"CCA":"02705000000000000000000000000000000022300A000064","ARA1":530.18,"SAG":"ARBA","PARTIDO":"027","CIRC":5,"SECC":null,"CHACRA":null,"CHACRA_L":null,"QUINTA":null,"QUINTA_L":null,"FRACCION":null,"FRACC_L":null,"MANZANA":null,"MANZANA_L":null,"PARCELA":223,"PARCELA_L":"A","SUBPARC":64,"CCA_MADRE":"02705000000000000000000000000000000022300A","NOMENCLA":"Circ. V - Pc. 223A - UF 64"},"geometry":{"type":"Polygon","coordinates":[[[-58.0098584041104,-35.53736585864296],[-58.009845162661,-35.53747341464773],[-58.01032970859071,-35.5375132225661],[-58.010343059606825,-35.537405668306775],[-58.0098584041104,-35.53736585864296]]]}},{"type":"Feature","properties":{"CCA":"02705000000000000000000000000000000022300A000167","ARA1":432.2,"SAG":"ARBA","PARTIDO":"027","CIRC":5,"SECC":null,"CHACRA":null,"CHACRA_L":null,"QUINTA":null,"QUINTA_L":null,"FRACCION":null,"FRACC_L":null,"MANZANA":null,"MANZANA_L":null,"PARCELA":223,"PARCELA_L":"A","SUBPARC":167,"CCA_MADRE":"02705000000000000000000000000000000022300A","NOMENCLA":"Circ. V - Pc. 223A - UF 167"},"geometry":{"type":"Polygon","coordinates":[[[-58.01524898306086,-35.537404535395694],[-58.01537871546255,-35.53738333202681],[-58.015300892376644,-35.53706521477829],[-58.0151711604752,-35.53708641808037],[-58.01524898306086,-35.537404535395694]]]}},{"type":"Feature","properties":{"CCA":"02705000000000000000000000000000000022300A000102","ARA1":443.5,"SAG":"ARBA","PARTIDO":"027","CIRC":5,"SECC":null,"CHACRA":null,"CHACRA_L":null,"QUINTA":null,"QUINTA_L":null,"FRACCION":null,"FRACC_L":null,"MANZANA":null,"MANZANA_L":null,"PARCELA":223,"PARCELA_L":"A","SUBPARC":102,"CCA_MADRE":"02705000000000000000000000000000000022300A","NOMENCLA":"Circ. V - Pc. 223A - UF 102"},"geometry":{"type":"Polygon","coordinates":[[[-58.01225044840907,-35.540599453802955],[-58.012113077735734,-35.54057700338055],[-58.01203777048524,-35.540885388195605],[-58.01217514387896,-35.54090774864329],[-58.01225044840907,-35.540599453802955]]]}},{"type":"Feature","properties":{"CCA":"02705000000000000000000000000000000022300A000451","ARA1":432.08,"SAG":"ARBA","PARTIDO":"027","CIRC":5,"SECC":null,"CHACRA":null,"CHACRA_L":null,"QUINTA":null,"QUINTA_L":null,"FRACCION":null,"FRACC_L":null,"MANZANA":null,"MANZANA_L":null,"PARCELA":223,"PARCELA_L":"A","SUBPARC":451,"CCA_MADRE":"02705000000000000000000000000000000022300A","NOMENCLA":"Circ. V - Pc. 223A - UF 451"},"geometry":{"type":"Polygon","coordinates":[[[-58.01356223987492,-35.53844882319233],[-58.01369197432898,-35.53842762171173],[-58.01361415492989,-35.53810959368493],[-58.01348442097594,-35.53813079509875],[-58.01356223987492,-35.53844882319233]]]}},{"type":"Feature","properties":{"CCA":"02705000000000000000000000000000000022300A000178","ARA1":432.08,"SAG":"ARBA","PARTIDO":"027","CIRC":5,"SECC":null,"CHACRA":null,"CHACRA_L":null,"QUINTA":null,"QUINTA_L":null,"FRACCION":null,"FRACC_L":null,"MANZANA":null,"MANZANA_L":null,"PARCELA":223,"PARCELA_L":"A","SUBPARC":178,"CCA_MADRE":"02705000000000000000000000000000000022300A","NOMENCLA":"Circ. V - Pc. 223A - UF 178"},"geometry":{"type":"Polygon","coordinates":[[[-58.013951988472854,-35.537616476647834],[-58.01387416866715,-35.5372984487408],[-58.01374443608561,-35.537319650481805],[-58.013822255391176,-35.537637678455624],[-58.013951988472854,-35.537616476647834]]]}},{"type":"Feature","properties":{"CCA":"02705000000000000000000000000000000022300A000498","ARA1":599.98,"SAG":"ARBA","PARTIDO":"027","CIRC":5,"SECC":null,"CHACRA":null,"CHACRA_L":null,"QUINTA":null,"QUINTA_L":null,"FRACCION":null,"FRACC_L":null,"MANZANA":null,"MANZANA_L":null,"PARCELA":223,"PARCELA_L":"A","SUBPARC":498,"CCA_MADRE":"02705000000000000000000000000000000022300A","NOMENCLA":"Circ. V - Pc. 223A - UF 498"},"geometry":{"type":"Polygon","coordinates":[[[-58.013983302513395,-35.53882792572739],[-58.01385356747063,-35.53884912750188],[-58.013960640542656,-35.53928640571295],[-58.0139966976189,-35.539286188725974],[-58.014045833061374,-35.5392787078374],[-58.01409115796074,-35.539269271790545],[-58.013983302513395,-35.53882792572739]]]}},{"type":"Feature","properties":{"CCA":"02705000000000000000000000000000000022300A000056","ARA1":949.78,"SAG":"ARBA","PARTIDO":"027","CIRC":5,"SECC":null,"CHACRA":null,"CHACRA_L":null,"QUINTA":null,"QUINTA_L":null,"FRACCION":null,"FRACC_L":null,"MANZANA":null,"MANZANA_L":null,"PARCELA":223,"PARCELA_L":"A","SUBPARC":56,"CCA_MADRE":"02705000000000000000000000000000000022300A","NOMENCLA":"Circ. V - Pc. 223A - UF 56"},"geometry":{"type":"Polygon","coordinates":[[[-58.011257385175185,-35.536519809743346],[-58.010968190649066,-35.53640897615029],[-58.01091825046541,-35.53685087524285],[-58.01096776351601,-35.53686376725983],[-58.01100766679483,-35.536877401833],[-58.011044223998184,-35.536892603214206],[-58.011257385175185,-35.536519809743346]]]}},{"type":"Feature","properties":{"CCA":"02705000000000000000000000000000000022300A000270","ARA1":444.0,"SAG":"ARBA","PARTIDO":"027","CIRC":5,"SECC":null,"CHACRA":null,"CHACRA_L":null,"QUINTA":null,"QUINTA_L":null,"FRACCION":null,"FRACC_L":null,"MANZANA":null,"MANZANA_L":null,"PARCELA":223,"PARCELA_L":"A","SUBPARC":270,"CCA_MADRE":"02705000000000000000000000000000000022300A","NOMENCLA":"Circ. V - Pc. 223A - UF 270"},"geometry":{"type":"Polygon","coordinates":[[[-58.01076249735755,-35.538519262407696],[-58.01116838114166,-35.53855263259387],[-58.01118162107781,-35.538445076410206],[-58.01077584802989,-35.53841170810397],[-58.01076249735755,-35.538519262407696]]]}},{"type":"Feature","properties":{"CCA":"02705000000000000000000000000000000022300A000409","ARA1":435.03,"SAG":"ARBA","PARTIDO":"027","CIRC":5,"SECC":null,"CHACRA":null,"CHACRA_L":null,"QUINTA":null,"QUINTA_L":null,"FRACCION":null,"FRACC_L":null,"MANZANA":null,"MANZANA_L":null,"PARCELA":223,"PARCELA_L":"A","SUBPARC":409,"CCA_MADRE":"02705000000000000000000000000000000022300A","NOMENCLA":"Circ. V - Pc. 223A - UF 409"},"geometry":{"type":"Polygon","coordinates":[[[-58.01780632973667,-35.54252689256175],[-58.01754559411598,-35.542293358391376],[-58.017445377815854,-35.54236929719419],[-58.01770633157307,-35.542602925278],[-58.01780632973667,-35.54252689256175]]]}},{"type":"Feature","properties":{"CCA":"02705000000000000000000000000000000022300A000441","ARA1":408.07,"SAG":"ARBA","PARTIDO":"027","CIRC":5,"SECC":null,"CHACRA":null,"CHACRA_L":null,"QUINTA":null,"QUINTA_L":null,"FRACCION":null,"FRACC_L":null,"MANZANA":null,"MANZANA_L":null,"PARCELA":223,"PARCELA_L":"A","SUBPARC":441,"CCA_MADRE":"02705000000000000000000000000000000022300A","NOMENCLA":"Circ. V - Pc. 223A - UF 441"},"geometry":{"type":"Polygon","coordinates":[[[-58.01827644403937,-35.53832032349203],[-58.017902229877784,-35.538303628117234],[-58.01789505349846,-35.53841155522011],[-58.01826926594161,-35.53842834070931],[-58.01827644403937,-35.53832032349203]]]}},{"type":"Feature","properties":{"CCA":"02705000000000000000000000000000000022300A000074","ARA1":676.9,"SAG":"ARBA","PARTIDO":"027","CIRC":5,"SECC":null,"CHACRA":null,"CHACRA_L":null,"QUINTA":null,"QUINTA_L":null,"FRACCION":null,"FRACC_L":null,"MANZANA":null,"MANZANA_L":null,"PARCELA":223,"PARCELA_L":"A","SUBPARC":74,"CCA_MADRE":"02705000000000000000000000000000000022300A","NOMENCLA":"Circ. V - Pc. 223A - UF 74"},"geometry":{"type":"Polygon","coordinates":[[[-58.00972587528365,-35.538441506748626],[-58.009709031295706,-35.538578830484596],[-58.01019358153275,-35.53861872923304],[-58.01021053491289,-35.53848140722264],[-58.00972587528365,-35.538441506748626]]]}},{"type":"Feature","properties":{"CCA":"02705000000000000000000000000000000022300A000339","ARA1":421.84,"SAG":"ARBA","PARTIDO":"027","CIRC":5,"SECC":null,"CHACRA":null,"CHACRA_L":null,"QUINTA":null,"QUINTA_L":null,"FRACCION":null,"FRACC_L":null,"MANZANA":null,"MANZANA_L":null,"PARCELA":223,"PARCELA_L":"A","SUBPARC":339,"CCA_MADRE":"02705000000000000000000000000000000022300A","NOMENCLA":"Circ. V - Pc. 223A - UF 339"},"geometry":{"type":"Polygon","coordinates":[[[-58.01509358775358,-35.53884278770955],[-58.01474771995314,-35.53870030146085],[-58.014691616774414,-35.538798140956764],[-58.015037257809894,-35.53894089397368],[-58.01509358775358,-35.53884278770955]]]}},{"type":"Feature","properties":{"CCA":"02705000000000000000000000000000000022300A000391","ARA1":440.42,"SAG":"ARBA","PARTIDO":"027","CIRC":5,"SECC":null,"CHACRA":null,"CHACRA_L":null,"QUINTA":null,"QUINTA_L":null,"FRACCION":null,"FRACC_L":null,"MANZANA":null,"MANZANA_L":null,"PARCELA":223,"PARCELA_L":"A","SUBPARC":391,"CCA_MADRE":"02705000000000000000000000000000000022300A","NOMENCLA":"Circ. V - Pc. 223A - UF 391"},"geometry":{"type":"Polygon","coordinates":[[[-58.01601452811727,-35.54388956500675],[-58.015753578450244,-35.543651337638394],[-58.015653246347675,-35.5437273630871],[-58.01591441414664,-35.543965684372345],[-58.01601452811727,-35.54388956500675]]]}},{"type":"Feature","properties":{"CCA":"02705000000000000000000000000000000022300A000150","ARA1":418.11,"SAG":"ARBA","PARTIDO":"027","CIRC":5,"SECC":null,"CHACRA":null,"CHACRA_L":null,"QUINTA":null,"QUINTA_L":null,"FRACCION":null,"FRACC_L":null,"MANZANA":null,"MANZANA_L":null,"PARCELA":223,"PARCELA_L":"A","SUBPARC":150,"CCA_MADRE":"02705000000000000000000000000000000022300A","NOMENCLA":"Circ. V - Pc. 223A - UF 150"},"geometry":{"type":"Polygon","coordinates":[[[-58.01454799276798,-35.54390813229563],[-58.01442678773329,-35.54386477423669],[-58.01427330746331,-35.5441510567195],[-58.01439549585348,-35.54419479158473],[-58.01454799276798,-35.54390813229563]]]}},{"type":"Feature","properties":{"CCA":"02705000000000000000000000000000000022300A000230","ARA1":431.96,"SAG":"ARBA","PARTIDO":"027","CIRC":5,"SECC":null,"CHACRA":null,"CHACRA_L":null,"QUINTA":null,"QUINTA_L":null,"FRACCION":null,"FRACC_L":null,"MANZANA":null,"MANZANA_L":null,"PARCELA":223,"PARCELA_L":"A","SUBPARC":230,"CCA_MADRE":"02705000000000000000000000000000000022300A","NOMENCLA":"Circ. V - Pc. 223A - UF 230"},"geometry":{"type":"Polygon","coordinates":[[[-58.01194517879863,-35.539419712607085],[-58.01181513170535,-35.53939990580249],[-58.01174243424496,-35.53971869647045],[-58.01187248182774,-35.53973850336863],[-58.01194517879863,-35.539419712607085]]]}},{"type":"Feature","properties":{"CCA":"02705000000000000000000000000000000022300A000527","ARA1":492.0,"SAG":"ARBA","PARTIDO":"027","CIRC":5,"SECC":null,"CHACRA":null,"CHACRA_L":null,"QUINTA":null,"QUINTA_L":null,"FRACCION":null,"FRACC_L":null,"MANZANA":null,"MANZANA_L":null,"PARCELA":223,"PARCELA_L":"A","SUBPARC":527,"CCA_MADRE":"02705000000000000000000000000000000022300A","NOMENCLA":"Circ. V - Pc. 223A - UF 527"},"geometry":{"type":"Polygon","coordinates":[[[-58.01056749406648,-35.54020520384653],[-58.01065046297204,-35.539841256895244],[-58.010520280906064,-35.539822437697936],[-58.010437565232316,-35.54018503704306],[-58.01056749406648,-35.54020520384653]]]}},{"type":"Feature","properties":{"CCA":"02705000000000000000000000000000000022300A000044","ARA1":429.39,"SAG":"ARBA","PARTIDO":"027","CIRC":5,"SECC":null,"CHACRA":null,"CHACRA_L":null,"QUINTA":null,"QUINTA_L":null,"FRACCION":null,"FRACC_L":null,"MANZANA":null,"MANZANA_L":null,"PARCELA":223,"PARCELA_L":"A","SUBPARC":44,"CCA_MADRE":"02705000000000000000000000000000000022300A","NOMENCLA":"Circ. V - Pc. 223A - UF 44"},"geometry":{"type":"Polygon","coordinates":[[[-58.01252729525144,-35.536989513075355],[-58.01249576100813,-35.536994129608956],[-58.01245003978414,-35.53740834430547],[-58.01250830671595,-35.537406060881295],[-58.01252901682796,-35.53740225713661],[-58.01257160259638,-35.537396561215914],[-58.01262484781256,-35.53738779695331],[-58.01252729525144,-35.536989513075355]]]}},{"type":"Feature","properties":{"CCA":"02705000000000000000000000000000000022300A000311","ARA1":583.07,"SAG":"ARBA","PARTIDO":"027","CIRC":5,"SECC":null,"CHACRA":null,"CHACRA_L":null,"QUINTA":null,"QUINTA_L":null,"FRACCION":null,"FRACC_L":null,"MANZANA":null,"MANZANA_L":null,"PARCELA":223,"PARCELA_L":"A","SUBPARC":311,"CCA_MADRE":"02705000000000000000000000000000000022300A","NOMENCLA":"Circ. V - Pc. 223A - UF 311"},"geometry":{"type":"Polygon","coordinates":[[[-58.01548250654519,-35.53725608946055],[-58.015997782408036,-35.53717184476943],[-58.01599154308692,-35.53706261565915],[-58.0154565653498,-35.537150050399966],[-58.01548250654519,-35.53725608946055]]]}},{"type":"Feature","properties":{"CCA":"02705000000000000000000000000000000022300A000172","ARA1":431.91,"SAG":"ARBA","PARTIDO":"027","CIRC":5,"SECC":null,"CHACRA":null,"CHACRA_L":null,"QUINTA":null,"QUINTA_L":null,"FRACCION":null,"FRACC_L":null,"MANZANA":null,"MANZANA_L":null,"PARCELA":223,"PARCELA_L":"A","SUBPARC":172,"CCA_MADRE":"02705000000000000000000000000000000022300A","NOMENCLA":"Circ. V - Pc. 223A - UF 172"},"geometry":{"type":"Polygon","coordinates":[[[-58.014522720445086,-35.53719243609155],[-58.014600542750884,-35.53751046366468],[-58.01473016303849,-35.53748934926656],[-58.01465245265567,-35.537171233498974],[-58.014522720445086,-35.53719243609155]]]}},{"type":"Feature","properties":{"CCA":"02705000000000000000000000000000000022300A000139","ARA1":416.34,"SAG":"ARBA","PARTIDO":"027","CIRC":5,"SECC":null,"CHACRA":null,"CHACRA_L":null,"QUINTA":null,"QUINTA_L":null,"FRACCION":null,"FRACC_L":null,"MANZANA":null,"MANZANA_L":null,"PARCELA":223,"PARCELA_L":"A","SUBPARC":139,"CCA_MADRE":"02705000000000000000000000000000000022300A","NOMENCLA":"Circ. V - Pc. 223A - UF 139"},"geometry":{"type":"Polygon","coordinates":[[[-58.01321507990878,-35.54343101245593],[-58.013093876363165,-35.54338765309952],[-58.012940502637775,-35.5436739355985],[-58.01306170651692,-35.54371729511852],[-58.01321507990878,-35.54343101245593]]]}},{"type":"Feature","properties":{"CCA":"02705000000000000000000000000000000022300A000239","ARA1":432.27,"SAG":"ARBA","PARTIDO":"027","CIRC":5,"SECC":null,"CHACRA":null,"CHACRA_L":null,"QUINTA":null,"QUINTA_L":null,"FRACCION":null,"FRACC_L":null,"MANZANA":null,"MANZANA_L":null,"PARCELA":223,"PARCELA_L":"A","SUBPARC":239,"CCA_MADRE":"02705000000000000000000000000000000022300A","NOMENCLA":"Circ. V - Pc. 223A - UF 239"},"geometry":{"type":"Polygon","coordinates":[[[-58.01304268839171,-35.53991693574619],[-58.013115713797006,-35.5395980595158],[-58.01311549338597,-35.53959805588302],[-58.012985445657456,-35.5395782503233],[-58.012912750379506,-35.53989713190936],[-58.01304268839171,-35.53991693574619]]]}},{"type":"Feature","properties":{"CCA":"02705000000000000000000000000000000022300A000323","ARA1":457.97,"SAG":"ARBA","PARTIDO":"027","CIRC":5,"SECC":null,"CHACRA":null,"CHACRA_L":null,"QUINTA":null,"QUINTA_L":null,"FRACCION":null,"FRACC_L":null,"MANZANA":null,"MANZANA_L":null,"PARCELA":223,"PARCELA_L":"A","SUBPARC":323,"CCA_MADRE":"02705000000000000000000000000000000022300A","NOMENCLA":"Circ. V - Pc. 223A - UF 323"},"geometry":{"type":"Polygon","coordinates":[[[-58.01606378664154,-35.53894553685678],[-58.01633031468765,-35.5387597852074],[-58.01632789451618,-35.538719284807655],[-58.01631192959424,-35.538696043380355],[-58.01625793153492,-35.538654784360375],[-58.01596284880874,-35.53885844888137],[-58.01606378664154,-35.53894553685678]]]}},{"type":"Feature","properties":{"CCA":"02705000000000000000000000000000000022300A000061","ARA1":968.9,"SAG":"ARBA","PARTIDO":"027","CIRC":5,"SECC":null,"CHACRA":null,"CHACRA_L":null,"QUINTA":null,"QUINTA_L":null,"FRACCION":null,"FRACC_L":null,"MANZANA":null,"MANZANA_L":null,"PARCELA":223,"PARCELA_L":"A","SUBPARC":61,"CCA_MADRE":"02705000000000000000000000000000000022300A","NOMENCLA":"Circ. V - Pc. 223A - UF 61"},"geometry":{"type":"Polygon","coordinates":[[[-58.00991549235321,-35.536902631333554],[-58.00988488910801,-35.53715065654437],[-58.01036954110718,-35.537190556137226],[-58.010375330906385,-35.53712577065274],[-58.01039945636566,-35.537050654496596],[-58.00991549235321,-35.536902631333554]]]}},{"type":"Feature","properties":{"CCA":"02705000000000000000000000000000000022300A000479","ARA1":432.08,"SAG":"ARBA","PARTIDO":"027","CIRC":5,"SECC":null,"CHACRA":null,"CHACRA_L":null,"QUINTA":null,"QUINTA_L":null,"FRACCION":null,"FRACC_L":null,"MANZANA":null,"MANZANA_L":null,"PARCELA":223,"PARCELA_L":"A","SUBPARC":479,"CCA_MADRE":"02705000000000000000000000000000000022300A","NOMENCLA":"Circ. V - Pc. 223A - UF 479"},"geometry":{"type":"Polygon","coordinates":[[[-58.0127840522604,-35.538576032728145],[-58.012654317373595,-35.53859723321528],[-58.01273213332877,-35.53891526173008],[-58.012861868715724,-35.53889406117618],[-58.0127840522604,-35.538576032728145]]]}},{"type":"Feature","properties":{"CCA":"02705000000000000000000000000000000022300A000577","ARA1":655.46,"SAG":"ARBA","PARTIDO":"027","CIRC":5,"SECC":null,"CHACRA":null,"CHACRA_L":null,"QUINTA":null,"QUINTA_L":null,"FRACCION":null,"FRACC_L":null,"MANZANA":null,"MANZANA_L":null,"PARCELA":223,"PARCELA_L":"A","SUBPARC":577,"CCA_MADRE":"02705000000000000000000000000000000022300A","NOMENCLA":"Circ. V - Pc. 223A - UF 577"},"geometry":{"type":"Polygon","coordinates":[[[-58.012752170996094,-35.542034928231416],[-58.01264338707571,-35.54209152776376],[-58.0125538146093,-35.542138080994896],[-58.01255526693183,-35.54236960402245],[-58.01258271476358,-35.542374291841334],[-58.012606696256846,-35.542385410607835],[-58.012624777918234,-35.542403280654455],[-58.012641386850866,-35.54242274844407],[-58.01267097254117,-35.54243909600463],[-58.012709945707115,-35.54244586616512],[-58.01275123959919,-35.54244348309338],[-58.012752170996094,-35.542034928231416]]]}},{"type":"Feature","properties":{"CCA":"02705000000000000000000000000000000022300A000153","ARA1":463.26,"SAG":"ARBA","PARTIDO":"027","CIRC":5,"SECC":null,"CHACRA":null,"CHACRA_L":null,"QUINTA":null,"QUINTA_L":null,"FRACCION":null,"FRACC_L":null,"MANZANA":null,"MANZANA_L":null,"PARCELA":223,"PARCELA_L":"A","SUBPARC":153,"CCA_MADRE":"02705000000000000000000000000000000022300A","NOMENCLA":"Circ. V - Pc. 223A - UF 153"},"geometry":{"type":"Polygon","coordinates":[[[-58.014911498472394,-35.544038203949576],[-58.01478994907202,-35.543995381255165],[-58.01463745085856,-35.54430447885863],[-58.014757406308235,-35.54436277481694],[-58.014911498472394,-35.544038203949576]]]}},{"type":"Feature","properties":{"CCA":"02705000000000000000000000000000000022300A000545","ARA1":424.43,"SAG":"ARBA","PARTIDO":"027","CIRC":5,"SECC":null,"CHACRA":null,"CHACRA_L":null,"QUINTA":null,"QUINTA_L":null,"FRACCION":null,"FRACC_L":null,"MANZANA":null,"MANZANA_L":null,"PARCELA":223,"PARCELA_L":"A","SUBPARC":545,"CCA_MADRE":"02705000000000000000000000000000000022300A","NOMENCLA":"Circ. V - Pc. 223A - UF 545"},"geometry":{"type":"Polygon","coordinates":[[[-58.01182200501339,-35.542528816363905],[-58.0119517985427,-35.54246084946271],[-58.01169272887928,-35.54224985849203],[-58.01158982129141,-35.54233187559447],[-58.01182200501339,-35.542528816363905]]]}},{"type":"Feature","properties":{"CCA":"02705000000000000000000000000000000022300A000350","ARA1":421.71,"SAG":"ARBA","PARTIDO":"027","CIRC":5,"SECC":null,"CHACRA":null,"CHACRA_L":null,"QUINTA":null,"QUINTA_L":null,"FRACCION":null,"FRACC_L":null,"MANZANA":null,"MANZANA_L":null,"PARCELA":223,"PARCELA_L":"A","SUBPARC":350,"CCA_MADRE":"02705000000000000000000000000000000022300A","NOMENCLA":"Circ. V - Pc. 223A - UF 350"},"geometry":{"type":"Polygon","coordinates":[[[-58.0140730198423,-35.53987516037977],[-58.01441877665362,-35.540017827000476],[-58.014474993506504,-35.53991989942761],[-58.01412923699994,-35.53977723297646],[-58.0140730198423,-35.53987516037977]]]}},{"type":"Feature","properties":{"CCA":"02705000000000000000000000000000000022300A000434","ARA1":408.08,"SAG":"ARBA","PARTIDO":"027","CIRC":5,"SECC":null,"CHACRA":null,"CHACRA_L":null,"QUINTA":null,"QUINTA_L":null,"FRACCION":null,"FRACC_L":null,"MANZANA":null,"MANZANA_L":null,"PARCELA":223,"PARCELA_L":"A","SUBPARC":434,"CCA_MADRE":"02705000000000000000000000000000000022300A","NOMENCLA":"Circ. V - Pc. 223A - UF 434"},"geometry":{"type":"Polygon","coordinates":[[[-58.01822587727106,-35.539075988136446],[-58.017851659622494,-35.53905929249339],[-58.01784437285387,-35.539167217764096],[-58.01821858878385,-35.53918400352188],[-58.01822587727106,-35.539075988136446]]]}},{"type":"Feature","properties":{"CCA":"02705000000000000000000000000000000022300A000268","ARA1":444.19,"SAG":"ARBA","PARTIDO":"027","CIRC":5,"SECC":null,"CHACRA":null,"CHACRA_L":null,"QUINTA":null,"QUINTA_L":null,"FRACCION":null,"FRACC_L":null,"MANZANA":null,"MANZANA_L":null,"PARCELA":223,"PARCELA_L":"A","SUBPARC":268,"CCA_MADRE":"02705000000000000000000000000000000022300A","NOMENCLA":"Circ. V - Pc. 223A - UF 268"},"geometry":{"type":"Polygon","coordinates":[[[-58.010736016293436,-35.538734374638885],[-58.011141788713786,-35.53876783320562],[-58.0111551411632,-35.538660188773115],[-58.01074925684664,-35.538626818525486],[-58.010736016293436,-35.538734374638885]]]}},{"type":"Feature","properties":{"CCA":"02705000000000000000000000000000000022300A000578","ARA1":596.28,"SAG":"ARBA","PARTIDO":"027","CIRC":5,"SECC":null,"CHACRA":null,"CHACRA_L":null,"QUINTA":null,"QUINTA_L":null,"FRACCION":null,"FRACC_L":null,"MANZANA":null,"MANZANA_L":null,"PARCELA":223,"PARCELA_L":"A","SUBPARC":578,"CCA_MADRE":"02705000000000000000000000000000000022300A","NOMENCLA":"Circ. V - Pc. 223A - UF 578"},"geometry":{"type":"Polygon","coordinates":[[[-58.012752170996094,-35.542034928231416],[-58.01275123959919,-35.54244348309338],[-58.01288386373315,-35.54244395724676],[-58.01288715834226,-35.54196641512566],[-58.01275954258651,-35.542031084802815],[-58.012752170996094,-35.542034928231416]]]}},{"type":"Feature","properties":{"CCA":"027020A00010000000000000300000000000001000000012","ARA1":198.05,"SAG":"ARBA","PARTIDO":"027","CIRC":2,"SECC":"A","CHACRA":1,"CHACRA_L":null,"QUINTA":null,"QUINTA_L":null,"FRACCION":3,"FRACC_L":null,"MANZANA":null,"MANZANA_L":null,"PARCELA":1,"PARCELA_L":null,"SUBPARC":12,"CCA_MADRE":"027020A00010000000000000300000000000001000","NOMENCLA":"Circ. II - Secc. A - Ch. 1 - Fr. 3 - Pc. 1 - UF 12"},"geometry":{"type":"Polygon","coordinates":[[[-58.03404461263367,-35.56035309054341],[-58.034155703646576,-35.560360489604975],[-58.03417334397942,-35.56018460706332],[-58.03406214077062,-35.56017729630416],[-58.03404461263367,-35.56035309054341]]]}},{"type":"Feature","properties":{"CCA":"02705000000000000000000000000000000022300A000014","ARA1":569.48,"SAG":"ARBA","PARTIDO":"027","CIRC":5,"SECC":null,"CHACRA":null,"CHACRA_L":null,"QUINTA":null,"QUINTA_L":null,"FRACCION":null,"FRACC_L":null,"MANZANA":null,"MANZANA_L":null,"PARCELA":223,"PARCELA_L":"A","SUBPARC":14,"CCA_MADRE":"02705000000000000000000000000000000022300A","NOMENCLA":"Circ. V - Pc. 223A - UF 14"},"geometry":{"type":"Polygon","coordinates":[[[-58.016769026158904,-35.536296114132035],[-58.01664814962562,-35.536315932816336],[-58.016665007501295,-35.53677299131303],[-58.01678648395945,-35.536769132436746],[-58.01678343746093,-35.536686899559164],[-58.016769026158904,-35.536296114132035]]]}},{"type":"Feature","properties":{"CCA":"02705000000000000000000000000000000022300A000508","ARA1":527.58,"SAG":"ARBA","PARTIDO":"027","CIRC":5,"SECC":null,"CHACRA":null,"CHACRA_L":null,"QUINTA":null,"QUINTA_L":null,"FRACCION":null,"FRACC_L":null,"MANZANA":null,"MANZANA_L":null,"PARCELA":223,"PARCELA_L":"A","SUBPARC":508,"CCA_MADRE":"02705000000000000000000000000000000022300A","NOMENCLA":"Circ. V - Pc. 223A - UF 508"},"geometry":{"type":"Polygon","coordinates":[[[-58.01303646837035,-35.540589072940215],[-58.01312547349034,-35.54019900086853],[-58.01299517993524,-35.5401801824921],[-58.01290654039618,-35.54056881868408],[-58.01303646837035,-35.540589072940215]]]}},{"type":"Feature","properties":{"CCA":"02705000000000000000000000000000000022300A000553","ARA1":390.72,"SAG":"ARBA","PARTIDO":"027","CIRC":5,"SECC":null,"CHACRA":null,"CHACRA_L":null,"QUINTA":null,"QUINTA_L":null,"FRACCION":null,"FRACC_L":null,"MANZANA":null,"MANZANA_L":null,"PARCELA":223,"PARCELA_L":"A","SUBPARC":553,"CCA_MADRE":"02705000000000000000000000000000000022300A","NOMENCLA":"Circ. V - Pc. 223A - UF 553"},"geometry":{"type":"Polygon","coordinates":[[[-58.01231050436097,-35.54299932970099],[-58.01243454120977,-35.543043998123636],[-58.01257756394314,-35.54277061191239],[-58.01245943999756,-35.54273207867101],[-58.01231050436097,-35.54299932970099]]]}},{"type":"Feature","properties":{"CCA":"027020A00010000000000000300000000000001000000006","ARA1":198.61,"SAG":"ARBA","PARTIDO":"027","CIRC":2,"SECC":"A","CHACRA":1,"CHACRA_L":null,"QUINTA":null,"QUINTA_L":null,"FRACCION":3,"FRACC_L":null,"MANZANA":null,"MANZANA_L":null,"PARCELA":1,"PARCELA_L":null,"SUBPARC":6,"CCA_MADRE":"027020A00010000000000000300000000000001000","NOMENCLA":"Circ. II - Secc. A - Ch. 1 - Fr. 3 - Pc. 1 - UF 6"},"geometry":{"type":"Polygon","coordinates":[[[-58.03366534225134,-35.560204975806535],[-58.03373249000679,-35.560133260283706],[-58.03355868932202,-35.56002499284464],[-58.03349164954499,-35.56009680014517],[-58.03366534225134,-35.560204975806535]]]}},{"type":"Feature","properties":{"CCA":"02705000000000000000000000000000000022300A000327","ARA1":418.3,"SAG":"ARBA","PARTIDO":"027","CIRC":5,"SECC":null,"CHACRA":null,"CHACRA_L":null,"QUINTA":null,"QUINTA_L":null,"FRACCION":null,"FRACC_L":null,"MANZANA":null,"MANZANA_L":null,"PARCELA":223,"PARCELA_L":"A","SUBPARC":327,"CCA_MADRE":"02705000000000000000000000000000000022300A","NOMENCLA":"Circ. V - Pc. 223A - UF 327"},"geometry":{"type":"Polygon","coordinates":[[[-58.015688194064296,-35.53862224871441],[-58.01598391781161,-35.53841940642027],[-58.015892582478294,-35.53834085690193],[-58.01559817460245,-35.53854399097347],[-58.015688194064296,-35.53862224871441]]]}},{"type":"Feature","properties":{"CCA":"02705000000000000000000000000000000022300A000306","ARA1":432.32,"SAG":"ARBA","PARTIDO":"027","CIRC":5,"SECC":null,"CHACRA":null,"CHACRA_L":null,"QUINTA":null,"QUINTA_L":null,"FRACCION":null,"FRACC_L":null,"MANZANA":null,"MANZANA_L":null,"PARCELA":223,"PARCELA_L":"A","SUBPARC":306,"CCA_MADRE":"02705000000000000000000000000000000022300A","NOMENCLA":"Circ. V - Pc. 223A - UF 306"},"geometry":{"type":"Polygon","coordinates":[[[-58.015560332721776,-35.53757411653541],[-58.015534391340886,-35.5374680774902],[-58.01550878062971,-35.5373620438822],[-58.01537871546255,-35.53738333202681],[-58.01545654132454,-35.53770135915312],[-58.015586274164484,-35.53768015557549],[-58.015560332721776,-35.53757411653541]]]}},{"type":"Feature","properties":{"CCA":"02705000000000000000000000000000000022300A000098","ARA1":418.63,"SAG":"ARBA","PARTIDO":"027","CIRC":5,"SECC":null,"CHACRA":null,"CHACRA_L":null,"QUINTA":null,"QUINTA_L":null,"FRACCION":null,"FRACC_L":null,"MANZANA":null,"MANZANA_L":null,"PARCELA":223,"PARCELA_L":"A","SUBPARC":98,"CCA_MADRE":"02705000000000000000000000000000000022300A","NOMENCLA":"Circ. V - Pc. 223A - UF 98"},"geometry":{"type":"Polygon","coordinates":[[[-58.01170733151882,-35.540510837526135],[-58.011577646728185,-35.540489684728755],[-58.01150233976488,-35.54079797907369],[-58.0116320250245,-35.540819131966565],[-58.01170733151882,-35.540510837526135]]]}},{"type":"Feature","properties":{"CCA":"02705000000000000000000000000000000022300A000570","ARA1":546.97,"SAG":"ARBA","PARTIDO":"027","CIRC":5,"SECC":null,"CHACRA":null,"CHACRA_L":null,"QUINTA":null,"QUINTA_L":null,"FRACCION":null,"FRACC_L":null,"MANZANA":null,"MANZANA_L":null,"PARCELA":223,"PARCELA_L":"A","SUBPARC":570,"CCA_MADRE":"02705000000000000000000000000000000022300A","NOMENCLA":"Circ. V - Pc. 223A - UF 570"},"geometry":{"type":"Polygon","coordinates":[[[-58.01302038957215,-35.5429163247746],[-58.013066956763076,-35.54293259170026],[-58.01315156593471,-35.54296210138357],[-58.01316106341029,-35.54254143239932],[-58.0130197236551,-35.542541175337725],[-58.01302038957215,-35.5429163247746]]]}},{"type":"Feature","properties":{"CCA":"02705000000000000000000000000000000022300A000453","ARA1":431.73,"SAG":"ARBA","PARTIDO":"027","CIRC":5,"SECC":null,"CHACRA":null,"CHACRA_L":null,"QUINTA":null,"QUINTA_L":null,"FRACCION":null,"FRACC_L":null,"MANZANA":null,"MANZANA_L":null,"PARCELA":223,"PARCELA_L":"A","SUBPARC":453,"CCA_MADRE":"02705000000000000000000000000000000022300A","NOMENCLA":"Circ. V - Pc. 223A - UF 453"},"geometry":{"type":"Polygon","coordinates":[[[-58.013302880985336,-35.53849122754383],[-58.01343250535905,-35.53847002453098],[-58.013354686960206,-35.53815199637063],[-58.01322506308621,-35.53817319931676],[-58.013302880985336,-35.53849122754383]]]}},{"type":"Feature","properties":{"CCA":"02705000000000000000000000000000000022300A000582","ARA1":401.89,"SAG":"ARBA","PARTIDO":"027","CIRC":5,"SECC":null,"CHACRA":null,"CHACRA_L":null,"QUINTA":null,"QUINTA_L":null,"FRACCION":null,"FRACC_L":null,"MANZANA":null,"MANZANA_L":null,"PARCELA":223,"PARCELA_L":"A","SUBPARC":582,"CCA_MADRE":"02705000000000000000000000000000000022300A","NOMENCLA":"Circ. V - Pc. 223A - UF 582"},"geometry":{"type":"Polygon","coordinates":[[[-58.01328677822621,-35.54213376265313],[-58.013283982600015,-35.542443703716295],[-58.013412063734876,-35.54244509365261],[-58.01341545657909,-35.54213327005732],[-58.01328677822621,-35.54213376265313]]]}},{"type":"Feature","properties":{"CCA":"02705000000000000000000000000000000022300A000216","ARA1":445.67,"SAG":"ARBA","PARTIDO":"027","CIRC":5,"SECC":null,"CHACRA":null,"CHACRA_L":null,"QUINTA":null,"QUINTA_L":null,"FRACCION":null,"FRACC_L":null,"MANZANA":null,"MANZANA_L":null,"PARCELA":223,"PARCELA_L":"A","SUBPARC":216,"CCA_MADRE":"02705000000000000000000000000000000022300A","NOMENCLA":"Circ. V - Pc. 223A - UF 216"},"geometry":{"type":"Polygon","coordinates":[[[-58.0107071943459,-35.53896837185964],[-58.0107205607699,-35.53886018704361],[-58.01031488943269,-35.53882708917162],[-58.01030153137493,-35.538934913622505],[-58.0107071943459,-35.53896837185964]]]}},{"type":"Feature","properties":{"CCA":"02705000000000000000000000000000000022300A000519","ARA1":507.05,"SAG":"ARBA","PARTIDO":"027","CIRC":5,"SECC":null,"CHACRA":null,"CHACRA_L":null,"QUINTA":null,"QUINTA_L":null,"FRACCION":null,"FRACC_L":null,"MANZANA":null,"MANZANA_L":null,"PARCELA":223,"PARCELA_L":"A","SUBPARC":519,"CCA_MADRE":"02705000000000000000000000000000000022300A","NOMENCLA":"Circ. V - Pc. 223A - UF 519"},"geometry":{"type":"Polygon","coordinates":[[[-58.01160703085364,-35.54036680534997],[-58.011692580940895,-35.53999190646196],[-58.011562288128815,-35.539973086557296],[-58.01147710144577,-35.54034663965097],[-58.01160703085364,-35.54036680534997]]]}},{"type":"Feature","properties":{"CCA":"02705000000000000000000000000000000022300A000504","ARA1":750.96,"SAG":"ARBA","PARTIDO":"027","CIRC":5,"SECC":null,"CHACRA":null,"CHACRA_L":null,"QUINTA":null,"QUINTA_L":null,"FRACCION":null,"FRACC_L":null,"MANZANA":null,"MANZANA_L":null,"PARCELA":223,"PARCELA_L":"A","SUBPARC":504,"CCA_MADRE":"02705000000000000000000000000000000022300A","NOMENCLA":"Circ. V - Pc. 223A - UF 504"},"geometry":{"type":"Polygon","coordinates":[[[-58.01320500153404,-35.53895513606136],[-58.012821995464634,-35.53901766914848],[-58.01278447159538,-35.53902371892358],[-58.01276049789462,-35.53904359905636],[-58.01274930256053,-35.53906837568713],[-58.012752113048755,-35.539088517121094],[-58.01276598402857,-35.539107218857474],[-58.01279036411352,-35.53911555065846],[-58.01280771869022,-35.53911817966465],[-58.01326179234183,-35.539187030563305],[-58.01320500153404,-35.53895513606136]]]}},{"type":"Feature","properties":{"CCA":"02705000000000000000000000000000000022300A000528","ARA1":490.57,"SAG":"ARBA","PARTIDO":"027","CIRC":5,"SECC":null,"CHACRA":null,"CHACRA_L":null,"QUINTA":null,"QUINTA_L":null,"FRACCION":null,"FRACC_L":null,"MANZANA":null,"MANZANA_L":null,"PARCELA":223,"PARCELA_L":"A","SUBPARC":528,"CCA_MADRE":"02705000000000000000000000000000000022300A","NOMENCLA":"Circ. V - Pc. 223A - UF 528"},"geometry":{"type":"Polygon","coordinates":[[[-58.01038998870197,-35.53980361654301],[-58.01030752848921,-35.54016477820677],[-58.010437565232316,-35.54018503704306],[-58.010520280906064,-35.539822437697936],[-58.01038998870197,-35.53980361654301]]]}},{"type":"Feature","properties":{"CCA":"02705000000000000000000000000000000022300A000042","ARA1":539.42,"SAG":"ARBA","PARTIDO":"027","CIRC":5,"SECC":null,"CHACRA":null,"CHACRA_L":null,"QUINTA":null,"QUINTA_L":null,"FRACCION":null,"FRACC_L":null,"MANZANA":null,"MANZANA_L":null,"PARCELA":223,"PARCELA_L":"A","SUBPARC":42,"CCA_MADRE":"02705000000000000000000000000000000022300A","NOMENCLA":"Circ. V - Pc. 223A - UF 42"},"geometry":{"type":"Polygon","coordinates":[[[-58.012786856661364,-35.536947654328586],[-58.01265712886523,-35.536968674757304],[-58.01275426791404,-35.53736587037347],[-58.0128840007797,-35.53734466970949],[-58.012786856661364,-35.536947654328586]]]}},{"type":"Feature","properties":{"CCA":"02705000000000000000000000000000000022300A000322","ARA1":688.96,"SAG":"ARBA","PARTIDO":"027","CIRC":5,"SECC":null,"CHACRA":null,"CHACRA_L":null,"QUINTA":null,"QUINTA_L":null,"FRACCION":null,"FRACC_L":null,"MANZANA":null,"MANZANA_L":null,"PARCELA":223,"PARCELA_L":"A","SUBPARC":322,"CCA_MADRE":"02705000000000000000000000000000000022300A","NOMENCLA":"Circ. V - Pc. 223A - UF 322"},"geometry":{"type":"Polygon","coordinates":[[[-58.0162890013268,-35.53913902026938],[-58.01644799799655,-35.53884291311786],[-58.01639995241023,-35.53883302118823],[-58.01635786894188,-35.538809349998424],[-58.01634172723093,-35.538788809045144],[-58.01633108615601,-35.53877322468534],[-58.01633031468765,-35.5387597852074],[-58.01606378664154,-35.53894553685678],[-58.0162890013268,-35.53913902026938]]]}},{"type":"Feature","properties":{"CCA":"02705000000000000000000000000000000022300A000507","ARA1":524.74,"SAG":"ARBA","PARTIDO":"027","CIRC":5,"SECC":null,"CHACRA":null,"CHACRA_L":null,"QUINTA":null,"QUINTA_L":null,"FRACCION":null,"FRACC_L":null,"MANZANA":null,"MANZANA_L":null,"PARCELA":223,"PARCELA_L":"A","SUBPARC":507,"CCA_MADRE":"02705000000000000000000000000000000022300A","NOMENCLA":"Circ. V - Pc. 223A - UF 507"},"geometry":{"type":"Polygon","coordinates":[[[-58.01312547349034,-35.54019900086853],[-58.01303646837035,-35.540589072940215],[-58.01307822252578,-35.54059480745703],[-58.01312563724206,-35.54059901323059],[-58.0131675660649,-35.54060213733121],[-58.01325565690659,-35.54021781728971],[-58.01312547349034,-35.54019900086853]]]}},{"type":"Feature","properties":{"CCA":"02705000000000000000000000000000000022300A000244","ARA1":756.97,"SAG":"ARBA","PARTIDO":"027","CIRC":5,"SECC":null,"CHACRA":null,"CHACRA_L":null,"QUINTA":null,"QUINTA_L":null,"FRACCION":null,"FRACC_L":null,"MANZANA":null,"MANZANA_L":null,"PARCELA":223,"PARCELA_L":"A","SUBPARC":244,"CCA_MADRE":"02705000000000000000000000000000000022300A","NOMENCLA":"Circ. V - Pc. 223A - UF 244"},"geometry":{"type":"Polygon","coordinates":[[[-58.01363557257815,-35.53967736499854],[-58.013565590898516,-35.539984667205026],[-58.01360344356872,-35.539978712724064],[-58.01368185248271,-35.539959999717624],[-58.0137570626938,-35.539932402923085],[-58.01386102628032,-35.53987887682981],[-58.01392143927881,-35.53982093853179],[-58.01396032701197,-35.5397730085251],[-58.01398167557251,-35.53972992597138],[-58.01363557257815,-35.53967736499854]]]}},{"type":"Feature","properties":{"CCA":"02705000000000000000000000000000000022300A000533","ARA1":499.09,"SAG":"ARBA","PARTIDO":"027","CIRC":5,"SECC":null,"CHACRA":null,"CHACRA_L":null,"QUINTA":null,"QUINTA_L":null,"FRACCION":null,"FRACC_L":null,"MANZANA":null,"MANZANA_L":null,"PARCELA":223,"PARCELA_L":"A","SUBPARC":533,"CCA_MADRE":"02705000000000000000000000000000000022300A","NOMENCLA":"Circ. V - Pc. 223A - UF 533"},"geometry":{"type":"Polygon","coordinates":[[[-58.01315794201275,-35.54158654847067],[-58.01285423387039,-35.54133922977933],[-58.01275889261339,-35.541414073539315],[-58.01310507472311,-35.54169606497508],[-58.01315794201275,-35.54158654847067]]]}},{"type":"Feature","properties":{"CCA":"02705000000000000000000000000000000022300A000149","ARA1":416.21,"SAG":"ARBA","PARTIDO":"027","CIRC":5,"SECC":null,"CHACRA":null,"CHACRA_L":null,"QUINTA":null,"QUINTA_L":null,"FRACCION":null,"FRACC_L":null,"MANZANA":null,"MANZANA_L":null,"PARCELA":223,"PARCELA_L":"A","SUBPARC":149,"CCA_MADRE":"02705000000000000000000000000000000022300A","NOMENCLA":"Circ. V - Pc. 223A - UF 149"},"geometry":{"type":"Polygon","coordinates":[[[-58.01442678773329,-35.54386477423669],[-58.01430558283398,-35.54382141605978],[-58.01415221244228,-35.54410770019449],[-58.01427330746331,-35.5441510567195],[-58.01442678773329,-35.54386477423669]]]}},{"type":"Feature","properties":{"CCA":"02705000000000000000000000000000000022300A000194","ARA1":431.9,"SAG":"ARBA","PARTIDO":"027","CIRC":5,"SECC":null,"CHACRA":null,"CHACRA_L":null,"QUINTA":null,"QUINTA_L":null,"FRACCION":null,"FRACC_L":null,"MANZANA":null,"MANZANA_L":null,"PARCELA":223,"PARCELA_L":"A","SUBPARC":194,"CCA_MADRE":"02705000000000000000000000000000000022300A","NOMENCLA":"Circ. V - Pc. 223A - UF 194"},"geometry":{"type":"Polygon","coordinates":[[[-58.01159966879758,-35.53759725480779],[-58.01164717777495,-35.537615430139546],[-58.011818448327034,-35.53732286586432],[-58.01169863710548,-35.53727709514596],[-58.01152736623168,-35.537569659242],[-58.01159966879758,-35.53759725480779]]]}},{"type":"Feature","properties":{"CCA":"02705000000000000000000000000000000022300A000347","ARA1":421.52,"SAG":"ARBA","PARTIDO":"027","CIRC":5,"SECC":null,"CHACRA":null,"CHACRA_L":null,"QUINTA":null,"QUINTA_L":null,"FRACCION":null,"FRACC_L":null,"MANZANA":null,"MANZANA_L":null,"PARCELA":223,"PARCELA_L":"A","SUBPARC":347,"CCA_MADRE":"02705000000000000000000000000000000022300A","NOMENCLA":"Circ. V - Pc. 223A - UF 347"},"geometry":{"type":"Polygon","coordinates":[[[-58.01424166867037,-35.53958146814938],[-58.01458753699429,-35.53972404600053],[-58.01464364099696,-35.53962620659224],[-58.0142979956097,-35.53948354246491],[-58.01424166867037,-35.53958146814938]]]}},{"type":"Feature","properties":{"CCA":"02705000000000000000000000000000000022300A000197","ARA1":432.08,"SAG":"ARBA","PARTIDO":"027","CIRC":5,"SECC":null,"CHACRA":null,"CHACRA_L":null,"QUINTA":null,"QUINTA_L":null,"FRACCION":null,"FRACC_L":null,"MANZANA":null,"MANZANA_L":null,"PARCELA":223,"PARCELA_L":"A","SUBPARC":197,"CCA_MADRE":"02705000000000000000000000000000000022300A","NOMENCLA":"Circ. V - Pc. 223A - UF 197"},"geometry":{"type":"Polygon","coordinates":[[[-58.01128774356746,-35.5374781171019],[-58.01145890710644,-35.53718546147046],[-58.01133909630735,-35.53713969040691],[-58.01116793467079,-35.53743225578342],[-58.01123815648032,-35.53745927656002],[-58.01128774356746,-35.5374781171019]]]}},{"type":"Feature","properties":{"CCA":"02705000000000000000000000000000000022300A000033","ARA1":539.92,"SAG":"ARBA","PARTIDO":"027","CIRC":5,"SECC":null,"CHACRA":null,"CHACRA_L":null,"QUINTA":null,"QUINTA_L":null,"FRACCION":null,"FRACC_L":null,"MANZANA":null,"MANZANA_L":null,"PARCELA":223,"PARCELA_L":"A","SUBPARC":33,"CCA_MADRE":"02705000000000000000000000000000000022300A","NOMENCLA":"Circ. V - Pc. 223A - UF 33"},"geometry":{"type":"Polygon","coordinates":[[[-58.013954016571454,-35.53675629499697],[-58.013824284887335,-35.53677749685472],[-58.01392164107479,-35.537175055656185],[-58.014051263181834,-35.537153851899475],[-58.013954016571454,-35.53675629499697]]]}},{"type":"Feature","properties":{"CCA":"027020A00010000000000000300000000000001000000025","ARA1":203.62,"SAG":"ARBA","PARTIDO":"027","CIRC":2,"SECC":"A","CHACRA":1,"CHACRA_L":null,"QUINTA":null,"QUINTA_L":null,"FRACCION":3,"FRACC_L":null,"MANZANA":null,"MANZANA_L":null,"PARCELA":1,"PARCELA_L":null,"SUBPARC":25,"CCA_MADRE":"027020A00010000000000000300000000000001000","NOMENCLA":"Circ. II - Secc. A - Ch. 1 - Fr. 3 - Pc. 1 - UF 25"},"geometry":{"type":"Polygon","coordinates":[[[-58.03462327690818,-35.56009903890104],[-58.034711913186015,-35.56015437166662],[-58.03484644914342,-35.560010042175286],[-58.034757810722816,-35.559954799586365],[-58.03462327690818,-35.56009903890104]]]}},{"type":"Feature","properties":{"CCA":"02705000000000000000000000000000000022300A000125","ARA1":912.23,"SAG":"ARBA","PARTIDO":"027","CIRC":5,"SECC":null,"CHACRA":null,"CHACRA_L":null,"QUINTA":null,"QUINTA_L":null,"FRACCION":null,"FRACC_L":null,"MANZANA":null,"MANZANA_L":null,"PARCELA":223,"PARCELA_L":"A","SUBPARC":125,"CCA_MADRE":"02705000000000000000000000000000000022300A","NOMENCLA":"Circ. V - Pc. 223A - UF 125"},"geometry":{"type":"Polygon","coordinates":[[[-58.01142016844737,-35.54268790503515],[-58.01091557747867,-35.54294946689477],[-58.01121066607016,-35.54305472103691],[-58.01150461133109,-35.54278661952168],[-58.0114821246888,-35.542764080908256],[-58.01144824722964,-35.542729549647326],[-58.01142016844737,-35.54268790503515]]]}},{"type":"Feature","properties":{"CCA":"02705000000000000000000000000000000022300A000121","ARA1":741.77,"SAG":"ARBA","PARTIDO":"027","CIRC":5,"SECC":null,"CHACRA":null,"CHACRA_L":null,"QUINTA":null,"QUINTA_L":null,"FRACCION":null,"FRACC_L":null,"MANZANA":null,"MANZANA_L":null,"PARCELA":223,"PARCELA_L":"A","SUBPARC":121,"CCA_MADRE":"02705000000000000000000000000000000022300A","NOMENCLA":"Circ. V - Pc. 223A - UF 121"},"geometry":{"type":"Polygon","coordinates":[[[-58.011516622505894,-35.54224217767197],[-58.0112511221895,-35.542014859444826],[-58.01105339615149,-35.542168302882466],[-58.011416426295284,-35.542361726152045],[-58.011442964665164,-35.54232287488608],[-58.01147018994656,-35.542287459220304],[-58.011516622505894,-35.54224217767197]]]}},{"type":"Feature","properties":{"CCA":"02705000000000000000000000000000000022300A000432","ARA1":408.08,"SAG":"ARBA","PARTIDO":"027","CIRC":5,"SECC":null,"CHACRA":null,"CHACRA_L":null,"QUINTA":null,"QUINTA_L":null,"FRACCION":null,"FRACC_L":null,"MANZANA":null,"MANZANA_L":null,"PARCELA":223,"PARCELA_L":"A","SUBPARC":432,"CCA_MADRE":"02705000000000000000000000000000000022300A","NOMENCLA":"Circ. V - Pc. 223A - UF 432"},"geometry":{"type":"Polygon","coordinates":[[[-58.01821141269214,-35.53929193063994],[-58.01783719626413,-35.539275144843955],[-58.0178299072256,-35.539383160185096],[-58.018204126368616,-35.5393998559434],[-58.01821141269214,-35.53929193063994]]]}},{"type":"Feature","properties":{"CCA":"02705000000000000000000000000000000022300A000077","ARA1":530.79,"SAG":"ARBA","PARTIDO":"027","CIRC":5,"SECC":null,"CHACRA":null,"CHACRA_L":null,"QUINTA":null,"QUINTA_L":null,"FRACCION":null,"FRACC_L":null,"MANZANA":null,"MANZANA_L":null,"PARCELA":223,"PARCELA_L":"A","SUBPARC":77,"CCA_MADRE":"02705000000000000000000000000000000022300A","NOMENCLA":"Circ. V - Pc. 223A - UF 77"},"geometry":{"type":"Polygon","coordinates":[[[-58.00968155556287,-35.53879392601486],[-58.00966919295916,-35.538901586592736],[-58.01015385753357,-35.53894139730507],[-58.010167098908916,-35.538833841285474],[-58.00968155556287,-35.53879392601486]]]}},{"type":"Feature","properties":{"CCA":"02705000000000000000000000000000000022300A000026","ARA1":539.92,"SAG":"ARBA","PARTIDO":"027","CIRC":5,"SECC":null,"CHACRA":null,"CHACRA_L":null,"QUINTA":null,"QUINTA_L":null,"FRACCION":null,"FRACC_L":null,"MANZANA":null,"MANZANA_L":null,"PARCELA":223,"PARCELA_L":"A","SUBPARC":26,"CCA_MADRE":"02705000000000000000000000000000000022300A","NOMENCLA":"Circ. V - Pc. 223A - UF 26"},"geometry":{"type":"Polygon","coordinates":[[[-58.01486191622608,-35.53660787438893],[-58.01473218497471,-35.53662907724006],[-58.01482954553705,-35.53702663545666],[-58.01495916721145,-35.53700543070733],[-58.01486191622608,-35.53660787438893]]]}},{"type":"Feature","properties":{"CCA":"027020A00010000000000000300000000000001000000019","ARA1":259.15,"SAG":"ARBA","PARTIDO":"027","CIRC":2,"SECC":"A","CHACRA":1,"CHACRA_L":null,"QUINTA":null,"QUINTA_L":null,"FRACCION":3,"FRACC_L":null,"MANZANA":null,"MANZANA_L":null,"PARCELA":1,"PARCELA_L":null,"SUBPARC":19,"CCA_MADRE":"027020A00010000000000000300000000000001000","NOMENCLA":"Circ. II - Secc. A - Ch. 1 - Fr. 3 - Pc. 1 - UF 19"},"geometry":{"type":"Polygon","coordinates":[[[-58.035149785058024,-35.560427253356806],[-58.03538772469771,-35.560442576547544],[-58.03544378222646,-35.56038239392011],[-58.03528453460612,-35.560283197196675],[-58.035149785058024,-35.560427253356806]]]}},{"type":"Feature","properties":{"CCA":"02705000000000000000000000000000000022300A000264","ARA1":431.96,"SAG":"ARBA","PARTIDO":"027","CIRC":5,"SECC":null,"CHACRA":null,"CHACRA_L":null,"QUINTA":null,"QUINTA_L":null,"FRACCION":null,"FRACC_L":null,"MANZANA":null,"MANZANA_L":null,"PARCELA":223,"PARCELA_L":"A","SUBPARC":264,"CCA_MADRE":"02705000000000000000000000000000000022300A","NOMENCLA":"Circ. V - Pc. 223A - UF 264"},"geometry":{"type":"Polygon","coordinates":[[[-58.01142510327811,-35.5393403963007],[-58.0114978015715,-35.53902160583505],[-58.01136775525008,-35.539001798570794],[-58.01129505646721,-35.53932058894289],[-58.01142510327811,-35.5393403963007]]]}},{"type":"Feature","properties":{"CCA":"02705000000000000000000000000000000022300A000307","ARA1":486.86,"SAG":"ARBA","PARTIDO":"027","CIRC":5,"SECC":null,"CHACRA":null,"CHACRA_L":null,"QUINTA":null,"QUINTA_L":null,"FRACCION":null,"FRACC_L":null,"MANZANA":null,"MANZANA_L":null,"PARCELA":223,"PARCELA_L":"A","SUBPARC":307,"CCA_MADRE":"02705000000000000000000000000000000022300A","NOMENCLA":"Circ. V - Pc. 223A - UF 307"},"geometry":{"type":"Polygon","coordinates":[[[-58.015560332721776,-35.53757411653541],[-58.015586274164484,-35.53768015557549],[-58.01594321018915,-35.53762385282634],[-58.01598029314307,-35.53761328916255],[-58.01600654514734,-35.53757695524512],[-58.01601713499599,-35.5375543310258],[-58.01601816825165,-35.53753028795258],[-58.01601627780542,-35.53749961853929],[-58.015560332721776,-35.53757411653541]]]}},{"type":"Feature","properties":{"CCA":"02705000000000000000000000000000000022300A000403","ARA1":438.86,"SAG":"ARBA","PARTIDO":"027","CIRC":5,"SECC":null,"CHACRA":null,"CHACRA_L":null,"QUINTA":null,"QUINTA_L":null,"FRACCION":null,"FRACC_L":null,"MANZANA":null,"MANZANA_L":null,"PARCELA":223,"PARCELA_L":"A","SUBPARC":403,"CCA_MADRE":"02705000000000000000000000000000000022300A","NOMENCLA":"Circ. V - Pc. 223A - UF 403"},"geometry":{"type":"Polygon","coordinates":[[[-58.01720520920919,-35.54298415029465],[-58.01694328606863,-35.54274960406826],[-58.0168427291315,-35.54282589719301],[-58.017104649987814,-35.54306053370986],[-58.01720520920919,-35.54298415029465]]]}},{"type":"Feature","properties":{"CCA":"02705000000000000000000000000000000022300A000144","ARA1":416.39,"SAG":"ARBA","PARTIDO":"027","CIRC":5,"SECC":null,"CHACRA":null,"CHACRA_L":null,"QUINTA":null,"QUINTA_L":null,"FRACCION":null,"FRACC_L":null,"MANZANA":null,"MANZANA_L":null,"PARCELA":223,"PARCELA_L":"A","SUBPARC":144,"CCA_MADRE":"02705000000000000000000000000000000022300A","NOMENCLA":"Circ. V - Pc. 223A - UF 144"},"geometry":{"type":"Polygon","coordinates":[[[-58.013820987234425,-35.54364789572819],[-58.01369978301193,-35.54360453696158],[-58.01354630074213,-35.543890818462344],[-58.01366750529808,-35.54393417739268],[-58.013820987234425,-35.54364789572819]]]}},{"type":"Feature","properties":{"CCA":"02705000000000000000000000000000000022300A000004","ARA1":696.57,"SAG":"ARBA","PARTIDO":"027","CIRC":5,"SECC":null,"CHACRA":null,"CHACRA_L":null,"QUINTA":null,"QUINTA_L":null,"FRACCION":null,"FRACC_L":null,"MANZANA":null,"MANZANA_L":null,"PARCELA":223,"PARCELA_L":"A","SUBPARC":4,"CCA_MADRE":"02705000000000000000000000000000000022300A","NOMENCLA":"Circ. V - Pc. 223A - UF 4"},"geometry":{"type":"Polygon","coordinates":[[[-58.018054704090694,-35.53608593847149],[-58.01792353509764,-35.53610739149078],[-58.01797769944576,-35.536625709140495],[-58.01810685274933,-35.53661900142238],[-58.018054704090694,-35.53608593847149]]]}},{"type":"Feature","properties":{"CCA":"02705000000000000000000000000000000022300A000069","ARA1":530.12,"SAG":"ARBA","PARTIDO":"027","CIRC":5,"SECC":null,"CHACRA":null,"CHACRA_L":null,"QUINTA":null,"QUINTA_L":null,"FRACCION":null,"FRACC_L":null,"MANZANA":null,"MANZANA_L":null,"PARCELA":223,"PARCELA_L":"A","SUBPARC":69,"CCA_MADRE":"02705000000000000000000000000000000022300A","NOMENCLA":"Circ. V - Pc. 223A - UF 69"},"geometry":{"type":"Polygon","coordinates":[[[-58.00979219644052,-35.537903638622744],[-58.009778954779684,-35.538011194605474],[-58.01026350166217,-35.53805109296651],[-58.010276742687395,-35.53794353691041],[-58.00979219644052,-35.537903638622744]]]}},{"type":"Feature","properties":{"CCA":"02705000000000000000000000000000000022300A000524","ARA1":497.58,"SAG":"ARBA","PARTIDO":"027","CIRC":5,"SECC":null,"CHACRA":null,"CHACRA_L":null,"QUINTA":null,"QUINTA_L":null,"FRACCION":null,"FRACC_L":null,"MANZANA":null,"MANZANA_L":null,"PARCELA":223,"PARCELA_L":"A","SUBPARC":524,"CCA_MADRE":"02705000000000000000000000000000000022300A","NOMENCLA":"Circ. V - Pc. 223A - UF 524"},"geometry":{"type":"Polygon","coordinates":[[[-58.010911047717904,-35.53987889851057],[-58.01082734972484,-35.54024562711514],[-58.0109572787741,-35.54026579350449],[-58.011041227761744,-35.53989780736732],[-58.010911047717904,-35.53987889851057]]]}},{"type":"Feature","properties":{"CCA":"02705000000000000000000000000000000022300A000511","ARA1":521.78,"SAG":"ARBA","PARTIDO":"027","CIRC":5,"SECC":null,"CHACRA":null,"CHACRA_L":null,"QUINTA":null,"QUINTA_L":null,"FRACCION":null,"FRACC_L":null,"MANZANA":null,"MANZANA_L":null,"PARCELA":223,"PARCELA_L":"A","SUBPARC":511,"CCA_MADRE":"02705000000000000000000000000000000022300A","NOMENCLA":"Circ. V - Pc. 223A - UF 511"},"geometry":{"type":"Polygon","coordinates":[[[-58.01264657001109,-35.5405284880926],[-58.0127345930277,-35.54014254532229],[-58.012604409881426,-35.54012372834585],[-58.01251664225245,-35.540508233422194],[-58.01264657001109,-35.5405284880926]]]}},{"type":"Feature","properties":{"CCA":"02705000000000000000000000000000000022300A000198","ARA1":470.19,"SAG":"ARBA","PARTIDO":"027","CIRC":5,"SECC":null,"CHACRA":null,"CHACRA_L":null,"QUINTA":null,"QUINTA_L":null,"FRACCION":null,"FRACC_L":null,"MANZANA":null,"MANZANA_L":null,"PARCELA":223,"PARCELA_L":"A","SUBPARC":198,"CCA_MADRE":"02705000000000000000000000000000000022300A","NOMENCLA":"Circ. V - Pc. 223A - UF 198"},"geometry":{"type":"Polygon","coordinates":[[[-58.01103752971335,-35.53738243479958],[-58.01116793467079,-35.53743225578342],[-58.01133909630735,-35.53713969040691],[-58.01120869392433,-35.537089779542086],[-58.01103752971335,-35.53738243479958]]]}},{"type":"Feature","properties":{"CCA":"027020A00010000000000000300000000000001000000028","ARA1":198.06,"SAG":"ARBA","PARTIDO":"027","CIRC":2,"SECC":"A","CHACRA":1,"CHACRA_L":null,"QUINTA":null,"QUINTA_L":null,"FRACCION":3,"FRACC_L":null,"MANZANA":null,"MANZANA_L":null,"PARCELA":1,"PARCELA_L":null,"SUBPARC":28,"CCA_MADRE":"027020A00010000000000000300000000000001000","NOMENCLA":"Circ. II - Secc. A - Ch. 1 - Fr. 3 - Pc. 1 - UF 28"},"geometry":{"type":"Polygon","coordinates":[[[-58.034361928267856,-35.5599359982013],[-58.03444828445228,-35.55998985216683],[-58.034582597910024,-35.55984560945398],[-58.03449634981581,-35.55979184746016],[-58.034361928267856,-35.5599359982013]]]}},{"type":"Feature","properties":{"CCA":"027020A00010000000000000300000000000001000000035","ARA1":200.71,"SAG":"ARBA","PARTIDO":"027","CIRC":2,"SECC":"A","CHACRA":1,"CHACRA_L":null,"QUINTA":null,"QUINTA_L":null,"FRACCION":3,"FRACC_L":null,"MANZANA":null,"MANZANA_L":null,"PARCELA":1,"PARCELA_L":null,"SUBPARC":35,"CCA_MADRE":"027020A00010000000000000300000000000001000","NOMENCLA":"Circ. II - Secc. A - Ch. 1 - Fr. 3 - Pc. 1 - UF 35"},"geometry":{"type":"Polygon","coordinates":[[[-58.03428175723039,-35.55994496348011],[-58.03414903037333,-35.56008742946996],[-58.03423744802609,-35.560142668900944],[-58.03437028726211,-35.560000114533885],[-58.03428175723039,-35.55994496348011]]]}},{"type":"Feature","properties":{"CCA":"02705000000000000000000000000000000022300A000470","ARA1":374.55,"SAG":"ARBA","PARTIDO":"027","CIRC":5,"SECC":null,"CHACRA":null,"CHACRA_L":null,"QUINTA":null,"QUINTA_L":null,"FRACCION":null,"FRACC_L":null,"MANZANA":null,"MANZANA_L":null,"PARCELA":223,"PARCELA_L":"A","SUBPARC":470,"CCA_MADRE":"02705000000000000000000000000000000022300A","NOMENCLA":"Circ. V - Pc. 223A - UF 470"},"geometry":{"type":"Polygon","coordinates":[[[-58.01161669499226,-35.53879206778862],[-58.01164104721705,-35.53868541573647],[-58.0112931466358,-35.53865678840802],[-58.011279906799494,-35.53876434460407],[-58.01161669499226,-35.53879206778862]]]}},{"type":"Feature","properties":{"CCA":"02705000000000000000000000000000000022300A000320","ARA1":759.77,"SAG":"ARBA","PARTIDO":"027","CIRC":5,"SECC":null,"CHACRA":null,"CHACRA_L":null,"QUINTA":null,"QUINTA_L":null,"FRACCION":null,"FRACC_L":null,"MANZANA":null,"MANZANA_L":null,"PARCELA":223,"PARCELA_L":"A","SUBPARC":320,"CCA_MADRE":"02705000000000000000000000000000000022300A","NOMENCLA":"Circ. V - Pc. 223A - UF 320"},"geometry":{"type":"Polygon","coordinates":[[[-58.016890246108936,-35.53864437177336],[-58.01657988508692,-35.53874325583065],[-58.01657461910907,-35.53877353715129],[-58.016560540401436,-35.538794572098126],[-58.01654679079739,-35.53881119693845],[-58.01653702108087,-35.53881842543174],[-58.016844482321254,-35.53904326853343],[-58.016890246108936,-35.53864437177336]]]}},{"type":"Feature","properties":{"CCA":"02705000000000000000000000000000000022300A000552","ARA1":392.24,"SAG":"ARBA","PARTIDO":"027","CIRC":5,"SECC":null,"CHACRA":null,"CHACRA_L":null,"QUINTA":null,"QUINTA_L":null,"FRACCION":null,"FRACC_L":null,"MANZANA":null,"MANZANA_L":null,"PARCELA":223,"PARCELA_L":"A","SUBPARC":552,"CCA_MADRE":"02705000000000000000000000000000000022300A","NOMENCLA":"Circ. V - Pc. 223A - UF 552"},"geometry":{"type":"Polygon","coordinates":[[[-58.01245943999756,-35.54273207867101],[-58.01233159422023,-35.542689870624734],[-58.01219237007807,-35.5429567409621],[-58.01231050436097,-35.54299932970099],[-58.01245943999756,-35.54273207867101]]]}},{"type":"Feature","properties":{"CCA":"02705000000000000000000000000000000022300A000024","ARA1":540.13,"SAG":"ARBA","PARTIDO":"027","CIRC":5,"SECC":null,"CHACRA":null,"CHACRA_L":null,"QUINTA":null,"QUINTA_L":null,"FRACCION":null,"FRACC_L":null,"MANZANA":null,"MANZANA_L":null,"PARCELA":223,"PARCELA_L":"A","SUBPARC":24,"CCA_MADRE":"02705000000000000000000000000000000022300A","NOMENCLA":"Circ. V - Pc. 223A - UF 24"},"geometry":{"type":"Polygon","coordinates":[[[-58.015121378543334,-35.53656546826084],[-58.01499164741561,-35.53658667139586],[-58.01508889902613,-35.53698422763078],[-58.01521863077898,-35.536963024412294],[-58.015121378543334,-35.53656546826084]]]}},{"type":"Feature","properties":{"CCA":"02705000000000000000000000000000000022300A000174","ARA1":432.08,"SAG":"ARBA","PARTIDO":"027","CIRC":5,"SECC":null,"CHACRA":null,"CHACRA_L":null,"QUINTA":null,"QUINTA_L":null,"FRACCION":null,"FRACC_L":null,"MANZANA":null,"MANZANA_L":null,"PARCELA":223,"PARCELA_L":"A","SUBPARC":174,"CCA_MADRE":"02705000000000000000000000000000000022300A","NOMENCLA":"Circ. V - Pc. 223A - UF 174"},"geometry":{"type":"Polygon","coordinates":[[[-58.014470809978356,-35.5375316661821],[-58.01439298817267,-35.5372136385422],[-58.01426325583844,-35.53723484085088],[-58.01434107714402,-35.5375528685576],[-58.014470809978356,-35.5375316661821]]]}},{"type":"Feature","properties":{"CCA":"02705000000000000000000000000000000022300A000438","ARA1":408.08,"SAG":"ARBA","PARTIDO":"027","CIRC":5,"SECC":null,"CHACRA":null,"CHACRA_L":null,"QUINTA":null,"QUINTA_L":null,"FRACCION":null,"FRACC_L":null,"MANZANA":null,"MANZANA_L":null,"PARCELA":223,"PARCELA_L":"A","SUBPARC":438,"CCA_MADRE":"02705000000000000000000000000000000022300A","NOMENCLA":"Circ. V - Pc. 223A - UF 438"},"geometry":{"type":"Polygon","coordinates":[[[-58.018254803895736,-35.538644193171145],[-58.01788058823969,-35.53862749768147],[-58.01787330157686,-35.53873542296369],[-58.018247515514396,-35.53875220856815],[-58.018254803895736,-35.538644193171145]]]}},{"type":"Feature","properties":{"CCA":"02705000000000000000000000000000000022300A000038","ARA1":539.8,"SAG":"ARBA","PARTIDO":"027","CIRC":5,"SECC":null,"CHACRA":null,"CHACRA_L":null,"QUINTA":null,"QUINTA_L":null,"FRACCION":null,"FRACC_L":null,"MANZANA":null,"MANZANA_L":null,"PARCELA":223,"PARCELA_L":"A","SUBPARC":38,"CCA_MADRE":"02705000000000000000000000000000000022300A","NOMENCLA":"Circ. V - Pc. 223A - UF 38"},"geometry":{"type":"Polygon","coordinates":[[[-58.013305677028576,-35.53686275869445],[-58.01317584594293,-35.53688350764664],[-58.01327308880337,-35.53728106504965],[-58.013402821421764,-35.53725986381798],[-58.013305677028576,-35.53686275869445]]]}},{"type":"Feature","properties":{"CCA":"02705000000000000000000000000000000022300A000408","ARA1":435.87,"SAG":"ARBA","PARTIDO":"027","CIRC":5,"SECC":null,"CHACRA":null,"CHACRA_L":null,"QUINTA":null,"QUINTA_L":null,"FRACCION":null,"FRACC_L":null,"MANZANA":null,"MANZANA_L":null,"PARCELA":223,"PARCELA_L":"A","SUBPARC":408,"CCA_MADRE":"02705000000000000000000000000000000022300A","NOMENCLA":"Circ. V - Pc. 223A - UF 408"},"geometry":{"type":"Polygon","coordinates":[[[-58.01770633157307,-35.542602925278],[-58.017445377815854,-35.54236929719419],[-58.01734505111752,-35.542445234094],[-58.01760621857601,-35.5426791362441],[-58.01770633157307,-35.542602925278]]]}},{"type":"Feature","properties":{"CCA":"02705000000000000000000000000000000022300A000415","ARA1":407.9,"SAG":"ARBA","PARTIDO":"027","CIRC":5,"SECC":null,"CHACRA":null,"CHACRA_L":null,"QUINTA":null,"QUINTA_L":null,"FRACCION":null,"FRACC_L":null,"MANZANA":null,"MANZANA_L":null,"PARCELA":223,"PARCELA_L":"A","SUBPARC":415,"CCA_MADRE":"02705000000000000000000000000000000022300A","NOMENCLA":"Circ. V - Pc. 223A - UF 415"},"geometry":{"type":"Polygon","coordinates":[[[-58.01808472776962,-35.54118275431864],[-58.01771050039894,-35.54116605792705],[-58.0177033233222,-35.541273984953705],[-58.018077551190984,-35.541290681383444],[-58.01808472776962,-35.54118275431864]]]}},{"type":"Feature","properties":{"CCA":"02705000000000000000000000000000000022300A000029","ARA1":540.13,"SAG":"ARBA","PARTIDO":"027","CIRC":5,"SECC":null,"CHACRA":null,"CHACRA_L":null,"QUINTA":null,"QUINTA_L":null,"FRACCION":null,"FRACC_L":null,"MANZANA":null,"MANZANA_L":null,"PARCELA":223,"PARCELA_L":"A","SUBPARC":29,"CCA_MADRE":"02705000000000000000000000000000000022300A","NOMENCLA":"Circ. V - Pc. 223A - UF 29"},"geometry":{"type":"Polygon","coordinates":[[[-58.014472832488096,-35.5366714843315],[-58.01434310105126,-35.53669268675693],[-58.01444034953655,-35.53709024340912],[-58.01457008159855,-35.53706904090023],[-58.014472832488096,-35.5366714843315]]]}},{"type":"Feature","properties":{"CCA":"02705000000000000000000000000000000022300A000580","ARA1":850.1,"SAG":"ARBA","PARTIDO":"027","CIRC":5,"SECC":null,"CHACRA":null,"CHACRA_L":null,"QUINTA":null,"QUINTA_L":null,"FRACCION":null,"FRACC_L":null,"MANZANA":null,"MANZANA_L":null,"PARCELA":223,"PARCELA_L":"A","SUBPARC":580,"CCA_MADRE":"02705000000000000000000000000000000022300A","NOMENCLA":"Circ. V - Pc. 223A - UF 580"},"geometry":{"type":"Polygon","coordinates":[[[-58.01317386420924,-35.542134334712784],[-58.01317558331084,-35.54201550460528],[-58.013177062774375,-35.54191532384239],[-58.01300946555703,-35.54191580547671],[-58.013016433232536,-35.54244217754022],[-58.01316946167904,-35.542442356918215],[-58.01317386420924,-35.542134334712784]]]}},{"type":"Feature","properties":{"CCA":"02705000000000000000000000000000000022300A000324","ARA1":420.91,"SAG":"ARBA","PARTIDO":"027","CIRC":5,"SECC":null,"CHACRA":null,"CHACRA_L":null,"QUINTA":null,"QUINTA_L":null,"FRACCION":null,"FRACC_L":null,"MANZANA":null,"MANZANA_L":null,"PARCELA":223,"PARCELA_L":"A","SUBPARC":324,"CCA_MADRE":"02705000000000000000000000000000000022300A","NOMENCLA":"Circ. V - Pc. 223A - UF 324"},"geometry":{"type":"Polygon","coordinates":[[[-58.01596284880874,-35.53885844888137],[-58.01625793153492,-35.538654784360375],[-58.016166483245144,-35.538576323297875],[-58.01587117796733,-35.5387800740477],[-58.01596284880874,-35.53885844888137]]]}},{"type":"Feature","properties":{"CCA":"02705000000000000000000000000000000022300A000291","ARA1":432.08,"SAG":"ARBA","PARTIDO":"027","CIRC":5,"SECC":null,"CHACRA":null,"CHACRA_L":null,"QUINTA":null,"QUINTA_L":null,"FRACCION":null,"FRACC_L":null,"MANZANA":null,"MANZANA_L":null,"PARCELA":223,"PARCELA_L":"A","SUBPARC":291,"CCA_MADRE":"02705000000000000000000000000000000022300A","NOMENCLA":"Circ. V - Pc. 223A - UF 291"},"geometry":{"type":"Polygon","coordinates":[[[-58.01364071810745,-35.53799811152243],[-58.01356289924533,-35.537680083461254],[-58.01343316597823,-35.537701284843294],[-58.01351098434023,-35.53801931297128],[-58.01364071810745,-35.53799811152243]]]}},{"type":"Feature","properties":{"CCA":"02705000000000000000000000000000000022300A000589","ARA1":394.54,"SAG":"ARBA","PARTIDO":"027","CIRC":5,"SECC":null,"CHACRA":null,"CHACRA_L":null,"QUINTA":null,"QUINTA_L":null,"FRACCION":null,"FRACC_L":null,"MANZANA":null,"MANZANA_L":null,"PARCELA":223,"PARCELA_L":"A","SUBPARC":589,"CCA_MADRE":"02705000000000000000000000000000000022300A","NOMENCLA":"Circ. V - Pc. 223A - UF 589"},"geometry":{"type":"Polygon","coordinates":[[[-58.0132079072746,-35.541482931537715],[-58.01315794201275,-35.54158654847067],[-58.01355945826069,-35.54158757856408],[-58.013559716925656,-35.54148323248798],[-58.0132079072746,-35.541482931537715]]]}},{"type":"Feature","properties":{"CCA":"02705000000000000000000000000000000022300A000053","ARA1":547.59,"SAG":"ARBA","PARTIDO":"027","CIRC":5,"SECC":null,"CHACRA":null,"CHACRA_L":null,"QUINTA":null,"QUINTA_L":null,"FRACCION":null,"FRACC_L":null,"MANZANA":null,"MANZANA_L":null,"PARCELA":223,"PARCELA_L":"A","SUBPARC":53,"CCA_MADRE":"02705000000000000000000000000000000022300A","NOMENCLA":"Circ. V - Pc. 223A - UF 53"},"geometry":{"type":"Polygon","coordinates":[[[-58.011616698254834,-35.53665739116172],[-58.01149688812967,-35.53661162027387],[-58.01128395485345,-35.53698414759937],[-58.01140376539138,-35.53702991871034],[-58.011616698254834,-35.53665739116172]]]}},{"type":"Feature","properties":{"CCA":"02705000000000000000000000000000000022300A000390","ARA1":481.99,"SAG":"ARBA","PARTIDO":"027","CIRC":5,"SECC":null,"CHACRA":null,"CHACRA_L":null,"QUINTA":null,"QUINTA_L":null,"FRACCION":null,"FRACC_L":null,"MANZANA":null,"MANZANA_L":null,"PARCELA":223,"PARCELA_L":"A","SUBPARC":390,"CCA_MADRE":"02705000000000000000000000000000000022300A","NOMENCLA":"Circ. V - Pc. 223A - UF 390"},"geometry":{"type":"Polygon","coordinates":[[[-58.01591441414664,-35.543965684372345],[-58.015653246347675,-35.5437273630871],[-58.01554448836334,-35.5438097378419],[-58.01580407094572,-35.54404974540475],[-58.01591441414664,-35.543965684372345]]]}},{"type":"Feature","properties":{"CCA":"02705000000000000000000000000000000022300A000249","ARA1":431.96,"SAG":"ARBA","PARTIDO":"027","CIRC":5,"SECC":null,"CHACRA":null,"CHACRA_L":null,"QUINTA":null,"QUINTA_L":null,"FRACCION":null,"FRACC_L":null,"MANZANA":null,"MANZANA_L":null,"PARCELA":223,"PARCELA_L":"A","SUBPARC":249,"CCA_MADRE":"02705000000000000000000000000000000022300A","NOMENCLA":"Circ. V - Pc. 223A - UF 249"},"geometry":{"type":"Polygon","coordinates":[[[-58.01337558905463,-35.53963766658745],[-58.013448280006706,-35.53931887471823],[-58.01331823262659,-35.539299069528774],[-58.013245541185015,-35.53961786130442],[-58.01337558905463,-35.53963766658745]]]}},{"type":"Feature","properties":{"CCA":"02705000000000000000000000000000000022300A000046","ARA1":546.75,"SAG":"ARBA","PARTIDO":"027","CIRC":5,"SECC":null,"CHACRA":null,"CHACRA_L":null,"QUINTA":null,"QUINTA_L":null,"FRACCION":null,"FRACC_L":null,"MANZANA":null,"MANZANA_L":null,"PARCELA":223,"PARCELA_L":"A","SUBPARC":46,"CCA_MADRE":"02705000000000000000000000000000000022300A","NOMENCLA":"Circ. V - Pc. 223A - UF 46"},"geometry":{"type":"Polygon","coordinates":[[[-58.01245513266261,-35.53697859120572],[-58.0123353259971,-35.536932640970896],[-58.012122741776935,-35.53730454477765],[-58.01224255330015,-35.537350315083295],[-58.01245513266261,-35.53697859120572]]]}},{"type":"Feature","properties":{"CCA":"02705000000000000000000000000000000022300A000412","ARA1":465.41,"SAG":"ARBA","PARTIDO":"027","CIRC":5,"SECC":null,"CHACRA":null,"CHACRA_L":null,"QUINTA":null,"QUINTA_L":null,"FRACCION":null,"FRACC_L":null,"MANZANA":null,"MANZANA_L":null,"PARCELA":223,"PARCELA_L":"A","SUBPARC":412,"CCA_MADRE":"02705000000000000000000000000000000022300A","NOMENCLA":"Circ. V - Pc. 223A - UF 412"},"geometry":{"type":"Polygon","coordinates":[[[-58.01806308552966,-35.54150662376868],[-58.017688858881655,-35.54148983718606],[-58.01768053553161,-35.5416129743897],[-58.01805476274786,-35.541629761016296],[-58.01806308552966,-35.54150662376868]]]}},{"type":"Feature","properties":{"CCA":"02705000000000000000000000000000000022300A000281","ARA1":512.39,"SAG":"ARBA","PARTIDO":"027","CIRC":5,"SECC":null,"CHACRA":null,"CHACRA_L":null,"QUINTA":null,"QUINTA_L":null,"FRACCION":null,"FRACC_L":null,"MANZANA":null,"MANZANA_L":null,"PARCELA":223,"PARCELA_L":"A","SUBPARC":281,"CCA_MADRE":"02705000000000000000000000000000000022300A","NOMENCLA":"Circ. V - Pc. 223A - UF 281"},"geometry":{"type":"Polygon","coordinates":[[[-58.01224634335923,-35.537844464870574],[-58.01207518333439,-35.53813703156186],[-58.01220264773161,-35.5381765301253],[-58.0122803138995,-35.53819231887334],[-58.01233961647356,-35.53788006534383],[-58.01224634335923,-35.537844464870574]]]}},{"type":"Feature","properties":{"CCA":"02705000000000000000000000000000000022300A000459","ARA1":432.1,"SAG":"ARBA","PARTIDO":"027","CIRC":5,"SECC":null,"CHACRA":null,"CHACRA_L":null,"QUINTA":null,"QUINTA_L":null,"FRACCION":null,"FRACC_L":null,"MANZANA":null,"MANZANA_L":null,"PARCELA":223,"PARCELA_L":"A","SUBPARC":459,"CCA_MADRE":"02705000000000000000000000000000000022300A","NOMENCLA":"Circ. V - Pc. 223A - UF 459"},"geometry":{"type":"Polygon","coordinates":[[[-58.012524582424966,-35.53861843356046],[-58.012654317373595,-35.53859723321528],[-58.012576501974706,-35.53827920465435],[-58.012446769749204,-35.53830031485682],[-58.012524582424966,-35.53861843356046]]]}},{"type":"Feature","properties":{"CCA":"02705000000000000000000000000000000022300A000558","ARA1":398.08,"SAG":"ARBA","PARTIDO":"027","CIRC":5,"SECC":null,"CHACRA":null,"CHACRA_L":null,"QUINTA":null,"QUINTA_L":null,"FRACCION":null,"FRACC_L":null,"MANZANA":null,"MANZANA_L":null,"PARCELA":223,"PARCELA_L":"A","SUBPARC":558,"CCA_MADRE":"02705000000000000000000000000000000022300A","NOMENCLA":"Circ. V - Pc. 223A - UF 558"},"geometry":{"type":"Polygon","coordinates":[[[-58.01318512485303,-35.54297382845727],[-58.01315156593471,-35.54296210138357],[-58.013066956763076,-35.54293259170026],[-58.012916916876904,-35.54321784780174],[-58.01303188252131,-35.54325930226059],[-58.01318512485303,-35.54297382845727]]]}},{"type":"Feature","properties":{"CCA":"02705000000000000000000000000000000022300A000206","ARA1":442.6,"SAG":"ARBA","PARTIDO":"027","CIRC":5,"SECC":null,"CHACRA":null,"CHACRA_L":null,"QUINTA":null,"QUINTA_L":null,"FRACCION":null,"FRACC_L":null,"MANZANA":null,"MANZANA_L":null,"PARCELA":223,"PARCELA_L":"A","SUBPARC":206,"CCA_MADRE":"02705000000000000000000000000000000022300A","NOMENCLA":"Circ. V - Pc. 223A - UF 206"},"geometry":{"type":"Polygon","coordinates":[[[-58.01084206753557,-35.53787320681998],[-58.01085529217735,-35.53776628120223],[-58.0104495227257,-35.537732911908996],[-58.01043628197869,-35.53784046799623],[-58.01084206753557,-35.53787320681998]]]}},{"type":"Feature","properties":{"CCA":"02705000000000000000000000000000000022300A000428","ARA1":525.7,"SAG":"ARBA","PARTIDO":"027","CIRC":5,"SECC":null,"CHACRA":null,"CHACRA_L":null,"QUINTA":null,"QUINTA_L":null,"FRACCION":null,"FRACC_L":null,"MANZANA":null,"MANZANA_L":null,"PARCELA":223,"PARCELA_L":"A","SUBPARC":428,"CCA_MADRE":"02705000000000000000000000000000000022300A","NOMENCLA":"Circ. V - Pc. 223A - UF 428"},"geometry":{"type":"Polygon","coordinates":[[[-58.01779855988248,-35.53984600402257],[-58.01817310956322,-35.539862795457914],[-58.018182485434366,-35.539723725536106],[-58.0178082647968,-35.53970702966293],[-58.01779855988248,-35.53984600402257]]]}},{"type":"Feature","properties":{"CCA":"02705000000000000000000000000000000022300A000087","ARA1":959.69,"SAG":"ARBA","PARTIDO":"027","CIRC":5,"SECC":null,"CHACRA":null,"CHACRA_L":null,"QUINTA":null,"QUINTA_L":null,"FRACCION":null,"FRACC_L":null,"MANZANA":null,"MANZANA_L":null,"PARCELA":223,"PARCELA_L":"A","SUBPARC":87,"CCA_MADRE":"02705000000000000000000000000000000022300A","NOMENCLA":"Circ. V - Pc. 223A - UF 87"},"geometry":{"type":"Polygon","coordinates":[[[-58.01008407109792,-35.54023083685995],[-58.009796584291955,-35.540518866457354],[-58.01019110761612,-35.54058404246572],[-58.0102663024386,-35.54027601749467],[-58.010179602278775,-35.54025989808374],[-58.01011955647746,-35.54024484938059],[-58.01008407109792,-35.54023083685995]]]}},{"type":"Feature","properties":{"CCA":"02705000000000000000000000000000000022300A000416","ARA1":408.62,"SAG":"ARBA","PARTIDO":"027","CIRC":5,"SECC":null,"CHACRA":null,"CHACRA_L":null,"QUINTA":null,"QUINTA_L":null,"FRACCION":null,"FRACC_L":null,"MANZANA":null,"MANZANA_L":null,"PARCELA":223,"PARCELA_L":"A","SUBPARC":416,"CCA_MADRE":"02705000000000000000000000000000000022300A","NOMENCLA":"Circ. V - Pc. 223A - UF 416"},"geometry":{"type":"Polygon","coordinates":[[[-58.01771050039894,-35.54116605792705],[-58.01808472776962,-35.54118275431864],[-58.0180920145299,-35.54107482906283],[-58.017716687796295,-35.54105802451112],[-58.01771050039894,-35.54116605792705]]]}},{"type":"Feature","properties":{"CCA":"02705000000000000000000000000000000022300A000287","ARA1":432.08,"SAG":"ARBA","PARTIDO":"027","CIRC":5,"SECC":null,"CHACRA":null,"CHACRA_L":null,"QUINTA":null,"QUINTA_L":null,"FRACCION":null,"FRACC_L":null,"MANZANA":null,"MANZANA_L":null,"PARCELA":223,"PARCELA_L":"A","SUBPARC":287,"CCA_MADRE":"02705000000000000000000000000000000022300A","NOMENCLA":"Circ. V - Pc. 223A - UF 287"},"geometry":{"type":"Polygon","coordinates":[[[-58.01291434249453,-35.53778609076845],[-58.01299215885647,-35.538104119163485],[-58.013121892871,-35.538082918282356],[-58.013044076008924,-35.5377648899541],[-58.01291434249453,-35.53778609076845]]]}},{"type":"Feature","properties":{"CCA":"02705000000000000000000000000000000022300A000346","ARA1":421.6,"SAG":"ARBA","PARTIDO":"027","CIRC":5,"SECC":null,"CHACRA":null,"CHACRA_L":null,"QUINTA":null,"QUINTA_L":null,"FRACCION":null,"FRACC_L":null,"MANZANA":null,"MANZANA_L":null,"PARCELA":223,"PARCELA_L":"A","SUBPARC":346,"CCA_MADRE":"02705000000000000000000000000000000022300A","NOMENCLA":"Circ. V - Pc. 223A - UF 346"},"geometry":{"type":"Polygon","coordinates":[[[-58.0142979956097,-35.53948354246491],[-58.01464364099696,-35.53962620659224],[-58.01469985728484,-35.53952827889078],[-58.01435421220218,-35.53938561493293],[-58.0142979956097,-35.53948354246491]]]}},{"type":"Feature","properties":{"CCA":"02705000000000000000000000000000000022300A000081","ARA1":530.24,"SAG":"ARBA","PARTIDO":"027","CIRC":5,"SECC":null,"CHACRA":null,"CHACRA_L":null,"QUINTA":null,"QUINTA_L":null,"FRACCION":null,"FRACC_L":null,"MANZANA":null,"MANZANA_L":null,"PARCELA":223,"PARCELA_L":"A","SUBPARC":81,"CCA_MADRE":"02705000000000000000000000000000000022300A","NOMENCLA":"Circ. V - Pc. 223A - UF 81"},"geometry":{"type":"Polygon","coordinates":[[[-58.00961622449152,-35.53933181033347],[-58.010100889383565,-35.53937171141515],[-58.010114130928116,-35.53926415541321],[-58.00962946667189,-35.53922425440491],[-58.00961622449152,-35.53933181033347]]]}},{"type":"Feature","properties":{"CCA":"02705000000000000000000000000000000022300A000421","ARA1":408.42,"SAG":"ARBA","PARTIDO":"027","CIRC":5,"SECC":null,"CHACRA":null,"CHACRA_L":null,"QUINTA":null,"QUINTA_L":null,"FRACCION":null,"FRACC_L":null,"MANZANA":null,"MANZANA_L":null,"PARCELA":223,"PARCELA_L":"A","SUBPARC":421,"CCA_MADRE":"02705000000000000000000000000000000022300A","NOMENCLA":"Circ. V - Pc. 223A - UF 421"},"geometry":{"type":"Polygon","coordinates":[[[-58.01774831760824,-35.540601673546995],[-58.01812253350717,-35.54061873004286],[-58.01812971657247,-35.54051053273152],[-58.01775549452121,-35.54049374650247],[-58.01774831760824,-35.540601673546995]]]}},{"type":"Feature","properties":{"CCA":"02705000000000000000000000000000000022300A000131","ARA1":416.21,"SAG":"ARBA","PARTIDO":"027","CIRC":5,"SECC":null,"CHACRA":null,"CHACRA_L":null,"QUINTA":null,"QUINTA_L":null,"FRACCION":null,"FRACC_L":null,"MANZANA":null,"MANZANA_L":null,"PARCELA":223,"PARCELA_L":"A","SUBPARC":131,"CCA_MADRE":"02705000000000000000000000000000000022300A","NOMENCLA":"Circ. V - Pc. 223A - UF 131"},"geometry":{"type":"Polygon","coordinates":[[[-58.01224578818818,-35.54308404967761],[-58.01212458572538,-35.54304068937772],[-58.01197120933336,-35.54332697056813],[-58.01209230191903,-35.543370329214135],[-58.01224578818818,-35.54308404967761]]]}},{"type":"Feature","properties":{"CCA":"02705000000000000000000000000000000022300A000526","ARA1":494.12,"SAG":"ARBA","PARTIDO":"027","CIRC":5,"SECC":null,"CHACRA":null,"CHACRA_L":null,"QUINTA":null,"QUINTA_L":null,"FRACCION":null,"FRACC_L":null,"MANZANA":null,"MANZANA_L":null,"PARCELA":223,"PARCELA_L":"A","SUBPARC":526,"CCA_MADRE":"02705000000000000000000000000000000022300A","NOMENCLA":"Circ. V - Pc. 223A - UF 526"},"geometry":{"type":"Polygon","coordinates":[[[-58.01065046297204,-35.539841256895244],[-58.01056749406648,-35.54020520384653],[-58.01069742074722,-35.54022546058778],[-58.01078075531119,-35.53986007777241],[-58.01065046297204,-35.539841256895244]]]}},{"type":"Feature","properties":{"CCA":"02705000000000000000000000000000000022300A000486","ARA1":432.08,"SAG":"ARBA","PARTIDO":"027","CIRC":5,"SECC":null,"CHACRA":null,"CHACRA_L":null,"QUINTA":null,"QUINTA_L":null,"FRACCION":null,"FRACC_L":null,"MANZANA":null,"MANZANA_L":null,"PARCELA":223,"PARCELA_L":"A","SUBPARC":486,"CCA_MADRE":"02705000000000000000000000000000000022300A","NOMENCLA":"Circ. V - Pc. 223A - UF 486"},"geometry":{"type":"Polygon","coordinates":[[[-58.01369197432898,-35.53842762171173],[-58.01356223987492,-35.53844882319233],[-58.01364005933024,-35.53876685123977],[-58.013769794284435,-35.53874564969238],[-58.01369197432898,-35.53842762171173]]]}},{"type":"Feature","properties":{"CCA":"02705000000000000000000000000000000022300A000035","ARA1":539.69,"SAG":"ARBA","PARTIDO":"027","CIRC":5,"SECC":null,"CHACRA":null,"CHACRA_L":null,"QUINTA":null,"QUINTA_L":null,"FRACCION":null,"FRACC_L":null,"MANZANA":null,"MANZANA_L":null,"PARCELA":223,"PARCELA_L":"A","SUBPARC":35,"CCA_MADRE":"02705000000000000000000000000000000022300A","NOMENCLA":"Circ. V - Pc. 223A - UF 35"},"geometry":{"type":"Polygon","coordinates":[[[-58.01369476021626,-35.5367992426581],[-58.013564931535335,-35.53681990196022],[-58.01366217627075,-35.53721745911296],[-58.01379190870369,-35.53719625745558],[-58.01369476021626,-35.5367992426581]]]}},{"type":"Feature","properties":{"CCA":"02705000000000000000000000000000000022300A000543","ARA1":450.26,"SAG":"ARBA","PARTIDO":"027","CIRC":5,"SECC":null,"CHACRA":null,"CHACRA_L":null,"QUINTA":null,"QUINTA_L":null,"FRACCION":null,"FRACC_L":null,"MANZANA":null,"MANZANA_L":null,"PARCELA":223,"PARCELA_L":"A","SUBPARC":543,"CCA_MADRE":"02705000000000000000000000000000000022300A","NOMENCLA":"Circ. V - Pc. 223A - UF 543"},"geometry":{"type":"Polygon","coordinates":[[[-58.0120678559961,-35.54239995500932],[-58.01218466917654,-35.54233970369036],[-58.011887233437825,-35.542097352097485],[-58.01178998125055,-35.542173605337446],[-58.0120678559961,-35.54239995500932]]]}},{"type":"Feature","properties":{"CCA":"02705000000000000000000000000000000022300A000332","ARA1":421.62,"SAG":"ARBA","PARTIDO":"027","CIRC":5,"SECC":null,"CHACRA":null,"CHACRA_L":null,"QUINTA":null,"QUINTA_L":null,"FRACCION":null,"FRACC_L":null,"MANZANA":null,"MANZANA_L":null,"PARCELA":223,"PARCELA_L":"A","SUBPARC":332,"CCA_MADRE":"02705000000000000000000000000000000022300A","NOMENCLA":"Circ. V - Pc. 223A - UF 332"},"geometry":{"type":"Polygon","coordinates":[[[-58.01538194307742,-35.5382590096483],[-58.01529202539093,-35.53797980219336],[-58.01525130181772,-35.53798598029585],[-58.01522127162703,-35.53799665984751],[-58.01517798800255,-35.53802171942846],[-58.01513738618253,-35.538049796865344],[-58.01511105831407,-35.53807576638072],[-58.01507915632983,-35.53812660530862],[-58.01538194307742,-35.5382590096483]]]}},{"type":"Feature","properties":{"CCA":"02705000000000000000000000000000000022300A000025","ARA1":540.13,"SAG":"ARBA","PARTIDO":"027","CIRC":5,"SECC":null,"CHACRA":null,"CHACRA_L":null,"QUINTA":null,"QUINTA_L":null,"FRACCION":null,"FRACC_L":null,"MANZANA":null,"MANZANA_L":null,"PARCELA":223,"PARCELA_L":"A","SUBPARC":25,"CCA_MADRE":"02705000000000000000000000000000000022300A","NOMENCLA":"Circ. V - Pc. 223A - UF 25"},"geometry":{"type":"Polygon","coordinates":[[[-58.01499164741561,-35.53658667139586],[-58.01486191622608,-35.53660787438893],[-58.01495916721145,-35.53700543070733],[-58.01508889902613,-35.53698422763078],[-58.01499164741561,-35.53658667139586]]]}},{"type":"Feature","properties":{"CCA":"027020A00010000000000000300000000000001000000017","ARA1":196.17,"SAG":"ARBA","PARTIDO":"027","CIRC":2,"SECC":"A","CHACRA":1,"CHACRA_L":null,"QUINTA":null,"QUINTA_L":null,"FRACCION":3,"FRACC_L":null,"MANZANA":null,"MANZANA_L":null,"PARCELA":1,"PARCELA_L":null,"SUBPARC":17,"CCA_MADRE":"027020A00010000000000000300000000000001000","NOMENCLA":"Circ. II - Secc. A - Ch. 1 - Fr. 3 - Pc. 1 - UF 17"},"geometry":{"type":"Polygon","coordinates":[[[-58.03459555269961,-35.56038983097553],[-58.03470378211681,-35.56039700264194],[-58.034724271983016,-35.56022179725673],[-58.03471692362274,-35.560220145515395],[-58.034613205282945,-35.56021340787886],[-58.03459555269961,-35.56038983097553]]]}},{"type":"Feature","properties":{"CCA":"02705000000000000000000000000000000022300A000011","ARA1":570.49,"SAG":"ARBA","PARTIDO":"027","CIRC":5,"SECC":null,"CHACRA":null,"CHACRA_L":null,"QUINTA":null,"QUINTA_L":null,"FRACCION":null,"FRACC_L":null,"MANZANA":null,"MANZANA_L":null,"PARCELA":223,"PARCELA_L":"A","SUBPARC":11,"CCA_MADRE":"02705000000000000000000000000000000022300A","NOMENCLA":"Circ. V - Pc. 223A - UF 11"},"geometry":{"type":"Polygon","coordinates":[[[-58.017163641065245,-35.53623159644339],[-58.01703203305535,-35.53625295115008],[-58.01704757614889,-35.536673942932964],[-58.0171796081107,-35.53666674288579],[-58.017163641065245,-35.53623159644339]]]}},{"type":"Feature","properties":{"CCA":"02705000000000000000000000000000000022300A000302","ARA1":432.08,"SAG":"ARBA","PARTIDO":"027","CIRC":5,"SECC":null,"CHACRA":null,"CHACRA_L":null,"QUINTA":null,"QUINTA_L":null,"FRACCION":null,"FRACC_L":null,"MANZANA":null,"MANZANA_L":null,"PARCELA":223,"PARCELA_L":"A","SUBPARC":302,"CCA_MADRE":"02705000000000000000000000000000000022300A","NOMENCLA":"Circ. V - Pc. 223A - UF 302"},"geometry":{"type":"Polygon","coordinates":[[[-58.0148598956875,-35.53746814646535],[-58.014937719549515,-35.53778617385877],[-58.0150674526368,-35.53776497084884],[-58.01498962827466,-35.5374469435222],[-58.0148598956875,-35.53746814646535]]]}},{"type":"Feature","properties":{"CCA":"02705000000000000000000000000000000022300A000285","ARA1":432.08,"SAG":"ARBA","PARTIDO":"027","CIRC":5,"SECC":null,"CHACRA":null,"CHACRA_L":null,"QUINTA":null,"QUINTA_L":null,"FRACCION":null,"FRACC_L":null,"MANZANA":null,"MANZANA_L":null,"PARCELA":223,"PARCELA_L":"A","SUBPARC":285,"CCA_MADRE":"02705000000000000000000000000000000022300A","NOMENCLA":"Circ. V - Pc. 223A - UF 285"},"geometry":{"type":"Polygon","coordinates":[[[-58.01265498548333,-35.537828493788005],[-58.01273280084544,-35.53814652231655],[-58.01286253498361,-35.538125321719235],[-58.01278471912136,-35.53780729325746],[-58.01265498548333,-35.537828493788005]]]}},{"type":"Feature","properties":{"CCA":"02705000000000000000000000000000000022300A000215","ARA1":519.66,"SAG":"ARBA","PARTIDO":"027","CIRC":5,"SECC":null,"CHACRA":null,"CHACRA_L":null,"QUINTA":null,"QUINTA_L":null,"FRACCION":null,"FRACC_L":null,"MANZANA":null,"MANZANA_L":null,"PARCELA":223,"PARCELA_L":"A","SUBPARC":215,"CCA_MADRE":"02705000000000000000000000000000000022300A","NOMENCLA":"Circ. V - Pc. 223A - UF 215"},"geometry":{"type":"Polygon","coordinates":[[[-58.0107205607699,-35.53886018704361],[-58.010736016293436,-35.538734374638885],[-58.010330352254854,-35.53870100661124],[-58.01031488943269,-35.53882708917162],[-58.0107205607699,-35.53886018704361]]]}},{"type":"Feature","properties":{"CCA":"02705000000000000000000000000000000022300A000052","ARA1":547.47,"SAG":"ARBA","PARTIDO":"027","CIRC":5,"SECC":null,"CHACRA":null,"CHACRA_L":null,"QUINTA":null,"QUINTA_L":null,"FRACCION":null,"FRACC_L":null,"MANZANA":null,"MANZANA_L":null,"PARCELA":223,"PARCELA_L":"A","SUBPARC":52,"CCA_MADRE":"02705000000000000000000000000000000022300A","NOMENCLA":"Circ. V - Pc. 223A - UF 52"},"geometry":{"type":"Polygon","coordinates":[[[-58.01173639164844,-35.53670343034479],[-58.011616698254834,-35.53665739116172],[-58.01140376539138,-35.53702991871034],[-58.01152357607004,-35.53707568970625],[-58.01173639164844,-35.53670343034479]]]}},{"type":"Feature","properties":{"CCA":"02705000000000000000000000000000000022300A000115","ARA1":419.93,"SAG":"ARBA","PARTIDO":"027","CIRC":5,"SECC":null,"CHACRA":null,"CHACRA_L":null,"QUINTA":null,"QUINTA_L":null,"FRACCION":null,"FRACC_L":null,"MANZANA":null,"MANZANA_L":null,"PARCELA":223,"PARCELA_L":"A","SUBPARC":115,"CCA_MADRE":"02705000000000000000000000000000000022300A","NOMENCLA":"Circ. V - Pc. 223A - UF 115"},"geometry":{"type":"Polygon","coordinates":[[[-58.01205666937154,-35.54182142837273],[-58.012152335709864,-35.54174686088959],[-58.011885863238014,-35.54151871699931],[-58.011790194720554,-35.54159337435018],[-58.01205666937154,-35.54182142837273]]]}},{"type":"Feature","properties":{"CCA":"02705000000000000000000000000000000022300A000177","ARA1":432.08,"SAG":"ARBA","PARTIDO":"027","CIRC":5,"SECC":null,"CHACRA":null,"CHACRA_L":null,"QUINTA":null,"QUINTA_L":null,"FRACCION":null,"FRACC_L":null,"MANZANA":null,"MANZANA_L":null,"PARCELA":223,"PARCELA_L":"A","SUBPARC":177,"CCA_MADRE":"02705000000000000000000000000000000022300A","NOMENCLA":"Circ. V - Pc. 223A - UF 177"},"geometry":{"type":"Polygon","coordinates":[[[-58.01408172149266,-35.5375952746981],[-58.014003901186854,-35.53727724685786],[-58.01387416866715,-35.5372984487408],[-58.013951988472854,-35.537616476647834],[-58.01408172149266,-35.5375952746981]]]}},{"type":"Feature","properties":{"CCA":"02705000000000000000000000000000000022300A000466","ARA1":370.11,"SAG":"ARBA","PARTIDO":"027","CIRC":5,"SECC":null,"CHACRA":null,"CHACRA_L":null,"QUINTA":null,"QUINTA_L":null,"FRACCION":null,"FRACC_L":null,"MANZANA":null,"MANZANA_L":null,"PARCELA":223,"PARCELA_L":"A","SUBPARC":466,"CCA_MADRE":"02705000000000000000000000000000000022300A","NOMENCLA":"Circ. V - Pc. 223A - UF 466"},"geometry":{"type":"Polygon","coordinates":[[[-58.01167812688492,-35.53836243311267],[-58.01168230494328,-35.5382557186353],[-58.011346107782366,-35.53822647350384],[-58.01133286811522,-35.538334029717525],[-58.01167812688492,-35.53836243311267]]]}},{"type":"Feature","properties":{"CCA":"02705000000000000000000000000000000022300A000484","ARA1":431.73,"SAG":"ARBA","PARTIDO":"027","CIRC":5,"SECC":null,"CHACRA":null,"CHACRA_L":null,"QUINTA":null,"QUINTA_L":null,"FRACCION":null,"FRACC_L":null,"MANZANA":null,"MANZANA_L":null,"PARCELA":223,"PARCELA_L":"A","SUBPARC":484,"CCA_MADRE":"02705000000000000000000000000000000022300A","NOMENCLA":"Circ. V - Pc. 223A - UF 484"},"geometry":{"type":"Polygon","coordinates":[[[-58.013302880985336,-35.53849122754383],[-58.013380699440816,-35.5388092557248],[-58.013510324314204,-35.538788052645195],[-58.01343250535905,-35.53847002453098],[-58.013302880985336,-35.53849122754383]]]}},{"type":"Feature","properties":{"CCA":"02705000000000000000000000000000000022300A000045","ARA1":554.02,"SAG":"ARBA","PARTIDO":"027","CIRC":5,"SECC":null,"CHACRA":null,"CHACRA_L":null,"QUINTA":null,"QUINTA_L":null,"FRACCION":null,"FRACC_L":null,"MANZANA":null,"MANZANA_L":null,"PARCELA":223,"PARCELA_L":"A","SUBPARC":45,"CCA_MADRE":"02705000000000000000000000000000000022300A","NOMENCLA":"Circ. V - Pc. 223A - UF 45"},"geometry":{"type":"Polygon","coordinates":[[[-58.01249576100813,-35.536994129608956],[-58.01245513266261,-35.53697859120572],[-58.01224255330015,-35.537350315083295],[-58.012381699632535,-35.53740334272509],[-58.012430963640774,-35.53740848035976],[-58.01245003978414,-35.53740834430547],[-58.01249576100813,-35.536994129608956]]]}},{"type":"Feature","properties":{"CCA":"02705000000000000000000000000000000022300A000445","ARA1":431.89,"SAG":"ARBA","PARTIDO":"027","CIRC":5,"SECC":null,"CHACRA":null,"CHACRA_L":null,"QUINTA":null,"QUINTA_L":null,"FRACCION":null,"FRACC_L":null,"MANZANA":null,"MANZANA_L":null,"PARCELA":223,"PARCELA_L":"A","SUBPARC":445,"CCA_MADRE":"02705000000000000000000000000000000022300A","NOMENCLA":"Circ. V - Pc. 223A - UF 445"},"geometry":{"type":"Polygon","coordinates":[[[-58.014340425264066,-35.53832160854892],[-58.01447015934717,-35.538300406216834],[-58.01439233694817,-35.53798237859067],[-58.01426271356863,-35.53800358267125],[-58.014340425264066,-35.53832160854892]]]}},{"type":"Feature","properties":{"CCA":"02705000000000000000000000000000000022300A000060","ARA1":1259.11,"SAG":"ARBA","PARTIDO":"027","CIRC":5,"SECC":null,"CHACRA":null,"CHACRA_L":null,"QUINTA":null,"QUINTA_L":null,"FRACCION":null,"FRACC_L":null,"MANZANA":null,"MANZANA_L":null,"PARCELA":223,"PARCELA_L":"A","SUBPARC":60,"CCA_MADRE":"02705000000000000000000000000000000022300A","NOMENCLA":"Circ. V - Pc. 223A - UF 60"},"geometry":{"type":"Polygon","coordinates":[[[-58.00995743981639,-35.5365613466479],[-58.00991549235321,-35.536902631333554],[-58.01039945636566,-35.537050654496596],[-58.010424748797064,-35.537008628902484],[-58.01047664864757,-35.53695613879393],[-58.00995743981639,-35.5365613466479]]]}},{"type":"Feature","properties":{"CCA":"02705000000000000000000000000000000022300A000192","ARA1":431.97,"SAG":"ARBA","PARTIDO":"027","CIRC":5,"SECC":null,"CHACRA":null,"CHACRA_L":null,"QUINTA":null,"QUINTA_L":null,"FRACCION":null,"FRACC_L":null,"MANZANA":null,"MANZANA_L":null,"PARCELA":223,"PARCELA_L":"A","SUBPARC":192,"CCA_MADRE":"02705000000000000000000000000000000022300A","NOMENCLA":"Circ. V - Pc. 223A - UF 192"},"geometry":{"type":"Polygon","coordinates":[[[-58.01176709743805,-35.537661292815436],[-58.01188690926301,-35.5377070634828],[-58.01205807119243,-35.53741440695591],[-58.01193825968937,-35.53736863646761],[-58.01176709743805,-35.537661292815436]]]}},{"type":"Feature","properties":{"CCA":"02705000000000000000000000000000000022300A000568","ARA1":428.58,"SAG":"ARBA","PARTIDO":"027","CIRC":5,"SECC":null,"CHACRA":null,"CHACRA_L":null,"QUINTA":null,"QUINTA_L":null,"FRACCION":null,"FRACC_L":null,"MANZANA":null,"MANZANA_L":null,"PARCELA":223,"PARCELA_L":"A","SUBPARC":568,"CCA_MADRE":"02705000000000000000000000000000000022300A","NOMENCLA":"Circ. V - Pc. 223A - UF 568"},"geometry":{"type":"Polygon","coordinates":[[[-58.013416255032,-35.5428472448679],[-58.013419131980015,-35.542547397756614],[-58.013280292369586,-35.5425441183766],[-58.01327323046141,-35.54284822190509],[-58.013416255032,-35.5428472448679]]]}},{"type":"Feature","properties":{"CCA":"02705000000000000000000000000000000022300A000419","ARA1":407.9,"SAG":"ARBA","PARTIDO":"027","CIRC":5,"SECC":null,"CHACRA":null,"CHACRA_L":null,"QUINTA":null,"QUINTA_L":null,"FRACCION":null,"FRACC_L":null,"MANZANA":null,"MANZANA_L":null,"PARCELA":223,"PARCELA_L":"A","SUBPARC":419,"CCA_MADRE":"02705000000000000000000000000000000022300A","NOMENCLA":"Circ. V - Pc. 223A - UF 419"},"geometry":{"type":"Polygon","coordinates":[[[-58.018115253509016,-35.54072638508221],[-58.01774102824447,-35.54070968885264],[-58.01773385127887,-35.54081761589141],[-58.01810807704151,-35.54083431215918],[-58.018115253509016,-35.54072638508221]]]}},{"type":"Feature","properties":{"CCA":"02705000000000000000000000000000000022300A000085","ARA1":1101.91,"SAG":"ARBA","PARTIDO":"027","CIRC":5,"SECC":null,"CHACRA":null,"CHACRA_L":null,"QUINTA":null,"QUINTA_L":null,"FRACCION":null,"FRACC_L":null,"MANZANA":null,"MANZANA_L":null,"PARCELA":223,"PARCELA_L":"A","SUBPARC":85,"CCA_MADRE":"02705000000000000000000000000000000022300A","NOMENCLA":"Circ. V - Pc. 223A - UF 85"},"geometry":{"type":"Polygon","coordinates":[[[-58.00953636643467,-35.53998011285275],[-58.00949484996797,-35.5403171689935],[-58.010008814107266,-35.54012641573624],[-58.01000543772961,-35.54011581683616],[-58.01000988124689,-35.540060921557114],[-58.01001600015955,-35.540014073947795],[-58.00953636643467,-35.53998011285275]]]}},{"type":"Feature","properties":{"CCA":"02705000000000000000000000000000000022300A000535","ARA1":619.68,"SAG":"ARBA","PARTIDO":"027","CIRC":5,"SECC":null,"CHACRA":null,"CHACRA_L":null,"QUINTA":null,"QUINTA_L":null,"FRACCION":null,"FRACC_L":null,"MANZANA":null,"MANZANA_L":null,"PARCELA":223,"PARCELA_L":"A","SUBPARC":535,"CCA_MADRE":"02705000000000000000000000000000000022300A","NOMENCLA":"Circ. V - Pc. 223A - UF 535"},"geometry":{"type":"Polygon","coordinates":[[[-58.0130522072835,-35.54180558144976],[-58.012663330763225,-35.54148891358348],[-58.01256787672078,-35.54156384543806],[-58.01300946555703,-35.54191580547671],[-58.0130522072835,-35.54180558144976]]]}},{"type":"Feature","properties":{"CCA":"02705000000000000000000000000000000022300A000010","ARA1":589.72,"SAG":"ARBA","PARTIDO":"027","CIRC":5,"SECC":null,"CHACRA":null,"CHACRA_L":null,"QUINTA":null,"QUINTA_L":null,"FRACCION":null,"FRACC_L":null,"MANZANA":null,"MANZANA_L":null,"PARCELA":223,"PARCELA_L":"A","SUBPARC":10,"CCA_MADRE":"02705000000000000000000000000000000022300A","NOMENCLA":"Circ. V - Pc. 223A - UF 10"},"geometry":{"type":"Polygon","coordinates":[[[-58.01729514102818,-35.53621014970198],[-58.017163641065245,-35.53623159644339],[-58.0171796081107,-35.53666674288579],[-58.01731173695346,-35.53666008496287],[-58.01729514102818,-35.53621014970198]]]}},{"type":"Feature","properties":{"CCA":"02705000000000000000000000000000000022300A000425","ARA1":408.07,"SAG":"ARBA","PARTIDO":"027","CIRC":5,"SECC":null,"CHACRA":null,"CHACRA_L":null,"QUINTA":null,"QUINTA_L":null,"FRACCION":null,"FRACC_L":null,"MANZANA":null,"MANZANA_L":null,"PARCELA":223,"PARCELA_L":"A","SUBPARC":425,"CCA_MADRE":"02705000000000000000000000000000000022300A","NOMENCLA":"Circ. V - Pc. 223A - UF 425"},"geometry":{"type":"Polygon","coordinates":[[[-58.01777724773314,-35.540169878899746],[-58.018151468289894,-35.5401866650136],[-58.01815864681629,-35.54007864784319],[-58.01778442454089,-35.540061951843704],[-58.01777724773314,-35.540169878899746]]]}},{"type":"Feature","properties":{"CCA":"02705000000000000000000000000000000022300A000345","ARA1":421.44,"SAG":"ARBA","PARTIDO":"027","CIRC":5,"SECC":null,"CHACRA":null,"CHACRA_L":null,"QUINTA":null,"QUINTA_L":null,"FRACCION":null,"FRACC_L":null,"MANZANA":null,"MANZANA_L":null,"PARCELA":223,"PARCELA_L":"A","SUBPARC":345,"CCA_MADRE":"02705000000000000000000000000000000022300A","NOMENCLA":"Circ. V - Pc. 223A - UF 345"},"geometry":{"type":"Polygon","coordinates":[[[-58.01435421220218,-35.53938561493293],[-58.01469985728484,-35.53952827889078],[-58.014756071210975,-35.53943044123322],[-58.01441031844819,-35.53928768555358],[-58.01435421220218,-35.53938561493293]]]}},{"type":"Feature","properties":{"CCA":"02705000000000000000000000000000000022300A000579","ARA1":644.86,"SAG":"ARBA","PARTIDO":"027","CIRC":5,"SECC":null,"CHACRA":null,"CHACRA_L":null,"QUINTA":null,"QUINTA_L":null,"FRACCION":null,"FRACC_L":null,"MANZANA":null,"MANZANA_L":null,"PARCELA":223,"PARCELA_L":"A","SUBPARC":579,"CCA_MADRE":"02705000000000000000000000000000000022300A","NOMENCLA":"Circ. V - Pc. 223A - UF 579"},"geometry":{"type":"Polygon","coordinates":[[[-58.01300946555703,-35.54191580547671],[-58.012891624483515,-35.54196414582034],[-58.01288715834226,-35.54196641512566],[-58.01288386373315,-35.54244395724676],[-58.013016433232536,-35.54244217754022],[-58.01300946555703,-35.54191580547671]]]}},{"type":"Feature","properties":{"CCA":"02705000000000000000000000000000000022300A000590","ARA1":566.67,"SAG":"ARBA","PARTIDO":"027","CIRC":5,"SECC":null,"CHACRA":null,"CHACRA_L":null,"QUINTA":null,"QUINTA_L":null,"FRACCION":null,"FRACC_L":null,"MANZANA":null,"MANZANA_L":null,"PARCELA":223,"PARCELA_L":"A","SUBPARC":590,"CCA_MADRE":"02705000000000000000000000000000000022300A","NOMENCLA":"Circ. V - Pc. 223A - UF 590"},"geometry":{"type":"Polygon","coordinates":[[[-58.01329656278766,-35.54129921138115],[-58.0132079072746,-35.541482931537715],[-58.013559716925656,-35.54148323248798],[-58.013560987020924,-35.54130212717818],[-58.01329656278766,-35.54129921138115]]]}},{"type":"Feature","properties":{"CCA":"02705000000000000000000000000000000022300A000123","ARA1":1882.39,"SAG":"ARBA","PARTIDO":"027","CIRC":5,"SECC":null,"CHACRA":null,"CHACRA_L":null,"QUINTA":null,"QUINTA_L":null,"FRACCION":null,"FRACC_L":null,"MANZANA":null,"MANZANA_L":null,"PARCELA":223,"PARCELA_L":"A","SUBPARC":123,"CCA_MADRE":"02705000000000000000000000000000000022300A","NOMENCLA":"Circ. V - Pc. 223A - UF 123"},"geometry":{"type":"Polygon","coordinates":[[[-58.01137983504992,-35.54258442130357],[-58.01137521659753,-35.5425482100002],[-58.011372593039965,-35.54251158104357],[-58.0113792268734,-35.542466183666704],[-58.010776279665166,-35.542384505904984],[-58.01032334654981,-35.54273739066229],[-58.01137983504992,-35.54258442130357]]]}},{"type":"Feature","properties":{"CCA":"02705000000000000000000000000000000022300A000050","ARA1":547.1,"SAG":"ARBA","PARTIDO":"027","CIRC":5,"SECC":null,"CHACRA":null,"CHACRA_L":null,"QUINTA":null,"QUINTA_L":null,"FRACCION":null,"FRACC_L":null,"MANZANA":null,"MANZANA_L":null,"PARCELA":223,"PARCELA_L":"A","SUBPARC":50,"CCA_MADRE":"02705000000000000000000000000000000022300A","NOMENCLA":"Circ. V - Pc. 223A - UF 50"},"geometry":{"type":"Polygon","coordinates":[[[-58.01197600815644,-35.53679515169745],[-58.01185631225695,-35.536749202820104],[-58.01164338688944,-35.53712146058716],[-58.011763197849625,-35.53716723135303],[-58.01197600815644,-35.53679515169745]]]}},{"type":"Feature","properties":{"CCA":"02705000000000000000000000000000000022300A000394","ARA1":439.3,"SAG":"ARBA","PARTIDO":"027","CIRC":5,"SECC":null,"CHACRA":null,"CHACRA_L":null,"QUINTA":null,"QUINTA_L":null,"FRACCION":null,"FRACC_L":null,"MANZANA":null,"MANZANA_L":null,"PARCELA":223,"PARCELA_L":"A","SUBPARC":394,"CCA_MADRE":"02705000000000000000000000000000000022300A","NOMENCLA":"Circ. V - Pc. 223A - UF 394"},"geometry":{"type":"Polygon","coordinates":[[[-58.01631475646591,-35.5436612946312],[-58.01605412612231,-35.54342352372153],[-58.01595390923586,-35.54349937110344],[-58.01621475327291,-35.54373741608102],[-58.01631475646591,-35.5436612946312]]]}},{"type":"Feature","properties":{"CCA":"02705000000000000000000000000000000022300A000314","ARA1":572.92,"SAG":"ARBA","PARTIDO":"027","CIRC":5,"SECC":null,"CHACRA":null,"CHACRA_L":null,"QUINTA":null,"QUINTA_L":null,"FRACCION":null,"FRACC_L":null,"MANZANA":null,"MANZANA_L":null,"PARCELA":223,"PARCELA_L":"A","SUBPARC":314,"CCA_MADRE":"02705000000000000000000000000000000022300A","NOMENCLA":"Circ. V - Pc. 223A - UF 314"},"geometry":{"type":"Polygon","coordinates":[[[-58.01578056282917,-35.53791602444122],[-58.015582406561236,-35.537948988028496],[-58.01576044450218,-35.538083753379034],[-58.01602945827121,-35.53803420345969],[-58.01601270892732,-35.53787722191794],[-58.01578056282917,-35.53791602444122]]]}},{"type":"Feature","properties":{"CCA":"02705000000000000000000000000000000022300A000023","ARA1":539.69,"SAG":"ARBA","PARTIDO":"027","CIRC":5,"SECC":null,"CHACRA":null,"CHACRA_L":null,"QUINTA":null,"QUINTA_L":null,"FRACCION":null,"FRACC_L":null,"MANZANA":null,"MANZANA_L":null,"PARCELA":223,"PARCELA_L":"A","SUBPARC":23,"CCA_MADRE":"02705000000000000000000000000000000022300A","NOMENCLA":"Circ. V - Pc. 223A - UF 23"},"geometry":{"type":"Polygon","coordinates":[[[-58.0152509994077,-35.53654426316956],[-58.015121378543334,-35.53656546826084],[-58.01521863077898,-35.536963024412294],[-58.015348252267955,-35.53694181923765],[-58.0152509994077,-35.53654426316956]]]}},{"type":"Feature","properties":{"CCA":"02705000000000000000000000000000000022300A000295","ARA1":432.2,"SAG":"ARBA","PARTIDO":"027","CIRC":5,"SECC":null,"CHACRA":null,"CHACRA_L":null,"QUINTA":null,"QUINTA_L":null,"FRACCION":null,"FRACC_L":null,"MANZANA":null,"MANZANA_L":null,"PARCELA":223,"PARCELA_L":"A","SUBPARC":295,"CCA_MADRE":"02705000000000000000000000000000000022300A","NOMENCLA":"Circ. V - Pc. 223A - UF 295"},"geometry":{"type":"Polygon","coordinates":[[[-58.01408172149266,-35.5375952746981],[-58.013951988472854,-35.537616476647834],[-58.01402980661376,-35.53793459458473],[-58.014159540133846,-35.537913392568235],[-58.01408172149266,-35.5375952746981]]]}},{"type":"Feature","properties":{"CCA":"02705000000000000000000000000000000022300A000013","ARA1":531.19,"SAG":"ARBA","PARTIDO":"027","CIRC":5,"SECC":null,"CHACRA":null,"CHACRA_L":null,"QUINTA":null,"QUINTA_L":null,"FRACCION":null,"FRACC_L":null,"MANZANA":null,"MANZANA_L":null,"PARCELA":223,"PARCELA_L":"A","SUBPARC":13,"CCA_MADRE":"02705000000000000000000000000000000022300A","NOMENCLA":"Circ. V - Pc. 223A - UF 13"},"geometry":{"type":"Polygon","coordinates":[[[-58.01690053074794,-35.5362744876759],[-58.016769026158904,-35.536296114132035],[-58.01678343746093,-35.536686899559164],[-58.016915546388205,-35.536681052758574],[-58.01690053074794,-35.5362744876759]]]}},{"type":"Feature","properties":{"CCA":"02705000000000000000000000000000000022300A000478","ARA1":432.08,"SAG":"ARBA","PARTIDO":"027","CIRC":5,"SECC":null,"CHACRA":null,"CHACRA_L":null,"QUINTA":null,"QUINTA_L":null,"FRACCION":null,"FRACC_L":null,"MANZANA":null,"MANZANA_L":null,"PARCELA":223,"PARCELA_L":"A","SUBPARC":478,"CCA_MADRE":"02705000000000000000000000000000000022300A","NOMENCLA":"Circ. V - Pc. 223A - UF 478"},"geometry":{"type":"Polygon","coordinates":[[[-58.012654317373595,-35.53859723321528],[-58.012524582424966,-35.53861843356046],[-58.01260239787999,-35.53893646214204],[-58.01273213332877,-35.53891526173008],[-58.012654317373595,-35.53859723321528]]]}},{"type":"Feature","properties":{"CCA":"02705000000000000000000000000000000022300A000263","ARA1":431.96,"SAG":"ARBA","PARTIDO":"027","CIRC":5,"SECC":null,"CHACRA":null,"CHACRA_L":null,"QUINTA":null,"QUINTA_L":null,"FRACCION":null,"FRACC_L":null,"MANZANA":null,"MANZANA_L":null,"PARCELA":223,"PARCELA_L":"A","SUBPARC":263,"CCA_MADRE":"02705000000000000000000000000000000022300A","NOMENCLA":"Circ. V - Pc. 223A - UF 263"},"geometry":{"type":"Polygon","coordinates":[[[-58.011555150159595,-35.53936020352019],[-58.011627847963496,-35.53904141296093],[-58.0114978015715,-35.53902160583505],[-58.01142510327811,-35.5393403963007],[-58.011555150159595,-35.53936020352019]]]}},{"type":"Feature","properties":{"CCA":"02705000000000000000000000000000000022300A000031","ARA1":540.13,"SAG":"ARBA","PARTIDO":"027","CIRC":5,"SECC":null,"CHACRA":null,"CHACRA_L":null,"QUINTA":null,"QUINTA_L":null,"FRACCION":null,"FRACC_L":null,"MANZANA":null,"MANZANA_L":null,"PARCELA":223,"PARCELA_L":"A","SUBPARC":31,"CCA_MADRE":"02705000000000000000000000000000000022300A","NOMENCLA":"Circ. V - Pc. 223A - UF 31"},"geometry":{"type":"Polygon","coordinates":[[[-58.014213479754225,-35.53671389085566],[-58.01408374819375,-35.5367350929973],[-58.0141809954293,-35.53713264981632],[-58.01431072761492,-35.537111447591215],[-58.014213479754225,-35.53671389085566]]]}},{"type":"Feature","properties":{"CCA":"02705000000000000000000000000000000022300A000062","ARA1":530.24,"SAG":"ARBA","PARTIDO":"027","CIRC":5,"SECC":null,"CHACRA":null,"CHACRA_L":null,"QUINTA":null,"QUINTA_L":null,"FRACCION":null,"FRACC_L":null,"MANZANA":null,"MANZANA_L":null,"PARCELA":223,"PARCELA_L":"A","SUBPARC":62,"CCA_MADRE":"02705000000000000000000000000000000022300A","NOMENCLA":"Circ. V - Pc. 223A - UF 62"},"geometry":{"type":"Polygon","coordinates":[[[-58.00988488910801,-35.53715065654437],[-58.00987164774322,-35.53725821255799],[-58.01035630037815,-35.5372981122242],[-58.01036954110718,-35.537190556137226],[-58.00988488910801,-35.53715065654437]]]}},{"type":"Feature","properties":{"CCA":"02705000000000000000000000000000000022300A000133","ARA1":416.47,"SAG":"ARBA","PARTIDO":"027","CIRC":5,"SECC":null,"CHACRA":null,"CHACRA_L":null,"QUINTA":null,"QUINTA_L":null,"FRACCION":null,"FRACC_L":null,"MANZANA":null,"MANZANA_L":null,"PARCELA":223,"PARCELA_L":"A","SUBPARC":133,"CCA_MADRE":"02705000000000000000000000000000000022300A","NOMENCLA":"Circ. V - Pc. 223A - UF 133"},"geometry":{"type":"Polygon","coordinates":[[[-58.01248808330947,-35.543170768106286],[-58.01236688057604,-35.54312740804226],[-58.01221350485063,-35.54341368955979],[-58.01233470569408,-35.5434571398633],[-58.01248808330947,-35.543170768106286]]]}},{"type":"Feature","properties":{"CCA":"02705000000000000000000000000000000022300A000269","ARA1":444.05,"SAG":"ARBA","PARTIDO":"027","CIRC":5,"SECC":null,"CHACRA":null,"CHACRA_L":null,"QUINTA":null,"QUINTA_L":null,"FRACCION":null,"FRACC_L":null,"MANZANA":null,"MANZANA_L":null,"PARCELA":223,"PARCELA_L":"A","SUBPARC":269,"CCA_MADRE":"02705000000000000000000000000000000022300A","NOMENCLA":"Circ. V - Pc. 223A - UF 269"},"geometry":{"type":"Polygon","coordinates":[[[-58.01074925684664,-35.538626818525486],[-58.0111551411632,-35.538660188773115],[-58.01116838114166,-35.53855263259387],[-58.01076249735755,-35.538519262407696],[-58.01074925684664,-35.538626818525486]]]}},{"type":"Feature","properties":{"CCA":"02705000000000000000000000000000000022300A000439","ARA1":408.07,"SAG":"ARBA","PARTIDO":"027","CIRC":5,"SECC":null,"CHACRA":null,"CHACRA_L":null,"QUINTA":null,"QUINTA_L":null,"FRACCION":null,"FRACC_L":null,"MANZANA":null,"MANZANA_L":null,"PARCELA":223,"PARCELA_L":"A","SUBPARC":439,"CCA_MADRE":"02705000000000000000000000000000000022300A","NOMENCLA":"Circ. V - Pc. 223A - UF 439"},"geometry":{"type":"Polygon","coordinates":[[[-58.01826197982965,-35.53853626603585],[-58.01788776688852,-35.53851948050812],[-58.01788058823969,-35.53862749768147],[-58.018254803895736,-35.538644193171145],[-58.01826197982965,-35.53853626603585]]]}},{"type":"Feature","properties":{"CCA":"02705000000000000000000000000000000022300A000223","ARA1":431.98,"SAG":"ARBA","PARTIDO":"027","CIRC":5,"SECC":null,"CHACRA":null,"CHACRA_L":null,"QUINTA":null,"QUINTA_L":null,"FRACCION":null,"FRACC_L":null,"MANZANA":null,"MANZANA_L":null,"PARCELA":223,"PARCELA_L":"A","SUBPARC":223,"CCA_MADRE":"02705000000000000000000000000000000022300A","NOMENCLA":"Circ. V - Pc. 223A - UF 223"},"geometry":{"type":"Polygon","coordinates":[[[-58.010904916457946,-35.5392611660394],[-58.010832215571675,-35.5395799560523],[-58.010962262660364,-35.539599763918716],[-58.01103496305714,-35.53928097381223],[-58.01098608648156,-35.53927349905741],[-58.010904916457946,-35.5392611660394]]]}},{"type":"Feature","properties":{"CCA":"02705000000000000000000000000000000022300A000301","ARA1":432.08,"SAG":"ARBA","PARTIDO":"027","CIRC":5,"SECC":null,"CHACRA":null,"CHACRA_L":null,"QUINTA":null,"QUINTA_L":null,"FRACCION":null,"FRACC_L":null,"MANZANA":null,"MANZANA_L":null,"PARCELA":223,"PARCELA_L":"A","SUBPARC":301,"CCA_MADRE":"02705000000000000000000000000000000022300A","NOMENCLA":"Circ. V - Pc. 223A - UF 301"},"geometry":{"type":"Polygon","coordinates":[[[-58.0148598956875,-35.53746814646535],[-58.01473016303849,-35.53748934926656],[-58.0148079864004,-35.53780737672678],[-58.014937719549515,-35.53778617385877],[-58.0148598956875,-35.53746814646535]]]}},{"type":"Feature","properties":{"CCA":"02705000000000000000000000000000000022300A000502","ARA1":402.87,"SAG":"ARBA","PARTIDO":"027","CIRC":5,"SECC":null,"CHACRA":null,"CHACRA_L":null,"QUINTA":null,"QUINTA_L":null,"FRACCION":null,"FRACC_L":null,"MANZANA":null,"MANZANA_L":null,"PARCELA":223,"PARCELA_L":"A","SUBPARC":502,"CCA_MADRE":"02705000000000000000000000000000000022300A","NOMENCLA":"Circ. V - Pc. 223A - UF 502"},"geometry":{"type":"Polygon","coordinates":[[[-58.01340194283456,-35.53920844410578],[-58.01354275463973,-35.53922986838347],[-58.01346447217599,-35.53891273378973],[-58.01333473688593,-35.5389339349965],[-58.01340194283456,-35.53920844410578]]]}},{"type":"Feature","properties":{"CCA":"027020A00010000000000000300000000000001000000005","ARA1":200.07,"SAG":"ARBA","PARTIDO":"027","CIRC":2,"SECC":"A","CHACRA":1,"CHACRA_L":null,"QUINTA":null,"QUINTA_L":null,"FRACCION":3,"FRACC_L":null,"MANZANA":null,"MANZANA_L":null,"PARCELA":1,"PARCELA_L":null,"SUBPARC":5,"CCA_MADRE":"027020A00010000000000000300000000000001000","NOMENCLA":"Circ. II - Secc. A - Ch. 1 - Fr. 3 - Pc. 1 - UF 5"},"geometry":{"type":"Polygon","coordinates":[[[-58.03373249000679,-35.560133260283706],[-58.033800091785885,-35.56006101145173],[-58.033626180922155,-35.559952742312504],[-58.03355868932202,-35.56002499284464],[-58.03373249000679,-35.560133260283706]]]}},{"type":"Feature","properties":{"CCA":"02705000000000000000000000000000000022300A000181","ARA1":432.08,"SAG":"ARBA","PARTIDO":"027","CIRC":5,"SECC":null,"CHACRA":null,"CHACRA_L":null,"QUINTA":null,"QUINTA_L":null,"FRACCION":null,"FRACC_L":null,"MANZANA":null,"MANZANA_L":null,"PARCELA":223,"PARCELA_L":"A","SUBPARC":181,"CCA_MADRE":"02705000000000000000000000000000000022300A","NOMENCLA":"Circ. V - Pc. 223A - UF 181"},"geometry":{"type":"Polygon","coordinates":[[[-58.01335534817254,-35.53738325666918],[-58.01343316597823,-35.537701284843294],[-58.01356289924533,-35.537680083461254],[-58.01348508093954,-35.5373620553539],[-58.01335534817254,-35.53738325666918]]]}},{"type":"Feature","properties":{"CCA":"027020A00010000000000000300000000000001000000031","ARA1":445.91,"SAG":"ARBA","PARTIDO":"027","CIRC":2,"SECC":"A","CHACRA":1,"CHACRA_L":null,"QUINTA":null,"QUINTA_L":null,"FRACCION":3,"FRACC_L":null,"MANZANA":null,"MANZANA_L":null,"PARCELA":1,"PARCELA_L":null,"SUBPARC":31,"CCA_MADRE":"027020A00010000000000000300000000000001000","NOMENCLA":"Circ. II - Secc. A - Ch. 1 - Fr. 3 - Pc. 1 - UF 31"},"geometry":{"type":"Polygon","coordinates":[[[-58.034321682291896,-35.559682936187286],[-58.03404121385668,-35.55950813866339],[-58.03408598395002,-35.55978362250236],[-58.03410383974542,-35.55978400387103],[-58.0341124094338,-35.55978531511998],[-58.034120622013376,-35.55978770189549],[-58.03412969446542,-35.55979100382287],[-58.03418748330123,-35.55982700025104],[-58.034321682291896,-35.559682936187286]]]}},{"type":"Feature","properties":{"CCA":"02705000000000000000000000000000000022300A000040","ARA1":539.8,"SAG":"ARBA","PARTIDO":"027","CIRC":5,"SECC":null,"CHACRA":null,"CHACRA_L":null,"QUINTA":null,"QUINTA_L":null,"FRACCION":null,"FRACC_L":null,"MANZANA":null,"MANZANA_L":null,"PARCELA":223,"PARCELA_L":"A","SUBPARC":40,"CCA_MADRE":"02705000000000000000000000000000000022300A","NOMENCLA":"Circ. V - Pc. 223A - UF 40"},"geometry":{"type":"Polygon","coordinates":[[[-58.0130462129789,-35.53690516084914],[-58.01291638177102,-35.536925909517265],[-58.01301362338112,-35.53732346708716],[-58.01314335612316,-35.537302266139385],[-58.0130462129789,-35.53690516084914]]]}},{"type":"Feature","properties":{"CCA":"02705000000000000000000000000000000022300A000497","ARA1":583.01,"SAG":"ARBA","PARTIDO":"027","CIRC":5,"SECC":null,"CHACRA":null,"CHACRA_L":null,"QUINTA":null,"QUINTA_L":null,"FRACCION":null,"FRACC_L":null,"MANZANA":null,"MANZANA_L":null,"PARCELA":223,"PARCELA_L":"A","SUBPARC":497,"CCA_MADRE":"02705000000000000000000000000000000022300A","NOMENCLA":"Circ. V - Pc. 223A - UF 497"},"geometry":{"type":"Polygon","coordinates":[[[-58.01416408139065,-35.539021401866954],[-58.01411292728978,-35.53880672199548],[-58.013983302513395,-35.53882792572739],[-58.01409115796074,-35.539269271790545],[-58.01412787659687,-35.53925563888585],[-58.01418396995741,-35.539238720625285],[-58.01421631589836,-35.53922357386049],[-58.01416408139065,-35.539021401866954]]]}},{"type":"Feature","properties":{"CCA":"02705000000000000000000000000000000022300A000017","ARA1":838.7,"SAG":"ARBA","PARTIDO":"027","CIRC":5,"SECC":null,"CHACRA":null,"CHACRA_L":null,"QUINTA":null,"QUINTA_L":null,"FRACCION":null,"FRACC_L":null,"MANZANA":null,"MANZANA_L":null,"PARCELA":223,"PARCELA_L":"A","SUBPARC":17,"CCA_MADRE":"02705000000000000000000000000000000022300A","NOMENCLA":"Circ. V - Pc. 223A - UF 17"},"geometry":{"type":"Polygon","coordinates":[[[-58.016348897543416,-35.53678328969302],[-58.01631329781379,-35.536371069240836],[-58.016101004282525,-35.53640524293087],[-58.016126679419955,-35.53670114488181],[-58.01612798781459,-35.53671963950925],[-58.01613745558097,-35.53673808818382],[-58.016154591619745,-35.53675404978012],[-58.016172453217436,-35.53676741004654],[-58.01619517330762,-35.53677598417658],[-58.01622094872322,-35.53678136452342],[-58.01626707450152,-35.536784106016384],[-58.016348897543416,-35.53678328969302]]]}},{"type":"Feature","properties":{"CCA":"02705000000000000000000000000000000022300A000283","ARA1":432.08,"SAG":"ARBA","PARTIDO":"027","CIRC":5,"SECC":null,"CHACRA":null,"CHACRA_L":null,"QUINTA":null,"QUINTA_L":null,"FRACCION":null,"FRACC_L":null,"MANZANA":null,"MANZANA_L":null,"PARCELA":223,"PARCELA_L":"A","SUBPARC":283,"CCA_MADRE":"02705000000000000000000000000000000022300A","NOMENCLA":"Circ. V - Pc. 223A - UF 283"},"geometry":{"type":"Polygon","coordinates":[[[-58.01239551802185,-35.53787089442327],[-58.01247333238368,-35.53818892308538],[-58.01260306664549,-35.538167722771945],[-58.0125252517835,-35.5378496941766],[-58.01239551802185,-35.53787089442327]]]}},{"type":"Feature","properties":{"CCA":"02705000000000000000000000000000000022300A000489","ARA1":432.08,"SAG":"ARBA","PARTIDO":"027","CIRC":5,"SECC":null,"CHACRA":null,"CHACRA_L":null,"QUINTA":null,"QUINTA_L":null,"FRACCION":null,"FRACC_L":null,"MANZANA":null,"MANZANA_L":null,"PARCELA":223,"PARCELA_L":"A","SUBPARC":489,"CCA_MADRE":"02705000000000000000000000000000000022300A","NOMENCLA":"Circ. V - Pc. 223A - UF 489"},"geometry":{"type":"Polygon","coordinates":[[[-58.013951332847675,-35.53838521650908],[-58.014029153802966,-35.53870324435621],[-58.014158888571686,-35.53868204238306],[-58.01408106711625,-35.53836401460272],[-58.013951332847675,-35.53838521650908]]]}},{"type":"Feature","properties":{"CCA":"02705000000000000000000000000000000022300A000313","ARA1":403.32,"SAG":"ARBA","PARTIDO":"027","CIRC":5,"SECC":null,"CHACRA":null,"CHACRA_L":null,"QUINTA":null,"QUINTA_L":null,"FRACCION":null,"FRACC_L":null,"MANZANA":null,"MANZANA_L":null,"PARCELA":223,"PARCELA_L":"A","SUBPARC":313,"CCA_MADRE":"02705000000000000000000000000000000022300A","NOMENCLA":"Circ. V - Pc. 223A - UF 313"},"geometry":{"type":"Polygon","coordinates":[[[-58.01578056282917,-35.53791602444122],[-58.015733809112604,-35.537764226106226],[-58.015518593131546,-35.53780051330059],[-58.015490035636574,-35.537809595136615],[-58.015469188596676,-35.53782790527151],[-58.015463832153486,-35.53784394725601],[-58.01546784887377,-35.53786437883525],[-58.01549116671599,-35.537884497358235],[-58.015582406561236,-35.537948988028496],[-58.01578056282917,-35.53791602444122]]]}},{"type":"Feature","properties":{"CCA":"02705000000000000000000000000000000022300A000482","ARA1":432.08,"SAG":"ARBA","PARTIDO":"027","CIRC":5,"SECC":null,"CHACRA":null,"CHACRA_L":null,"QUINTA":null,"QUINTA_L":null,"FRACCION":null,"FRACC_L":null,"MANZANA":null,"MANZANA_L":null,"PARCELA":223,"PARCELA_L":"A","SUBPARC":482,"CCA_MADRE":"02705000000000000000000000000000000022300A","NOMENCLA":"Circ. V - Pc. 223A - UF 482"},"geometry":{"type":"Polygon","coordinates":[[[-58.013173146345814,-35.53851242859871],[-58.013043411644475,-35.53853362951158],[-58.01312122909966,-35.538851657826115],[-58.01325096430116,-35.53883045684641],[-58.013173146345814,-35.53851242859871]]]}},{"type":"Feature","properties":{"CCA":"02705000000000000000000000000000000022300A000232","ARA1":431.91,"SAG":"ARBA","PARTIDO":"027","CIRC":5,"SECC":null,"CHACRA":null,"CHACRA_L":null,"QUINTA":null,"QUINTA_L":null,"FRACCION":null,"FRACC_L":null,"MANZANA":null,"MANZANA_L":null,"PARCELA":223,"PARCELA_L":"A","SUBPARC":232,"CCA_MADRE":"02705000000000000000000000000000000022300A","NOMENCLA":"Circ. V - Pc. 223A - UF 232"},"geometry":{"type":"Polygon","coordinates":[[[-58.01220527319692,-35.53945932580132],[-58.0120752259625,-35.53943951927339],[-58.01200252725754,-35.53975840020438],[-58.0121324647759,-35.539778205008616],[-58.01220527319692,-35.53945932580132]]]}},{"type":"Feature","properties":{"CCA":"02705000000000000000000000000000000022300A000071","ARA1":530.23,"SAG":"ARBA","PARTIDO":"027","CIRC":5,"SECC":null,"CHACRA":null,"CHACRA_L":null,"QUINTA":null,"QUINTA_L":null,"FRACCION":null,"FRACC_L":null,"MANZANA":null,"MANZANA_L":null,"PARCELA":223,"PARCELA_L":"A","SUBPARC":71,"CCA_MADRE":"02705000000000000000000000000000000022300A","NOMENCLA":"Circ. V - Pc. 223A - UF 71"},"geometry":{"type":"Polygon","coordinates":[[[-58.009765600647334,-35.5381188388402],[-58.009752358901736,-35.53822639481409],[-58.010237019484855,-35.538266205065476],[-58.01025026059465,-35.5381586490182],[-58.009765600647334,-35.5381188388402]]]}},{"type":"Feature","properties":{"CCA":"02705000000000000000000000000000000022300A000329","ARA1":416.45,"SAG":"ARBA","PARTIDO":"027","CIRC":5,"SECC":null,"CHACRA":null,"CHACRA_L":null,"QUINTA":null,"QUINTA_L":null,"FRACCION":null,"FRACC_L":null,"MANZANA":null,"MANZANA_L":null,"PARCELA":223,"PARCELA_L":"A","SUBPARC":329,"CCA_MADRE":"02705000000000000000000000000000000022300A","NOMENCLA":"Circ. V - Pc. 223A - UF 329"},"geometry":{"type":"Polygon","coordinates":[[[-58.015504750084816,-35.53846522655077],[-58.01580124288447,-35.53826248747139],[-58.01570990790673,-35.538183937824215],[-58.01541547132937,-35.53838824244722],[-58.015504750084816,-35.53846522655077]]]}},{"type":"Feature","properties":{"CCA":"02705000000000000000000000000000000022300A000330","ARA1":420.07,"SAG":"ARBA","PARTIDO":"027","CIRC":5,"SECC":null,"CHACRA":null,"CHACRA_L":null,"QUINTA":null,"QUINTA_L":null,"FRACCION":null,"FRACC_L":null,"MANZANA":null,"MANZANA_L":null,"PARCELA":223,"PARCELA_L":"A","SUBPARC":330,"CCA_MADRE":"02705000000000000000000000000000000022300A","NOMENCLA":"Circ. V - Pc. 223A - UF 330"},"geometry":{"type":"Polygon","coordinates":[[[-58.01538194307742,-35.5382590096483],[-58.015374655469145,-35.538353417822506],[-58.01541547132937,-35.53838824244722],[-58.01570990790673,-35.538183937824215],[-58.015613387643164,-35.538101067461845],[-58.01538194307742,-35.5382590096483]]]}},{"type":"Feature","properties":{"CCA":"02705000000000000000000000000000000022300A000210","ARA1":444.12,"SAG":"ARBA","PARTIDO":"027","CIRC":5,"SECC":null,"CHACRA":null,"CHACRA_L":null,"QUINTA":null,"QUINTA_L":null,"FRACCION":null,"FRACC_L":null,"MANZANA":null,"MANZANA_L":null,"PARCELA":223,"PARCELA_L":"A","SUBPARC":210,"CCA_MADRE":"02705000000000000000000000000000000022300A","NOMENCLA":"Circ. V - Pc. 223A - UF 210"},"geometry":{"type":"Polygon","coordinates":[[[-58.010789088456065,-35.53830415197737],[-58.01080232883997,-35.53819659584633],[-58.01039655948392,-35.53816313623151],[-58.010383316342505,-35.53827078237693],[-58.010789088456065,-35.53830415197737]]]}},{"type":"Feature","properties":{"CCA":"02705000000000000000000000000000000022300A000109","ARA1":420.43,"SAG":"ARBA","PARTIDO":"027","CIRC":5,"SECC":null,"CHACRA":null,"CHACRA_L":null,"QUINTA":null,"QUINTA_L":null,"FRACCION":null,"FRACC_L":null,"MANZANA":null,"MANZANA_L":null,"PARCELA":223,"PARCELA_L":"A","SUBPARC":109,"CCA_MADRE":"02705000000000000000000000000000000022300A","NOMENCLA":"Circ. V - Pc. 223A - UF 109"},"geometry":{"type":"Polygon","coordinates":[[[-58.01263067586283,-35.541373571856035],[-58.01272634336202,-35.541298913801604],[-58.01245944090883,-35.5410703135124],[-58.01236431337593,-35.5411454308235],[-58.01263067586283,-35.541373571856035]]]}},{"type":"Feature","properties":{"CCA":"02705000000000000000000000000000000022300A000310","ARA1":560.83,"SAG":"ARBA","PARTIDO":"027","CIRC":5,"SECC":null,"CHACRA":null,"CHACRA_L":null,"QUINTA":null,"QUINTA_L":null,"FRACCION":null,"FRACC_L":null,"MANZANA":null,"MANZANA_L":null,"PARCELA":223,"PARCELA_L":"A","SUBPARC":310,"CCA_MADRE":"02705000000000000000000000000000000022300A","NOMENCLA":"Circ. V - Pc. 223A - UF 310"},"geometry":{"type":"Polygon","coordinates":[[[-58.01548250654519,-35.53725608946055],[-58.01550878062971,-35.5373620438822],[-58.01600391153637,-35.53728107206442],[-58.015997782408036,-35.53717184476943],[-58.01548250654519,-35.53725608946055]]]}},{"type":"Feature","properties":{"CCA":"027020A00010000000000000300000000000001000000016","ARA1":197.58,"SAG":"ARBA","PARTIDO":"027","CIRC":2,"SECC":"A","CHACRA":1,"CHACRA_L":null,"QUINTA":null,"QUINTA_L":null,"FRACCION":3,"FRACC_L":null,"MANZANA":null,"MANZANA_L":null,"PARCELA":1,"PARCELA_L":null,"SUBPARC":16,"CCA_MADRE":"027020A00010000000000000300000000000001000","NOMENCLA":"Circ. II - Secc. A - Ch. 1 - Fr. 3 - Pc. 1 - UF 16"},"geometry":{"type":"Polygon","coordinates":[[[-58.03448501276334,-35.56038244130582],[-58.03459555269961,-35.56038983097553],[-58.034613205282945,-35.56021340787886],[-58.0345026633859,-35.56020610830965],[-58.03448501276334,-35.56038244130582]]]}},{"type":"Feature","properties":{"CCA":"02705000000000000000000000000000000022300A000447","ARA1":432.08,"SAG":"ARBA","PARTIDO":"027","CIRC":5,"SECC":null,"CHACRA":null,"CHACRA_L":null,"QUINTA":null,"QUINTA_L":null,"FRACCION":null,"FRACC_L":null,"MANZANA":null,"MANZANA_L":null,"PARCELA":223,"PARCELA_L":"A","SUBPARC":447,"CCA_MADRE":"02705000000000000000000000000000000022300A","NOMENCLA":"Circ. V - Pc. 223A - UF 447"},"geometry":{"type":"Polygon","coordinates":[[[-58.01408106711625,-35.53836401460272],[-58.014210801323,-35.538342812554404],[-58.01413297992383,-35.53802478479473],[-58.014003246217214,-35.538045986776254],[-58.01408106711625,-35.53836401460272]]]}},{"type":"Feature","properties":{"CCA":"02705000000000000000000000000000000022300A000080","ARA1":530.24,"SAG":"ARBA","PARTIDO":"027","CIRC":5,"SECC":null,"CHACRA":null,"CHACRA_L":null,"QUINTA":null,"QUINTA_L":null,"FRACCION":null,"FRACC_L":null,"MANZANA":null,"MANZANA_L":null,"PARCELA":223,"PARCELA_L":"A","SUBPARC":80,"CCA_MADRE":"02705000000000000000000000000000000022300A","NOMENCLA":"Circ. V - Pc. 223A - UF 80"},"geometry":{"type":"Polygon","coordinates":[[[-58.009642708809935,-35.539116698471936],[-58.00962946667189,-35.53922425440491],[-58.010114130928116,-35.53926415541321],[-58.01012737243038,-35.53915659940683],[-58.009642708809935,-35.539116698471936]]]}},{"type":"Feature","properties":{"CCA":"02705000000000000000000000000000000022300A000406","ARA1":436.07,"SAG":"ARBA","PARTIDO":"027","CIRC":5,"SECC":null,"CHACRA":null,"CHACRA_L":null,"QUINTA":null,"QUINTA_L":null,"FRACCION":null,"FRACC_L":null,"MANZANA":null,"MANZANA_L":null,"PARCELA":223,"PARCELA_L":"A","SUBPARC":406,"CCA_MADRE":"02705000000000000000000000000000000022300A","NOMENCLA":"Circ. V - Pc. 223A - UF 406"},"geometry":{"type":"Polygon","coordinates":[[[-58.01714461535643,-35.54259720132372],[-58.01740610887829,-35.54283128948991],[-58.017506107607566,-35.54275525704385],[-58.01724483444025,-35.542521172715986],[-58.01714461535643,-35.54259720132372]]]}},{"type":"Feature","properties":{"CCA":"02705000000000000000000000000000000022300A000093","ARA1":418.75,"SAG":"ARBA","PARTIDO":"027","CIRC":5,"SECC":null,"CHACRA":null,"CHACRA_L":null,"QUINTA":null,"QUINTA_L":null,"FRACCION":null,"FRACC_L":null,"MANZANA":null,"MANZANA_L":null,"PARCELA":223,"PARCELA_L":"A","SUBPARC":93,"CCA_MADRE":"02705000000000000000000000000000000022300A","NOMENCLA":"Circ. V - Pc. 223A - UF 93"},"geometry":{"type":"Polygon","coordinates":[[[-58.01104463486166,-35.54040267396476],[-58.010914950452694,-35.54038152046509],[-58.01083963886783,-35.54068990439783],[-58.01096932374595,-35.540711057993036],[-58.01104463486166,-35.54040267396476]]]}},{"type":"Feature","properties":{"CCA":"02705000000000000000000000000000000022300A000156","ARA1":512.27,"SAG":"ARBA","PARTIDO":"027","CIRC":5,"SECC":null,"CHACRA":null,"CHACRA_L":null,"QUINTA":null,"QUINTA_L":null,"FRACCION":null,"FRACC_L":null,"MANZANA":null,"MANZANA_L":null,"PARCELA":223,"PARCELA_L":"A","SUBPARC":156,"CCA_MADRE":"02705000000000000000000000000000000022300A","NOMENCLA":"Circ. V - Pc. 223A - UF 156"},"geometry":{"type":"Polygon","coordinates":[[[-58.01527500317437,-35.54416836461826],[-58.015153797327564,-35.54412500726703],[-58.01496830022844,-35.544471228984825],[-58.015083034817025,-35.544526645162],[-58.01527500317437,-35.54416836461826]]]}},{"type":"Feature","properties":{"CCA":"02705000000000000000000000000000000022300A000410","ARA1":483.33,"SAG":"ARBA","PARTIDO":"027","CIRC":5,"SECC":null,"CHACRA":null,"CHACRA_L":null,"QUINTA":null,"QUINTA_L":null,"FRACCION":null,"FRACC_L":null,"MANZANA":null,"MANZANA_L":null,"PARCELA":223,"PARCELA_L":"A","SUBPARC":410,"CCA_MADRE":"02705000000000000000000000000000000022300A","NOMENCLA":"Circ. V - Pc. 223A - UF 410"},"geometry":{"type":"Polygon","coordinates":[[[-58.01791588178234,-35.54244344738897],[-58.017658507808754,-35.54220771591788],[-58.01754559411598,-35.542293358391376],[-58.01780632973667,-35.54252689256175],[-58.01791588178234,-35.54244344738897]]]}},{"type":"Feature","properties":{"CCA":"02705000000000000000000000000000000022300A000529","ARA1":668.0,"SAG":"ARBA","PARTIDO":"027","CIRC":5,"SECC":null,"CHACRA":null,"CHACRA_L":null,"QUINTA":null,"QUINTA_L":null,"FRACCION":null,"FRACC_L":null,"MANZANA":null,"MANZANA_L":null,"PARCELA":223,"PARCELA_L":"A","SUBPARC":529,"CCA_MADRE":"02705000000000000000000000000000000022300A","NOMENCLA":"Circ. V - Pc. 223A - UF 529"},"geometry":{"type":"Polygon","coordinates":[[[-58.01038998870197,-35.53980361654301],[-58.01018232994544,-35.53977468721623],[-58.01015091937718,-35.540077667693666],[-58.01016613354979,-35.54009999639191],[-58.01019879597171,-35.54013009243171],[-58.010226580257644,-35.54014343712981],[-58.01025704733351,-35.540155294190164],[-58.01030752848921,-35.54016477820677],[-58.01038998870197,-35.53980361654301]]]}},{"type":"Feature","properties":{"CCA":"02705000000000000000000000000000000022300A000169","ARA1":431.82,"SAG":"ARBA","PARTIDO":"027","CIRC":5,"SECC":null,"CHACRA":null,"CHACRA_L":null,"QUINTA":null,"QUINTA_L":null,"FRACCION":null,"FRACC_L":null,"MANZANA":null,"MANZANA_L":null,"PARCELA":223,"PARCELA_L":"A","SUBPARC":169,"CCA_MADRE":"02705000000000000000000000000000000022300A","NOMENCLA":"Circ. V - Pc. 223A - UF 169"},"geometry":{"type":"Polygon","coordinates":[[[-58.01498962827466,-35.5374469435222],[-58.01511914039466,-35.53742573680817],[-58.01504153871416,-35.53710762305503],[-58.01491180668908,-35.53712882607333],[-58.01498962827466,-35.5374469435222]]]}},{"type":"Feature","properties":{"CCA":"02705000000000000000000000000000000022300A000233","ARA1":432.1,"SAG":"ARBA","PARTIDO":"027","CIRC":5,"SECC":null,"CHACRA":null,"CHACRA_L":null,"QUINTA":null,"QUINTA_L":null,"FRACCION":null,"FRACC_L":null,"MANZANA":null,"MANZANA_L":null,"PARCELA":223,"PARCELA_L":"A","SUBPARC":233,"CCA_MADRE":"02705000000000000000000000000000000022300A","NOMENCLA":"Circ. V - Pc. 223A - UF 233"},"geometry":{"type":"Polygon","coordinates":[[[-58.012335320501926,-35.53947913219092],[-58.01220527319692,-35.53945932580132],[-58.0121324647759,-35.539778205008616],[-58.012262512570516,-35.539798011491925],[-58.012335320501926,-35.53947913219092]]]}},{"type":"Feature","properties":{"CCA":"02705000000000000000000000000000000022300A000226","ARA1":432.1,"SAG":"ARBA","PARTIDO":"027","CIRC":5,"SECC":null,"CHACRA":null,"CHACRA_L":null,"QUINTA":null,"QUINTA_L":null,"FRACCION":null,"FRACC_L":null,"MANZANA":null,"MANZANA_L":null,"PARCELA":223,"PARCELA_L":"A","SUBPARC":226,"CCA_MADRE":"02705000000000000000000000000000000022300A","NOMENCLA":"Circ. V - Pc. 223A - UF 226"},"geometry":{"type":"Polygon","coordinates":[[[-58.01142510327811,-35.5393403963007],[-58.01129505646721,-35.53932058894289],[-58.01122224461953,-35.53963946749429],[-58.01135229192002,-35.539659274945826],[-58.01142510327811,-35.5393403963007]]]}},{"type":"Feature","properties":{"CCA":"02705000000000000000000000000000000022300A000547","ARA1":465.31,"SAG":"ARBA","PARTIDO":"027","CIRC":5,"SECC":null,"CHACRA":null,"CHACRA_L":null,"QUINTA":null,"QUINTA_L":null,"FRACCION":null,"FRACC_L":null,"MANZANA":null,"MANZANA_L":null,"PARCELA":223,"PARCELA_L":"A","SUBPARC":547,"CCA_MADRE":"02705000000000000000000000000000000022300A","NOMENCLA":"Circ. V - Pc. 223A - UF 547"},"geometry":{"type":"Polygon","coordinates":[[[-58.01182200501339,-35.542528816363905],[-58.01150800219173,-35.542546615747725],[-58.01151176672781,-35.54257722598567],[-58.0115197748367,-35.54260565341152],[-58.01153087427397,-35.54262944597985],[-58.01155561667246,-35.5426677914821],[-58.0115860744268,-35.54270686204271],[-58.01162871978257,-35.54274352036586],[-58.0116643948209,-35.54276330277667],[-58.01169524611019,-35.54277750875028],[-58.01182200501339,-35.542528816363905]]]}},{"type":"Feature","properties":{"CCA":"027020A00010000000000000300000000000001000000026","ARA1":195.92,"SAG":"ARBA","PARTIDO":"027","CIRC":2,"SECC":"A","CHACRA":1,"CHACRA_L":null,"QUINTA":null,"QUINTA_L":null,"FRACCION":3,"FRACC_L":null,"MANZANA":null,"MANZANA_L":null,"PARCELA":1,"PARCELA_L":null,"SUBPARC":26,"CCA_MADRE":"027020A00010000000000000300000000000001000","NOMENCLA":"Circ. II - Secc. A - Ch. 1 - Fr. 3 - Pc. 1 - UF 26"},"geometry":{"type":"Polygon","coordinates":[[[-58.0345380074361,-35.56004583356907],[-58.03462327690818,-35.56009903890104],[-58.034757810722816,-35.559954799586365],[-58.03467243107077,-35.5599015925529],[-58.0345380074361,-35.56004583356907]]]}},{"type":"Feature","properties":{"CCA":"02705000000000000000000000000000000022300A000072","ARA1":530.45,"SAG":"ARBA","PARTIDO":"027","CIRC":5,"SECC":null,"CHACRA":null,"CHACRA_L":null,"QUINTA":null,"QUINTA_L":null,"FRACCION":null,"FRACC_L":null,"MANZANA":null,"MANZANA_L":null,"PARCELA":223,"PARCELA_L":"A","SUBPARC":72,"CCA_MADRE":"02705000000000000000000000000000000022300A","NOMENCLA":"Circ. V - Pc. 223A - UF 72"},"geometry":{"type":"Polygon","coordinates":[[[-58.009752358901736,-35.53822639481409],[-58.00973911711383,-35.53833395078355],[-58.01022377610731,-35.53837385118417],[-58.010237019484855,-35.538266205065476],[-58.009752358901736,-35.53822639481409]]]}},{"type":"Feature","properties":{"CCA":"02705000000000000000000000000000000022300A000515","ARA1":514.44,"SAG":"ARBA","PARTIDO":"027","CIRC":5,"SECC":null,"CHACRA":null,"CHACRA_L":null,"QUINTA":null,"QUINTA_L":null,"FRACCION":null,"FRACC_L":null,"MANZANA":null,"MANZANA_L":null,"PARCELA":223,"PARCELA_L":"A","SUBPARC":515,"CCA_MADRE":"02705000000000000000000000000000000022300A","NOMENCLA":"Circ. V - Pc. 223A - UF 515"},"geometry":{"type":"Polygon","coordinates":[[[-58.01212685496125,-35.540447648734556],[-58.01221364265861,-35.54006718287379],[-58.01208334957635,-35.54004836352483],[-58.01199693860822,-35.540426943132616],[-58.01212685496125,-35.540447648734556]]]}},{"type":"Feature","properties":{"CCA":"02705000000000000000000000000000000022300A000487","ARA1":431.89,"SAG":"ARBA","PARTIDO":"027","CIRC":5,"SECC":null,"CHACRA":null,"CHACRA_L":null,"QUINTA":null,"QUINTA_L":null,"FRACCION":null,"FRACC_L":null,"MANZANA":null,"MANZANA_L":null,"PARCELA":223,"PARCELA_L":"A","SUBPARC":487,"CCA_MADRE":"02705000000000000000000000000000000022300A","NOMENCLA":"Circ. V - Pc. 223A - UF 487"},"geometry":{"type":"Polygon","coordinates":[[[-58.01369197432898,-35.53842762171173],[-58.013769794284435,-35.53874564969238],[-58.01389941897242,-35.53872444618739],[-58.013821708721196,-35.538406420089146],[-58.01369197432898,-35.53842762171173]]]}},{"type":"Feature","properties":{"CCA":"02705000000000000000000000000000000022300A000057","ARA1":1284.25,"SAG":"ARBA","PARTIDO":"027","CIRC":5,"SECC":null,"CHACRA":null,"CHACRA_L":null,"QUINTA":null,"QUINTA_L":null,"FRACCION":null,"FRACC_L":null,"MANZANA":null,"MANZANA_L":null,"PARCELA":223,"PARCELA_L":"A","SUBPARC":57,"CCA_MADRE":"02705000000000000000000000000000000022300A","NOMENCLA":"Circ. V - Pc. 223A - UF 57"},"geometry":{"type":"Polygon","coordinates":[[[-58.010968190649066,-35.53640897615029],[-58.01060625951355,-35.5362703583856],[-58.01075897561469,-35.53684067771967],[-58.01082030109197,-35.53683952692579],[-58.01087038720308,-35.53684260616821],[-58.01091825046541,-35.53685087524285],[-58.010968190649066,-35.53640897615029]]]}},{"type":"Feature","properties":{"CCA":"02705000000000000000000000000000000022300A000028","ARA1":540.13,"SAG":"ARBA","PARTIDO":"027","CIRC":5,"SECC":null,"CHACRA":null,"CHACRA_L":null,"QUINTA":null,"QUINTA_L":null,"FRACCION":null,"FRACC_L":null,"MANZANA":null,"MANZANA_L":null,"PARCELA":223,"PARCELA_L":"A","SUBPARC":28,"CCA_MADRE":"02705000000000000000000000000000000022300A","NOMENCLA":"Circ. V - Pc. 223A - UF 28"},"geometry":{"type":"Polygon","coordinates":[[[-58.01460256386312,-35.53665028176416],[-58.014472832488096,-35.5366714843315],[-58.01457008159855,-35.53706904090023],[-58.014699813598725,-35.53704783824942],[-58.01460256386312,-35.53665028176416]]]}},{"type":"Feature","properties":{"CCA":"02705000000000000000000000000000000022300A000111","ARA1":419.41,"SAG":"ARBA","PARTIDO":"027","CIRC":5,"SECC":null,"CHACRA":null,"CHACRA_L":null,"QUINTA":null,"QUINTA_L":null,"FRACCION":null,"FRACC_L":null,"MANZANA":null,"MANZANA_L":null,"PARCELA":223,"PARCELA_L":"A","SUBPARC":111,"CCA_MADRE":"02705000000000000000000000000000000022300A","NOMENCLA":"Circ. V - Pc. 223A - UF 111"},"geometry":{"type":"Polygon","coordinates":[[[-58.01243934033307,-35.54152288771719],[-58.01253425229217,-35.5414475865777],[-58.012268645744214,-35.54122008858733],[-58.01217297793537,-35.54129474626862],[-58.01243934033307,-35.54152288771719]]]}},{"type":"Feature","properties":{"CCA":"02705000000000000000000000000000000022300A000481","ARA1":431.89,"SAG":"ARBA","PARTIDO":"027","CIRC":5,"SECC":null,"CHACRA":null,"CHACRA_L":null,"QUINTA":null,"QUINTA_L":null,"FRACCION":null,"FRACC_L":null,"MANZANA":null,"MANZANA_L":null,"PARCELA":223,"PARCELA_L":"A","SUBPARC":481,"CCA_MADRE":"02705000000000000000000000000000000022300A","NOMENCLA":"Circ. V - Pc. 223A - UF 481"},"geometry":{"type":"Polygon","coordinates":[[[-58.013043411644475,-35.53853362951158],[-58.012913787085374,-35.53855483209905],[-58.01299149383633,-35.53887285866382],[-58.01312122909966,-35.538851657826115],[-58.013043411644475,-35.53853362951158]]]}},{"type":"Feature","properties":{"CCA":"02705000000000000000000000000000000022300A000238","ARA1":432.05,"SAG":"ARBA","PARTIDO":"027","CIRC":5,"SECC":null,"CHACRA":null,"CHACRA_L":null,"QUINTA":null,"QUINTA_L":null,"FRACCION":null,"FRACC_L":null,"MANZANA":null,"MANZANA_L":null,"PARCELA":223,"PARCELA_L":"A","SUBPARC":238,"CCA_MADRE":"02705000000000000000000000000000000022300A","NOMENCLA":"Circ. V - Pc. 223A - UF 238"},"geometry":{"type":"Polygon","coordinates":[[[-58.012985445657456,-35.5395782503233],[-58.012855397999544,-35.53955844462527],[-58.01278270445463,-35.53987723604181],[-58.012912750379506,-35.53989713190936],[-58.012985445657456,-35.5395782503233]]]}},{"type":"Feature","properties":{"CCA":"02705000000000000000000000000000000022300A000020","ARA1":539.92,"SAG":"ARBA","PARTIDO":"027","CIRC":5,"SECC":null,"CHACRA":null,"CHACRA_L":null,"QUINTA":null,"QUINTA_L":null,"FRACCION":null,"FRACC_L":null,"MANZANA":null,"MANZANA_L":null,"PARCELA":223,"PARCELA_L":"A","SUBPARC":20,"CCA_MADRE":"02705000000000000000000000000000000022300A","NOMENCLA":"Circ. V - Pc. 223A - UF 20"},"geometry":{"type":"Polygon","coordinates":[[[-58.015640082032924,-35.53648065067341],[-58.015510461353955,-35.53650185619003],[-58.015607715464505,-35.53689941209115],[-58.015737446970036,-35.536878208305005],[-58.015640082032924,-35.53648065067341]]]}},{"type":"Feature","properties":{"CCA":"02705000000000000000000000000000000022300A000388","ARA1":404.92,"SAG":"ARBA","PARTIDO":"027","CIRC":5,"SECC":null,"CHACRA":null,"CHACRA_L":null,"QUINTA":null,"QUINTA_L":null,"FRACCION":null,"FRACC_L":null,"MANZANA":null,"MANZANA_L":null,"PARCELA":223,"PARCELA_L":"A","SUBPARC":388,"CCA_MADRE":"02705000000000000000000000000000000022300A","NOMENCLA":"Circ. V - Pc. 223A - UF 388"},"geometry":{"type":"Polygon","coordinates":[[[-58.01547069223278,-35.54383798975755],[-58.01537482002288,-35.544081968077336],[-58.01544442996652,-35.54410726427699],[-58.015493618392554,-35.54411564352957],[-58.01554354959178,-35.5441117796825],[-58.01558110376069,-35.54410906374989],[-58.01554448836334,-35.5438097378419],[-58.01547069223278,-35.54383798975755]]]}},{"type":"Feature","properties":{"CCA":"02705000000000000000000000000000000022300A000531","ARA1":575.46,"SAG":"ARBA","PARTIDO":"027","CIRC":5,"SECC":null,"CHACRA":null,"CHACRA_L":null,"QUINTA":null,"QUINTA_L":null,"FRACCION":null,"FRACC_L":null,"MANZANA":null,"MANZANA_L":null,"PARCELA":223,"PARCELA_L":"A","SUBPARC":531,"CCA_MADRE":"02705000000000000000000000000000000022300A","NOMENCLA":"Circ. V - Pc. 223A - UF 531"},"geometry":{"type":"Polygon","coordinates":[[[-58.01329656278766,-35.54129921138115],[-58.013104609590556,-35.5411429464873],[-58.012949795365955,-35.54126438957054],[-58.0132079072746,-35.541482931537715],[-58.01329656278766,-35.54129921138115]]]}},{"type":"Feature","properties":{"CCA":"02705000000000000000000000000000000022300A000234","ARA1":432.1,"SAG":"ARBA","PARTIDO":"027","CIRC":5,"SECC":null,"CHACRA":null,"CHACRA_L":null,"QUINTA":null,"QUINTA_L":null,"FRACCION":null,"FRACC_L":null,"MANZANA":null,"MANZANA_L":null,"PARCELA":223,"PARCELA_L":"A","SUBPARC":234,"CCA_MADRE":"02705000000000000000000000000000000022300A","NOMENCLA":"Circ. V - Pc. 223A - UF 234"},"geometry":{"type":"Polygon","coordinates":[[[-58.012335320501926,-35.53947913219092],[-58.012262512570516,-35.539798011491925],[-58.01239256043569,-35.53981781783691],[-58.01246536787749,-35.53949893844219],[-58.012335320501926,-35.53947913219092]]]}},{"type":"Feature","properties":{"CCA":"02705000000000000000000000000000000022300A000512","ARA1":520.07,"SAG":"ARBA","PARTIDO":"027","CIRC":5,"SECC":null,"CHACRA":null,"CHACRA_L":null,"QUINTA":null,"QUINTA_L":null,"FRACCION":null,"FRACC_L":null,"MANZANA":null,"MANZANA_L":null,"PARCELA":223,"PARCELA_L":"A","SUBPARC":512,"CCA_MADRE":"02705000000000000000000000000000000022300A","NOMENCLA":"Circ. V - Pc. 223A - UF 512"},"geometry":{"type":"Polygon","coordinates":[[[-58.01247411659645,-35.540104909413664],[-58.01238671234258,-35.540488068689655],[-58.01251664225245,-35.540508233422194],[-58.012604409881426,-35.54012372834585],[-58.01247411659645,-35.540104909413664]]]}},{"type":"Feature","properties":{"CCA":"027020A00010000000000000300000000000001000000024","ARA1":200.68,"SAG":"ARBA","PARTIDO":"027","CIRC":2,"SECC":"A","CHACRA":1,"CHACRA_L":null,"QUINTA":null,"QUINTA_L":null,"FRACCION":3,"FRACC_L":null,"MANZANA":null,"MANZANA_L":null,"PARCELA":1,"PARCELA_L":null,"SUBPARC":24,"CCA_MADRE":"027020A00010000000000000300000000000001000","NOMENCLA":"Circ. II - Secc. A - Ch. 1 - Fr. 3 - Pc. 1 - UF 24"},"geometry":{"type":"Polygon","coordinates":[[[-58.034711913186015,-35.56015437166662],[-58.03479924656261,-35.560208872109406],[-58.0349337846634,-35.560064452442866],[-58.03484644914342,-35.560010042175286],[-58.034711913186015,-35.56015437166662]]]}},{"type":"Feature","properties":{"CCA":"02705000000000000000000000000000000022300A000246","ARA1":439.25,"SAG":"ARBA","PARTIDO":"027","CIRC":5,"SECC":null,"CHACRA":null,"CHACRA_L":null,"QUINTA":null,"QUINTA_L":null,"FRACCION":null,"FRACC_L":null,"MANZANA":null,"MANZANA_L":null,"PARCELA":223,"PARCELA_L":"A","SUBPARC":246,"CCA_MADRE":"02705000000000000000000000000000000022300A","NOMENCLA":"Circ. V - Pc. 223A - UF 246"},"geometry":{"type":"Polygon","coordinates":[[[-58.01366882370199,-35.53953166016959],[-58.013988541184965,-35.53958117308573],[-58.01397600585943,-35.53952617811702],[-58.01395659215938,-35.53949080448393],[-58.01393508815289,-35.53945972181431],[-58.01391021493834,-35.53943561241453],[-58.013883352733835,-35.53941615609493],[-58.01384667782827,-35.539396718323665],[-58.01380629420813,-35.539384608668655],[-58.013708374978606,-35.53935848468215],[-58.01366882370199,-35.53953166016959]]]}},{"type":"Feature","properties":{"CCA":"02705000000000000000000000000000000022300A000584","ARA1":457.27,"SAG":"ARBA","PARTIDO":"027","CIRC":5,"SECC":null,"CHACRA":null,"CHACRA_L":null,"QUINTA":null,"QUINTA_L":null,"FRACCION":null,"FRACC_L":null,"MANZANA":null,"MANZANA_L":null,"PARCELA":223,"PARCELA_L":"A","SUBPARC":584,"CCA_MADRE":"02705000000000000000000000000000000022300A","NOMENCLA":"Circ. V - Pc. 223A - UF 584"},"geometry":{"type":"Polygon","coordinates":[[[-58.01328677822621,-35.54213376265313],[-58.01341545657909,-35.54213327005732],[-58.0135595753095,-35.54213258119875],[-58.013559708699724,-35.54201543708475],[-58.01317558331084,-35.54201550460528],[-58.01317386420924,-35.542134334712784],[-58.01328677822621,-35.54213376265313]]]}},{"type":"Feature","properties":{"CCA":"02705000000000000000000000000000000022300A000522","ARA1":501.29,"SAG":"ARBA","PARTIDO":"027","CIRC":5,"SECC":null,"CHACRA":null,"CHACRA_L":null,"QUINTA":null,"QUINTA_L":null,"FRACCION":null,"FRACC_L":null,"MANZANA":null,"MANZANA_L":null,"PARCELA":223,"PARCELA_L":"A","SUBPARC":522,"CCA_MADRE":"02705000000000000000000000000000000022300A","NOMENCLA":"Circ. V - Pc. 223A - UF 522"},"geometry":{"type":"Polygon","coordinates":[[[-58.01117152030366,-35.53991662782771],[-58.01108720567041,-35.54028604983162],[-58.01121725396742,-35.54030585745969],[-58.01130181291313,-35.53993544814915],[-58.01117152030366,-35.53991662782771]]]}},{"type":"Feature","properties":{"CCA":"02705000000000000000000000000000000022300A000088","ARA1":418.52,"SAG":"ARBA","PARTIDO":"027","CIRC":5,"SECC":null,"CHACRA":null,"CHACRA_L":null,"QUINTA":null,"QUINTA_L":null,"FRACCION":null,"FRACC_L":null,"MANZANA":null,"MANZANA_L":null,"PARCELA":223,"PARCELA_L":"A","SUBPARC":88,"CCA_MADRE":"02705000000000000000000000000000000022300A","NOMENCLA":"Circ. V - Pc. 223A - UF 88"},"geometry":{"type":"Polygon","coordinates":[[[-58.01039610335712,-35.54029690327329],[-58.0102663024386,-35.54027601749467],[-58.01019110761612,-35.54058404246572],[-58.010320792120744,-35.540605196748146],[-58.01039610335712,-35.54029690327329]]]}},{"type":"Feature","properties":{"CCA":"027020A00010000000000000300000000000001000000014","ARA1":193.14,"SAG":"ARBA","PARTIDO":"027","CIRC":2,"SECC":"A","CHACRA":1,"CHACRA_L":null,"QUINTA":null,"QUINTA_L":null,"FRACCION":3,"FRACC_L":null,"MANZANA":null,"MANZANA_L":null,"PARCELA":1,"PARCELA_L":null,"SUBPARC":14,"CCA_MADRE":"027020A00010000000000000300000000000001000","NOMENCLA":"Circ. II - Secc. A - Ch. 1 - Fr. 3 - Pc. 1 - UF 14"},"geometry":{"type":"Polygon","coordinates":[[[-58.03426591280195,-35.560367874181026],[-58.03437414214612,-35.56037504614171],[-58.03439178860816,-35.5601988933229],[-58.0342835572976,-35.56019181146221],[-58.03426591280195,-35.560367874181026]]]}},{"type":"Feature","properties":{"CCA":"02705000000000000000000000000000000022300A000549","ARA1":381.64,"SAG":"ARBA","PARTIDO":"027","CIRC":5,"SECC":null,"CHACRA":null,"CHACRA_L":null,"QUINTA":null,"QUINTA_L":null,"FRACCION":null,"FRACC_L":null,"MANZANA":null,"MANZANA_L":null,"PARCELA":223,"PARCELA_L":"A","SUBPARC":549,"CCA_MADRE":"02705000000000000000000000000000000022300A","NOMENCLA":"Circ. V - Pc. 223A - UF 549"},"geometry":{"type":"Polygon","coordinates":[[[-58.012092313464386,-35.542615096462384],[-58.011961260886245,-35.54257328570761],[-58.01183206782658,-35.542826804173274],[-58.01195369729747,-35.542870712478646],[-58.012092313464386,-35.542615096462384]]]}},{"type":"Feature","properties":{"CCA":"02705000000000000000000000000000000022300A000101","ARA1":418.75,"SAG":"ARBA","PARTIDO":"027","CIRC":5,"SECC":null,"CHACRA":null,"CHACRA_L":null,"QUINTA":null,"QUINTA_L":null,"FRACCION":null,"FRACC_L":null,"MANZANA":null,"MANZANA_L":null,"PARCELA":223,"PARCELA_L":"A","SUBPARC":101,"CCA_MADRE":"02705000000000000000000000000000000022300A","NOMENCLA":"Circ. V - Pc. 223A - UF 101"},"geometry":{"type":"Polygon","coordinates":[[[-58.012113077735734,-35.54057700338055],[-58.01198339271154,-35.54055585101315],[-58.01190808499191,-35.54086423573272],[-58.01203777048524,-35.540885388195605],[-58.012113077735734,-35.54057700338055]]]}},{"type":"Feature","properties":{"CCA":"02705000000000000000000000000000000022300A000565","ARA1":504.28,"SAG":"ARBA","PARTIDO":"027","CIRC":5,"SECC":null,"CHACRA":null,"CHACRA_L":null,"QUINTA":null,"QUINTA_L":null,"FRACCION":null,"FRACC_L":null,"MANZANA":null,"MANZANA_L":null,"PARCELA":223,"PARCELA_L":"A","SUBPARC":565,"CCA_MADRE":"02705000000000000000000000000000000022300A","NOMENCLA":"Circ. V - Pc. 223A - UF 565"},"geometry":{"type":"Polygon","coordinates":[[[-58.01386036128783,-35.54355798138348],[-58.01416175743872,-35.54366702692027],[-58.01418511331832,-35.543667772131705],[-58.01420266218828,-35.54366256436135],[-58.01421374414095,-35.54365580825512],[-58.01422004566526,-35.54364617990902],[-58.01422478065561,-35.54363301136736],[-58.014222039060975,-35.54361899876032],[-58.014212766135465,-35.54360605002246],[-58.01419599083537,-35.54358883251584],[-58.01396210134861,-35.543366816825],[-58.01386036128783,-35.54355798138348]]]}},{"type":"Feature","properties":{"CCA":"02705000000000000000000000000000000022300A000318","ARA1":729.12,"SAG":"ARBA","PARTIDO":"027","CIRC":5,"SECC":null,"CHACRA":null,"CHACRA_L":null,"QUINTA":null,"QUINTA_L":null,"FRACCION":null,"FRACC_L":null,"MANZANA":null,"MANZANA_L":null,"PARCELA":223,"PARCELA_L":"A","SUBPARC":318,"CCA_MADRE":"02705000000000000000000000000000000022300A","NOMENCLA":"Circ. V - Pc. 223A - UF 318"},"geometry":{"type":"Polygon","coordinates":[[[-58.01676875720465,-35.538469537116214],[-58.01627052463934,-35.53840312674989],[-58.016268555121975,-35.53845175516844],[-58.01626610484744,-35.53850199770309],[-58.0162877670618,-35.53852668457671],[-58.016386547409404,-35.53862527120102],[-58.016416861103075,-35.53864784759143],[-58.01643490285094,-35.53865391166268],[-58.01646184082394,-35.53865687805372],[-58.01648408881352,-35.53865778479314],[-58.01676875720465,-35.538469537116214]]]}},{"type":"Feature","properties":{"CCA":"02705000000000000000000000000000000022300A000118","ARA1":421.2,"SAG":"ARBA","PARTIDO":"027","CIRC":5,"SECC":null,"CHACRA":null,"CHACRA_L":null,"QUINTA":null,"QUINTA_L":null,"FRACCION":null,"FRACC_L":null,"MANZANA":null,"MANZANA_L":null,"PARCELA":223,"PARCELA_L":"A","SUBPARC":118,"CCA_MADRE":"02705000000000000000000000000000000022300A","NOMENCLA":"Circ. V - Pc. 223A - UF 118"},"geometry":{"type":"Polygon","coordinates":[[[-58.01176944442949,-35.54204530684292],[-58.01186522150767,-35.54197074142533],[-58.011598101264994,-35.54174204554823],[-58.01150232200782,-35.541816700832804],[-58.01176944442949,-35.54204530684292]]]}},{"type":"Feature","properties":{"CCA":"02705000000000000000000000000000000022300A000277","ARA1":711.48,"SAG":"ARBA","PARTIDO":"027","CIRC":5,"SECC":null,"CHACRA":null,"CHACRA_L":null,"QUINTA":null,"QUINTA_L":null,"FRACCION":null,"FRACC_L":null,"MANZANA":null,"MANZANA_L":null,"PARCELA":223,"PARCELA_L":"A","SUBPARC":277,"CCA_MADRE":"02705000000000000000000000000000000022300A","NOMENCLA":"Circ. V - Pc. 223A - UF 277"},"geometry":{"type":"Polygon","coordinates":[[[-58.01188690926301,-35.5377070634828],[-58.01176709743805,-35.537661292815436],[-58.01164717777495,-35.537615430139546],[-58.01159966879758,-35.53759725480779],[-58.01160933890467,-35.53796471313992],[-58.011675121816616,-35.537984000885686],[-58.011715638069845,-35.537999627819346],[-58.01188690926301,-35.5377070634828]]]}},{"type":"Feature","properties":{"CCA":"027020A00010000000000000300000000000001000000015","ARA1":198.01,"SAG":"ARBA","PARTIDO":"027","CIRC":2,"SECC":"A","CHACRA":1,"CHACRA_L":null,"QUINTA":null,"QUINTA_L":null,"FRACCION":3,"FRACC_L":null,"MANZANA":null,"MANZANA_L":null,"PARCELA":1,"PARCELA_L":null,"SUBPARC":15,"CCA_MADRE":"027020A00010000000000000300000000000001000","NOMENCLA":"Circ. II - Secc. A - Ch. 1 - Fr. 3 - Pc. 1 - UF 15"},"geometry":{"type":"Polygon","coordinates":[[[-58.03437414214612,-35.56037504614171],[-58.03448501276334,-35.56038244130582],[-58.0345026633859,-35.56020610830965],[-58.03439178860816,-35.5601988933229],[-58.03437414214612,-35.56037504614171]]]}},{"type":"Feature","properties":{"CCA":"02705000000000000000000000000000000022300A000480","ARA1":431.89,"SAG":"ARBA","PARTIDO":"027","CIRC":5,"SECC":null,"CHACRA":null,"CHACRA_L":null,"QUINTA":null,"QUINTA_L":null,"FRACCION":null,"FRACC_L":null,"MANZANA":null,"MANZANA_L":null,"PARCELA":223,"PARCELA_L":"A","SUBPARC":480,"CCA_MADRE":"02705000000000000000000000000000000022300A","NOMENCLA":"Circ. V - Pc. 223A - UF 480"},"geometry":{"type":"Polygon","coordinates":[[[-58.0127840522604,-35.538576032728145],[-58.012861868715724,-35.53889406117618],[-58.01299149383633,-35.53887285866382],[-58.012913787085374,-35.53855483209905],[-58.0127840522604,-35.538576032728145]]]}},{"type":"Feature","properties":{"CCA":"02705000000000000000000000000000000022300A000066","ARA1":530.12,"SAG":"ARBA","PARTIDO":"027","CIRC":5,"SECC":null,"CHACRA":null,"CHACRA_L":null,"QUINTA":null,"QUINTA_L":null,"FRACCION":null,"FRACC_L":null,"MANZANA":null,"MANZANA_L":null,"PARCELA":223,"PARCELA_L":"A","SUBPARC":66,"CCA_MADRE":"02705000000000000000000000000000000022300A","NOMENCLA":"Circ. V - Pc. 223A - UF 66"},"geometry":{"type":"Polygon","coordinates":[[[-58.00983192116933,-35.5375809706481],[-58.00981867963535,-35.537688526644054],[-58.01030322461102,-35.53772842478501],[-58.010316465509376,-35.53762086871566],[-58.00983192116933,-35.5375809706481]]]}},{"type":"Feature","properties":{"CCA":"027020A00010000000000000300000000000001000000022","ARA1":201.31,"SAG":"ARBA","PARTIDO":"027","CIRC":2,"SECC":"A","CHACRA":1,"CHACRA_L":null,"QUINTA":null,"QUINTA_L":null,"FRACCION":3,"FRACC_L":null,"MANZANA":null,"MANZANA_L":null,"PARCELA":1,"PARCELA_L":null,"SUBPARC":22,"CCA_MADRE":"027020A00010000000000000300000000000001000","NOMENCLA":"Circ. II - Secc. A - Ch. 1 - Fr. 3 - Pc. 1 - UF 22"},"geometry":{"type":"Polygon","coordinates":[[[-58.03488766701387,-35.56026402100389],[-58.03497521670271,-35.560318705074245],[-58.035109864925296,-35.56017428700658],[-58.03502231309322,-35.56011969311179],[-58.03488766701387,-35.56026402100389]]]}},{"type":"Feature","properties":{"CCA":"02705000000000000000000000000000000022300A000296","ARA1":432.2,"SAG":"ARBA","PARTIDO":"027","CIRC":5,"SECC":null,"CHACRA":null,"CHACRA_L":null,"QUINTA":null,"QUINTA_L":null,"FRACCION":null,"FRACC_L":null,"MANZANA":null,"MANZANA_L":null,"PARCELA":223,"PARCELA_L":"A","SUBPARC":296,"CCA_MADRE":"02705000000000000000000000000000000022300A","NOMENCLA":"Circ. V - Pc. 223A - UF 296"},"geometry":{"type":"Polygon","coordinates":[[[-58.01408172149266,-35.5375952746981],[-58.014159540133846,-35.537913392568235],[-58.014289273592084,-35.53789219040975],[-58.01421145445066,-35.5375740726064],[-58.01408172149266,-35.5375952746981]]]}},{"type":"Feature","properties":{"CCA":"02705000000000000000000000000000000022300A000201","ARA1":765.63,"SAG":"ARBA","PARTIDO":"027","CIRC":5,"SECC":null,"CHACRA":null,"CHACRA_L":null,"QUINTA":null,"QUINTA_L":null,"FRACCION":null,"FRACC_L":null,"MANZANA":null,"MANZANA_L":null,"PARCELA":223,"PARCELA_L":"A","SUBPARC":201,"CCA_MADRE":"02705000000000000000000000000000000022300A","NOMENCLA":"Circ. V - Pc. 223A - UF 201"},"geometry":{"type":"Polygon","coordinates":[[[-58.010908376163194,-35.53733551792658],[-58.010651365698635,-35.536992814274114],[-58.01061362252581,-35.53701670205528],[-58.010583025832254,-35.53704584417417],[-58.01054847546185,-35.53709222265015],[-58.010523517202145,-35.53714750033131],[-58.01051668309335,-35.53719208337745],[-58.010511661287204,-35.53724363499813],[-58.01050259771812,-35.53730259925881],[-58.010908376163194,-35.53733551792658]]]}},{"type":"Feature","properties":{"CCA":"02705000000000000000000000000000000022300A000097","ARA1":437.82,"SAG":"ARBA","PARTIDO":"027","CIRC":5,"SECC":null,"CHACRA":null,"CHACRA_L":null,"QUINTA":null,"QUINTA_L":null,"FRACCION":null,"FRACC_L":null,"MANZANA":null,"MANZANA_L":null,"PARCELA":223,"PARCELA_L":"A","SUBPARC":97,"CCA_MADRE":"02705000000000000000000000000000000022300A","NOMENCLA":"Circ. V - Pc. 223A - UF 97"},"geometry":{"type":"Polygon","coordinates":[[[-58.011577646728185,-35.540489684728755],[-58.011442033098376,-35.540467532865975],[-58.01136672342024,-35.5407759171869],[-58.01150233976488,-35.54079797907369],[-58.011577646728185,-35.540489684728755]]]}},{"type":"Feature","properties":{"CCA":"02705000000000000000000000000000000022300A000009","ARA1":609.49,"SAG":"ARBA","PARTIDO":"027","CIRC":5,"SECC":null,"CHACRA":null,"CHACRA_L":null,"QUINTA":null,"QUINTA_L":null,"FRACCION":null,"FRACC_L":null,"MANZANA":null,"MANZANA_L":null,"PARCELA":223,"PARCELA_L":"A","SUBPARC":9,"CCA_MADRE":"02705000000000000000000000000000000022300A","NOMENCLA":"Circ. V - Pc. 223A - UF 9"},"geometry":{"type":"Polygon","coordinates":[[[-58.01742664536216,-35.5361885226623],[-58.01729514102818,-35.53621014970198],[-58.01731173695346,-35.53666008496287],[-58.0174438702158,-35.53665324674192],[-58.01742664536216,-35.5361885226623]]]}},{"type":"Feature","properties":{"CCA":"027020A00010000000000000300000000000001000000018","ARA1":304.0,"SAG":"ARBA","PARTIDO":"027","CIRC":2,"SECC":"A","CHACRA":1,"CHACRA_L":null,"QUINTA":null,"QUINTA_L":null,"FRACCION":3,"FRACC_L":null,"MANZANA":null,"MANZANA_L":null,"PARCELA":1,"PARCELA_L":null,"SUBPARC":18,"CCA_MADRE":"027020A00010000000000000300000000000001000","NOMENCLA":"Circ. II - Secc. A - Ch. 1 - Fr. 3 - Pc. 1 - UF 18"},"geometry":{"type":"Polygon","coordinates":[[[-58.03470378211681,-35.56039700264194],[-58.03504344054174,-35.5604196622578],[-58.034732885970925,-35.56022581256515],[-58.034724271983016,-35.56022179725673],[-58.03470378211681,-35.56039700264194]]]}},{"type":"Feature","properties":{"CCA":"02705000000000000000000000000000000022300A000015","ARA1":597.48,"SAG":"ARBA","PARTIDO":"027","CIRC":5,"SECC":null,"CHACRA":null,"CHACRA_L":null,"QUINTA":null,"QUINTA_L":null,"FRACCION":null,"FRACC_L":null,"MANZANA":null,"MANZANA_L":null,"PARCELA":223,"PARCELA_L":"A","SUBPARC":15,"CCA_MADRE":"02705000000000000000000000000000000022300A","NOMENCLA":"Circ. V - Pc. 223A - UF 15"},"geometry":{"type":"Polygon","coordinates":[[[-58.01664814962562,-35.536315932816336],[-58.01651664935037,-35.53633737884021],[-58.016532931691735,-35.53677748669082],[-58.016665007501295,-35.53677299131303],[-58.01664814962562,-35.536315932816336]]]}},{"type":"Feature","properties":{"CCA":"02705000000000000000000000000000000022300A000424","ARA1":408.08,"SAG":"ARBA","PARTIDO":"027","CIRC":5,"SECC":null,"CHACRA":null,"CHACRA_L":null,"QUINTA":null,"QUINTA_L":null,"FRACCION":null,"FRACC_L":null,"MANZANA":null,"MANZANA_L":null,"PARCELA":223,"PARCELA_L":"A","SUBPARC":424,"CCA_MADRE":"02705000000000000000000000000000000022300A","NOMENCLA":"Circ. V - Pc. 223A - UF 424"},"geometry":{"type":"Polygon","coordinates":[[[-58.018151468289894,-35.5401866650136],[-58.01777724773314,-35.540169878899746],[-58.01776995847524,-35.540277894216935],[-58.01814418174714,-35.540294590293115],[-58.018151468289894,-35.5401866650136]]]}},{"type":"Feature","properties":{"CCA":"02705000000000000000000000000000000022300A000298","ARA1":432.2,"SAG":"ARBA","PARTIDO":"027","CIRC":5,"SECC":null,"CHACRA":null,"CHACRA_L":null,"QUINTA":null,"QUINTA_L":null,"FRACCION":null,"FRACC_L":null,"MANZANA":null,"MANZANA_L":null,"PARCELA":223,"PARCELA_L":"A","SUBPARC":298,"CCA_MADRE":"02705000000000000000000000000000000022300A","NOMENCLA":"Circ. V - Pc. 223A - UF 298"},"geometry":{"type":"Polygon","coordinates":[[[-58.01434107714402,-35.5375528685576],[-58.01441889678526,-35.53787098629419],[-58.01454863011986,-35.53784978385193],[-58.014470809978356,-35.5375316661821],[-58.01434107714402,-35.5375528685576]]]}},{"type":"Feature","properties":{"CCA":"027020A00010000000000000300000000000001000000013","ARA1":196.53,"SAG":"ARBA","PARTIDO":"027","CIRC":2,"SECC":"A","CHACRA":1,"CHACRA_L":null,"QUINTA":null,"QUINTA_L":null,"FRACCION":3,"FRACC_L":null,"MANZANA":null,"MANZANA_L":null,"PARCELA":1,"PARCELA_L":null,"SUBPARC":13,"CCA_MADRE":"027020A00010000000000000300000000000001000","NOMENCLA":"Circ. II - Secc. A - Ch. 1 - Fr. 3 - Pc. 1 - UF 13"},"geometry":{"type":"Polygon","coordinates":[[[-58.034155703646576,-35.560360489604975],[-58.03426591280195,-35.560367874181026],[-58.0342835572976,-35.56019181146221],[-58.03417334397942,-35.56018460706332],[-58.034155703646576,-35.560360489604975]]]}},{"type":"Feature","properties":{"CCA":"02705000000000000000000000000000000022300A000485","ARA1":432.08,"SAG":"ARBA","PARTIDO":"027","CIRC":5,"SECC":null,"CHACRA":null,"CHACRA_L":null,"QUINTA":null,"QUINTA_L":null,"FRACCION":null,"FRACC_L":null,"MANZANA":null,"MANZANA_L":null,"PARCELA":223,"PARCELA_L":"A","SUBPARC":485,"CCA_MADRE":"02705000000000000000000000000000000022300A","NOMENCLA":"Circ. V - Pc. 223A - UF 485"},"geometry":{"type":"Polygon","coordinates":[[[-58.013510324314204,-35.538788052645195],[-58.01364005933024,-35.53876685123977],[-58.01356223987492,-35.53844882319233],[-58.01343250535905,-35.53847002453098],[-58.013510324314204,-35.538788052645195]]]}},{"type":"Feature","properties":{"CCA":"02705000000000000000000000000000000022300A000433","ARA1":407.9,"SAG":"ARBA","PARTIDO":"027","CIRC":5,"SECC":null,"CHACRA":null,"CHACRA_L":null,"QUINTA":null,"QUINTA_L":null,"FRACCION":null,"FRACC_L":null,"MANZANA":null,"MANZANA_L":null,"PARCELA":223,"PARCELA_L":"A","SUBPARC":433,"CCA_MADRE":"02705000000000000000000000000000000022300A","NOMENCLA":"Circ. V - Pc. 223A - UF 433"},"geometry":{"type":"Polygon","coordinates":[[[-58.01783719626413,-35.539275144843955],[-58.01821141269214,-35.53929193063994],[-58.01821858878385,-35.53918400352188],[-58.01784437285387,-35.539167217764096],[-58.01783719626413,-35.539275144843955]]]}},{"type":"Feature","properties":{"CCA":"02705000000000000000000000000000000022300A000012","ARA1":551.24,"SAG":"ARBA","PARTIDO":"027","CIRC":5,"SECC":null,"CHACRA":null,"CHACRA_L":null,"QUINTA":null,"QUINTA_L":null,"FRACCION":null,"FRACC_L":null,"MANZANA":null,"MANZANA_L":null,"PARCELA":223,"PARCELA_L":"A","SUBPARC":12,"CCA_MADRE":"02705000000000000000000000000000000022300A","NOMENCLA":"Circ. V - Pc. 223A - UF 12"},"geometry":{"type":"Polygon","coordinates":[[[-58.01703203305535,-35.53625295115008],[-58.01690053074794,-35.5362744876759],[-58.016915546388205,-35.536681052758574],[-58.01704757614889,-35.536673942932964],[-58.01703203305535,-35.53625295115008]]]}},{"type":"Feature","properties":{"CCA":"027020A00010000000000000300000000000001000000023","ARA1":203.37,"SAG":"ARBA","PARTIDO":"027","CIRC":2,"SECC":"A","CHACRA":1,"CHACRA_L":null,"QUINTA":null,"QUINTA_L":null,"FRACCION":3,"FRACC_L":null,"MANZANA":null,"MANZANA_L":null,"PARCELA":1,"PARCELA_L":null,"SUBPARC":23,"CCA_MADRE":"027020A00010000000000000300000000000001000","NOMENCLA":"Circ. II - Secc. A - Ch. 1 - Fr. 3 - Pc. 1 - UF 23"},"geometry":{"type":"Polygon","coordinates":[[[-58.03479924656261,-35.560208872109406],[-58.03488766701387,-35.56026402100389],[-58.03502231309322,-35.56011969311179],[-58.0349337846634,-35.560064452442866],[-58.03479924656261,-35.560208872109406]]]}},{"type":"Feature","properties":{"CCA":"02705000000000000000000000000000000022300A000538","ARA1":589.03,"SAG":"ARBA","PARTIDO":"027","CIRC":5,"SECC":null,"CHACRA":null,"CHACRA_L":null,"QUINTA":null,"QUINTA_L":null,"FRACCION":null,"FRACC_L":null,"MANZANA":null,"MANZANA_L":null,"PARCELA":223,"PARCELA_L":"A","SUBPARC":538,"CCA_MADRE":"02705000000000000000000000000000000022300A","NOMENCLA":"Circ. V - Pc. 223A - UF 538"},"geometry":{"type":"Polygon","coordinates":[[[-58.01275954258651,-35.542031084802815],[-58.012373376959985,-35.5417162629517],[-58.01227612569212,-35.54179251661841],[-58.01264338707571,-35.54209152776376],[-58.012752170996094,-35.542034928231416],[-58.01275954258651,-35.542031084802815]]]}},{"type":"Feature","properties":{"CCA":"02705000000000000000000000000000000022300A000229","ARA1":431.96,"SAG":"ARBA","PARTIDO":"027","CIRC":5,"SECC":null,"CHACRA":null,"CHACRA_L":null,"QUINTA":null,"QUINTA_L":null,"FRACCION":null,"FRACC_L":null,"MANZANA":null,"MANZANA_L":null,"PARCELA":223,"PARCELA_L":"A","SUBPARC":229,"CCA_MADRE":"02705000000000000000000000000000000022300A","NOMENCLA":"Circ. V - Pc. 223A - UF 229"},"geometry":{"type":"Polygon","coordinates":[[[-58.01181513170535,-35.53939990580249],[-58.01168508468261,-35.53938009885955],[-58.01161238673273,-35.53969888943391],[-58.01174243424496,-35.53971869647045],[-58.01181513170535,-35.53939990580249]]]}},{"type":"Feature","properties":{"CCA":"02705000000000000000000000000000000022300A000179","ARA1":431.73,"SAG":"ARBA","PARTIDO":"027","CIRC":5,"SECC":null,"CHACRA":null,"CHACRA_L":null,"QUINTA":null,"QUINTA_L":null,"FRACCION":null,"FRACC_L":null,"MANZANA":null,"MANZANA_L":null,"PARCELA":223,"PARCELA_L":"A","SUBPARC":179,"CCA_MADRE":"02705000000000000000000000000000000022300A","NOMENCLA":"Circ. V - Pc. 223A - UF 179"},"geometry":{"type":"Polygon","coordinates":[[[-58.013822255391176,-35.537637678455624],[-58.01374443608561,-35.537319650481805],[-58.0136148136447,-35.53734085389669],[-58.01369263245063,-35.537658881937226],[-58.013822255391176,-35.537637678455624]]]}},{"type":"Feature","properties":{"CCA":"02705000000000000000000000000000000022300A000294","ARA1":432.2,"SAG":"ARBA","PARTIDO":"027","CIRC":5,"SECC":null,"CHACRA":null,"CHACRA_L":null,"QUINTA":null,"QUINTA_L":null,"FRACCION":null,"FRACC_L":null,"MANZANA":null,"MANZANA_L":null,"PARCELA":223,"PARCELA_L":"A","SUBPARC":294,"CCA_MADRE":"02705000000000000000000000000000000022300A","NOMENCLA":"Circ. V - Pc. 223A - UF 294"},"geometry":{"type":"Polygon","coordinates":[[[-58.013951988472854,-35.537616476647834],[-58.013822255391176,-35.537637678455624],[-58.01390007303183,-35.53795579645932],[-58.01402980661376,-35.53793459458473],[-58.013951988472854,-35.537616476647834]]]}},{"type":"Feature","properties":{"CCA":"02705000000000000000000000000000000022300A000242","ARA1":431.29,"SAG":"ARBA","PARTIDO":"027","CIRC":5,"SECC":null,"CHACRA":null,"CHACRA_L":null,"QUINTA":null,"QUINTA_L":null,"FRACCION":null,"FRACC_L":null,"MANZANA":null,"MANZANA_L":null,"PARCELA":223,"PARCELA_L":"A","SUBPARC":242,"CCA_MADRE":"02705000000000000000000000000000000022300A","NOMENCLA":"Circ. V - Pc. 223A - UF 242"},"geometry":{"type":"Polygon","coordinates":[[[-58.013433660461295,-35.53997411269027],[-58.01350552456733,-35.53965755999204],[-58.01337558905463,-35.53963766658745],[-58.013302785039606,-35.539956546637974],[-58.01339034815555,-35.53996898341119],[-58.013433660461295,-35.53997411269027]]]}},{"type":"Feature","properties":{"CCA":"02705000000000000000000000000000000022300A000267","ARA1":916.53,"SAG":"ARBA","PARTIDO":"027","CIRC":5,"SECC":null,"CHACRA":null,"CHACRA_L":null,"QUINTA":null,"QUINTA_L":null,"FRACCION":null,"FRACC_L":null,"MANZANA":null,"MANZANA_L":null,"PARCELA":223,"PARCELA_L":"A","SUBPARC":267,"CCA_MADRE":"02705000000000000000000000000000000022300A","NOMENCLA":"Circ. V - Pc. 223A - UF 267"},"geometry":{"type":"Polygon","coordinates":[[[-58.0107071943459,-35.53896837185964],[-58.01069820345805,-35.539055632655256],[-58.01113613292138,-35.53888524665761],[-58.01113547901207,-35.53886261762011],[-58.01113520669082,-35.53882900114726],[-58.011141788713786,-35.53876783320562],[-58.010736016293436,-35.538734374638885],[-58.0107205607699,-35.53886018704361],[-58.0107071943459,-35.53896837185964]]]}},{"type":"Feature","properties":{"CCA":"02705000000000000000000000000000000022300A000475","ARA1":577.9,"SAG":"ARBA","PARTIDO":"027","CIRC":5,"SECC":null,"CHACRA":null,"CHACRA_L":null,"QUINTA":null,"QUINTA_L":null,"FRACCION":null,"FRACC_L":null,"MANZANA":null,"MANZANA_L":null,"PARCELA":223,"PARCELA_L":"A","SUBPARC":475,"CCA_MADRE":"02705000000000000000000000000000000022300A","NOMENCLA":"Circ. V - Pc. 223A - UF 475"},"geometry":{"type":"Polygon","coordinates":[[[-58.012055177261374,-35.53863934956893],[-58.01197494528762,-35.53899099738765],[-58.01211776951054,-35.538997858272445],[-58.01215726501263,-35.5389967974083],[-58.01220345515559,-35.53867090100725],[-58.012055177261374,-35.53863934956893]]]}},{"type":"Feature","properties":{"CCA":"02705000000000000000000000000000000022300A000079","ARA1":530.45,"SAG":"ARBA","PARTIDO":"027","CIRC":5,"SECC":null,"CHACRA":null,"CHACRA_L":null,"QUINTA":null,"QUINTA_L":null,"FRACCION":null,"FRACC_L":null,"MANZANA":null,"MANZANA_L":null,"PARCELA":223,"PARCELA_L":"A","SUBPARC":79,"CCA_MADRE":"02705000000000000000000000000000000022300A","NOMENCLA":"Circ. V - Pc. 223A - UF 79"},"geometry":{"type":"Polygon","coordinates":[[[-58.0096559509057,-35.53900914253454],[-58.009642708809935,-35.539116698471936],[-58.01012737243038,-35.53915659940683],[-58.01014061611592,-35.53904895332027],[-58.0096559509057,-35.53900914253454]]]}},{"type":"Feature","properties":{"CCA":"02705000000000000000000000000000000022300A000299","ARA1":432.2,"SAG":"ARBA","PARTIDO":"027","CIRC":5,"SECC":null,"CHACRA":null,"CHACRA_L":null,"QUINTA":null,"QUINTA_L":null,"FRACCION":null,"FRACC_L":null,"MANZANA":null,"MANZANA_L":null,"PARCELA":223,"PARCELA_L":"A","SUBPARC":299,"CCA_MADRE":"02705000000000000000000000000000000022300A","NOMENCLA":"Circ. V - Pc. 223A - UF 299"},"geometry":{"type":"Polygon","coordinates":[[[-58.014470809978356,-35.5375316661821],[-58.01454863011986,-35.53784978385193],[-58.014678363392626,-35.53782858126774],[-58.014600542750884,-35.53751046366468],[-58.014470809978356,-35.5375316661821]]]}},{"type":"Feature","properties":{"CCA":"02705000000000000000000000000000000022300A000343","ARA1":421.66,"SAG":"ARBA","PARTIDO":"027","CIRC":5,"SECC":null,"CHACRA":null,"CHACRA_L":null,"QUINTA":null,"QUINTA_L":null,"FRACCION":null,"FRACC_L":null,"MANZANA":null,"MANZANA_L":null,"PARCELA":223,"PARCELA_L":"A","SUBPARC":343,"CCA_MADRE":"02705000000000000000000000000000000022300A","NOMENCLA":"Circ. V - Pc. 223A - UF 343"},"geometry":{"type":"Polygon","coordinates":[[[-58.01486861550596,-35.539234497408316],[-58.014522858911285,-35.53909192222007],[-58.014466642742576,-35.539189849848505],[-58.01481239964204,-35.539332425206275],[-58.01486861550596,-35.539234497408316]]]}},{"type":"Feature","properties":{"CCA":"02705000000000000000000000000000000022300A000455","ARA1":432.08,"SAG":"ARBA","PARTIDO":"027","CIRC":5,"SECC":null,"CHACRA":null,"CHACRA_L":null,"QUINTA":null,"QUINTA_L":null,"FRACCION":null,"FRACC_L":null,"MANZANA":null,"MANZANA_L":null,"PARCELA":223,"PARCELA_L":"A","SUBPARC":455,"CCA_MADRE":"02705000000000000000000000000000000022300A","NOMENCLA":"Circ. V - Pc. 223A - UF 455"},"geometry":{"type":"Polygon","coordinates":[[[-58.013043411644475,-35.53853362951158],[-58.013173146345814,-35.53851242859871],[-58.013095328946825,-35.538194400304825],[-58.01296559474561,-35.53821560115093],[-58.013043411644475,-35.53853362951158]]]}},{"type":"Feature","properties":{"CCA":"02705000000000000000000000000000000022300A000209","ARA1":444.12,"SAG":"ARBA","PARTIDO":"027","CIRC":5,"SECC":null,"CHACRA":null,"CHACRA_L":null,"QUINTA":null,"QUINTA_L":null,"FRACCION":null,"FRACC_L":null,"MANZANA":null,"MANZANA_L":null,"PARCELA":223,"PARCELA_L":"A","SUBPARC":209,"CCA_MADRE":"02705000000000000000000000000000000022300A","NOMENCLA":"Circ. V - Pc. 223A - UF 209"},"geometry":{"type":"Polygon","coordinates":[[[-58.01080232883997,-35.53819659584633],[-58.0108155714063,-35.53808894963503],[-58.0104098003578,-35.5380555801575],[-58.01039655948392,-35.53816313623151],[-58.01080232883997,-35.53819659584633]]]}},{"type":"Feature","properties":{"CCA":"02705000000000000000000000000000000022300A000180","ARA1":432.08,"SAG":"ARBA","PARTIDO":"027","CIRC":5,"SECC":null,"CHACRA":null,"CHACRA_L":null,"QUINTA":null,"QUINTA_L":null,"FRACCION":null,"FRACC_L":null,"MANZANA":null,"MANZANA_L":null,"PARCELA":223,"PARCELA_L":"A","SUBPARC":180,"CCA_MADRE":"02705000000000000000000000000000000022300A","NOMENCLA":"Circ. V - Pc. 223A - UF 180"},"geometry":{"type":"Polygon","coordinates":[[[-58.01369263245063,-35.537658881937226],[-58.0136148136447,-35.53734085389669],[-58.01348508093954,-35.5373620553539],[-58.01356289924533,-35.537680083461254],[-58.01369263245063,-35.537658881937226]]]}},{"type":"Feature","properties":{"CCA":"02705000000000000000000000000000000022300A000117","ARA1":420.18,"SAG":"ARBA","PARTIDO":"027","CIRC":5,"SECC":null,"CHACRA":null,"CHACRA_L":null,"QUINTA":null,"QUINTA_L":null,"FRACCION":null,"FRACC_L":null,"MANZANA":null,"MANZANA_L":null,"PARCELA":223,"PARCELA_L":"A","SUBPARC":117,"CCA_MADRE":"02705000000000000000000000000000000022300A","NOMENCLA":"Circ. V - Pc. 223A - UF 117"},"geometry":{"type":"Polygon","coordinates":[[[-58.01186522150767,-35.54197074142533],[-58.011960458484715,-35.541895716458015],[-58.01169452602597,-35.54166803161844],[-58.011598101264994,-35.54174204554823],[-58.01186522150767,-35.54197074142533]]]}},{"type":"Feature","properties":{"CCA":"02705000000000000000000000000000000022300A000555","ARA1":421.61,"SAG":"ARBA","PARTIDO":"027","CIRC":5,"SECC":null,"CHACRA":null,"CHACRA_L":null,"QUINTA":null,"QUINTA_L":null,"FRACCION":null,"FRACC_L":null,"MANZANA":null,"MANZANA_L":null,"PARCELA":223,"PARCELA_L":"A","SUBPARC":555,"CCA_MADRE":"02705000000000000000000000000000000022300A","NOMENCLA":"Circ. V - Pc. 223A - UF 555"},"geometry":{"type":"Polygon","coordinates":[[[-58.01282606456303,-35.542851574650996],[-58.012744558357994,-35.54282590062237],[-58.012700468327495,-35.54281201733761],[-58.01255442578293,-35.54308715616091],[-58.01268446890323,-35.54313417616915],[-58.01282606456303,-35.542851574650996]]]}},{"type":"Feature","properties":{"CCA":"02705000000000000000000000000000000022300A000551","ARA1":374.35,"SAG":"ARBA","PARTIDO":"027","CIRC":5,"SECC":null,"CHACRA":null,"CHACRA_L":null,"QUINTA":null,"QUINTA_L":null,"FRACCION":null,"FRACC_L":null,"MANZANA":null,"MANZANA_L":null,"PARCELA":223,"PARCELA_L":"A","SUBPARC":551,"CCA_MADRE":"02705000000000000000000000000000000022300A","NOMENCLA":"Circ. V - Pc. 223A - UF 551"},"geometry":{"type":"Polygon","coordinates":[[[-58.01233159422023,-35.542689870624734],[-58.01221190090301,-35.54265239261673],[-58.01207292674731,-35.54291358984633],[-58.01219237007807,-35.5429567409621],[-58.01233159422023,-35.542689870624734]]]}},{"type":"Feature","properties":{"CCA":"02705000000000000000000000000000000022300A000107","ARA1":657.04,"SAG":"ARBA","PARTIDO":"027","CIRC":5,"SECC":null,"CHACRA":null,"CHACRA_L":null,"QUINTA":null,"QUINTA_L":null,"FRACCION":null,"FRACC_L":null,"MANZANA":null,"MANZANA_L":null,"PARCELA":223,"PARCELA_L":"A","SUBPARC":107,"CCA_MADRE":"02705000000000000000000000000000000022300A","NOMENCLA":"Circ. V - Pc. 223A - UF 107"},"geometry":{"type":"Polygon","coordinates":[[[-58.01294195260966,-35.540889662423986],[-58.01257869189684,-35.54097820211678],[-58.012845056706716,-35.54120625260726],[-58.01286517601144,-35.54118621882458],[-58.012881490455946,-35.54116846524499],[-58.012903633487305,-35.54114684278893],[-58.01292292981498,-35.54111994687638],[-58.01293725567645,-35.541093419592066],[-58.01294655958034,-35.54106041153524],[-58.01295529650297,-35.54101910377695],[-58.012957214270536,-35.5409860640821],[-58.01295605604238,-35.54094810760627],[-58.01294195260966,-35.540889662423986]]]}},{"type":"Feature","properties":{"CCA":"02705000000000000000000000000000000022300A000534","ARA1":564.82,"SAG":"ARBA","PARTIDO":"027","CIRC":5,"SECC":null,"CHACRA":null,"CHACRA_L":null,"QUINTA":null,"QUINTA_L":null,"FRACCION":null,"FRACC_L":null,"MANZANA":null,"MANZANA_L":null,"PARCELA":223,"PARCELA_L":"A","SUBPARC":534,"CCA_MADRE":"02705000000000000000000000000000000022300A","NOMENCLA":"Circ. V - Pc. 223A - UF 534"},"geometry":{"type":"Polygon","coordinates":[[[-58.01310507472311,-35.54169606497508],[-58.01275889261339,-35.541414073539315],[-58.012663330763225,-35.54148891358348],[-58.0130522072835,-35.54180558144976],[-58.01310507472311,-35.54169606497508]]]}},{"type":"Feature","properties":{"CCA":"02705000000000000000000000000000000022300A000254","ARA1":432.1,"SAG":"ARBA","PARTIDO":"027","CIRC":5,"SECC":null,"CHACRA":null,"CHACRA_L":null,"QUINTA":null,"QUINTA_L":null,"FRACCION":null,"FRACC_L":null,"MANZANA":null,"MANZANA_L":null,"PARCELA":223,"PARCELA_L":"A","SUBPARC":254,"CCA_MADRE":"02705000000000000000000000000000000022300A","NOMENCLA":"Circ. V - Pc. 223A - UF 254"},"geometry":{"type":"Polygon","coordinates":[[[-58.01272535041217,-35.539538638788905],[-58.01279815623937,-35.53921975912827],[-58.01266810921215,-35.539199953247255],[-58.01259530289536,-35.53951883281417],[-58.01272535041217,-35.539538638788905]]]}},{"type":"Feature","properties":{"CCA":"02705000000000000000000000000000000022300A000340","ARA1":421.46,"SAG":"ARBA","PARTIDO":"027","CIRC":5,"SECC":null,"CHACRA":null,"CHACRA_L":null,"QUINTA":null,"QUINTA_L":null,"FRACCION":null,"FRACC_L":null,"MANZANA":null,"MANZANA_L":null,"PARCELA":223,"PARCELA_L":"A","SUBPARC":340,"CCA_MADRE":"02705000000000000000000000000000000022300A","NOMENCLA":"Circ. V - Pc. 223A - UF 340"},"geometry":{"type":"Polygon","coordinates":[[[-58.015037257809894,-35.53894089397368],[-58.014691616774414,-35.538798140956764],[-58.01463540102962,-35.53889606868171],[-58.01498104458982,-35.53903873179204],[-58.015037257809894,-35.53894089397368]]]}},{"type":"Feature","properties":{"CCA":"02705000000000000000000000000000000022300A000440","ARA1":407.92,"SAG":"ARBA","PARTIDO":"027","CIRC":5,"SECC":null,"CHACRA":null,"CHACRA_L":null,"QUINTA":null,"QUINTA_L":null,"FRACCION":null,"FRACC_L":null,"MANZANA":null,"MANZANA_L":null,"PARCELA":223,"PARCELA_L":"A","SUBPARC":440,"CCA_MADRE":"02705000000000000000000000000000000022300A","NOMENCLA":"Circ. V - Pc. 223A - UF 440"},"geometry":{"type":"Polygon","coordinates":[[[-58.01788776688852,-35.53851948050812],[-58.01826197982965,-35.53853626603585],[-58.01826926594161,-35.53842834070931],[-58.01789505349846,-35.53841155522011],[-58.01788776688852,-35.53851948050812]]]}},{"type":"Feature","properties":{"CCA":"02705000000000000000000000000000000022300A000422","ARA1":408.08,"SAG":"ARBA","PARTIDO":"027","CIRC":5,"SECC":null,"CHACRA":null,"CHACRA_L":null,"QUINTA":null,"QUINTA_L":null,"FRACCION":null,"FRACC_L":null,"MANZANA":null,"MANZANA_L":null,"PARCELA":223,"PARCELA_L":"A","SUBPARC":422,"CCA_MADRE":"02705000000000000000000000000000000022300A","NOMENCLA":"Circ. V - Pc. 223A - UF 422"},"geometry":{"type":"Polygon","coordinates":[[[-58.01813700538485,-35.54040251738158],[-58.01776278161487,-35.540385821267236],[-58.01775549452121,-35.54049374650247],[-58.01812971657247,-35.54051053273152],[-58.01813700538485,-35.54040251738158]]]}},{"type":"Feature","properties":{"CCA":"027020A00010000000000000300000000000001000000007","ARA1":200.35,"SAG":"ARBA","PARTIDO":"027","CIRC":2,"SECC":"A","CHACRA":1,"CHACRA_L":null,"QUINTA":null,"QUINTA_L":null,"FRACCION":3,"FRACC_L":null,"MANZANA":null,"MANZANA_L":null,"PARCELA":1,"PARCELA_L":null,"SUBPARC":7,"CCA_MADRE":"027020A00010000000000000300000000000001000","NOMENCLA":"Circ. II - Secc. A - Ch. 1 - Fr. 3 - Pc. 1 - UF 7"},"geometry":{"type":"Polygon","coordinates":[[[-58.033597515355126,-35.56027740110988],[-58.03366534225134,-35.560204975806535],[-58.03349164954499,-35.56009680014517],[-58.033424040861746,-35.560169319024034],[-58.033597515355126,-35.56027740110988]]]}},{"type":"Feature","properties":{"CCA":"02705000000000000000000000000000000022300A000124","ARA1":1897.47,"SAG":"ARBA","PARTIDO":"027","CIRC":5,"SECC":null,"CHACRA":null,"CHACRA_L":null,"QUINTA":null,"QUINTA_L":null,"FRACCION":null,"FRACC_L":null,"MANZANA":null,"MANZANA_L":null,"PARCELA":223,"PARCELA_L":"A","SUBPARC":124,"CCA_MADRE":"02705000000000000000000000000000000022300A","NOMENCLA":"Circ. V - Pc. 223A - UF 124"},"geometry":{"type":"Polygon","coordinates":[[[-58.01142016844737,-35.54268790503515],[-58.01140614555333,-35.54265748601739],[-58.0113903156461,-35.54261541267549],[-58.01137983504992,-35.54258442130357],[-58.01032334654981,-35.54273739066229],[-58.01051876343562,-35.54280693877187],[-58.01091557747867,-35.54294946689477],[-58.01142016844737,-35.54268790503515]]]}},{"type":"Feature","properties":{"CCA":"02705000000000000000000000000000000022300A000030","ARA1":539.69,"SAG":"ARBA","PARTIDO":"027","CIRC":5,"SECC":null,"CHACRA":null,"CHACRA_L":null,"QUINTA":null,"QUINTA_L":null,"FRACCION":null,"FRACC_L":null,"MANZANA":null,"MANZANA_L":null,"PARCELA":223,"PARCELA_L":"A","SUBPARC":30,"CCA_MADRE":"02705000000000000000000000000000000022300A","NOMENCLA":"Circ. V - Pc. 223A - UF 30"},"geometry":{"type":"Polygon","coordinates":[[[-58.01434310105126,-35.53669268675693],[-58.014213479754225,-35.53671389085566],[-58.01431072761492,-35.537111447591215],[-58.01444034953655,-35.53709024340912],[-58.01434310105126,-35.53669268675693]]]}},{"type":"Feature","properties":{"CCA":"02705000000000000000000000000000000022300A000464","ARA1":439.9,"SAG":"ARBA","PARTIDO":"027","CIRC":5,"SECC":null,"CHACRA":null,"CHACRA_L":null,"QUINTA":null,"QUINTA_L":null,"FRACCION":null,"FRACC_L":null,"MANZANA":null,"MANZANA_L":null,"PARCELA":223,"PARCELA_L":"A","SUBPARC":464,"CCA_MADRE":"02705000000000000000000000000000000022300A","NOMENCLA":"Circ. V - Pc. 223A - UF 464"},"geometry":{"type":"Polygon","coordinates":[[[-58.011670482590134,-35.53855595892613],[-58.0116765104526,-35.53855741003573],[-58.01187944045094,-35.5381927371858],[-58.011701841766644,-35.538125287530875],[-58.011687763401106,-35.53811946835239],[-58.01168230494328,-35.5382557186353],[-58.01167812688492,-35.53836243311267],[-58.01167379857591,-35.53847076713597],[-58.011670482590134,-35.53855595892613]]]}},{"type":"Feature","properties":{"CCA":"02705000000000000000000000000000000022300A000235","ARA1":431.88,"SAG":"ARBA","PARTIDO":"027","CIRC":5,"SECC":null,"CHACRA":null,"CHACRA_L":null,"QUINTA":null,"QUINTA_L":null,"FRACCION":null,"FRACC_L":null,"MANZANA":null,"MANZANA_L":null,"PARCELA":223,"PARCELA_L":"A","SUBPARC":235,"CCA_MADRE":"02705000000000000000000000000000000022300A","NOMENCLA":"Circ. V - Pc. 223A - UF 235"},"geometry":{"type":"Polygon","coordinates":[[[-58.01259530289536,-35.53951883281417],[-58.01246536787749,-35.53949893844219],[-58.01239256043569,-35.53981781783691],[-58.01252260837143,-35.53983762404355],[-58.01259530289536,-35.53951883281417]]]}},{"type":"Feature","properties":{"CCA":"02705000000000000000000000000000000022300A000319","ARA1":641.73,"SAG":"ARBA","PARTIDO":"027","CIRC":5,"SECC":null,"CHACRA":null,"CHACRA_L":null,"QUINTA":null,"QUINTA_L":null,"FRACCION":null,"FRACC_L":null,"MANZANA":null,"MANZANA_L":null,"PARCELA":223,"PARCELA_L":"A","SUBPARC":319,"CCA_MADRE":"02705000000000000000000000000000000022300A","NOMENCLA":"Circ. V - Pc. 223A - UF 319"},"geometry":{"type":"Polygon","coordinates":[[[-58.01676875720465,-35.538469537116214],[-58.01648408881352,-35.53865778479314],[-58.01651330043523,-35.538666916242526],[-58.0165440823352,-35.53868391332115],[-58.016562684073,-35.53870305292077],[-58.01657432447205,-35.53872730451661],[-58.01657988508692,-35.53874325583065],[-58.016890246108936,-35.53864437177336],[-58.01690831290156,-35.538488233409765],[-58.01676875720465,-35.538469537116214]]]}},{"type":"Feature","properties":{"CCA":"02705000000000000000000000000000000022300A000116","ARA1":419.76,"SAG":"ARBA","PARTIDO":"027","CIRC":5,"SECC":null,"CHACRA":null,"CHACRA_L":null,"QUINTA":null,"QUINTA_L":null,"FRACCION":null,"FRACC_L":null,"MANZANA":null,"MANZANA_L":null,"PARCELA":223,"PARCELA_L":"A","SUBPARC":116,"CCA_MADRE":"02705000000000000000000000000000000022300A","NOMENCLA":"Circ. V - Pc. 223A - UF 116"},"geometry":{"type":"Polygon","coordinates":[[[-58.011960458484715,-35.541895716458015],[-58.01205666937154,-35.54182142837273],[-58.011790194720554,-35.54159337435018],[-58.01169452602597,-35.54166803161844],[-58.011960458484715,-35.541895716458015]]]}},{"type":"Feature","properties":{"CCA":"02705000000000000000000000000000000022300A000488","ARA1":431.89,"SAG":"ARBA","PARTIDO":"027","CIRC":5,"SECC":null,"CHACRA":null,"CHACRA_L":null,"QUINTA":null,"QUINTA_L":null,"FRACCION":null,"FRACC_L":null,"MANZANA":null,"MANZANA_L":null,"PARCELA":223,"PARCELA_L":"A","SUBPARC":488,"CCA_MADRE":"02705000000000000000000000000000000022300A","NOMENCLA":"Circ. V - Pc. 223A - UF 488"},"geometry":{"type":"Polygon","coordinates":[[[-58.013951332847675,-35.53838521650908],[-58.013821708721196,-35.538406420089146],[-58.01389941897242,-35.53872444618739],[-58.014029153802966,-35.53870324435621],[-58.013951332847675,-35.53838521650908]]]}},{"type":"Feature","properties":{"CCA":"02705000000000000000000000000000000022300A000148","ARA1":416.33,"SAG":"ARBA","PARTIDO":"027","CIRC":5,"SECC":null,"CHACRA":null,"CHACRA_L":null,"QUINTA":null,"QUINTA_L":null,"FRACCION":null,"FRACC_L":null,"MANZANA":null,"MANZANA_L":null,"PARCELA":223,"PARCELA_L":"A","SUBPARC":148,"CCA_MADRE":"02705000000000000000000000000000000022300A","NOMENCLA":"Circ. V - Pc. 223A - UF 148"},"geometry":{"type":"Polygon","coordinates":[[[-58.01430558283398,-35.54382141605978],[-58.014184490502785,-35.54377796950454],[-58.01403100734482,-35.54406434173599],[-58.01415221244228,-35.54410770019449],[-58.01430558283398,-35.54382141605978]]]}},{"type":"Feature","properties":{"CCA":"02705000000000000000000000000000000022300A000222","ARA1":431.96,"SAG":"ARBA","PARTIDO":"027","CIRC":5,"SECC":null,"CHACRA":null,"CHACRA_L":null,"QUINTA":null,"QUINTA_L":null,"FRACCION":null,"FRACC_L":null,"MANZANA":null,"MANZANA_L":null,"PARCELA":223,"PARCELA_L":"A","SUBPARC":222,"CCA_MADRE":"02705000000000000000000000000000000022300A","NOMENCLA":"Circ. V - Pc. 223A - UF 222"},"geometry":{"type":"Polygon","coordinates":[[[-58.010904916457946,-35.5392611660394],[-58.01077486992935,-35.539241358128244],[-58.01070216855361,-35.53956014804752],[-58.010832215571675,-35.5395799560523],[-58.010904916457946,-35.5392611660394]]]}},{"type":"Feature","properties":{"CCA":"02705000000000000000000000000000000022300A000426","ARA1":407.91,"SAG":"ARBA","PARTIDO":"027","CIRC":5,"SECC":null,"CHACRA":null,"CHACRA_L":null,"QUINTA":null,"QUINTA_L":null,"FRACCION":null,"FRACC_L":null,"MANZANA":null,"MANZANA_L":null,"PARCELA":223,"PARCELA_L":"A","SUBPARC":426,"CCA_MADRE":"02705000000000000000000000000000000022300A","NOMENCLA":"Circ. V - Pc. 223A - UF 426"},"geometry":{"type":"Polygon","coordinates":[[[-58.018165933306136,-35.53997072255787],[-58.01779171152876,-35.53995402659694],[-58.01778442454089,-35.540061951843704],[-58.01815864681629,-35.54007864784319],[-58.018165933306136,-35.53997072255787]]]}},{"type":"Feature","properties":{"CCA":"027020A00010000000000000300000000000001000000003","ARA1":201.15,"SAG":"ARBA","PARTIDO":"027","CIRC":2,"SECC":"A","CHACRA":1,"CHACRA_L":null,"QUINTA":null,"QUINTA_L":null,"FRACCION":3,"FRACC_L":null,"MANZANA":null,"MANZANA_L":null,"PARCELA":1,"PARCELA_L":null,"SUBPARC":3,"CCA_MADRE":"027020A00010000000000000300000000000001000","NOMENCLA":"Circ. II - Secc. A - Ch. 1 - Fr. 3 - Pc. 1 - UF 3"},"geometry":{"type":"Polygon","coordinates":[[[-58.03386689538955,-35.559989830910126],[-58.03393472399629,-35.55991731535957],[-58.03376048694143,-35.559808860867655],[-58.03369276851313,-35.55988137811771],[-58.03386689538955,-35.559989830910126]]]}},{"type":"Feature","properties":{"CCA":"02705000000000000000000000000000000022300A000240","ARA1":431.77,"SAG":"ARBA","PARTIDO":"027","CIRC":5,"SECC":null,"CHACRA":null,"CHACRA_L":null,"QUINTA":null,"QUINTA_L":null,"FRACCION":null,"FRACC_L":null,"MANZANA":null,"MANZANA_L":null,"PARCELA":223,"PARCELA_L":"A","SUBPARC":240,"CCA_MADRE":"02705000000000000000000000000000000022300A","NOMENCLA":"Circ. V - Pc. 223A - UF 240"},"geometry":{"type":"Polygon","coordinates":[[[-58.013245541185015,-35.53961786130442],[-58.013115713797006,-35.5395980595158],[-58.01304268839171,-35.53991693574619],[-58.01317273668037,-35.539936741261265],[-58.013245541185015,-35.53961786130442]]]}},{"type":"Feature","properties":{"CCA":"02705000000000000000000000000000000022300A000213","ARA1":443.81,"SAG":"ARBA","PARTIDO":"027","CIRC":5,"SECC":null,"CHACRA":null,"CHACRA_L":null,"QUINTA":null,"QUINTA_L":null,"FRACCION":null,"FRACC_L":null,"MANZANA":null,"MANZANA_L":null,"PARCELA":223,"PARCELA_L":"A","SUBPARC":213,"CCA_MADRE":"02705000000000000000000000000000000022300A","NOMENCLA":"Circ. V - Pc. 223A - UF 213"},"geometry":{"type":"Polygon","coordinates":[[[-58.01074925684664,-35.538626818525486],[-58.01076249735755,-35.538519262407696],[-58.010356834383266,-35.53848589450291],[-58.010343593340195,-35.53859345055927],[-58.01074925684664,-35.538626818525486]]]}},{"type":"Feature","properties":{"CCA":"02705000000000000000000000000000000022300A000496","ARA1":476.17,"SAG":"ARBA","PARTIDO":"027","CIRC":5,"SECC":null,"CHACRA":null,"CHACRA_L":null,"QUINTA":null,"QUINTA_L":null,"FRACCION":null,"FRACC_L":null,"MANZANA":null,"MANZANA_L":null,"PARCELA":223,"PARCELA_L":"A","SUBPARC":496,"CCA_MADRE":"02705000000000000000000000000000000022300A","NOMENCLA":"Circ. V - Pc. 223A - UF 496"},"geometry":{"type":"Polygon","coordinates":[[[-58.01416408139065,-35.539021401866954],[-58.01442113039383,-35.538974361895015],[-58.0144074586506,-35.53892520556464],[-58.014383915691866,-35.538882915425724],[-58.01435226119785,-35.538843195052216],[-58.01430741214317,-35.538819928165125],[-58.01425878782329,-35.53880669168639],[-58.014190804966375,-35.53880503116487],[-58.01411292728978,-35.53880672199548],[-58.01416408139065,-35.539021401866954]]]}},{"type":"Feature","properties":{"CCA":"02705000000000000000000000000000000022300A000143","ARA1":416.21,"SAG":"ARBA","PARTIDO":"027","CIRC":5,"SECC":null,"CHACRA":null,"CHACRA_L":null,"QUINTA":null,"QUINTA_L":null,"FRACCION":null,"FRACC_L":null,"MANZANA":null,"MANZANA_L":null,"PARCELA":223,"PARCELA_L":"A","SUBPARC":143,"CCA_MADRE":"02705000000000000000000000000000000022300A","NOMENCLA":"Circ. V - Pc. 223A - UF 143"},"geometry":{"type":"Polygon","coordinates":[[[-58.01369978301193,-35.54360453696158],[-58.013578578924786,-35.543561178076985],[-58.013425206532894,-35.543847461230285],[-58.01354630074213,-35.543890818462344],[-58.01369978301193,-35.54360453696158]]]}},{"type":"Feature","properties":{"CCA":"02705000000000000000000000000000000022300A000494","ARA1":335.89,"SAG":"ARBA","PARTIDO":"027","CIRC":5,"SECC":null,"CHACRA":null,"CHACRA_L":null,"QUINTA":null,"QUINTA_L":null,"FRACCION":null,"FRACC_L":null,"MANZANA":null,"MANZANA_L":null,"PARCELA":223,"PARCELA_L":"A","SUBPARC":494,"CCA_MADRE":"02705000000000000000000000000000000022300A","NOMENCLA":"Circ. V - Pc. 223A - UF 494"},"geometry":{"type":"Polygon","coordinates":[[[-58.01457541155065,-35.53817661283575],[-58.01459989336842,-35.53827920374277],[-58.014879952376894,-35.53823335271338],[-58.01489051921636,-35.53819378704979],[-58.01490019048565,-35.53814582616381],[-58.01489357644304,-35.538118953802744],[-58.01457541155065,-35.53817661283575]]]}},{"type":"Feature","properties":{"CCA":"02705000000000000000000000000000000022300A000236","ARA1":431.96,"SAG":"ARBA","PARTIDO":"027","CIRC":5,"SECC":null,"CHACRA":null,"CHACRA_L":null,"QUINTA":null,"QUINTA_L":null,"FRACCION":null,"FRACC_L":null,"MANZANA":null,"MANZANA_L":null,"PARCELA":223,"PARCELA_L":"A","SUBPARC":236,"CCA_MADRE":"02705000000000000000000000000000000022300A","NOMENCLA":"Circ. V - Pc. 223A - UF 236"},"geometry":{"type":"Polygon","coordinates":[[[-58.01272535041217,-35.539538638788905],[-58.01259530289536,-35.53951883281417],[-58.01252260837143,-35.53983762404355],[-58.01265265637773,-35.53985743011186],[-58.01272535041217,-35.539538638788905]]]}},{"type":"Feature","properties":{"CCA":"02705000000000000000000000000000000022300A000554","ARA1":396.78,"SAG":"ARBA","PARTIDO":"027","CIRC":5,"SECC":null,"CHACRA":null,"CHACRA_L":null,"QUINTA":null,"QUINTA_L":null,"FRACCION":null,"FRACC_L":null,"MANZANA":null,"MANZANA_L":null,"PARCELA":223,"PARCELA_L":"A","SUBPARC":554,"CCA_MADRE":"02705000000000000000000000000000000022300A","NOMENCLA":"Circ. V - Pc. 223A - UF 554"},"geometry":{"type":"Polygon","coordinates":[[[-58.01243454120977,-35.543043998123636],[-58.01255442578293,-35.54308715616091],[-58.012700468327495,-35.54281201733761],[-58.01257756394314,-35.54277061191239],[-58.01243454120977,-35.543043998123636]]]}},{"type":"Feature","properties":{"CCA":"02705000000000000000000000000000000022300A000204","ARA1":444.3,"SAG":"ARBA","PARTIDO":"027","CIRC":5,"SECC":null,"CHACRA":null,"CHACRA_L":null,"QUINTA":null,"QUINTA_L":null,"FRACCION":null,"FRACC_L":null,"MANZANA":null,"MANZANA_L":null,"PARCELA":223,"PARCELA_L":"A","SUBPARC":204,"CCA_MADRE":"02705000000000000000000000000000000022300A","NOMENCLA":"Circ. V - Pc. 223A - UF 204"},"geometry":{"type":"Polygon","coordinates":[[[-58.01086853234978,-35.53765872504914],[-58.01087787600986,-35.537588411199444],[-58.010881772479934,-35.53755116889165],[-58.01047600409287,-35.5375177997213],[-58.01046276343041,-35.53762535581736],[-58.01086853234978,-35.53765872504914]]]}},{"type":"Feature","properties":{"CCA":"02705000000000000000000000000000000022300A000145","ARA1":416.21,"SAG":"ARBA","PARTIDO":"027","CIRC":5,"SECC":null,"CHACRA":null,"CHACRA_L":null,"QUINTA":null,"QUINTA_L":null,"FRACCION":null,"FRACC_L":null,"MANZANA":null,"MANZANA_L":null,"PARCELA":223,"PARCELA_L":"A","SUBPARC":145,"CCA_MADRE":"02705000000000000000000000000000000022300A","NOMENCLA":"Circ. V - Pc. 223A - UF 145"},"geometry":{"type":"Polygon","coordinates":[[[-58.01394208138112,-35.54369125256101],[-58.013820987234425,-35.54364789572819],[-58.01366750529808,-35.54393417739268],[-58.01378870998943,-35.543977536205034],[-58.01394208138112,-35.54369125256101]]]}},{"type":"Feature","properties":{"CCA":"02705000000000000000000000000000000022300A000214","ARA1":443.81,"SAG":"ARBA","PARTIDO":"027","CIRC":5,"SECC":null,"CHACRA":null,"CHACRA_L":null,"QUINTA":null,"QUINTA_L":null,"FRACCION":null,"FRACC_L":null,"MANZANA":null,"MANZANA_L":null,"PARCELA":223,"PARCELA_L":"A","SUBPARC":214,"CCA_MADRE":"02705000000000000000000000000000000022300A","NOMENCLA":"Circ. V - Pc. 223A - UF 214"},"geometry":{"type":"Polygon","coordinates":[[[-58.010736016293436,-35.538734374638885],[-58.01074925684664,-35.538626818525486],[-58.010343593340195,-35.53859345055927],[-58.010330352254854,-35.53870100661124],[-58.010736016293436,-35.538734374638885]]]}},{"type":"Feature","properties":{"CCA":"02705000000000000000000000000000000022300A000513","ARA1":518.21,"SAG":"ARBA","PARTIDO":"027","CIRC":5,"SECC":null,"CHACRA":null,"CHACRA_L":null,"QUINTA":null,"QUINTA_L":null,"FRACCION":null,"FRACC_L":null,"MANZANA":null,"MANZANA_L":null,"PARCELA":223,"PARCELA_L":"A","SUBPARC":513,"CCA_MADRE":"02705000000000000000000000000000000022300A","NOMENCLA":"Circ. V - Pc. 223A - UF 513"},"geometry":{"type":"Polygon","coordinates":[[[-58.01238671234258,-35.540488068689655],[-58.01247411659645,-35.540104909413664],[-58.01234382337903,-35.54008609034253],[-58.012256784727704,-35.54046781374317],[-58.01238671234258,-35.540488068689655]]]}},{"type":"Feature","properties":{"CCA":"02705000000000000000000000000000000022300A000503","ARA1":343.99,"SAG":"ARBA","PARTIDO":"027","CIRC":5,"SECC":null,"CHACRA":null,"CHACRA_L":null,"QUINTA":null,"QUINTA_L":null,"FRACCION":null,"FRACC_L":null,"MANZANA":null,"MANZANA_L":null,"PARCELA":223,"PARCELA_L":"A","SUBPARC":503,"CCA_MADRE":"02705000000000000000000000000000000022300A","NOMENCLA":"Circ. V - Pc. 223A - UF 503"},"geometry":{"type":"Polygon","coordinates":[[[-58.01333473688593,-35.5389339349965],[-58.01320500153404,-35.53895513606136],[-58.01326179234183,-35.539187030563305],[-58.01340194283456,-35.53920844410578],[-58.01333473688593,-35.5389339349965]]]}},{"type":"Feature","properties":{"CCA":"02705000000000000000000000000000000022300A000280","ARA1":431.81,"SAG":"ARBA","PARTIDO":"027","CIRC":5,"SECC":null,"CHACRA":null,"CHACRA_L":null,"QUINTA":null,"QUINTA_L":null,"FRACCION":null,"FRACC_L":null,"MANZANA":null,"MANZANA_L":null,"PARCELA":223,"PARCELA_L":"A","SUBPARC":280,"CCA_MADRE":"02705000000000000000000000000000000022300A","NOMENCLA":"Circ. V - Pc. 223A - UF 280"},"geometry":{"type":"Polygon","coordinates":[[[-58.01224634335923,-35.537844464870574],[-58.01219631499499,-35.53782561744103],[-58.01212653333514,-35.537798604472414],[-58.011955370765286,-35.538091261060565],[-58.01207518333439,-35.53813703156186],[-58.01224634335923,-35.537844464870574]]]}},{"type":"Feature","properties":{"CCA":"02705000000000000000000000000000000022300A000265","ARA1":760.04,"SAG":"ARBA","PARTIDO":"027","CIRC":5,"SECC":null,"CHACRA":null,"CHACRA_L":null,"QUINTA":null,"QUINTA_L":null,"FRACCION":null,"FRACC_L":null,"MANZANA":null,"MANZANA_L":null,"PARCELA":223,"PARCELA_L":"A","SUBPARC":265,"CCA_MADRE":"02705000000000000000000000000000000022300A","NOMENCLA":"Circ. V - Pc. 223A - UF 265"},"geometry":{"type":"Polygon","coordinates":[[[-58.01129505646721,-35.53932058894289],[-58.01136775525008,-35.539001798570794],[-58.01131557711662,-35.53899408926323],[-58.01126630333903,-35.5389893114481],[-58.011215670313526,-35.5389815374747],[-58.01098608648156,-35.53927349905741],[-58.01103496305714,-35.53928097381223],[-58.01116500972688,-35.53930078144673],[-58.01129505646721,-35.53932058894289]]]}},{"type":"Feature","properties":{"CCA":"02705000000000000000000000000000000022300A000122","ARA1":994.88,"SAG":"ARBA","PARTIDO":"027","CIRC":5,"SECC":null,"CHACRA":null,"CHACRA_L":null,"QUINTA":null,"QUINTA_L":null,"FRACCION":null,"FRACC_L":null,"MANZANA":null,"MANZANA_L":null,"PARCELA":223,"PARCELA_L":"A","SUBPARC":122,"CCA_MADRE":"02705000000000000000000000000000000022300A","NOMENCLA":"Circ. V - Pc. 223A - UF 122"},"geometry":{"type":"Polygon","coordinates":[[[-58.011416426295284,-35.542361726152045],[-58.01105339615149,-35.542168302882466],[-58.010776279665166,-35.542384505904984],[-58.0113792268734,-35.542466183666704],[-58.01138302253792,-35.542446421532176],[-58.01139761932796,-35.542404489679164],[-58.011416426295284,-35.542361726152045]]]}},{"type":"Feature","properties":{"CCA":"02705000000000000000000000000000000022300A000273","ARA1":751.2,"SAG":"ARBA","PARTIDO":"027","CIRC":5,"SECC":null,"CHACRA":null,"CHACRA_L":null,"QUINTA":null,"QUINTA_L":null,"FRACCION":null,"FRACC_L":null,"MANZANA":null,"MANZANA_L":null,"PARCELA":223,"PARCELA_L":"A","SUBPARC":273,"CCA_MADRE":"02705000000000000000000000000000000022300A","NOMENCLA":"Circ. V - Pc. 223A - UF 273"},"geometry":{"type":"Polygon","coordinates":[[[-58.010828674805715,-35.53798247258687],[-58.0108155714063,-35.53808894963503],[-58.01080232883997,-35.53819659584633],[-58.011208100823275,-35.53822996402967],[-58.01121151411067,-35.53819442588011],[-58.01121911876153,-35.53817220342239],[-58.01123194381473,-35.53813501828899],[-58.01083447799094,-35.53793498891408],[-58.010828674805715,-35.53798247258687]]]}},{"type":"Feature","properties":{"CCA":"02705000000000000000000000000000000022300A000473","ARA1":492.22,"SAG":"ARBA","PARTIDO":"027","CIRC":5,"SECC":null,"CHACRA":null,"CHACRA_L":null,"QUINTA":null,"QUINTA_L":null,"FRACCION":null,"FRACC_L":null,"MANZANA":null,"MANZANA_L":null,"PARCELA":223,"PARCELA_L":"A","SUBPARC":473,"CCA_MADRE":"02705000000000000000000000000000000022300A","NOMENCLA":"Circ. V - Pc. 223A - UF 473"},"geometry":{"type":"Polygon","coordinates":[[[-58.01192686769309,-35.53861173176186],[-58.01179878529819,-35.53858384722835],[-58.01171485475255,-35.538951293670245],[-58.01184490109655,-35.53897110056015],[-58.01192686769309,-35.53861173176186]]]}},{"type":"Feature","properties":{"CCA":"02705000000000000000000000000000000022300A000175","ARA1":431.73,"SAG":"ARBA","PARTIDO":"027","CIRC":5,"SECC":null,"CHACRA":null,"CHACRA_L":null,"QUINTA":null,"QUINTA_L":null,"FRACCION":null,"FRACC_L":null,"MANZANA":null,"MANZANA_L":null,"PARCELA":223,"PARCELA_L":"A","SUBPARC":175,"CCA_MADRE":"02705000000000000000000000000000000022300A","NOMENCLA":"Circ. V - Pc. 223A - UF 175"},"geometry":{"type":"Polygon","coordinates":[[[-58.01421145445066,-35.5375740726064],[-58.01434107714402,-35.5375528685576],[-58.01426325583844,-35.53723484085088],[-58.01413363364476,-35.53725604483295],[-58.01421145445066,-35.5375740726064]]]}},{"type":"Feature","properties":{"CCA":"02705000000000000000000000000000000022300A000104","ARA1":417.66,"SAG":"ARBA","PARTIDO":"027","CIRC":5,"SECC":null,"CHACRA":null,"CHACRA_L":null,"QUINTA":null,"QUINTA_L":null,"FRACCION":null,"FRACC_L":null,"MANZANA":null,"MANZANA_L":null,"PARCELA":223,"PARCELA_L":"A","SUBPARC":104,"CCA_MADRE":"02705000000000000000000000000000000022300A","NOMENCLA":"Circ. V - Pc. 223A - UF 104"},"geometry":{"type":"Polygon","coordinates":[[[-58.01250981883972,-35.54064175783435],[-58.012380792605065,-35.540620706865894],[-58.01230482952598,-35.54092890082319],[-58.01243451302449,-35.540950142941554],[-58.01250981883972,-35.54064175783435]]]}},{"type":"Feature","properties":{"CCA":"02705000000000000000000000000000000022300A000550","ARA1":366.72,"SAG":"ARBA","PARTIDO":"027","CIRC":5,"SECC":null,"CHACRA":null,"CHACRA_L":null,"QUINTA":null,"QUINTA_L":null,"FRACCION":null,"FRACC_L":null,"MANZANA":null,"MANZANA_L":null,"PARCELA":223,"PARCELA_L":"A","SUBPARC":550,"CCA_MADRE":"02705000000000000000000000000000000022300A","NOMENCLA":"Circ. V - Pc. 223A - UF 550"},"geometry":{"type":"Polygon","coordinates":[[[-58.01221190090301,-35.54265239261673],[-58.012092313464386,-35.542615096462384],[-58.01195369729747,-35.542870712478646],[-58.01207292674731,-35.54291358984633],[-58.01221190090301,-35.54265239261673]]]}},{"type":"Feature","properties":{"CCA":"02705000000000000000000000000000000022300A000152","ARA1":445.68,"SAG":"ARBA","PARTIDO":"027","CIRC":5,"SECC":null,"CHACRA":null,"CHACRA_L":null,"QUINTA":null,"QUINTA_L":null,"FRACCION":null,"FRACC_L":null,"MANZANA":null,"MANZANA_L":null,"PARCELA":223,"PARCELA_L":"A","SUBPARC":152,"CCA_MADRE":"02705000000000000000000000000000000022300A","NOMENCLA":"Circ. V - Pc. 223A - UF 152"},"geometry":{"type":"Polygon","coordinates":[[[-58.01478994907202,-35.543995381255165],[-58.014669087726425,-35.5439514884214],[-58.014516434823946,-35.54424895880269],[-58.01463745085856,-35.54430447885863],[-58.01478994907202,-35.543995381255165]]]}},{"type":"Feature","properties":{"CCA":"02705000000000000000000000000000000022300A000585","ARA1":385.08,"SAG":"ARBA","PARTIDO":"027","CIRC":5,"SECC":null,"CHACRA":null,"CHACRA_L":null,"QUINTA":null,"QUINTA_L":null,"FRACCION":null,"FRACC_L":null,"MANZANA":null,"MANZANA_L":null,"PARCELA":223,"PARCELA_L":"A","SUBPARC":585,"CCA_MADRE":"02705000000000000000000000000000000022300A","NOMENCLA":"Circ. V - Pc. 223A - UF 585"},"geometry":{"type":"Polygon","coordinates":[[[-58.01317558331084,-35.54201550460528],[-58.013559708699724,-35.54201543708475],[-58.013558308926704,-35.541915749539065],[-58.013177062774375,-35.54191532384239],[-58.01317558331084,-35.54201550460528]]]}},{"type":"Feature","properties":{"CCA":"02705000000000000000000000000000000022300A000581","ARA1":353.81,"SAG":"ARBA","PARTIDO":"027","CIRC":5,"SECC":null,"CHACRA":null,"CHACRA_L":null,"QUINTA":null,"QUINTA_L":null,"FRACCION":null,"FRACC_L":null,"MANZANA":null,"MANZANA_L":null,"PARCELA":223,"PARCELA_L":"A","SUBPARC":581,"CCA_MADRE":"02705000000000000000000000000000000022300A","NOMENCLA":"Circ. V - Pc. 223A - UF 581"},"geometry":{"type":"Polygon","coordinates":[[[-58.01317386420924,-35.542134334712784],[-58.01316946167904,-35.542442356918215],[-58.013283982600015,-35.542443703716295],[-58.01328677822621,-35.54213376265313],[-58.01317386420924,-35.542134334712784]]]}},{"type":"Feature","properties":{"CCA":"02705000000000000000000000000000000022300A000506","ARA1":511.52,"SAG":"ARBA","PARTIDO":"027","CIRC":5,"SECC":null,"CHACRA":null,"CHACRA_L":null,"QUINTA":null,"QUINTA_L":null,"FRACCION":null,"FRACC_L":null,"MANZANA":null,"MANZANA_L":null,"PARCELA":223,"PARCELA_L":"A","SUBPARC":506,"CCA_MADRE":"02705000000000000000000000000000000022300A","NOMENCLA":"Circ. V - Pc. 223A - UF 506"},"geometry":{"type":"Polygon","coordinates":[[[-58.01325565690659,-35.54021781728971],[-58.0131675660649,-35.54060213733121],[-58.013224533236475,-35.540607942306345],[-58.013280541472525,-35.540603458618705],[-58.01330317256742,-35.54059779405038],[-58.01338595059672,-35.54023663538835],[-58.01325565690659,-35.54021781728971]]]}},{"type":"Feature","properties":{"CCA":"02705000000000000000000000000000000022300A000141","ARA1":416.5,"SAG":"ARBA","PARTIDO":"027","CIRC":5,"SECC":null,"CHACRA":null,"CHACRA_L":null,"QUINTA":null,"QUINTA_L":null,"FRACCION":null,"FRACC_L":null,"MANZANA":null,"MANZANA_L":null,"PARCELA":223,"PARCELA_L":"A","SUBPARC":141,"CCA_MADRE":"02705000000000000000000000000000000022300A","NOMENCLA":"Circ. V - Pc. 223A - UF 141"},"geometry":{"type":"Polygon","coordinates":[[[-58.01345748740615,-35.54351773081477],[-58.013336283589794,-35.54347437169434],[-58.01318279809766,-35.54376074277992],[-58.01330400224757,-35.543804102064094],[-58.01345748740615,-35.54351773081477]]]}},{"type":"Feature","properties":{"CCA":"02705000000000000000000000000000000022300A000399","ARA1":417.26,"SAG":"ARBA","PARTIDO":"027","CIRC":5,"SECC":null,"CHACRA":null,"CHACRA_L":null,"QUINTA":null,"QUINTA_L":null,"FRACCION":null,"FRACC_L":null,"MANZANA":null,"MANZANA_L":null,"PARCELA":223,"PARCELA_L":"A","SUBPARC":399,"CCA_MADRE":"02705000000000000000000000000000000022300A","NOMENCLA":"Circ. V - Pc. 223A - UF 399"},"geometry":{"type":"Polygon","coordinates":[[[-58.016804423888885,-35.543288896295984],[-58.016541961051104,-35.543053889767805],[-58.016446462680626,-35.54312621071374],[-58.016709141439755,-35.543361401224594],[-58.016804423888885,-35.543288896295984]]]}},{"type":"Feature","properties":{"CCA":"027020A00010000000000000300000000000001000000001","ARA1":440.45,"SAG":"ARBA","PARTIDO":"027","CIRC":2,"SECC":"A","CHACRA":1,"CHACRA_L":null,"QUINTA":null,"QUINTA_L":null,"FRACCION":3,"FRACC_L":null,"MANZANA":null,"MANZANA_L":null,"PARCELA":1,"PARCELA_L":null,"SUBPARC":1,"CCA_MADRE":"027020A00010000000000000300000000000001000","NOMENCLA":"Circ. II - Secc. A - Ch. 1 - Fr. 3 - Pc. 1 - UF 1"},"geometry":{"type":"Polygon","coordinates":[[[-58.03404121385668,-35.55950813866339],[-58.03382775110385,-35.55973687684206],[-58.03400209613681,-35.559845423110765],[-58.034047162210044,-35.55979731716538],[-58.034059935798965,-35.55978905493543],[-58.03407237448974,-35.55978547310051],[-58.03408598395002,-35.55978362250236],[-58.03404121385668,-35.55950813866339]]]}},{"type":"Feature","properties":{"CCA":"02705000000000000000000000000000000022300A000282","ARA1":402.07,"SAG":"ARBA","PARTIDO":"027","CIRC":5,"SECC":null,"CHACRA":null,"CHACRA_L":null,"QUINTA":null,"QUINTA_L":null,"FRACCION":null,"FRACC_L":null,"MANZANA":null,"MANZANA_L":null,"PARCELA":223,"PARCELA_L":"A","SUBPARC":282,"CCA_MADRE":"02705000000000000000000000000000000022300A","NOMENCLA":"Circ. V - Pc. 223A - UF 282"},"geometry":{"type":"Polygon","coordinates":[[[-58.01233961647356,-35.53788006534383],[-58.0122803138995,-35.53819231887334],[-58.01234681904082,-35.53819575835188],[-58.01238812758882,-35.53819716033857],[-58.01242792757785,-35.53819268012147],[-58.01247333238368,-35.53818892308538],[-58.01239551802185,-35.53787089442327],[-58.01233961647356,-35.53788006534383]]]}},{"type":"Feature","properties":{"CCA":"02705000000000000000000000000000000022300A000073","ARA1":530.24,"SAG":"ARBA","PARTIDO":"027","CIRC":5,"SECC":null,"CHACRA":null,"CHACRA_L":null,"QUINTA":null,"QUINTA_L":null,"FRACCION":null,"FRACC_L":null,"MANZANA":null,"MANZANA_L":null,"PARCELA":223,"PARCELA_L":"A","SUBPARC":73,"CCA_MADRE":"02705000000000000000000000000000000022300A","NOMENCLA":"Circ. V - Pc. 223A - UF 73"},"geometry":{"type":"Polygon","coordinates":[[[-58.00973911711383,-35.53833395078355],[-58.00972587528365,-35.538441506748626],[-58.01021053491289,-35.53848140722264],[-58.01022377610731,-35.53837385118417],[-58.00973911711383,-35.53833395078355]]]}},{"type":"Feature","properties":{"CCA":"02705000000000000000000000000000000022300A000405","ARA1":438.16,"SAG":"ARBA","PARTIDO":"027","CIRC":5,"SECC":null,"CHACRA":null,"CHACRA_L":null,"QUINTA":null,"QUINTA_L":null,"FRACCION":null,"FRACC_L":null,"MANZANA":null,"MANZANA_L":null,"PARCELA":223,"PARCELA_L":"A","SUBPARC":405,"CCA_MADRE":"02705000000000000000000000000000000022300A","NOMENCLA":"Circ. V - Pc. 223A - UF 405"},"geometry":{"type":"Polygon","coordinates":[[[-58.01740610887829,-35.54283128948991],[-58.01714461535643,-35.54259720132372],[-58.01704395080754,-35.542673402741585],[-58.01730555003746,-35.5429076730869],[-58.01740610887829,-35.54283128948991]]]}},{"type":"Feature","properties":{"CCA":"027020A00010000000000000300000000000001000000030","ARA1":197.22,"SAG":"ARBA","PARTIDO":"027","CIRC":2,"SECC":"A","CHACRA":1,"CHACRA_L":null,"QUINTA":null,"QUINTA_L":null,"FRACCION":3,"FRACC_L":null,"MANZANA":null,"MANZANA_L":null,"PARCELA":1,"PARCELA_L":null,"SUBPARC":30,"CCA_MADRE":"027020A00010000000000000300000000000001000","NOMENCLA":"Circ. II - Secc. A - Ch. 1 - Fr. 3 - Pc. 1 - UF 30"},"geometry":{"type":"Polygon","coordinates":[[[-58.03418748330123,-35.55982700025104],[-58.0342734027112,-35.559880666989685],[-58.03440771188123,-35.55973660462718],[-58.034321682291896,-35.559682936187286],[-58.03418748330123,-35.55982700025104]]]}},{"type":"Feature","properties":{"CCA":"02705000000000000000000000000000000022300A000191","ARA1":431.53,"SAG":"ARBA","PARTIDO":"027","CIRC":5,"SECC":null,"CHACRA":null,"CHACRA_L":null,"QUINTA":null,"QUINTA_L":null,"FRACCION":null,"FRACC_L":null,"MANZANA":null,"MANZANA_L":null,"PARCELA":223,"PARCELA_L":"A","SUBPARC":191,"CCA_MADRE":"02705000000000000000000000000000000022300A","NOMENCLA":"Circ. V - Pc. 223A - UF 191"},"geometry":{"type":"Polygon","coordinates":[[[-58.01188690926301,-35.5377070634828],[-58.01200706740122,-35.537752208955695],[-58.01217788061306,-35.53746026740512],[-58.0121245842205,-35.53743983414764],[-58.01205807119243,-35.53741440695591],[-58.01188690926301,-35.5377070634828]]]}},{"type":"Feature","properties":{"CCA":"02705000000000000000000000000000000022300A000435","ARA1":407.9,"SAG":"ARBA","PARTIDO":"027","CIRC":5,"SECC":null,"CHACRA":null,"CHACRA_L":null,"QUINTA":null,"QUINTA_L":null,"FRACCION":null,"FRACC_L":null,"MANZANA":null,"MANZANA_L":null,"PARCELA":223,"PARCELA_L":"A","SUBPARC":435,"CCA_MADRE":"02705000000000000000000000000000000022300A","NOMENCLA":"Circ. V - Pc. 223A - UF 435"},"geometry":{"type":"Polygon","coordinates":[[[-58.017851659622494,-35.53905929249339],[-58.01822587727106,-35.539075988136446],[-58.01823305331014,-35.53896806101265],[-58.017858836159654,-35.538951365407755],[-58.017851659622494,-35.53905929249339]]]}},{"type":"Feature","properties":{"CCA":"02705000000000000000000000000000000022300A000142","ARA1":416.33,"SAG":"ARBA","PARTIDO":"027","CIRC":5,"SECC":null,"CHACRA":null,"CHACRA_L":null,"QUINTA":null,"QUINTA_L":null,"FRACCION":null,"FRACC_L":null,"MANZANA":null,"MANZANA_L":null,"PARCELA":223,"PARCELA_L":"A","SUBPARC":142,"CCA_MADRE":"02705000000000000000000000000000000022300A","NOMENCLA":"Circ. V - Pc. 223A - UF 142"},"geometry":{"type":"Polygon","coordinates":[[[-58.013578578924786,-35.543561178076985],[-58.01345748740615,-35.54351773081477],[-58.01330400224757,-35.543804102064094],[-58.013425206532894,-35.543847461230285],[-58.013578578924786,-35.543561178076985]]]}},{"type":"Feature","properties":{"CCA":"02705000000000000000000000000000000022300A000398","ARA1":435.69,"SAG":"ARBA","PARTIDO":"027","CIRC":5,"SECC":null,"CHACRA":null,"CHACRA_L":null,"QUINTA":null,"QUINTA_L":null,"FRACCION":null,"FRACC_L":null,"MANZANA":null,"MANZANA_L":null,"PARCELA":223,"PARCELA_L":"A","SUBPARC":398,"CCA_MADRE":"02705000000000000000000000000000000022300A","NOMENCLA":"Circ. V - Pc. 223A - UF 398"},"geometry":{"type":"Polygon","coordinates":[[[-58.016709141439755,-35.543361401224594],[-58.016446462680626,-35.54312621071374],[-58.01634680646109,-35.543201707213086],[-58.016609485154206,-35.543436897936985],[-58.016709141439755,-35.543361401224594]]]}},{"type":"Feature","properties":{"CCA":"02705000000000000000000000000000000022300A000212","ARA1":443.88,"SAG":"ARBA","PARTIDO":"027","CIRC":5,"SECC":null,"CHACRA":null,"CHACRA_L":null,"QUINTA":null,"QUINTA_L":null,"FRACCION":null,"FRACC_L":null,"MANZANA":null,"MANZANA_L":null,"PARCELA":223,"PARCELA_L":"A","SUBPARC":212,"CCA_MADRE":"02705000000000000000000000000000000022300A","NOMENCLA":"Circ. V - Pc. 223A - UF 212"},"geometry":{"type":"Polygon","coordinates":[[[-58.01076249735755,-35.538519262407696],[-58.01077584802989,-35.53841170810397],[-58.010370075384046,-35.53837833844213],[-58.010356834383266,-35.53848589450291],[-58.01076249735755,-35.538519262407696]]]}},{"type":"Feature","properties":{"CCA":"02705000000000000000000000000000000022300A000168","ARA1":432.2,"SAG":"ARBA","PARTIDO":"027","CIRC":5,"SECC":null,"CHACRA":null,"CHACRA_L":null,"QUINTA":null,"QUINTA_L":null,"FRACCION":null,"FRACC_L":null,"MANZANA":null,"MANZANA_L":null,"PARCELA":223,"PARCELA_L":"A","SUBPARC":168,"CCA_MADRE":"02705000000000000000000000000000000022300A","NOMENCLA":"Circ. V - Pc. 223A - UF 168"},"geometry":{"type":"Polygon","coordinates":[[[-58.01504153871416,-35.53710762305503],[-58.01511914039466,-35.53742573680817],[-58.01511936080003,-35.537425740437094],[-58.01524898306086,-35.537404535395694],[-58.0151711604752,-35.53708641808037],[-58.01504153871416,-35.53710762305503]]]}},{"type":"Feature","properties":{"CCA":"02705000000000000000000000000000000022300A000140","ARA1":416.33,"SAG":"ARBA","PARTIDO":"027","CIRC":5,"SECC":null,"CHACRA":null,"CHACRA_L":null,"QUINTA":null,"QUINTA_L":null,"FRACCION":null,"FRACC_L":null,"MANZANA":null,"MANZANA_L":null,"PARCELA":223,"PARCELA_L":"A","SUBPARC":140,"CCA_MADRE":"02705000000000000000000000000000000022300A","NOMENCLA":"Circ. V - Pc. 223A - UF 140"},"geometry":{"type":"Polygon","coordinates":[[[-58.013336283589794,-35.54347437169434],[-58.01321507990878,-35.54343101245593],[-58.01306170651692,-35.54371729511852],[-58.01318279809766,-35.54376074277992],[-58.013336283589794,-35.54347437169434]]]}},{"type":"Feature","properties":{"CCA":"02705000000000000000000000000000000022300A000058","ARA1":2190.94,"SAG":"ARBA","PARTIDO":"027","CIRC":5,"SECC":null,"CHACRA":null,"CHACRA_L":null,"QUINTA":null,"QUINTA_L":null,"FRACCION":null,"FRACC_L":null,"MANZANA":null,"MANZANA_L":null,"PARCELA":223,"PARCELA_L":"A","SUBPARC":58,"CCA_MADRE":"02705000000000000000000000000000000022300A","NOMENCLA":"Circ. V - Pc. 223A - UF 58"},"geometry":{"type":"Polygon","coordinates":[[[-58.01060625951355,-35.5362703583856],[-58.01002136088039,-35.53604461503198],[-58.01061662687925,-35.53687275175799],[-58.01068619154536,-35.536850470430664],[-58.01075897561469,-35.53684067771967],[-58.01060625951355,-35.5362703583856]]]}},{"type":"Feature","properties":{"CCA":"02705000000000000000000000000000000022300A000490","ARA1":432.16,"SAG":"ARBA","PARTIDO":"027","CIRC":5,"SECC":null,"CHACRA":null,"CHACRA_L":null,"QUINTA":null,"QUINTA_L":null,"FRACCION":null,"FRACC_L":null,"MANZANA":null,"MANZANA_L":null,"PARCELA":223,"PARCELA_L":"A","SUBPARC":490,"CCA_MADRE":"02705000000000000000000000000000000022300A","NOMENCLA":"Circ. V - Pc. 223A - UF 490"},"geometry":{"type":"Polygon","coordinates":[[[-58.01408106711625,-35.53836401460272],[-58.014158888571686,-35.53868204238306],[-58.01424467449984,-35.53866813636112],[-58.01428862327856,-35.53866084026796],[-58.014210801323,-35.538342812554404],[-58.01408106711625,-35.53836401460272]]]}},{"type":"Feature","properties":{"CCA":"02705000000000000000000000000000000022300A000219","ARA1":471.9,"SAG":"ARBA","PARTIDO":"027","CIRC":5,"SECC":null,"CHACRA":null,"CHACRA_L":null,"QUINTA":null,"QUINTA_L":null,"FRACCION":null,"FRACC_L":null,"MANZANA":null,"MANZANA_L":null,"PARCELA":223,"PARCELA_L":"A","SUBPARC":219,"CCA_MADRE":"02705000000000000000000000000000000022300A","NOMENCLA":"Circ. V - Pc. 223A - UF 219"},"geometry":{"type":"Polygon","coordinates":[[[-58.01067988705032,-35.53919013875293],[-58.010274220756706,-35.53915677046493],[-58.01025946230678,-35.53927664686864],[-58.010611766566406,-35.539305620227786],[-58.010675468271785,-35.53922620096041],[-58.01067988705032,-35.53919013875293]]]}},{"type":"Feature","properties":{"CCA":"02705000000000000000000000000000000022300A000113","ARA1":420.01,"SAG":"ARBA","PARTIDO":"027","CIRC":5,"SECC":null,"CHACRA":null,"CHACRA_L":null,"QUINTA":null,"QUINTA_L":null,"FRACCION":null,"FRACC_L":null,"MANZANA":null,"MANZANA_L":null,"PARCELA":223,"PARCELA_L":"A","SUBPARC":113,"CCA_MADRE":"02705000000000000000000000000000000022300A","NOMENCLA":"Circ. V - Pc. 223A - UF 113"},"geometry":{"type":"Polygon","coordinates":[[[-58.01224800409474,-35.54167220324805],[-58.01234367230245,-35.54159754552391],[-58.01207730994942,-35.541369403867286],[-58.011981641786335,-35.541444061383395],[-58.01224800409474,-35.54167220324805]]]}},{"type":"Feature","properties":{"CCA":"02705000000000000000000000000000000022300A000278","ARA1":432.47,"SAG":"ARBA","PARTIDO":"027","CIRC":5,"SECC":null,"CHACRA":null,"CHACRA_L":null,"QUINTA":null,"QUINTA_L":null,"FRACCION":null,"FRACC_L":null,"MANZANA":null,"MANZANA_L":null,"PARCELA":223,"PARCELA_L":"A","SUBPARC":278,"CCA_MADRE":"02705000000000000000000000000000000022300A","NOMENCLA":"Circ. V - Pc. 223A - UF 278"},"geometry":{"type":"Polygon","coordinates":[[[-58.01188690926301,-35.5377070634828],[-58.011715638069845,-35.537999627819346],[-58.01183544813364,-35.538045488626715],[-58.01200706740122,-35.537752208955695],[-58.01188690926301,-35.5377070634828]]]}},{"type":"Feature","properties":{"CCA":"02705000000000000000000000000000000022300A000450","ARA1":432.08,"SAG":"ARBA","PARTIDO":"027","CIRC":5,"SECC":null,"CHACRA":null,"CHACRA_L":null,"QUINTA":null,"QUINTA_L":null,"FRACCION":null,"FRACC_L":null,"MANZANA":null,"MANZANA_L":null,"PARCELA":223,"PARCELA_L":"A","SUBPARC":450,"CCA_MADRE":"02705000000000000000000000000000000022300A","NOMENCLA":"Circ. V - Pc. 223A - UF 450"},"geometry":{"type":"Polygon","coordinates":[[[-58.01369197432898,-35.53842762171173],[-58.013821708721196,-35.538406420089146],[-58.013743888821956,-35.53808839212918],[-58.01361415492989,-35.53810959368493],[-58.01369197432898,-35.53842762171173]]]}},{"type":"Feature","properties":{"CCA":"02705000000000000000000000000000000022300A000165","ARA1":578.58,"SAG":"ARBA","PARTIDO":"027","CIRC":5,"SECC":null,"CHACRA":null,"CHACRA_L":null,"QUINTA":null,"QUINTA_L":null,"FRACCION":null,"FRACC_L":null,"MANZANA":null,"MANZANA_L":null,"PARCELA":223,"PARCELA_L":"A","SUBPARC":165,"CCA_MADRE":"02705000000000000000000000000000000022300A","NOMENCLA":"Circ. V - Pc. 223A - UF 165"},"geometry":{"type":"Polygon","coordinates":[[[-58.0154565653498,-35.537150050399966],[-58.01599154308692,-35.53706261565915],[-58.01598913714433,-35.53703049595739],[-58.015964125715264,-35.536989623746535],[-58.015940555040615,-35.536979773996585],[-58.01590678586545,-35.53697218943577],[-58.015861862596935,-35.53697433367833],[-58.01543062421627,-35.53704401133427],[-58.0154565653498,-35.537150050399966]]]}},{"type":"Feature","properties":{"CCA":"02705000000000000000000000000000000022300A000521","ARA1":503.28,"SAG":"ARBA","PARTIDO":"027","CIRC":5,"SECC":null,"CHACRA":null,"CHACRA_L":null,"QUINTA":null,"QUINTA_L":null,"FRACCION":null,"FRACC_L":null,"MANZANA":null,"MANZANA_L":null,"PARCELA":223,"PARCELA_L":"A","SUBPARC":521,"CCA_MADRE":"02705000000000000000000000000000000022300A","NOMENCLA":"Circ. V - Pc. 223A - UF 521"},"geometry":{"type":"Polygon","coordinates":[[[-58.01134717210956,-35.54032647381392],[-58.01143210559018,-35.5399542683316],[-58.01130181291313,-35.53993544814915],[-58.01121725396742,-35.54030585745969],[-58.01134717210956,-35.54032647381392]]]}},{"type":"Feature","properties":{"CCA":"02705000000000000000000000000000000022300A000413","ARA1":407.9,"SAG":"ARBA","PARTIDO":"027","CIRC":5,"SECC":null,"CHACRA":null,"CHACRA_L":null,"QUINTA":null,"QUINTA_L":null,"FRACCION":null,"FRACC_L":null,"MANZANA":null,"MANZANA_L":null,"PARCELA":223,"PARCELA_L":"A","SUBPARC":413,"CCA_MADRE":"02705000000000000000000000000000000022300A","NOMENCLA":"Circ. V - Pc. 223A - UF 413"},"geometry":{"type":"Polygon","coordinates":[[[-58.017688858881655,-35.54148983718606],[-58.01806308552966,-35.54150662376868],[-58.018070262160904,-35.54139869670962],[-58.01769603601098,-35.54138191016516],[-58.017688858881655,-35.54148983718606]]]}},{"type":"Feature","properties":{"CCA":"02705000000000000000000000000000000022300A000018","ARA1":634.77,"SAG":"ARBA","PARTIDO":"027","CIRC":5,"SECC":null,"CHACRA":null,"CHACRA_L":null,"QUINTA":null,"QUINTA_L":null,"FRACCION":null,"FRACC_L":null,"MANZANA":null,"MANZANA_L":null,"PARCELA":223,"PARCELA_L":"A","SUBPARC":18,"CCA_MADRE":"02705000000000000000000000000000000022300A","NOMENCLA":"Circ. V - Pc. 223A - UF 18"},"geometry":{"type":"Polygon","coordinates":[[[-58.01586706821175,-35.53685700256314],[-58.015908388780375,-35.536848941701145],[-58.015937723957265,-35.53683960221949],[-58.015961154820545,-35.53682827319357],[-58.01597374225503,-35.5368140623272],[-58.01598335053792,-35.53679547702243],[-58.01598674683668,-35.536769490357955],[-58.015955756675076,-35.536429796273005],[-58.01576981285149,-35.53645944682891],[-58.01586706821175,-35.53685700256314]]]}},{"type":"Feature","properties":{"CCA":"02705000000000000000000000000000000022300A000199","ARA1":448.19,"SAG":"ARBA","PARTIDO":"027","CIRC":5,"SECC":null,"CHACRA":null,"CHACRA_L":null,"QUINTA":null,"QUINTA_L":null,"FRACCION":null,"FRACC_L":null,"MANZANA":null,"MANZANA_L":null,"PARCELA":223,"PARCELA_L":"A","SUBPARC":199,"CCA_MADRE":"02705000000000000000000000000000000022300A","NOMENCLA":"Circ. V - Pc. 223A - UF 199"},"geometry":{"type":"Polygon","coordinates":[[[-58.010908376163194,-35.53733551792658],[-58.01103752971335,-35.53738243479958],[-58.01120869392433,-35.537089779542086],[-58.01108888341931,-35.5370440082383],[-58.010908376163194,-35.53733551792658]]]}},{"type":"Feature","properties":{"CCA":"02705000000000000000000000000000000022300A000495","ARA1":383.73,"SAG":"ARBA","PARTIDO":"027","CIRC":5,"SECC":null,"CHACRA":null,"CHACRA_L":null,"QUINTA":null,"QUINTA_L":null,"FRACCION":null,"FRACC_L":null,"MANZANA":null,"MANZANA_L":null,"PARCELA":223,"PARCELA_L":"A","SUBPARC":495,"CCA_MADRE":"02705000000000000000000000000000000022300A","NOMENCLA":"Circ. V - Pc. 223A - UF 495"},"geometry":{"type":"Polygon","coordinates":[[[-58.01416408139065,-35.539021401866954],[-58.01421631589836,-35.53922357386049],[-58.01429865196271,-35.53917969359906],[-58.01434802110636,-35.53913590105714],[-58.01438299831555,-35.5390989903376],[-58.014411466742374,-35.53906224273913],[-58.01442113620377,-35.53901437198675],[-58.01442113039383,-35.538974361895015],[-58.01416408139065,-35.539021401866954]]]}},{"type":"Feature","properties":{"CCA":"02705000000000000000000000000000000022300A000251","ARA1":432.41,"SAG":"ARBA","PARTIDO":"027","CIRC":5,"SECC":null,"CHACRA":null,"CHACRA_L":null,"QUINTA":null,"QUINTA_L":null,"FRACCION":null,"FRACC_L":null,"MANZANA":null,"MANZANA_L":null,"PARCELA":223,"PARCELA_L":"A","SUBPARC":251,"CCA_MADRE":"02705000000000000000000000000000000022300A","NOMENCLA":"Circ. V - Pc. 223A - UF 251"},"geometry":{"type":"Polygon","coordinates":[[[-58.01305814030038,-35.539259368658875],[-58.012985445657456,-35.5395782503233],[-58.01311549338597,-35.53959805588302],[-58.013115713797006,-35.5395980595158],[-58.013188185317034,-35.53927926420096],[-58.01305814030038,-35.539259368658875]]]}},{"type":"Feature","properties":{"CCA":"02705000000000000000000000000000000022300A000588","ARA1":471.96,"SAG":"ARBA","PARTIDO":"027","CIRC":5,"SECC":null,"CHACRA":null,"CHACRA_L":null,"QUINTA":null,"QUINTA_L":null,"FRACCION":null,"FRACC_L":null,"MANZANA":null,"MANZANA_L":null,"PARCELA":223,"PARCELA_L":"A","SUBPARC":588,"CCA_MADRE":"02705000000000000000000000000000000022300A","NOMENCLA":"Circ. V - Pc. 223A - UF 588"},"geometry":{"type":"Polygon","coordinates":[[[-58.01315794201275,-35.54158654847067],[-58.01310507472311,-35.54169606497508],[-58.0135612904359,-35.541696554832804],[-58.01355945826069,-35.54158757856408],[-58.01315794201275,-35.54158654847067]]]}},{"type":"Feature","properties":{"CCA":"02705000000000000000000000000000000022300A000429","ARA1":408.07,"SAG":"ARBA","PARTIDO":"027","CIRC":5,"SECC":null,"CHACRA":null,"CHACRA_L":null,"QUINTA":null,"QUINTA_L":null,"FRACCION":null,"FRACC_L":null,"MANZANA":null,"MANZANA_L":null,"PARCELA":223,"PARCELA_L":"A","SUBPARC":429,"CCA_MADRE":"02705000000000000000000000000000000022300A","NOMENCLA":"Circ. V - Pc. 223A - UF 429"},"geometry":{"type":"Polygon","coordinates":[[[-58.0178082647968,-35.53970702966293],[-58.018182485434366,-35.539723725536106],[-58.01818966163128,-35.53961579842958],[-58.01781544370882,-35.53959901251836],[-58.0178082647968,-35.53970702966293]]]}},{"type":"Feature","properties":{"CCA":"02705000000000000000000000000000000022300A000247","ARA1":432.08,"SAG":"ARBA","PARTIDO":"027","CIRC":5,"SECC":null,"CHACRA":null,"CHACRA_L":null,"QUINTA":null,"QUINTA_L":null,"FRACCION":null,"FRACC_L":null,"MANZANA":null,"MANZANA_L":null,"PARCELA":223,"PARCELA_L":"A","SUBPARC":247,"CCA_MADRE":"02705000000000000000000000000000000022300A","NOMENCLA":"Circ. V - Pc. 223A - UF 247"},"geometry":{"type":"Polygon","coordinates":[[[-58.01363557257815,-35.53967736499854],[-58.01366882370199,-35.53953166016959],[-58.013708374978606,-35.53935848468215],[-58.01357832745738,-35.539338679769344],[-58.01350552456733,-35.53965755999204],[-58.01363557257815,-35.53967736499854]]]}},{"type":"Feature","properties":{"CCA":"02705000000000000000000000000000000022300A000344","ARA1":421.86,"SAG":"ARBA","PARTIDO":"027","CIRC":5,"SECC":null,"CHACRA":null,"CHACRA_L":null,"QUINTA":null,"QUINTA_L":null,"FRACCION":null,"FRACC_L":null,"MANZANA":null,"MANZANA_L":null,"PARCELA":223,"PARCELA_L":"A","SUBPARC":344,"CCA_MADRE":"02705000000000000000000000000000000022300A","NOMENCLA":"Circ. V - Pc. 223A - UF 344"},"geometry":{"type":"Polygon","coordinates":[[[-58.01481239964204,-35.539332425206275],[-58.014466642742576,-35.539189849848505],[-58.01441031844819,-35.53928768555358],[-58.014756071210975,-35.53943044123322],[-58.01481239964204,-35.539332425206275]]]}},{"type":"Feature","properties":{"CCA":"02705000000000000000000000000000000022300A000137","ARA1":416.21,"SAG":"ARBA","PARTIDO":"027","CIRC":5,"SECC":null,"CHACRA":null,"CHACRA_L":null,"QUINTA":null,"QUINTA_L":null,"FRACCION":null,"FRACC_L":null,"MANZANA":null,"MANZANA_L":null,"PARCELA":223,"PARCELA_L":"A","SUBPARC":137,"CCA_MADRE":"02705000000000000000000000000000000022300A","NOMENCLA":"Circ. V - Pc. 223A - UF 137"},"geometry":{"type":"Polygon","coordinates":[[[-58.01297278316353,-35.543344295441855],[-58.012851579888554,-35.5433009358496],[-58.01269820549654,-35.54358721802146],[-58.01281929889402,-35.54363057596052],[-58.01297278316353,-35.543344295441855]]]}},{"type":"Feature","properties":{"CCA":"02705000000000000000000000000000000022300A000542","ARA1":478.78,"SAG":"ARBA","PARTIDO":"027","CIRC":5,"SECC":null,"CHACRA":null,"CHACRA_L":null,"QUINTA":null,"QUINTA_L":null,"FRACCION":null,"FRACC_L":null,"MANZANA":null,"MANZANA_L":null,"PARCELA":223,"PARCELA_L":"A","SUBPARC":542,"CCA_MADRE":"02705000000000000000000000000000000022300A","NOMENCLA":"Circ. V - Pc. 223A - UF 542"},"geometry":{"type":"Polygon","coordinates":[[[-58.01218466917654,-35.54233970369036],[-58.01220657480716,-35.542327719499184],[-58.01229899629099,-35.54227742878619],[-58.01198448321738,-35.54202118884799],[-58.011887233437825,-35.542097352097485],[-58.01218466917654,-35.54233970369036]]]}},{"type":"Feature","properties":{"CCA":"02705000000000000000000000000000000022300A000471","ARA1":394.85,"SAG":"ARBA","PARTIDO":"027","CIRC":5,"SECC":null,"CHACRA":null,"CHACRA_L":null,"QUINTA":null,"QUINTA_L":null,"FRACCION":null,"FRACC_L":null,"MANZANA":null,"MANZANA_L":null,"PARCELA":223,"PARCELA_L":"A","SUBPARC":471,"CCA_MADRE":"02705000000000000000000000000000000022300A","NOMENCLA":"Circ. V - Pc. 223A - UF 471"},"geometry":{"type":"Polygon","coordinates":[[[-58.01161669499226,-35.53879206778862],[-58.011279906799494,-35.53876434460407],[-58.01128048998041,-35.53880769836152],[-58.01130685431208,-35.53885174776323],[-58.011346197907926,-35.53887916022417],[-58.011381812158106,-35.53889686911005],[-58.01141897351657,-35.538905502138704],[-58.011584918683596,-35.538931488459745],[-58.01161669499226,-35.53879206778862]]]}},{"type":"Feature","properties":{"CCA":"02705000000000000000000000000000000022300A000217","ARA1":487.77,"SAG":"ARBA","PARTIDO":"027","CIRC":5,"SECC":null,"CHACRA":null,"CHACRA_L":null,"QUINTA":null,"QUINTA_L":null,"FRACCION":null,"FRACC_L":null,"MANZANA":null,"MANZANA_L":null,"PARCELA":223,"PARCELA_L":"A","SUBPARC":217,"CCA_MADRE":"02705000000000000000000000000000000022300A","NOMENCLA":"Circ. V - Pc. 223A - UF 217"},"geometry":{"type":"Polygon","coordinates":[[[-58.0107071943459,-35.53896837185964],[-58.01030153137493,-35.538934913622505],[-58.01028692996066,-35.53905290026356],[-58.01069270594497,-35.539086270311074],[-58.01069820345805,-35.539055632655256],[-58.0107071943459,-35.53896837185964]]]}},{"type":"Feature","properties":{"CCA":"02705000000000000000000000000000000022300A000048","ARA1":546.98,"SAG":"ARBA","PARTIDO":"027","CIRC":5,"SECC":null,"CHACRA":null,"CHACRA_L":null,"QUINTA":null,"QUINTA_L":null,"FRACCION":null,"FRACC_L":null,"MANZANA":null,"MANZANA_L":null,"PARCELA":223,"PARCELA_L":"A","SUBPARC":48,"CCA_MADRE":"02705000000000000000000000000000000022300A","NOMENCLA":"Circ. V - Pc. 223A - UF 48"},"geometry":{"type":"Polygon","coordinates":[[[-58.01221562745153,-35.53688678251412],[-58.012095818845154,-35.536840922125336],[-58.01188311915271,-35.537213003821265],[-58.01200293039444,-35.53725877435699],[-58.01221562745153,-35.53688678251412]]]}},{"type":"Feature","properties":{"CCA":"02705000000000000000000000000000000022300A000146","ARA1":416.33,"SAG":"ARBA","PARTIDO":"027","CIRC":5,"SECC":null,"CHACRA":null,"CHACRA_L":null,"QUINTA":null,"QUINTA_L":null,"FRACCION":null,"FRACC_L":null,"MANZANA":null,"MANZANA_L":null,"PARCELA":223,"PARCELA_L":"A","SUBPARC":146,"CCA_MADRE":"02705000000000000000000000000000000022300A","NOMENCLA":"Circ. V - Pc. 223A - UF 146"},"geometry":{"type":"Polygon","coordinates":[[[-58.01406328587427,-35.543734611091786],[-58.01394208138112,-35.54369125256101],[-58.01378870998943,-35.543977536205034],[-58.01390980238269,-35.54402098315946],[-58.01406328587427,-35.543734611091786]]]}},{"type":"Feature","properties":{"CCA":"02705000000000000000000000000000000022300A000193","ARA1":432.18,"SAG":"ARBA","PARTIDO":"027","CIRC":5,"SECC":null,"CHACRA":null,"CHACRA_L":null,"QUINTA":null,"QUINTA_L":null,"FRACCION":null,"FRACC_L":null,"MANZANA":null,"MANZANA_L":null,"PARCELA":223,"PARCELA_L":"A","SUBPARC":193,"CCA_MADRE":"02705000000000000000000000000000000022300A","NOMENCLA":"Circ. V - Pc. 223A - UF 193"},"geometry":{"type":"Polygon","coordinates":[[[-58.01164717777495,-35.537615430139546],[-58.01176709743805,-35.537661292815436],[-58.01193825968937,-35.53736863646761],[-58.011818448327034,-35.53732286586432],[-58.01164717777495,-35.537615430139546]]]}},{"type":"Feature","properties":{"CCA":"02705000000000000000000000000000000022300A000218","ARA1":428.64,"SAG":"ARBA","PARTIDO":"027","CIRC":5,"SECC":null,"CHACRA":null,"CHACRA_L":null,"QUINTA":null,"QUINTA_L":null,"FRACCION":null,"FRACC_L":null,"MANZANA":null,"MANZANA_L":null,"PARCELA":223,"PARCELA_L":"A","SUBPARC":218,"CCA_MADRE":"02705000000000000000000000000000000022300A","NOMENCLA":"Circ. V - Pc. 223A - UF 218"},"geometry":{"type":"Polygon","coordinates":[[[-58.01067988705032,-35.53919013875293],[-58.01069270594497,-35.539086270311074],[-58.01028692996066,-35.53905290026356],[-58.010274220756706,-35.53915677046493],[-58.01067988705032,-35.53919013875293]]]}},{"type":"Feature","properties":{"CCA":"02705000000000000000000000000000000022300A000036","ARA1":539.91,"SAG":"ARBA","PARTIDO":"027","CIRC":5,"SECC":null,"CHACRA":null,"CHACRA_L":null,"QUINTA":null,"QUINTA_L":null,"FRACCION":null,"FRACC_L":null,"MANZANA":null,"MANZANA_L":null,"PARCELA":223,"PARCELA_L":"A","SUBPARC":36,"CCA_MADRE":"02705000000000000000000000000000000022300A","NOMENCLA":"Circ. V - Pc. 223A - UF 36"},"geometry":{"type":"Polygon","coordinates":[[[-58.01366217627075,-35.53721745911296],[-58.013564931535335,-35.53681990196022],[-58.01343519966574,-35.53684110339223],[-58.0135324482193,-35.53723848047643],[-58.01366217627075,-35.53721745911296]]]}},{"type":"Feature","properties":{"CCA":"02705000000000000000000000000000000022300A000591","ARA1":515.28,"SAG":"ARBA","PARTIDO":"027","CIRC":5,"SECC":null,"CHACRA":null,"CHACRA_L":null,"QUINTA":null,"QUINTA_L":null,"FRACCION":null,"FRACC_L":null,"MANZANA":null,"MANZANA_L":null,"PARCELA":223,"PARCELA_L":"A","SUBPARC":591,"CCA_MADRE":"02705000000000000000000000000000000022300A","NOMENCLA":"Circ. V - Pc. 223A - UF 591"},"geometry":{"type":"Polygon","coordinates":[[[-58.01329656278766,-35.54129921138115],[-58.013560987020924,-35.54130212717818],[-58.01355948456691,-35.54115296613499],[-58.01355354802249,-35.541112047320084],[-58.013542710797985,-35.54108654710896],[-58.01351970053539,-35.5410584132617],[-58.013494669216776,-35.54104069916221],[-58.013464475039264,-35.54102668470545],[-58.01343309213724,-35.54101616504149],[-58.01329656278766,-35.54129921138115]]]}},{"type":"Feature","properties":{"CCA":"02705000000000000000000000000000000022300A000063","ARA1":530.45,"SAG":"ARBA","PARTIDO":"027","CIRC":5,"SECC":null,"CHACRA":null,"CHACRA_L":null,"QUINTA":null,"QUINTA_L":null,"FRACCION":null,"FRACC_L":null,"MANZANA":null,"MANZANA_L":null,"PARCELA":223,"PARCELA_L":"A","SUBPARC":63,"CCA_MADRE":"02705000000000000000000000000000000022300A","NOMENCLA":"Circ. V - Pc. 223A - UF 63"},"geometry":{"type":"Polygon","coordinates":[[[-58.00987164774322,-35.53725821255799],[-58.0098584041104,-35.53736585864296],[-58.010343059606825,-35.537405668306775],[-58.01035630037815,-35.5372981122242],[-58.00987164774322,-35.53725821255799]]]}},{"type":"Feature","properties":{"CCA":"02705000000000000000000000000000000022300A000005","ARA1":676.18,"SAG":"ARBA","PARTIDO":"027","CIRC":5,"SECC":null,"CHACRA":null,"CHACRA_L":null,"QUINTA":null,"QUINTA_L":null,"FRACCION":null,"FRACC_L":null,"MANZANA":null,"MANZANA_L":null,"PARCELA":223,"PARCELA_L":"A","SUBPARC":5,"CCA_MADRE":"02705000000000000000000000000000000022300A","NOMENCLA":"Circ. V - Pc. 223A - UF 5"},"geometry":{"type":"Polygon","coordinates":[[[-58.01792353509764,-35.53610739149078],[-58.01779635101476,-35.53612818898556],[-58.017845118788316,-35.53663281093072],[-58.01797769944576,-35.536625709140495],[-58.01792353509764,-35.53610739149078]]]}},{"type":"Feature","properties":{"CCA":"02705000000000000000000000000000000022300A000396","ARA1":420.48,"SAG":"ARBA","PARTIDO":"027","CIRC":5,"SECC":null,"CHACRA":null,"CHACRA_L":null,"QUINTA":null,"QUINTA_L":null,"FRACCION":null,"FRACC_L":null,"MANZANA":null,"MANZANA_L":null,"PARCELA":223,"PARCELA_L":"A","SUBPARC":396,"CCA_MADRE":"02705000000000000000000000000000000022300A","NOMENCLA":"Circ. V - Pc. 223A - UF 396"},"geometry":{"type":"Polygon","coordinates":[[[-58.01651487027836,-35.543509143350946],[-58.01624591554576,-35.543278084433126],[-58.01615434503969,-35.54334758617322],[-58.016414644821225,-35.543585351429876],[-58.01651487027836,-35.543509143350946]]]}},{"type":"Feature","properties":{"CCA":"02705000000000000000000000000000000022300A000407","ARA1":435.98,"SAG":"ARBA","PARTIDO":"027","CIRC":5,"SECC":null,"CHACRA":null,"CHACRA_L":null,"QUINTA":null,"QUINTA_L":null,"FRACCION":null,"FRACC_L":null,"MANZANA":null,"MANZANA_L":null,"PARCELA":223,"PARCELA_L":"A","SUBPARC":407,"CCA_MADRE":"02705000000000000000000000000000000022300A","NOMENCLA":"Circ. V - Pc. 223A - UF 407"},"geometry":{"type":"Polygon","coordinates":[[[-58.01760621857601,-35.5426791362441],[-58.01734505111752,-35.542445234094],[-58.01724483444025,-35.542521172715986],[-58.017506107607566,-35.54275525704385],[-58.01760621857601,-35.5426791362441]]]}},{"type":"Feature","properties":{"CCA":"02705000000000000000000000000000000022300A000099","ARA1":472.6,"SAG":"ARBA","PARTIDO":"027","CIRC":5,"SECC":null,"CHACRA":null,"CHACRA_L":null,"QUINTA":null,"QUINTA_L":null,"FRACCION":null,"FRACC_L":null,"MANZANA":null,"MANZANA_L":null,"PARCELA":223,"PARCELA_L":"A","SUBPARC":99,"CCA_MADRE":"02705000000000000000000000000000000022300A","NOMENCLA":"Circ. V - Pc. 223A - UF 99"},"geometry":{"type":"Polygon","coordinates":[[[-58.011853707762015,-35.540534698508274],[-58.01170733151882,-35.540510837526135],[-58.0116320250245,-35.540819131966565],[-58.011778399573195,-35.54084308313236],[-58.011853707762015,-35.540534698508274]]]}},{"type":"Feature","properties":{"CCA":"02705000000000000000000000000000000022300A000290","ARA1":431.89,"SAG":"ARBA","PARTIDO":"027","CIRC":5,"SECC":null,"CHACRA":null,"CHACRA_L":null,"QUINTA":null,"QUINTA_L":null,"FRACCION":null,"FRACC_L":null,"MANZANA":null,"MANZANA_L":null,"PARCELA":223,"PARCELA_L":"A","SUBPARC":290,"CCA_MADRE":"02705000000000000000000000000000000022300A","NOMENCLA":"Circ. V - Pc. 223A - UF 290"},"geometry":{"type":"Polygon","coordinates":[[[-58.01330354285225,-35.53772248789951],[-58.013381250511166,-35.53804051427816],[-58.01351098434023,-35.53801931297128],[-58.01343316597823,-35.537701284843294],[-58.01330354285225,-35.53772248789951]]]}},{"type":"Feature","properties":{"CCA":"02705000000000000000000000000000000022300A000147","ARA1":416.5,"SAG":"ARBA","PARTIDO":"027","CIRC":5,"SECC":null,"CHACRA":null,"CHACRA_L":null,"QUINTA":null,"QUINTA_L":null,"FRACCION":null,"FRACC_L":null,"MANZANA":null,"MANZANA_L":null,"PARCELA":223,"PARCELA_L":"A","SUBPARC":147,"CCA_MADRE":"02705000000000000000000000000000000022300A","NOMENCLA":"Circ. V - Pc. 223A - UF 147"},"geometry":{"type":"Polygon","coordinates":[[[-58.014184490502785,-35.54377796950454],[-58.01406328587427,-35.543734611091786],[-58.01390980238269,-35.54402098315946],[-58.01403100734482,-35.54406434173599],[-58.014184490502785,-35.54377796950454]]]}},{"type":"Feature","properties":{"CCA":"02705000000000000000000000000000000022300A000089","ARA1":419.51,"SAG":"ARBA","PARTIDO":"027","CIRC":5,"SECC":null,"CHACRA":null,"CHACRA_L":null,"QUINTA":null,"QUINTA_L":null,"FRACCION":null,"FRACC_L":null,"MANZANA":null,"MANZANA_L":null,"PARCELA":223,"PARCELA_L":"A","SUBPARC":89,"CCA_MADRE":"02705000000000000000000000000000000022300A","NOMENCLA":"Circ. V - Pc. 223A - UF 89"},"geometry":{"type":"Polygon","coordinates":[[[-58.010526336273784,-35.5403181564925],[-58.01039610335712,-35.54029690327329],[-58.010320792120744,-35.540605196748146],[-58.01045047670002,-35.54062635089312],[-58.010526336273784,-35.5403181564925]]]}},{"type":"Feature","properties":{"CCA":"02705000000000000000000000000000000022300A000260","ARA1":432.1,"SAG":"ARBA","PARTIDO":"027","CIRC":5,"SECC":null,"CHACRA":null,"CHACRA_L":null,"QUINTA":null,"QUINTA_L":null,"FRACCION":null,"FRACC_L":null,"MANZANA":null,"MANZANA_L":null,"PARCELA":223,"PARCELA_L":"A","SUBPARC":260,"CCA_MADRE":"02705000000000000000000000000000000022300A","NOMENCLA":"Circ. V - Pc. 223A - UF 260"},"geometry":{"type":"Polygon","coordinates":[[[-58.01194517879863,-35.539419712607085],[-58.01201798756288,-35.539100833508634],[-58.01188794095918,-35.53908102679772],[-58.01181513170535,-35.53939990580249],[-58.01194517879863,-35.539419712607085]]]}},{"type":"Feature","properties":{"CCA":"02705000000000000000000000000000000022300A000474","ARA1":481.84,"SAG":"ARBA","PARTIDO":"027","CIRC":5,"SECC":null,"CHACRA":null,"CHACRA_L":null,"QUINTA":null,"QUINTA_L":null,"FRACCION":null,"FRACC_L":null,"MANZANA":null,"MANZANA_L":null,"PARCELA":223,"PARCELA_L":"A","SUBPARC":474,"CCA_MADRE":"02705000000000000000000000000000000022300A","NOMENCLA":"Circ. V - Pc. 223A - UF 474"},"geometry":{"type":"Polygon","coordinates":[[[-58.012055177261374,-35.53863934956893],[-58.01192686769309,-35.53861173176186],[-58.01184490109655,-35.53897110056015],[-58.01197494528762,-35.53899099738765],[-58.012055177261374,-35.53863934956893]]]}},{"type":"Feature","properties":{"CCA":"02705000000000000000000000000000000022300A000166","ARA1":432.37,"SAG":"ARBA","PARTIDO":"027","CIRC":5,"SECC":null,"CHACRA":null,"CHACRA_L":null,"QUINTA":null,"QUINTA_L":null,"FRACCION":null,"FRACC_L":null,"MANZANA":null,"MANZANA_L":null,"PARCELA":223,"PARCELA_L":"A","SUBPARC":166,"CCA_MADRE":"02705000000000000000000000000000000022300A","NOMENCLA":"Circ. V - Pc. 223A - UF 166"},"geometry":{"type":"Polygon","coordinates":[[[-58.0154565653498,-35.537150050399966],[-58.01543062421627,-35.53704401133427],[-58.015300892376644,-35.53706521477829],[-58.01537871546255,-35.53738333202681],[-58.01550878062971,-35.5373620438822],[-58.01548250654519,-35.53725608946055],[-58.0154565653498,-35.537150050399966]]]}},{"type":"Feature","properties":{"CCA":"02705000000000000000000000000000000022300A000225","ARA1":431.91,"SAG":"ARBA","PARTIDO":"027","CIRC":5,"SECC":null,"CHACRA":null,"CHACRA_L":null,"QUINTA":null,"QUINTA_L":null,"FRACCION":null,"FRACC_L":null,"MANZANA":null,"MANZANA_L":null,"PARCELA":223,"PARCELA_L":"A","SUBPARC":225,"CCA_MADRE":"02705000000000000000000000000000000022300A","NOMENCLA":"Circ. V - Pc. 223A - UF 225"},"geometry":{"type":"Polygon","coordinates":[[[-58.01129505646721,-35.53932058894289],[-58.01116500972688,-35.53930078144673],[-58.011092307595014,-35.53961966172264],[-58.01122224461953,-35.53963946749429],[-58.01129505646721,-35.53932058894289]]]}},{"type":"Feature","properties":{"CCA":"02705000000000000000000000000000000022300A000037","ARA1":539.38,"SAG":"ARBA","PARTIDO":"027","CIRC":5,"SECC":null,"CHACRA":null,"CHACRA_L":null,"QUINTA":null,"QUINTA_L":null,"FRACCION":null,"FRACC_L":null,"MANZANA":null,"MANZANA_L":null,"PARCELA":223,"PARCELA_L":"A","SUBPARC":37,"CCA_MADRE":"02705000000000000000000000000000000022300A","NOMENCLA":"Circ. V - Pc. 223A - UF 37"},"geometry":{"type":"Polygon","coordinates":[[[-58.01343519966574,-35.53684110339223],[-58.013305677028576,-35.53686275869445],[-58.013402821421764,-35.53725986381798],[-58.0135324482193,-35.53723848047643],[-58.01343519966574,-35.53684110339223]]]}},{"type":"Feature","properties":{"CCA":"02705000000000000000000000000000000022300A000448","ARA1":432.08,"SAG":"ARBA","PARTIDO":"027","CIRC":5,"SECC":null,"CHACRA":null,"CHACRA_L":null,"QUINTA":null,"QUINTA_L":null,"FRACCION":null,"FRACC_L":null,"MANZANA":null,"MANZANA_L":null,"PARCELA":223,"PARCELA_L":"A","SUBPARC":448,"CCA_MADRE":"02705000000000000000000000000000000022300A","NOMENCLA":"Circ. V - Pc. 223A - UF 448"},"geometry":{"type":"Polygon","coordinates":[[[-58.013951332847675,-35.53838521650908],[-58.01408106711625,-35.53836401460272],[-58.014003246217214,-35.538045986776254],[-58.01387351244875,-35.53806718861582],[-58.013951332847675,-35.53838521650908]]]}},{"type":"Feature","properties":{"CCA":"02705000000000000000000000000000000022300A000187","ARA1":432.08,"SAG":"ARBA","PARTIDO":"027","CIRC":5,"SECC":null,"CHACRA":null,"CHACRA_L":null,"QUINTA":null,"QUINTA_L":null,"FRACCION":null,"FRACC_L":null,"MANZANA":null,"MANZANA_L":null,"PARCELA":223,"PARCELA_L":"A","SUBPARC":187,"CCA_MADRE":"02705000000000000000000000000000000022300A","NOMENCLA":"Circ. V - Pc. 223A - UF 187"},"geometry":{"type":"Polygon","coordinates":[[[-58.01265498548333,-35.537828493788005],[-58.01278471912136,-35.53780729325746],[-58.01270690381539,-35.53748926474954],[-58.012577170677496,-35.53751046521336],[-58.01265498548333,-35.537828493788005]]]}},{"type":"Feature","properties":{"CCA":"02705000000000000000000000000000000022300A000402","ARA1":437.46,"SAG":"ARBA","PARTIDO":"027","CIRC":5,"SECC":null,"CHACRA":null,"CHACRA_L":null,"QUINTA":null,"QUINTA_L":null,"FRACCION":null,"FRACC_L":null,"MANZANA":null,"MANZANA_L":null,"PARCELA":223,"PARCELA_L":"A","SUBPARC":402,"CCA_MADRE":"02705000000000000000000000000000000022300A","NOMENCLA":"Circ. V - Pc. 223A - UF 402"},"geometry":{"type":"Polygon","coordinates":[[[-58.017104649987814,-35.54306053370986],[-58.0168427291315,-35.54282589719301],[-58.016742399080414,-35.542901923624946],[-58.017004648284,-35.54313665587071],[-58.017104649987814,-35.54306053370986]]]}},{"type":"Feature","properties":{"CCA":"02705000000000000000000000000000000022300A000284","ARA1":432.08,"SAG":"ARBA","PARTIDO":"027","CIRC":5,"SECC":null,"CHACRA":null,"CHACRA_L":null,"QUINTA":null,"QUINTA_L":null,"FRACCION":null,"FRACC_L":null,"MANZANA":null,"MANZANA_L":null,"PARCELA":223,"PARCELA_L":"A","SUBPARC":284,"CCA_MADRE":"02705000000000000000000000000000000022300A","NOMENCLA":"Circ. V - Pc. 223A - UF 284"},"geometry":{"type":"Polygon","coordinates":[[[-58.0125252517835,-35.5378496941766],[-58.01260306664549,-35.538167722771945],[-58.01273280084544,-35.53814652231655],[-58.01265498548333,-35.537828493788005],[-58.0125252517835,-35.5378496941766]]]}},{"type":"Feature","properties":{"CCA":"02705000000000000000000000000000000022300A000417","ARA1":408.65,"SAG":"ARBA","PARTIDO":"027","CIRC":5,"SECC":null,"CHACRA":null,"CHACRA_L":null,"QUINTA":null,"QUINTA_L":null,"FRACCION":null,"FRACC_L":null,"MANZANA":null,"MANZANA_L":null,"PARCELA":223,"PARCELA_L":"A","SUBPARC":417,"CCA_MADRE":"02705000000000000000000000000000000022300A","NOMENCLA":"Circ. V - Pc. 223A - UF 417"},"geometry":{"type":"Polygon","coordinates":[[[-58.018099962510014,-35.54096691467552],[-58.017725738352404,-35.540950128286866],[-58.017716687796295,-35.54105802451112],[-58.0180920145299,-35.54107482906283],[-58.018099962510014,-35.54096691467552]]]}},{"type":"Feature","properties":{"CCA":"02705000000000000000000000000000000022300A000293","ARA1":431.75,"SAG":"ARBA","PARTIDO":"027","CIRC":5,"SECC":null,"CHACRA":null,"CHACRA_L":null,"QUINTA":null,"QUINTA_L":null,"FRACCION":null,"FRACC_L":null,"MANZANA":null,"MANZANA_L":null,"PARCELA":223,"PARCELA_L":"A","SUBPARC":293,"CCA_MADRE":"02705000000000000000000000000000000022300A","NOMENCLA":"Circ. V - Pc. 223A - UF 293"},"geometry":{"type":"Polygon","coordinates":[[[-58.013822255391176,-35.537637678455624],[-58.01369263245063,-35.537658881937226],[-58.01377045181287,-35.53797690993166],[-58.01390007303183,-35.53795579645932],[-58.013822255391176,-35.537637678455624]]]}},{"type":"Feature","properties":{"CCA":"02705000000000000000000000000000000022300A000315","ARA1":401.8,"SAG":"ARBA","PARTIDO":"027","CIRC":5,"SECC":null,"CHACRA":null,"CHACRA_L":null,"QUINTA":null,"QUINTA_L":null,"FRACCION":null,"FRACC_L":null,"MANZANA":null,"MANZANA_L":null,"PARCELA":223,"PARCELA_L":"A","SUBPARC":315,"CCA_MADRE":"02705000000000000000000000000000000022300A","NOMENCLA":"Circ. V - Pc. 223A - UF 315"},"geometry":{"type":"Polygon","coordinates":[[[-58.01576044450218,-35.538083753379034],[-58.015953648962345,-35.53824733379198],[-58.015985290750386,-35.53827416744004],[-58.016001791744465,-35.538280116104616],[-58.016025243731335,-35.538276897560564],[-58.01604773939108,-35.53825879468742],[-58.01605594773777,-35.53824334028668],[-58.016054407108214,-35.538229798035864],[-58.01602945827121,-35.53803420345969],[-58.01576044450218,-35.538083753379034]]]}},{"type":"Feature","properties":{"CCA":"02705000000000000000000000000000000022300A000261","ARA1":432.1,"SAG":"ARBA","PARTIDO":"027","CIRC":5,"SECC":null,"CHACRA":null,"CHACRA_L":null,"QUINTA":null,"QUINTA_L":null,"FRACCION":null,"FRACC_L":null,"MANZANA":null,"MANZANA_L":null,"PARCELA":223,"PARCELA_L":"A","SUBPARC":261,"CCA_MADRE":"02705000000000000000000000000000000022300A","NOMENCLA":"Circ. V - Pc. 223A - UF 261"},"geometry":{"type":"Polygon","coordinates":[[[-58.01181513170535,-35.53939990580249],[-58.01188794095918,-35.53908102679772],[-58.011757894426054,-35.53906121994851],[-58.01168508468261,-35.53938009885955],[-58.01181513170535,-35.53939990580249]]]}},{"type":"Feature","properties":{"CCA":"02705000000000000000000000000000000022300A000185","ARA1":432.08,"SAG":"ARBA","PARTIDO":"027","CIRC":5,"SECC":null,"CHACRA":null,"CHACRA_L":null,"QUINTA":null,"QUINTA_L":null,"FRACCION":null,"FRACC_L":null,"MANZANA":null,"MANZANA_L":null,"PARCELA":223,"PARCELA_L":"A","SUBPARC":185,"CCA_MADRE":"02705000000000000000000000000000000022300A","NOMENCLA":"Circ. V - Pc. 223A - UF 185"},"geometry":{"type":"Polygon","coordinates":[[[-58.01291434249453,-35.53778609076845],[-58.013044076008924,-35.5377648899541],[-58.012966259703155,-35.537446861579696],[-58.012836526688886,-35.537468062327285],[-58.01291434249453,-35.53778609076845]]]}},{"type":"Feature","properties":{"CCA":"02705000000000000000000000000000000022300A000271","ARA1":443.93,"SAG":"ARBA","PARTIDO":"027","CIRC":5,"SECC":null,"CHACRA":null,"CHACRA_L":null,"QUINTA":null,"QUINTA_L":null,"FRACCION":null,"FRACC_L":null,"MANZANA":null,"MANZANA_L":null,"PARCELA":223,"PARCELA_L":"A","SUBPARC":271,"CCA_MADRE":"02705000000000000000000000000000000022300A","NOMENCLA":"Circ. V - Pc. 223A - UF 271"},"geometry":{"type":"Polygon","coordinates":[[[-58.01077584802989,-35.53841170810397],[-58.01118162107781,-35.538445076410206],[-58.01119486097168,-35.538337520222136],[-58.010789088456065,-35.53830415197737],[-58.01077584802989,-35.53841170810397]]]}},{"type":"Feature","properties":{"CCA":"02705000000000000000000000000000000022300A000449","ARA1":431.73,"SAG":"ARBA","PARTIDO":"027","CIRC":5,"SECC":null,"CHACRA":null,"CHACRA_L":null,"QUINTA":null,"QUINTA_L":null,"FRACCION":null,"FRACC_L":null,"MANZANA":null,"MANZANA_L":null,"PARCELA":223,"PARCELA_L":"A","SUBPARC":449,"CCA_MADRE":"02705000000000000000000000000000000022300A","NOMENCLA":"Circ. V - Pc. 223A - UF 449"},"geometry":{"type":"Polygon","coordinates":[[[-58.013821708721196,-35.538406420089146],[-58.013951332847675,-35.53838521650908],[-58.01387351244875,-35.53806718861582],[-58.013743888821956,-35.53808839212918],[-58.013821708721196,-35.538406420089146]]]}},{"type":"Feature","properties":{"CCA":"02705000000000000000000000000000000022300A000189","ARA1":574.44,"SAG":"ARBA","PARTIDO":"027","CIRC":5,"SECC":null,"CHACRA":null,"CHACRA_L":null,"QUINTA":null,"QUINTA_L":null,"FRACCION":null,"FRACC_L":null,"MANZANA":null,"MANZANA_L":null,"PARCELA":223,"PARCELA_L":"A","SUBPARC":189,"CCA_MADRE":"02705000000000000000000000000000000022300A","NOMENCLA":"Circ. V - Pc. 223A - UF 189"},"geometry":{"type":"Polygon","coordinates":[[[-58.01239551802185,-35.53787089442327],[-58.01242024187592,-35.53753022592028],[-58.01238413764505,-35.53752791851778],[-58.01233684482492,-35.53751884840992],[-58.01229769239774,-35.537506037663334],[-58.01219631499499,-35.53782561744103],[-58.01224634335923,-35.537844464870574],[-58.01233961647356,-35.53788006534383],[-58.01239551802185,-35.53787089442327]]]}},{"type":"Feature","properties":{"CCA":"02705000000000000000000000000000000022300A000188","ARA1":696.98,"SAG":"ARBA","PARTIDO":"027","CIRC":5,"SECC":null,"CHACRA":null,"CHACRA_L":null,"QUINTA":null,"QUINTA_L":null,"FRACCION":null,"FRACC_L":null,"MANZANA":null,"MANZANA_L":null,"PARCELA":223,"PARCELA_L":"A","SUBPARC":188,"CCA_MADRE":"02705000000000000000000000000000000022300A","NOMENCLA":"Circ. V - Pc. 223A - UF 188"},"geometry":{"type":"Polygon","coordinates":[[[-58.01265498548333,-35.537828493788005],[-58.012577170677496,-35.53751046521336],[-58.01253798779369,-35.53751675791126],[-58.01249384356273,-35.53752305891329],[-58.01242024187592,-35.53753022592028],[-58.01239551802185,-35.53787089442327],[-58.0125252517835,-35.5378496941766],[-58.01265498548333,-35.537828493788005]]]}},{"type":"Feature","properties":{"CCA":"02705000000000000000000000000000000022300A000557","ARA1":376.49,"SAG":"ARBA","PARTIDO":"027","CIRC":5,"SECC":null,"CHACRA":null,"CHACRA_L":null,"QUINTA":null,"QUINTA_L":null,"FRACCION":null,"FRACC_L":null,"MANZANA":null,"MANZANA_L":null,"PARCELA":223,"PARCELA_L":"A","SUBPARC":557,"CCA_MADRE":"02705000000000000000000000000000000022300A","NOMENCLA":"Circ. V - Pc. 223A - UF 557"},"geometry":{"type":"Polygon","coordinates":[[[-58.01295597819511,-35.54289489761591],[-58.01280588336228,-35.543177899856715],[-58.012916916876904,-35.54321784780174],[-58.013066956763076,-35.54293259170026],[-58.01302038957215,-35.5429163247746],[-58.01295597819511,-35.54289489761591]]]}},{"type":"Feature","properties":{"CCA":"02705000000000000000000000000000000022300A000548","ARA1":409.44,"SAG":"ARBA","PARTIDO":"027","CIRC":5,"SECC":null,"CHACRA":null,"CHACRA_L":null,"QUINTA":null,"QUINTA_L":null,"FRACCION":null,"FRACC_L":null,"MANZANA":null,"MANZANA_L":null,"PARCELA":223,"PARCELA_L":"A","SUBPARC":548,"CCA_MADRE":"02705000000000000000000000000000000022300A","NOMENCLA":"Circ. V - Pc. 223A - UF 548"},"geometry":{"type":"Polygon","coordinates":[[[-58.011961260886245,-35.54257328570761],[-58.01182200501339,-35.542528816363905],[-58.01169524611019,-35.54277750875028],[-58.01183206782658,-35.542826804173274],[-58.011961260886245,-35.54257328570761]]]}},{"type":"Feature","properties":{"CCA":"02705000000000000000000000000000000022300A000259","ARA1":431.91,"SAG":"ARBA","PARTIDO":"027","CIRC":5,"SECC":null,"CHACRA":null,"CHACRA_L":null,"QUINTA":null,"QUINTA_L":null,"FRACCION":null,"FRACC_L":null,"MANZANA":null,"MANZANA_L":null,"PARCELA":223,"PARCELA_L":"A","SUBPARC":259,"CCA_MADRE":"02705000000000000000000000000000000022300A","NOMENCLA":"Circ. V - Pc. 223A - UF 259"},"geometry":{"type":"Polygon","coordinates":[[[-58.01194517879863,-35.539419712607085],[-58.0120752259625,-35.53943951927339],[-58.012147924032334,-35.53912063826394],[-58.01201798756288,-35.539100833508634],[-58.01194517879863,-35.539419712607085]]]}},{"type":"Feature","properties":{"CCA":"02705000000000000000000000000000000022300A000583","ARA1":423.71,"SAG":"ARBA","PARTIDO":"027","CIRC":5,"SECC":null,"CHACRA":null,"CHACRA_L":null,"QUINTA":null,"QUINTA_L":null,"FRACCION":null,"FRACC_L":null,"MANZANA":null,"MANZANA_L":null,"PARCELA":223,"PARCELA_L":"A","SUBPARC":583,"CCA_MADRE":"02705000000000000000000000000000000022300A","NOMENCLA":"Circ. V - Pc. 223A - UF 583"},"geometry":{"type":"Polygon","coordinates":[[[-58.01341545657909,-35.54213327005732],[-58.013412063734876,-35.54244509365261],[-58.0134368453026,-35.542446132836446],[-58.013472759819685,-35.542438344226184],[-58.0135081441775,-35.542425230228574],[-58.013531222412944,-35.54240146037418],[-58.013548863494634,-35.542374627203564],[-58.01355764560069,-35.54234936018428],[-58.01355779316526,-35.54231656164981],[-58.0135595753095,-35.54213258119875],[-58.01341545657909,-35.54213327005732]]]}},{"type":"Feature","properties":{"CCA":"02705000000000000000000000000000000022300A000567","ARA1":403.01,"SAG":"ARBA","PARTIDO":"027","CIRC":5,"SECC":null,"CHACRA":null,"CHACRA_L":null,"QUINTA":null,"QUINTA_L":null,"FRACCION":null,"FRACC_L":null,"MANZANA":null,"MANZANA_L":null,"PARCELA":223,"PARCELA_L":"A","SUBPARC":567,"CCA_MADRE":"02705000000000000000000000000000000022300A","NOMENCLA":"Circ. V - Pc. 223A - UF 567"},"geometry":{"type":"Polygon","coordinates":[[[-58.013416255032,-35.5428472448679],[-58.013564349267064,-35.54284635120258],[-58.01356419738516,-35.54274524243174],[-58.0135608729652,-35.54264759576913],[-58.013554950549874,-35.54262397880203],[-58.01354417135271,-35.542605057765115],[-58.01352961614573,-35.54258724596556],[-58.013505335834004,-35.542570355253346],[-58.01347646805302,-35.5425561824264],[-58.01344314433448,-35.54254833415054],[-58.013419131980015,-35.542547397756614],[-58.013416255032,-35.5428472448679]]]}},{"type":"Feature","properties":{"CCA":"02705000000000000000000000000000000022300A000411","ARA1":586.44,"SAG":"ARBA","PARTIDO":"027","CIRC":5,"SECC":null,"CHACRA":null,"CHACRA_L":null,"QUINTA":null,"QUINTA_L":null,"FRACCION":null,"FRACC_L":null,"MANZANA":null,"MANZANA_L":null,"PARCELA":223,"PARCELA_L":"A","SUBPARC":411,"CCA_MADRE":"02705000000000000000000000000000000022300A","NOMENCLA":"Circ. V - Pc. 223A - UF 411"},"geometry":{"type":"Polygon","coordinates":[[[-58.017658507808754,-35.54220771591788],[-58.01791588178234,-35.54244344738897],[-58.01796948056465,-35.542402516420786],[-58.01801239689608,-35.542352128190004],[-58.01804290511689,-35.54229072242094],[-58.01805365254274,-35.54223034343962],[-58.018051093733355,-35.542182001001805],[-58.017658507808754,-35.54220771591788]]]}},{"type":"Feature","properties":{"CCA":"02705000000000000000000000000000000022300A000128","ARA1":416.5,"SAG":"ARBA","PARTIDO":"027","CIRC":5,"SECC":null,"CHACRA":null,"CHACRA_L":null,"QUINTA":null,"QUINTA_L":null,"FRACCION":null,"FRACC_L":null,"MANZANA":null,"MANZANA_L":null,"PARCELA":223,"PARCELA_L":"A","SUBPARC":128,"CCA_MADRE":"02705000000000000000000000000000000022300A","NOMENCLA":"Circ. V - Pc. 223A - UF 128"},"geometry":{"type":"Polygon","coordinates":[[[-58.01188229363989,-35.54295388016588],[-58.01176109158327,-35.54291051951221],[-58.011607601756744,-35.543196888469794],[-58.01172880414692,-35.5432402492872],[-58.01188229363989,-35.54295388016588]]]}},{"type":"Feature","properties":{"CCA":"02705000000000000000000000000000000022300A000047","ARA1":546.64,"SAG":"ARBA","PARTIDO":"027","CIRC":5,"SECC":null,"CHACRA":null,"CHACRA_L":null,"QUINTA":null,"QUINTA_L":null,"FRACCION":null,"FRACC_L":null,"MANZANA":null,"MANZANA_L":null,"PARCELA":223,"PARCELA_L":"A","SUBPARC":47,"CCA_MADRE":"02705000000000000000000000000000000022300A","NOMENCLA":"Circ. V - Pc. 223A - UF 47"},"geometry":{"type":"Polygon","coordinates":[[[-58.0123353259971,-35.536932640970896],[-58.01221562745153,-35.53688678251412],[-58.01200293039444,-35.53725877435699],[-58.012122741776935,-35.53730454477765],[-58.0123353259971,-35.536932640970896]]]}},{"type":"Feature","properties":{"CCA":"02705000000000000000000000000000000022300A000288","ARA1":432.08,"SAG":"ARBA","PARTIDO":"027","CIRC":5,"SECC":null,"CHACRA":null,"CHACRA_L":null,"QUINTA":null,"QUINTA_L":null,"FRACCION":null,"FRACC_L":null,"MANZANA":null,"MANZANA_L":null,"PARCELA":223,"PARCELA_L":"A","SUBPARC":288,"CCA_MADRE":"02705000000000000000000000000000000022300A","NOMENCLA":"Circ. V - Pc. 223A - UF 288"},"geometry":{"type":"Polygon","coordinates":[[[-58.013044076008924,-35.5377648899541],[-58.013121892871,-35.538082918282356],[-58.01325162682372,-35.53806171725928],[-58.013173809461506,-35.537743688997764],[-58.013044076008924,-35.5377648899541]]]}},{"type":"Feature","properties":{"CCA":"02705000000000000000000000000000000022300A000442","ARA1":405.73,"SAG":"ARBA","PARTIDO":"027","CIRC":5,"SECC":null,"CHACRA":null,"CHACRA_L":null,"QUINTA":null,"QUINTA_L":null,"FRACCION":null,"FRACC_L":null,"MANZANA":null,"MANZANA_L":null,"PARCELA":223,"PARCELA_L":"A","SUBPARC":442,"CCA_MADRE":"02705000000000000000000000000000000022300A","NOMENCLA":"Circ. V - Pc. 223A - UF 442"},"geometry":{"type":"Polygon","coordinates":[[[-58.017902229877784,-35.538303628117234],[-58.01827644403937,-35.53832032349203],[-58.01828370128505,-35.53821356915095],[-58.01790951643483,-35.53819570282343],[-58.017902229877784,-35.538303628117234]]]}},{"type":"Feature","properties":{"CCA":"02705000000000000000000000000000000022300A000112","ARA1":420.01,"SAG":"ARBA","PARTIDO":"027","CIRC":5,"SECC":null,"CHACRA":null,"CHACRA_L":null,"QUINTA":null,"QUINTA_L":null,"FRACCION":null,"FRACC_L":null,"MANZANA":null,"MANZANA_L":null,"PARCELA":223,"PARCELA_L":"A","SUBPARC":112,"CCA_MADRE":"02705000000000000000000000000000000022300A","NOMENCLA":"Circ. V - Pc. 223A - UF 112"},"geometry":{"type":"Polygon","coordinates":[[[-58.01234367230245,-35.54159754552391],[-58.01243934033307,-35.54152288771719],[-58.01217297793537,-35.54129474626862],[-58.01207730994942,-35.541369403867286],[-58.01234367230245,-35.54159754552391]]]}},{"type":"Feature","properties":{"CCA":"02705000000000000000000000000000000022300A000103","ARA1":419.69,"SAG":"ARBA","PARTIDO":"027","CIRC":5,"SECC":null,"CHACRA":null,"CHACRA_L":null,"QUINTA":null,"QUINTA_L":null,"FRACCION":null,"FRACC_L":null,"MANZANA":null,"MANZANA_L":null,"PARCELA":223,"PARCELA_L":"A","SUBPARC":103,"CCA_MADRE":"02705000000000000000000000000000000022300A","NOMENCLA":"Circ. V - Pc. 223A - UF 103"},"geometry":{"type":"Polygon","coordinates":[[[-58.01217514387896,-35.54090774864329],[-58.01230482952598,-35.54092890082319],[-58.012380792605065,-35.540620706865894],[-58.01225044840907,-35.540599453802955],[-58.01217514387896,-35.54090774864329]]]}},{"type":"Feature","properties":{"CCA":"02705000000000000000000000000000000022300A000418","ARA1":500.87,"SAG":"ARBA","PARTIDO":"027","CIRC":5,"SECC":null,"CHACRA":null,"CHACRA_L":null,"QUINTA":null,"QUINTA_L":null,"FRACCION":null,"FRACC_L":null,"MANZANA":null,"MANZANA_L":null,"PARCELA":223,"PARCELA_L":"A","SUBPARC":418,"CCA_MADRE":"02705000000000000000000000000000000022300A","NOMENCLA":"Circ. V - Pc. 223A - UF 418"},"geometry":{"type":"Polygon","coordinates":[[[-58.017725738352404,-35.540950128286866],[-58.018099962510014,-35.54096691467552],[-58.01810807704151,-35.54083431215918],[-58.01773385127887,-35.54081761589141],[-58.017725738352404,-35.540950128286866]]]}},{"type":"Feature","properties":{"CCA":"02705000000000000000000000000000000022300A000186","ARA1":431.73,"SAG":"ARBA","PARTIDO":"027","CIRC":5,"SECC":null,"CHACRA":null,"CHACRA_L":null,"QUINTA":null,"QUINTA_L":null,"FRACCION":null,"FRACC_L":null,"MANZANA":null,"MANZANA_L":null,"PARCELA":223,"PARCELA_L":"A","SUBPARC":186,"CCA_MADRE":"02705000000000000000000000000000000022300A","NOMENCLA":"Circ. V - Pc. 223A - UF 186"},"geometry":{"type":"Polygon","coordinates":[[[-58.01278471912136,-35.53780729325746],[-58.01291434249453,-35.53778609076845],[-58.012836526688886,-35.537468062327285],[-58.01270690381539,-35.53748926474954],[-58.01278471912136,-35.53780729325746]]]}},{"type":"Feature","properties":{"CCA":"02705000000000000000000000000000000022300A000574","ARA1":408.73,"SAG":"ARBA","PARTIDO":"027","CIRC":5,"SECC":null,"CHACRA":null,"CHACRA_L":null,"QUINTA":null,"QUINTA_L":null,"FRACCION":null,"FRACC_L":null,"MANZANA":null,"MANZANA_L":null,"PARCELA":223,"PARCELA_L":"A","SUBPARC":574,"CCA_MADRE":"02705000000000000000000000000000000022300A","NOMENCLA":"Circ. V - Pc. 223A - UF 574"},"geometry":{"type":"Polygon","coordinates":[[[-58.01257756394314,-35.54277061191239],[-58.01257609293887,-35.5426068532073],[-58.01255119668549,-35.54260599217994],[-58.01251763611617,-35.54260327615789],[-58.01248025029315,-35.54259472985556],[-58.01245159295369,-35.54257650519186],[-58.01242708897245,-35.542555285176995],[-58.01221190090301,-35.54265239261673],[-58.01233159422023,-35.542689870624734],[-58.01245943999756,-35.54273207867101],[-58.01257756394314,-35.54277061191239]]]}},{"type":"Feature","properties":{"CCA":"02705000000000000000000000000000000022300A000275","ARA1":1942.79,"SAG":"ARBA","PARTIDO":"027","CIRC":5,"SECC":null,"CHACRA":null,"CHACRA_L":null,"QUINTA":null,"QUINTA_L":null,"FRACCION":null,"FRACC_L":null,"MANZANA":null,"MANZANA_L":null,"PARCELA":223,"PARCELA_L":"A","SUBPARC":275,"CCA_MADRE":"02705000000000000000000000000000000022300A","NOMENCLA":"Circ. V - Pc. 223A - UF 275"},"geometry":{"type":"Polygon","coordinates":[[[-58.010908376163194,-35.53733551792658],[-58.0108950125678,-35.537443612729746],[-58.010881772479934,-35.53755116889165],[-58.01087787600986,-35.537588411199444],[-58.011325981564696,-35.53803248960359],[-58.01139246316458,-35.537992224625405],[-58.01145756589026,-35.5379676164505],[-58.01123815648032,-35.53745927656002],[-58.01116793467079,-35.53743225578342],[-58.01103752971335,-35.53738243479958],[-58.010908376163194,-35.53733551792658]]]}},{"type":"Feature","properties":{"CCA":"02705000000000000000000000000000000022300A000493","ARA1":715.12,"SAG":"ARBA","PARTIDO":"027","CIRC":5,"SECC":null,"CHACRA":null,"CHACRA_L":null,"QUINTA":null,"QUINTA_L":null,"FRACCION":null,"FRACC_L":null,"MANZANA":null,"MANZANA_L":null,"PARCELA":223,"PARCELA_L":"A","SUBPARC":493,"CCA_MADRE":"02705000000000000000000000000000000022300A","NOMENCLA":"Circ. V - Pc. 223A - UF 493"},"geometry":{"type":"Polygon","coordinates":[[[-58.01459989336842,-35.53827920374277],[-58.01447015934717,-35.538300406216834],[-58.014534804643105,-35.53856712291284],[-58.014654780486644,-35.53850349685493],[-58.014702064600385,-35.538468230514304],[-58.014754668961004,-35.53842286904248],[-58.01480346155704,-35.538357710112436],[-58.01483649693302,-35.53830562835075],[-58.014879952376894,-35.53823335271338],[-58.01459989336842,-35.53827920374277]]]}},{"type":"Feature","properties":{"CCA":"02705000000000000000000000000000000022300A000573","ARA1":396.43,"SAG":"ARBA","PARTIDO":"027","CIRC":5,"SECC":null,"CHACRA":null,"CHACRA_L":null,"QUINTA":null,"QUINTA_L":null,"FRACCION":null,"FRACC_L":null,"MANZANA":null,"MANZANA_L":null,"PARCELA":223,"PARCELA_L":"A","SUBPARC":573,"CCA_MADRE":"02705000000000000000000000000000000022300A","NOMENCLA":"Circ. V - Pc. 223A - UF 573"},"geometry":{"type":"Polygon","coordinates":[[[-58.01257756394314,-35.54277061191239],[-58.012700468327495,-35.54281201733761],[-58.012744558357994,-35.54282590062237],[-58.012741651680415,-35.54253713217349],[-58.01272484742219,-35.54253451221973],[-58.01270221890461,-35.54253558097207],[-58.01267520902095,-35.54254441727847],[-58.012650574833835,-35.54255527522065],[-58.01263406980334,-35.542576269668885],[-58.01260724285573,-35.54259556202838],[-58.01257609293887,-35.5426068532073],[-58.01257756394314,-35.54277061191239]]]}},{"type":"Feature","properties":{"CCA":"02705000000000000000000000000000000022300A000444","ARA1":433.08,"SAG":"ARBA","PARTIDO":"027","CIRC":5,"SECC":null,"CHACRA":null,"CHACRA_L":null,"QUINTA":null,"QUINTA_L":null,"FRACCION":null,"FRACC_L":null,"MANZANA":null,"MANZANA_L":null,"PARCELA":223,"PARCELA_L":"A","SUBPARC":444,"CCA_MADRE":"02705000000000000000000000000000000022300A","NOMENCLA":"Circ. V - Pc. 223A - UF 444"},"geometry":{"type":"Polygon","coordinates":[[[-58.01447015934717,-35.538300406216834],[-58.01459989336842,-35.53827920374277],[-58.01457541155065,-35.53817661283575],[-58.01452207046931,-35.537961176183394],[-58.01439233694817,-35.53798237859067],[-58.01447015934717,-35.538300406216834]]]}},{"type":"Feature","properties":{"CCA":"02705000000000000000000000000000000022300A000130","ARA1":416.47,"SAG":"ARBA","PARTIDO":"027","CIRC":5,"SECC":null,"CHACRA":null,"CHACRA_L":null,"QUINTA":null,"QUINTA_L":null,"FRACCION":null,"FRACC_L":null,"MANZANA":null,"MANZANA_L":null,"PARCELA":223,"PARCELA_L":"A","SUBPARC":130,"CCA_MADRE":"02705000000000000000000000000000000022300A","NOMENCLA":"Circ. V - Pc. 223A - UF 130"},"geometry":{"type":"Polygon","coordinates":[[[-58.01212458572538,-35.54304068937772],[-58.012003385621796,-35.54299723888404],[-58.011850006672454,-35.54328360998666],[-58.01197120933336,-35.54332697056813],[-58.01212458572538,-35.54304068937772]]]}},{"type":"Feature","properties":{"CCA":"02705000000000000000000000000000000022300A000520","ARA1":505.02,"SAG":"ARBA","PARTIDO":"027","CIRC":5,"SECC":null,"CHACRA":null,"CHACRA_L":null,"QUINTA":null,"QUINTA_L":null,"FRACCION":null,"FRACC_L":null,"MANZANA":null,"MANZANA_L":null,"PARCELA":223,"PARCELA_L":"A","SUBPARC":520,"CCA_MADRE":"02705000000000000000000000000000000022300A","NOMENCLA":"Circ. V - Pc. 223A - UF 520"},"geometry":{"type":"Polygon","coordinates":[[[-58.01143210559018,-35.5399542683316],[-58.01134717210956,-35.54032647381392],[-58.01147710144577,-35.54034663965097],[-58.011562288128815,-35.539973086557296],[-58.01143210559018,-35.5399542683316]]]}},{"type":"Feature","properties":{"CCA":"02705000000000000000000000000000000022300A000431","ARA1":408.07,"SAG":"ARBA","PARTIDO":"027","CIRC":5,"SECC":null,"CHACRA":null,"CHACRA_L":null,"QUINTA":null,"QUINTA_L":null,"FRACCION":null,"FRACC_L":null,"MANZANA":null,"MANZANA_L":null,"PARCELA":223,"PARCELA_L":"A","SUBPARC":431,"CCA_MADRE":"02705000000000000000000000000000000022300A","NOMENCLA":"Circ. V - Pc. 223A - UF 431"},"geometry":{"type":"Polygon","coordinates":[[[-58.017822730583234,-35.539491087259215],[-58.0181969480077,-35.539507873131896],[-58.018204126368616,-35.5393998559434],[-58.0178299072256,-35.539383160185096],[-58.017822730583234,-35.539491087259215]]]}},{"type":"Feature","properties":{"CCA":"02705000000000000000000000000000000022300A000221","ARA1":576.75,"SAG":"ARBA","PARTIDO":"027","CIRC":5,"SECC":null,"CHACRA":null,"CHACRA_L":null,"QUINTA":null,"QUINTA_L":null,"FRACCION":null,"FRACC_L":null,"MANZANA":null,"MANZANA_L":null,"PARCELA":223,"PARCELA_L":"A","SUBPARC":221,"CCA_MADRE":"02705000000000000000000000000000000022300A","NOMENCLA":"Circ. V - Pc. 223A - UF 221"},"geometry":{"type":"Polygon","coordinates":[[[-58.01077486992935,-35.539241358128244],[-58.010675468271785,-35.53922620096041],[-58.010611766566406,-35.539305620227786],[-58.01045295367699,-35.539504130464074],[-58.01070216855361,-35.53956014804752],[-58.01077486992935,-35.539241358128244]]]}},{"type":"Feature","properties":{"CCA":"02705000000000000000000000000000000022300A000076","ARA1":530.81,"SAG":"ARBA","PARTIDO":"027","CIRC":5,"SECC":null,"CHACRA":null,"CHACRA_L":null,"QUINTA":null,"QUINTA_L":null,"FRACCION":null,"FRACC_L":null,"MANZANA":null,"MANZANA_L":null,"PARCELA":223,"PARCELA_L":"A","SUBPARC":76,"CCA_MADRE":"02705000000000000000000000000000000022300A","NOMENCLA":"Circ. V - Pc. 223A - UF 76"},"geometry":{"type":"Polygon","coordinates":[[[-58.00969578936929,-35.53868638643965],[-58.00968155556287,-35.53879392601486],[-58.010167098908916,-35.538833841285474],[-58.010180340241995,-35.538726285261475],[-58.00969578936929,-35.53868638643965]]]}},{"type":"Feature","properties":{"CCA":"02705000000000000000000000000000000022300A000437","ARA1":407.9,"SAG":"ARBA","PARTIDO":"027","CIRC":5,"SECC":null,"CHACRA":null,"CHACRA_L":null,"QUINTA":null,"QUINTA_L":null,"FRACCION":null,"FRACC_L":null,"MANZANA":null,"MANZANA_L":null,"PARCELA":223,"PARCELA_L":"A","SUBPARC":437,"CCA_MADRE":"02705000000000000000000000000000000022300A","NOMENCLA":"Circ. V - Pc. 223A - UF 437"},"geometry":{"type":"Polygon","coordinates":[[[-58.017866125092326,-35.53884335005509],[-58.01824033952789,-35.538860135697696],[-58.018247515514396,-35.53875220856815],[-58.01787330157686,-35.53873542296369],[-58.017866125092326,-35.53884335005509]]]}},{"type":"Feature","properties":{"CCA":"02705000000000000000000000000000000022300A000541","ARA1":505.3,"SAG":"ARBA","PARTIDO":"027","CIRC":5,"SECC":null,"CHACRA":null,"CHACRA_L":null,"QUINTA":null,"QUINTA_L":null,"FRACCION":null,"FRACC_L":null,"MANZANA":null,"MANZANA_L":null,"PARCELA":223,"PARCELA_L":"A","SUBPARC":541,"CCA_MADRE":"02705000000000000000000000000000000022300A","NOMENCLA":"Circ. V - Pc. 223A - UF 541"},"geometry":{"type":"Polygon","coordinates":[[[-58.01229899629099,-35.54227742878619],[-58.01241278552599,-35.54221460422629],[-58.01208162482823,-35.541944933619874],[-58.01198448321738,-35.54202118884799],[-58.01229899629099,-35.54227742878619]]]}},{"type":"Feature","properties":{"CCA":"02705000000000000000000000000000000022300A000454","ARA1":432.08,"SAG":"ARBA","PARTIDO":"027","CIRC":5,"SECC":null,"CHACRA":null,"CHACRA_L":null,"QUINTA":null,"QUINTA_L":null,"FRACCION":null,"FRACC_L":null,"MANZANA":null,"MANZANA_L":null,"PARCELA":223,"PARCELA_L":"A","SUBPARC":454,"CCA_MADRE":"02705000000000000000000000000000000022300A","NOMENCLA":"Circ. V - Pc. 223A - UF 454"},"geometry":{"type":"Polygon","coordinates":[[[-58.013173146345814,-35.53851242859871],[-58.013302880985336,-35.53849122754383],[-58.01322506308621,-35.53817319931676],[-58.013095328946825,-35.538194400304825],[-58.013173146345814,-35.53851242859871]]]}},{"type":"Feature","properties":{"CCA":"02705000000000000000000000000000000022300A000348","ARA1":421.79,"SAG":"ARBA","PARTIDO":"027","CIRC":5,"SECC":null,"CHACRA":null,"CHACRA_L":null,"QUINTA":null,"QUINTA_L":null,"FRACCION":null,"FRACC_L":null,"MANZANA":null,"MANZANA_L":null,"PARCELA":223,"PARCELA_L":"A","SUBPARC":348,"CCA_MADRE":"02705000000000000000000000000000000022300A","NOMENCLA":"Circ. V - Pc. 223A - UF 348"},"geometry":{"type":"Polygon","coordinates":[[[-58.014185451795214,-35.53967939561698],[-58.014531210218145,-35.53982197182265],[-58.01458753699429,-35.53972404600053],[-58.01424166867037,-35.53958146814938],[-58.014185451795214,-35.53967939561698]]]}},{"type":"Feature","properties":{"CCA":"02705000000000000000000000000000000022300A000333","ARA1":331.24,"SAG":"ARBA","PARTIDO":"027","CIRC":5,"SECC":null,"CHACRA":null,"CHACRA_L":null,"QUINTA":null,"QUINTA_L":null,"FRACCION":null,"FRACC_L":null,"MANZANA":null,"MANZANA_L":null,"PARCELA":223,"PARCELA_L":"A","SUBPARC":333,"CCA_MADRE":"02705000000000000000000000000000000022300A","NOMENCLA":"Circ. V - Pc. 223A - UF 333"},"geometry":{"type":"Polygon","coordinates":[[[-58.01538194307742,-35.5382590096483],[-58.01507915632983,-35.53812660530862],[-58.01502901404023,-35.538210755898625],[-58.015374655469145,-35.538353417822506],[-58.01538194307742,-35.5382590096483]]]}},{"type":"Feature","properties":{"CCA":"02711000000000000000000000000000000108100A000008","ARA1":20459.88,"SAG":"ARBA","PARTIDO":"027","CIRC":11,"SECC":null,"CHACRA":null,"CHACRA_L":null,"QUINTA":null,"QUINTA_L":null,"FRACCION":null,"FRACC_L":null,"MANZANA":null,"MANZANA_L":null,"PARCELA":1081,"PARCELA_L":"A","SUBPARC":8,"CCA_MADRE":"02711000000000000000000000000000000108100A","NOMENCLA":"Circ. XI - Pc. 1081A - UF 8"},"geometry":{"type":"Polygon","coordinates":[[[-58.14257712509339,-35.53403351730386],[-58.14164564722248,-35.53219902297909],[-58.14143299716833,-35.53232767329881],[-58.14127634197822,-35.53239455665385],[-58.140579025713826,-35.532615489707304],[-58.141843770803106,-35.53440637660391],[-58.1419344827182,-35.534364249166615],[-58.14202316294724,-35.534319386903505],[-58.1421096991999,-35.53427187820339],[-58.14219419959999,-35.53422181485181],[-58.14228219118607,-35.53417333718612],[-58.14237049251332,-35.53412576537537],[-58.14257712509339,-35.53403351730386]]]}},{"type":"Feature","properties":{"CCA":"02711000000000000000000000000000000108100A000069","ARA1":10038.56,"SAG":"ARBA","PARTIDO":"027","CIRC":11,"SECC":null,"CHACRA":null,"CHACRA_L":null,"QUINTA":null,"QUINTA_L":null,"FRACCION":null,"FRACC_L":null,"MANZANA":null,"MANZANA_L":null,"PARCELA":1081,"PARCELA_L":"A","SUBPARC":69,"CCA_MADRE":"02711000000000000000000000000000000108100A","NOMENCLA":"Circ. XI - Pc. 1081A - UF 69"},"geometry":{"type":"Polygon","coordinates":[[[-58.14903536899556,-35.53626658298326],[-58.150223230099975,-35.53620713514746],[-58.15021689789164,-35.53609880990307],[-58.150212994439,-35.53599034169157],[-58.15021173808213,-35.53588182397795],[-58.15021290839196,-35.535773253380135],[-58.1502166114303,-35.535664811755176],[-58.15022284925563,-35.53555640901928],[-58.15020914215187,-35.535524388121225],[-58.15018742348458,-35.535495578553295],[-58.15015877052222,-35.535471078220105],[-58.15012436659948,-35.5354521668834],[-58.15008584829307,-35.53543959056984],[-58.15004496445268,-35.535434006915295],[-58.14985200149624,-35.53543050517368],[-58.149659055659846,-35.535431058559915],[-58.14946623712298,-35.53543566876485],[-58.149273543786656,-35.53544442587139],[-58.149081198108355,-35.53545724317999],[-58.148889422546475,-35.53547403399248],[-58.14903536899556,-35.53626658298326]]]}},{"type":"Feature","properties":{"CCA":"02705000000000000000000000000000000022300A000353","ARA1":481.36,"SAG":"ARBA","PARTIDO":"027","CIRC":5,"SECC":null,"CHACRA":null,"CHACRA_L":null,"QUINTA":null,"QUINTA_L":null,"FRACCION":null,"FRACC_L":null,"MANZANA":null,"MANZANA_L":null,"PARCELA":223,"PARCELA_L":"A","SUBPARC":353,"CCA_MADRE":"02705000000000000000000000000000000022300A","NOMENCLA":"Circ. V - Pc. 223A - UF 353"},"geometry":{"type":"Polygon","coordinates":[[[-58.014075125402044,-35.54053193556126],[-58.01369318360912,-35.54053762779783],[-58.01369439568271,-35.54066281412855],[-58.01407634029145,-35.54065703183152],[-58.014075125402044,-35.54053193556126]]]}},{"type":"Feature","properties":{"CCA":"02705000000000000000000000000000000022300A000159","ARA1":424.57,"SAG":"ARBA","PARTIDO":"027","CIRC":5,"SECC":null,"CHACRA":null,"CHACRA_L":null,"QUINTA":null,"QUINTA_L":null,"FRACCION":null,"FRACC_L":null,"MANZANA":null,"MANZANA_L":null,"PARCELA":223,"PARCELA_L":"A","SUBPARC":159,"CCA_MADRE":"02705000000000000000000000000000000022300A","NOMENCLA":"Circ. V - Pc. 223A - UF 159"},"geometry":{"type":"Polygon","coordinates":[[[-58.01833868965808,-35.53715267523939],[-58.018346976592014,-35.53682930686686],[-58.01821585101891,-35.53683102621676],[-58.01820526605661,-35.537144714735895],[-58.01833868965808,-35.53715267523939]]]}},{"type":"Feature","properties":{"CCA":"02705000000000000000000000000000000022300A000001","ARA1":778.14,"SAG":"ARBA","PARTIDO":"027","CIRC":5,"SECC":null,"CHACRA":null,"CHACRA_L":null,"QUINTA":null,"QUINTA_L":null,"FRACCION":null,"FRACC_L":null,"MANZANA":null,"MANZANA_L":null,"PARCELA":223,"PARCELA_L":"A","SUBPARC":1,"CCA_MADRE":"02705000000000000000000000000000000022300A","NOMENCLA":"Circ. V - Pc. 223A - UF 1"},"geometry":{"type":"Polygon","coordinates":[[[-58.018364174144466,-35.536605299036786],[-58.01851066010647,-35.53659761421403],[-58.01853174395498,-35.53621561252353],[-58.018339327046476,-35.536073766302124],[-58.018364174144466,-35.536605299036786]]]}},{"type":"Feature","properties":{"CCA":"02705000000000000000000000000000000022300A000160","ARA1":428.46,"SAG":"ARBA","PARTIDO":"027","CIRC":5,"SECC":null,"CHACRA":null,"CHACRA_L":null,"QUINTA":null,"QUINTA_L":null,"FRACCION":null,"FRACC_L":null,"MANZANA":null,"MANZANA_L":null,"PARCELA":223,"PARCELA_L":"A","SUBPARC":160,"CCA_MADRE":"02705000000000000000000000000000000022300A","NOMENCLA":"Circ. V - Pc. 223A - UF 160"},"geometry":{"type":"Polygon","coordinates":[[[-58.01807213098144,-35.53713847096959],[-58.01820526605661,-35.537144714735895],[-58.01821585101891,-35.53683102621676],[-58.018073361334785,-35.53683309927294],[-58.018073725709,-35.53693925801976],[-58.01807213098144,-35.53713847096959]]]}}]}